S01C00006275696C642F5245414C5449445353595354454D322E7331392A
S3152000000000BFDFF814D002F06FF900F02BFB02F0EE
S315200000107DB9FEE700BF000000C0012080B586B094
S3152000002000AF7860396007F10C031A460A490B487D
S3152000003001F0B0F80A4B1A460A490B4801F0AAF813
S3152000004007F10C0303331A460649074801F0A2F8C4
S3152000005000BF1837BD4680BD6D19002024910020B1
S315200000609C7D0020011C00209C91002080B485B03E
S3152000007000AF786039601A4B1A687B681A60184B93
S315200000801A683B681A600123FB601EE0144AFB686D
S3152000009052F823207B681B689A4205DA104AFB68CF
S315200000A052F823207B681A600D4AFB6852F82320F9
S315200000B03B681B689A4205DD094AFB6852F82320F3
S315200000C03B681A60FB680133FB60FB681F2BDDDD94
S315200000D000BF00BF1437BD465DF8047B704700BFE4
S315200000E00090002080B483B000AF78607B680A332C
S315200000F018460C37BD465DF8047B704780B586B040
S3152000010000AF78607968134800F008FB00237B6114
S3152000011015E0114A7B6952F823307A6813443B6113
S315200001203869FFF7DFFF03460C4A52F82330FB609D
S31520000130F9680B4800F0F2FA7B6901337B617B6931
S315200001401F2BE6DD074800F0E9FA00BF1837BD4649
S3152000015080BD00BFB07D0020009000208090002050
S31520000160BC7D0020C07D002080B588B000AF7860BF
S31520000170396000222249234801F00CF80022224946
S31520000180224801F007F8224B1A4622491F4801F05F
S3152000019001F807F1180207F11C0311461846FFF76C
S315200001A065FFFB69BA6919461B4800F0B7FA0020BB
S315200001B0FFF798FF0346194A52F823301946184884
S315200001C000F0ACFA01233B7301237B730623BB7338
S315200001D04823FB7365233B746C237B746C23BB74AD
S315200001E06F23FB7400233B7507F10C031A460D4958
S315200001F0044800F0CFFF00BF2037BD4680BD00BFBA
S315200002002D170020249100205D1B00209C910020AA
S31520000210C47D0020011C0020D87D00208090002075
S31520000220EC7D0020371A002080B485B000AF7860BE
S315200002300023FB600023BB600AE0BB689B007A6852
S3152000024013441B68FA681344FB60BB680133BB6028
S31520000250BB68022BF1DDFB6818461437BD465DF8F6
S31520000260047B704780B582B000AF786039607B68C8
S31520000270DB68B3F5FA5F05DA7B68DB6803F5FA72AB
S315200002807B68DA607B68DB681946034800F046FA2B
S3152000029000BF0837BD4680BDF87D002080B582B0FE
S315200002A000AF786039607B68DB68B3F57A7F05DD5F
S315200002B07B68DB68A3F5FA727B68DA607B68DB68AB
S315200002C01946034800F02AFA00BF0837BD4680BD0C
S315200002D0F87D002080B582B000AF786039607B68F9
S315200002E09B68002B09D17B6801229A60094B1A462C
S315200002F009490A4800F04EFF08E07B6800229A6010
S31520000300074B1A460449054800F044FF00BF08374A
S31520000310BD4680BD147E0020011C00209C9100203B
S31520000320307E002080B487B000AF786000237B61E8
S3152000033033E000233B6127E03B699B007A68134446
S315200003401A683B6901339B0079680B441B689A4203
S3152000035017DD3B699B007A6813441B68FB603B6989
S3152000036001339B007A681A443B699B0079680B44E9
S3152000037012681A603B6901339B007A681344FA6855
S315200003801A603B6901333B617B69C3F102033A6919
S315200003909A42D1DB7B6901337B617B69012BC8DD06
S315200003A000BF00BF1C37BD465DF8047B704780B593
S315200003B08CB002AF786039603B68752B00F32B81D7
S315200003C03B68642B08DA3B682B2B00F0C6803B6821
S315200003D02D2B00F0DA801EE13B68643B112B00F2E6
S315200003E01A8101A252F823F0F305002031040020DF
S315200003F02F050020170600201706002017060020CC
S31520000400170600201706002017060020BB0500202F
S3152000041017060020170600201706002017060020C2
S31520000420170600201706002005060020E1050020FB
S315200004307B681B6A7A68134400221A737B68002241
S315200004401A627B680C33184606F09AFEF861F86942
S31520000450FFF754FE7B681B6B7A6808339B001344B6
S31520000460FA695A607B685B6B022B04DC7B685B6BEA
S315200004705A1C7B685A637B681B6B591C6E4B83FB2B
S315200004800132CB17D21A13465B001344CA1A7B6873
S315200004901A637B6824331846FFF7C6FE02467B683C
S315200004A09A637B685B6AFB607B689B6A3B617B68BF
S315200004B0DB6A7B6107F10C031846FFF733FFF96906
S315200004C05E4800F02BF97B689B6B19465C4800F070
S315200004D025F97B685B6B012B04D1F969594800F03B
S315200004E01DF9A4E07B685B6B022B1AD17B685B6AE3
S315200004F07B627B689B6A3B627A6A3B6A9A4205DD2D
S315200005007B6ABB613B6A7B62BB693B627A6A3B6AF8
S315200005101344DA0F13445B1019464A4800F0FEF8DC
S3152000052085E03B691946474800F0F8F87FE04648E1
S3152000053000F0F4F87B6800221A637B6800229A6335
S315200005407B6800225A627B6800229A627B680022BE
S31520000550DA627B6800225A6369E07B6893F83C3054
S31520000560DBB21D2B08D87B6893F83C30DBB2013315
S31520000570DAB27B6883F83C207B6893F83C30DBB2A8
S315200005801946324800F0CAF851E07B6893F83C30AF
S31520000590DBB2012B08D97B6893F83C30DBB2013BF8
S315200005A0DAB27B6883F83C207B6893F83C30DBB278
S315200005B01946264800F0B2F839E07B6893F83D30BA
S315200005C0DBB283F00103DAB27B6883F83D207B68D7
S315200005D093F83D30DBB219461D4800F09FF826E01F
S315200005E0002300931B4B1C4A0021002000F034FD01
S315200005F01DE000230093194B174A0021002000F02C
S315200006002BFD14E000230093154B134A00210020F4
S3152000061000F022FD0BE07B681B6A591C7A68116288
S315200006203A68D1B27A6813440A461A7300BF00BFEB
S315200006302837BD4680BD00BF56555555507E0020F3
S31520000640687E0020747E0020807E0020A07E002010
S31520000650AC7E002065020020BC9500209D02002073
S31520000660D502002080B500AF00220849084800F0D6
S3152000067083FF01220749084800F07EFF0022074930
S31520000680074800F0DFFF0023184680BD8D1C0020A0
S315200006909C910020E517002024910020690100206C
S315200006A0E490002080B586B002AF786039607B6820
S315200006B09B68002B0AD00023FB6002E0FB68013315
S315200006C0FB607B68DA68FB689A42F7DC00230093BC
S315200006D0044B7A680021822000F0BEFC00BF103750
S315200006E0BD4680BDA506002080B485B000AF7860E9
S315200006F07B689B68002B0AD00023FB6002E0FB6826
S315200007000133FB607B68DA68FB689A42F7DC00BF3E
S315200007101437BD465DF8047B704700BF0FB480B523
S31520000720ADF5816D00AF07F2144207F58163A3F2A0
S3152000073004431A6007F58163A3F2044307F1080016
S315200007401B68D7F810244FF4806106F04FFD07F19F
S3152000075008031A460549064800F01CFD00BF07F5A8
S315200007608167BD46BDE8804004B07047011C00206B
S315200007709C91002080B483B000AF0346FB71FB79C7
S3152000078003F01F03012202FA03F1054A97F9073005
S315200007905B0942F8231000BF0C37BD4680BC70476A
S315200007A000E100E080B483B000AF03463960FB71FE
S315200007B097F90730002B0BDA3B68DAB20C49FB7944
S315200007C003F00F03043B1201D2B20B441A7609E060
S315200007D03B68DAB2074997F907301201D2B20B44C7
S315200007E083F8002300BF0C37BD4680BC704700BF8E
S315200007F000ED00E000E100E080B582B000AF786057
S315200008000EE07B681B780D2B07D07B685A1C7A601C
S315200008101B78184600F05AF902E07B6801337B60AA
S315200008207B681B78002BECD100BF00BF0837BD4684
S3152000083080BD80B586B000AF786000237B617B6881
S3152000084003F00F027B69591C796110498A5C1833C1
S315200008503B4403F80C2C7B681B097B607B68002BD0
S31520000860EDD10AE07B69013B7B6107F10C027B69D4
S3152000087013441B78184600F029F97B69002BF1D127
S3152000088000BF00BF1837BD4680BD00BFCC950020F5
S3152000089080B59EB000AF78607B68002B03DA4FF0FE
S315200008A0FF337B6701E001237B677B687A6F02FB5E
S315200008B003F37B6000233B6779681C4B83FB012392
S315200008C09A10CB17D21A13469B0013445B00CA1A00
S315200008D03B6F591C396716498A5C78333B4403F8C9
S315200008E06C2C7B68114A82FB03129210DB17D31AF9
S315200008F07B607B68002BDFD17B6F002B0EDA2D20EF
S3152000090000F0E4F80AE03B6F013B3B6707F10C027D
S315200009103B6F13441B78184600F0D8F83B6F002B2A
S31520000920F1D100BF00BF7837BD4680BD67666666D9
S31520000930CC95002080B483B000AF10237B607B6809
S3152000094083F3118800BF00BF0C37BD4680BC7047BB
S3152000095080B483B000AF30237B607B6883F311883B
S3152000096000BF00BF0C37BD4680BC704780B584B041
S3152000097000AF78600B48FFF73FFF0B4B1B68002B3F
S3152000098002D1094B094A1A60074B1B68FB60064BCC
S315200009901A687B681344044A1360FB6818461037AC
S315200009A0BD4680BDB87E002000A000208423012003
S315200009B080B485B000AF786039603B6803F5F953A1
S315200009C010337A6813607B681B68BB600023FB606A
S315200009D009E0FB689A00BB6813441A46002313609B
S315200009E0FB680133FB60FB68332BF2DDBB686FF0DD
S315200009F016021A60BB6804331A4603231360BB68C9
S31520000A0084331A464FF08073136000BF1437BD46F7
S31520000A1080BC704780B485B000AF786039607B6851
S31520000A201B688033FB60FB683A681A6000BF143786
S31520000A30BD4680BC704780B584B000AF1C4804F02A
S31520000A40F7F83B1D184604F03DFA40F24733BB80C9
S31520000A503B1D1946164804F0CBF9164B164A1A6068
S31520000A6002216FF00100FFF79DFE144B144A1A6015
S31520000A7000216FF00400FFF795FE124B124A1A6010
S31520000A8002213220FFF78EFE3220FFF773FE00216F
S31520000A90074804F05EFA0121054804F01EFB0122F6
S31520000AA00221034805F0BCFA00BF1037BD4680BDC1
S31520000AB0000C004038C00120151F00202CC001204A
S31520000AC0111F002008C10120470E002080B582B0EA
S31520000AD000AF0346FB71FB799BB21946074806F027
S31520000AE07BF800BF8021054806F055FA0346002B07
S31520000AF0F8D000BF00BF0837BD4680BD00100140BA
S31520000B0080B500AF124804F03EFA03461A46114B50
S31520000B101A60114B01221A60104B00221A60104BEA
S31520000B201B68002B06D00E4B1B680E4A126800214C
S31520000B3010469847084B00221A60084B1B68002B6A
S31520000B4001D000F057FA054B00221A6080BD00BF85
S31520000B50000C00404C23012044230120482301207F
S31520000B60582301206423012080B500AF124804F0E9
S31520000B700AFA03461A46114B1A60114B01221A60D3
S31520000B80104B00221A60104B5B68002B06D00E4BD0
S31520000B905B680E4A5268012110469847084B00228E
S31520000BA01A60084B1B68002B01D000F023FA054B76
S31520000BB000221A6080BD00BF000C00404C2301209B
S31520000BC044230120482301205823012064230120A7
S31520000BD080B500AF124804F0D6F903461A46114BE9
S31520000BE01A60114B01221A60104B00221A60104B1A
S31520000BF09B68002B06D00E4B9B680E4A92680221FA
S31520000C0010469847084B00221A60084B1B68002B99
S31520000C1001D000F0EFF9054B00221A6080BD00BF1D
S31520000C20000C00404C2301204423012048230120AE
S31520000C30582301206423012080B485B000AF78605A
S31520000C4039600023FB603B681B68BB6004E0BB681F
S31520000C50FB60BB681B68BB60BB68002B05D0BB680C
S31520000C609A687B689B689A42F1DD7B68BA681A604D
S31520000C70FB68002B03D13B687A681A6002E0FB68A8
S31520000C807A681A6000BF1437BD4680BC704780B4AE
S31520000C9085B000AF786039600023FB603B681B6835
S31520000CA0BB6004E0BB68FB60BB681B68BB60BB68BD
S31520000CB0002B05D0BB685A687B685B689A42F1DDD9
S31520000CC07B68BA681A60FB68002B03D13B687A6898
S31520000CD01A6002E0FB687A681A6000BF1437BD46C6
S31520000CE080BC704780B584B000AF78607B681B6895
S31520000CF0FB60FB68002B04D0FB681A687B681A60CF
S31520000D000CE00948FFF778FD00220221074803F08E
S31520000D104FF80748FFF770FD30BFFDE7FB68184620
S31520000D201037BD4680BD00BFD07E002000040240A3
S31520000D30DC7E002080B584B000AF78607B681B68BD
S31520000D40FB60FB68002B04D0FB681A687B681A607E
S31520000D500CE00948FFF750FD00220221074803F066
S31520000D6027F80748FFF748FD30BFFDE7FB68184620
S31520000D701037BD4680BD00BFD07E00200004024053
S31520000D80E87E002080B483B000AF786039603B688D
S31520000D901A687B681A603B687A681A6000BF0C374D
S31520000DA0BD4680BC704780B483B000AF78603960A0
S31520000DB03B681A687B689A603B687A681A6000BF4D
S31520000DC00C37BD4680BC704780B485B000AF7860D4
S31520000DD07B681B68FB60FB689A687B681A60FB6807
S31520000DE018461437BD4680BC704780B485B000AF26
S31520000DF0786039600023FB603B681B68BB6004E0B9
S31520000E00BB68FB60BB681B68BB60BB68002B03D05C
S31520000E10BA687B689A42F3D1BB68002B0DD0FB6879
S31520000E20002B04D0BB681A68FB681A6003E0BB6815
S31520000E301A683B681A60012300E00023184614371D
S31520000E40BD4680BC704780B582B000AF02211E48E7
S31520000E5005F06BF91C4804F096F803467B6007E022
S31520000E601A48FFF73FFF034619491846FFF7E4FEE5
S31520000E70164B1B68002B06D0144B1B685A687B68E0
S31520000E80D31A002BECDD114B1B68002B16D00E4815
S31520000E9004F079F803463B600C4B1B685B683A68A4
S31520000EA09A4204DD002202210A4802F081FF074B04
S31520000EB01B685B681946044804F097FB00F09AF813
S31520000EC000BF0837BD4680BD000C004040230120EE
S31520000ED03C230120000402400346024A136010DF2F
S31520000EE0F74600BF542301200346054A1360054BED
S31520000EF05B68044A43F080535360F74600BF00BF47
S31520000F005423012000ED00E080B582B000AF786068
S31520000F10094B5B68C3F30803002B03D17868FFF7FE
S31520000F20DBFF02E07868FFF7DFFFFFF711FD00BF68
S31520000F300837BD4680BD00BF00ED00E090B585B006
S31520000F4000AF234B1C682348FFF7CCFE0346E36023
S31520000F50E368BB60FFF7FCFCBB68D868BB6819690F
S31520000F60BB685B691A4600F015F9FFF7E3FC1A49DE
S31520000F70B868FFF707FF194B1B689B68DB687B6027
S31520000F80144B1B68002B0AD07B68002BD9D0114B41
S31520000F901B689A687B689B68D31A002BD1DD0F48A3
S31520000FA0FFF712FF03460E491846FFF7FCFE0B4BD0
S31520000FB01B68FB6003E0FB681B691B68FB60FB6822
S31520000FC01B69002BF7D1F868FFF79EFFB9E700BF32
S31520000FD0EC9500203C230120E0950020E895002098
S31520000FE0E495002080B500AF00F004F8FFF7B0FCD0
S31520000FF030BFFBE780B582B000AF144B1B68DB68BF
S315200010007B60134B1B68002B1BD0124B1B68002BDD
S3152000101017D07B68002B07D00D4B1B689A687B681E
S315200010209B68D31A002B0CDA0A48FFF7CDFE03463D
S3152000103006491846FFF7B7FE044B1B681846FFF70C
S3152000104063FF00BF0837BD4680BD00BFE89500207E
S315200010503C230120E495002080B588B000AFF860DD
S31520001060B9607A603B60EFF312833B613B691B09F1
S31520001070012B14BF01230023DBB2FB77FFF75AFCB9
S315200010803A48FFF757FEB861BB697A68DA60BB69F0
S315200010903A681A61BB69BA6A5A61354B1B68002BDC
S315200010A004D1344B1B68DB685B6801E0324B1B685C
S315200010B0FA681A44BB695A60BB695A68BB68002B38
S315200010C001DDBB6801E06FF000431A44BB699A60FA
S315200010D02A4803F058FF03467B61BB695A687B693F
S315200010E0D31A002B16DD2649B869FFF7D0FD244B0D
S315200010F01B685B687A699A4204DD00220221214836
S3152000110002F056FE1E4B1B685B6819461B4804F00E
S315200011106CFA21E01C49B869FFF78EFDFB7F002B96
S315200011201AD01A4B1B68002B16D0174B1B689A68CF
S31520001130174B1B68DB689B68D31A002B0CDA134805
S31520001140FFF742FE034612491846FFF72CFE104BC6
S315200011501B681846FFF7D8FEFB7F002B01D0FFF750
S31520001160F7FBBB6918462037BD4680BDE0950020B9
S3152000117044230120EC9500204C230120000C004044
S3152000118040230120000402403C230120E495002056
S31520001190E895002080B588B000AFF860B9607A6025
S315200011A0EFF312833B613B691B09012B14BF01231B
S315200011B00023DBB2FB76FFF7BDFBFB681B68FB61F8
S315200011C0FB69002B37D003E0FB691B691B68FB61B9
S315200011D0FB691B69002BF7D1304B1B68FA699A42D1
S315200011E002D0FB7E002B07D1FB7E002B01D0FFF720
S315200011F0AFFB4FF0FF334DE0FB685B68002B03D05D
S31520001200FB685B6800221A61244B1A68FB685A60E7
S31520001210224B1B68FA681A61F869FFF775FE1F4BA7
S315200012201B68DB68002B06D1FB7E002B01D0FFF765
S315200012308FFB00232EE0194B1A68FB681A60FB7E91
S31520001240002B05D0FB685B68012B01D0FFF780FBE4
S31520001250BB687968F86898477861FFF76BFBFB688D
S3152000126000221A60FB685B68FB61FB69002B0BD0D0
S31520001270FB69012B08D0FB6800225A60FB6900221B
S315200012801A61F869FFF740FEFB7E002B01D0FFF7BD
S315200012905FFB7B6918462037BD4680BDEC95002054
S315200012A080B586B000AF7860EFF31283FB60FB68F1
S315200012B01B09012B14BF01230023DBB2FB74FFF7AC
S315200012C039FB1F497868FFF790FD0346002B06D1AE
S315200012D01C497868FFF789FD0346002B04D01A497C
S315200012E07868FFF74FFD21E0184B1B687B611AE0F9
S315200012F0174B1B687A699A4212D07B69DB687A6839
S315200013009A420DD17B691A697B68DB689A4207D1BC
S315200013107B690022DA600C497868FFF733FD05E027
S315200013207B699B687B617B69002BE1D1FB7C002B71
S3152000133001D0FFF70DFB00BF1837BD4680BD00BFAB
S31520001340402301203C230120E0950020E895002041
S31520001350EC95002080B485B000AF7860EFF312835F
S31520001360FB60FB681B09012B04D0074B1B68DB685D
S315200013705B6801E0054B1B687A68136000BF143771
S31520001380BD4680BC704700BFEC9500204C23012051
S3152000139080B485B000AF7860EFF31283FB60FB6802
S315200013A01B09012B04D0074B1B68DB685B6801E037
S315200013B0054B1B687A6812689B1A18461437BD4677
S315200013C080BC7047EC9500204C23012080B584B06A
S315200013D000AFEFF312837B607B681B09012B14BFE0
S315200013E001230023DBB2FB73FFF7A4FA0C4803F0BA
S315200013F0CAFD0346BB60FB7B002B01D0FFF7A8FA92
S31520001400FB7B002B04D0074B1B68DB685B6801E085
S31520001410054B1B68BA68D31A18461037BD4680BDDF
S31520001420000C0040EC9500204C23012080B582B0B2
S3152000143000AF00237B6012E07B685A1C13465B00DA
S315200014401344DB00444A991843487A6813465B00E4
S315200014501344DB00034419607B6801337B607B689F
S315200014601C2BE9DD3C4B0022C3F8B82200237B600D
S3152000147013E07B685A1C13469B0013449B00374A93
S31520001480991836487A6813469B0013449B000344F8
S31520001490083319607B6801337B607B68022BE8DDAB
S315200014A02E4B00225A6400237B6030E02B497A6859
S315200014B013469B0013449B000B4404337A681A603E
S315200014C07A6813469B0013449B00244A1A447B687F
S315200014D05B0323490B4419461046FFF769FA7A68DD
S315200014E013469B0013449B001C4A13441D4918466F
S315200014F0FFF790FA19497A6813469B0013449B001C
S315200015000B44103300221A607B6801337B607B68B2
S31520001510032BCBDD144B4FF0FF325A60124B0022C7
S315200015209A60114B00221A610F4B0022DA600F4895
S31520001530FFF762F90E48FFF75FF90E48FFF75CF9EF
S315200015400A48FFF759F90948FFF756F9FFF773FAE2
S3152000155000BF0837BD4680BD04A00020D4A20020CD
S3152000156028A300203D0F002028230120F47E002000
S31520001570F87E0020047F002080B586B000AFF8609A
S31520001580B9601346FB71FB79022B41D8EFF3128326
S315200015903B613B691B09012B14BF01230023DBB2EE
S315200015A0FB75FFF7C7F9FB79022B0ED0022B10DC57
S315200015B0002B02D0012B04D00BE0174B174A1A60E0
S315200015C014E0174B174A1A6010E0174B174A1A6097
S315200015D00CE01748FFF710F900220221154802F007
S315200015E0E7FB1548FFF708F930BFFDE7FB791349FC
S315200015F0FA6841F82320FB791149BA6841F823207B
S31520001600FB6801225A60FB7D002B01D0FFF7A0F971
S3152000161000BF1837BD4680BDD4C00120010B002075
S3152000162090C00120690B00209CC00120D10B002016
S31520001630D07E0020000402401C7F0020642301206D
S315200016405823012080B586B002AFF860B9607A6071
S31520001650FFF770F9FFF7EAFEBB68002B16D00F489C
S3152000166003F091FC03461A460D4B1A600D4B0122DE
S315200016701A607B680093BB68FA6800210020FFF798
S31520001680EBFC084B00221A60FFF7B4FCFFF7AAFC1C
S31520001690002318461037BD4680BD00BF000C004011
S315200016A04C2301204423012080B483B000AF03469D
S315200016B0FB71FB7903F01F03012202FA03F1054AAD
S315200016C097F907305B0942F8231000BF0C37BD4657
S315200016D080BC704700E100E080B483B000AF0346D1
S315200016E03960FB7197F90730002B0BDA3B68DAB2C9
S315200016F00C49FB7903F00F03043B1201D2B20B44D1
S315200017001A7609E03B68DAB2074997F907301201E1
S31520001710D2B20B4483F8002300BF0C37BD4680BCF1
S31520001720704700BF00ED00E000E100E080B586B024
S3152000173000AF786039607B6800229A617B689A697D
S315200017407B685A617B685A697B68DA6107F10C030A
S31520001750184600F09BFF0023BB740023FB74002374
S315200017603B7500237B750023BB750023FB75002387
S31520001770BB730023FB7302233B7403237B74072371
S31520001780BB8107F10C031946124800F0EDFD034614
S31520001790002B02D11048FFF72FF807F10C0319464A
S315200017A00E4800F0E1FD0346002B02D10C48FFF75E
S315200017B023F802211420FFF78FFF1420FFF774FF70
S315200017C001220221034801F08FFB00BF1837BD46D6
S315200017D080BD00BF006400403C7F002000680040C0
S315200017E0547F0020B0B58AB002AF786039607B683C
S315200017F09B685A49184601F094FB0346012B02D0F8
S315200018005748FEF7F9FF7B68DB69072B00F39E80BC
S315200018107B689B6807F108020021184601F073F9DE
S31520001820BB681B09DBB27A68526903F07F03D8B222
S31520001830796813469B0013445B0013440B44203302
S3152000184002461A70BB68DBB27A68526903F00F034E
S31520001850D8B2796813469B0013445B0013440B44AB
S31520001860213302461A70BB7C7A68526903F00F0353
S31520001870D8B2796813469B0013445B0013440B448B
S31520001880223302461A700023FB7715E0FB7F7A6825
S315200018905269F97F20333B4413F80D4C7868134680
S315200018A09B0013445B00134403440B44233322461A
S315200018B01A70FB7F0133FB777B685A697968134678
S315200018C09B0013445B0013440B4422331B78FA7F9E
S315200018D09A42DBD37B68DB68002B25D07B68DC68EB
S315200018E07B681D697B685A69796813469B00134497
S315200018F05B0013440B4420331B7819017B685A691B
S31520001900786813469B0013445B0013440344213339
S315200019101B780B4400932B46224600210020FFF71C
S315200019209BFB104B01221A607B685B6901335A428C
S3152000193003F0070302F0070258BF53427A68536147
S315200019407B68DB695A1C7B68DA6102E00648FEF791
S3152000195053FF00BF2037BD46B0BD00BF03000012B5
S315200019606C7F002048230120947F002090B484B00F
S3152000197000AF786039607B68DB69002B55DD7B68BA
S315200019809A69796813469B0013445B0013440B4401
S3152000199020331A783B681A707B689A6979681346EF
S315200019A09B0013445B0013440B4421331A783B6895
S315200019B05A707B689A69796813469B0013445B00CA
S315200019C013440B4422331A783B689A700023FB7326
S315200019D013E07B689A69F87BF97B7C6813469B0049
S315200019E013445B0013442344034423331A783B688F
S315200019F00B44DA70FB7B0133FB733B689B78FA7BE5
S31520001A009A42E6D37B689B6901335A4203F0070367
S31520001A1002F0070258BF53427A6893617B68DB69FC
S31520001A205A1E7B68DA61002300E00123184610372E
S31520001A30BD4690BC704780B58AB000AF78603960EB
S31520001A407B689B683B620023FB773B681B781B0106
S31520001A503A6852781344BB6000237B7400233B749E
S31520001A603B689B78082B02D93B6808229A703B6812
S31520001A709B78BB74002387F827300FE097F8272040
S31520001A8097F8273039680A44D27828333B4403F83C
S31520001A90152C97F82730013387F827303B689B7839
S31520001AA097F827209A42E9D307F108031946386A9E
S31520001AB000F0ACFE0346FB77FB7F042B04D10548E0
S31520001AC0FEF79AFE012300E0002318462837BD467C
S31520001AD080BD00BFB47F002080B483B000AF034632
S31520001AE0FB71FB7903F01F03012202FA03F1054A79
S31520001AF097F907305B0942F8231000BF0C37BD4623
S31520001B0080BC704700E100E080B483B000AF03469C
S31520001B103960FB7197F90730002B0BDA3B68DAB294
S31520001B200C49FB7903F00F03043B1201D2B20B449C
S31520001B301A7609E03B68DAB2074997F907301201AD
S31520001B40D2B20B4483F8002300BF0C37BD4680BCBD
S31520001B50704700BF00ED00E000E100E080B582B0F4
S31520001B6000AF786039607B6800229A617B689A6949
S31520001B707B685A617B685A697B68DA61012240F288
S31520001B8025510A4805F0C0F9002240F2277107487E
S31520001B9005F0BAF902212520FFF7B6FF2520FFF729
S31520001BA09BFF00BF0837BD4680BD00BF0010014027
S31520001BB080B483B000AF78600B46FB707B68DB692E
S31520001BC0B3F5806F17DA7B685B697A681344FA7815
S31520001BD083F820207B685B6901335A42C3F30903EB
S31520001BE0C2F3090258BF53427A6853617B68DB69A6
S31520001BF05A1C7B68DA6100BF0C37BD4680BC704733
S31520001C0080B582B000AF786039607B68DB69002BD5
S31520001C1018D17B689B68012240F22771184605F08F
S31520001C2073F90FE03B681B780A2B03D10D217868E6
S31520001C30FFF7BEFF3B685A1C3A601B781946786846
S31520001C40FFF7B6FF3B681B78002BEBD100BF00BF28
S31520001C500837BD4680BD80B582B000AF7860396058
S31520001C607B68DB69002B07D17B689B68012240F2E9
S31520001C702771184605F048F93B68DBB219467868A3
S31520001C80FFF796FF00BF0837BD4680BD80B586B0FA
S31520001C9002AF786039607B689B682021184605F082
S31520001CA07AF90346012B18D17B689B68184604F005
S31520001CB0A4FF0346FB607B68DB68002B0DD07B68A6
S31520001CC0DA687B681969FB6800930B4600210020BF
S31520001CD0FFF7C2F9224B01221A607B689B6880219C
S31520001CE0184605F058F90346012B34D17B68DB6989
S31520001CF0002B28DD7B6898687B689B697A6813448B
S31520001D0093F82030194604F067FF7B689B690133FE
S31520001D105A42C3F30903C2F3090258BF53427A68F1
S31520001D2093617B68DB695A1E7B68DA617B68DB69B5
S31520001D30002B10D17B689B68002240F22771184641
S31520001D4005F0E2F807E07B689B68002240F22771E5
S31520001D50184605F0D9F8002318461037BD4680BD31
S31520001D604823012080B483B000AF0346FB71FB7982
S31520001D7003F01F03012202FA03F1054A97F90730FF
S31520001D805B0942F8231000BF0C37BD4680BC704764
S31520001D9000E100E080B483B000AF03463960FB71F8
S31520001DA097F90730002B0BDA3B68DAB20C49FB793E
S31520001DB003F00F03043B1201D2B20B441A7609E05A
S31520001DC03B68DAB2074997F907301201D2B20B44C1
S31520001DD083F8002300BF0C37BD4680BC704700BF88
S31520001DE000ED00E000E100E080B582B000AF786051
S31520001DF0396000220121074801F0DAFF022117206D
S31520001E00FFF7C8FF1720FFF7ADFF00BF0837BD4615
S31520001E1080BD00BF0004024080B582B000AF78606C
S31520001E2039607B689B688021184601F05BFF03467A
S31520001E3018460837BD4680BD80B582B000AF7860B1
S31520001E4039607B689B683A68D2B20121184601F056
S31520001E50AFFF00BF0837BD4680BD80B582B000AF5A
S31520001E60786039607B689B680121184601F0C5FFC0
S31520001E7000BF0837BD4680BD80B584B000AF78600E
S31520001E80396007F10803184601F03CFD8023BB604A
S31520001E9000233B733B68002B01D0082300E00C2372
S31520001EA07B730123BB7307F10803184601F0B8FCC6
S31520001EB000BF1037BD4680BD80B584B002AF7860C4
S31520001EC03960802001F06CFD0346012B14D180205F
S31520001ED001F080FD7B68DB68002B10D07B68DA6818
S31520001EE07B681B690021009100210020FFF7B4F8D0
S31520001EF0054B01221A6002E00448FEF77DFC002310
S31520001F0018460837BD4680BD48230120C87F0020DB
S31520001F10314900E03149EFF3088020ED108A7246FE
S31520001F20EFF3118320E9FC0F2D4FD7F80080C8F876
S31520001F3000001EE00846FEF75FFC2A48FEF75CFC20
S31520001F402948FEF759FCD8F80400FEF7A1FC2748DB
S31520001F50FEF752FCD8F80000FEF76BFC2448FEF78B
S31520001F604BFCD8F800000068FEF763FC1D48FEF71E
S31520001F7043FCDFF88080D8F80080C7F8008018E09E
S31520001F801D48FEF739FCD8F80400FEF781FC1B48F3
S31520001F90FEF732FCD8F80000FEF74BFC1448FEF79B
S31520001FA02BFCD8F800000068FEF743FC0D48FEF72E
S31520001FB023FC134A536843F00063536000BFD8F8EC
S31520001FC00000B0E8FC0F83F311889646B0EC108A27
S31520001FD080F3088870470000F095002001960020C5
S31520001FE0EC95002071960020229600203A9600203B
S31520001FF042960020542301204B9600206096002014
S3152000200000ED00E080B400AF00BFBD4680BC704745
S3152000201080B586B000AF464801F0EAFC454800F09E
S315200020207FF9454800F07CF901214FF0007002F05D
S315200020305BFB01214FF0806002F056FB012102205C
S3152000204002F0F8FA09220921394801F0E7FE0922AF
S315200020500821374801F0E2FE07F11003184601F087
S3152000206007FE4FF400733B6102233B750023BB75CB
S315200020700023FB7502237B7507F1100319462C48B4
S3152000208001F068FD4FF480733B6102233B7500230A
S31520002090BB750123FB7502237B7507F110031946D7
S315200020A0234801F057FD09220621214801F0B6FEFA
S315200020B0092205211E4801F0B1FE40233B6102237F
S315200020C03B750023BB750023FB7502237B7507F147
S315200020D010031946164801F03DFD20233B610223DB
S315200020E03B750023BB750123FB7502237B7507F126
S315200020F0100319460E4801F02DFD0023BB72002364
S31520002100FB7201233B7300233B8000237B8000234B
S31520002110BB800023FB8000233B8101237B733B464E
S31520002120184600F0F1F900BF1837BD4680BD00BF44
S3152000213000040240006400400068004080B586B07C
S3152000214000AF01214FF0005002F0CEFA07F1100344
S31520002150184601F08DFD20233B6103233B750023A8
S31520002160FB7507F1100319460F4801F0F3FC01F047
S315200021702BF93B46184601F067F900233B60002304
S315200021807B600023FB603B461946102001F02AF9AC
S315200021900121102001F06DF90021082001F010FA2C
S315200021A000BF1837BD4680BD0000024080B584B010
S315200021B000AF01214FF4804002F0B4FA072101203C
S315200021C002F0C0FC01F012FB3B46184601F09AFBD8
S315200021D080233B6000233B710C237B710123BB7161
S315200021E03B46184601F01CFB07F10803184601F090
S315200021F03FFD0223BB6001233B730123BB730023F6
S31520002200FB7301237B7307F108031946184801F075
S31520002210A1FC0123BB6001233B730123BB73002375
S31520002220FB7301237B7307F108031946104801F05D
S3152000223091FC012202210E4801F0BAFD0122012162
S315200022400B4801F0B5FD8023BB6000233B730023C0
S31520002250BB730023FB7301237B7307F10803194625
S31520002260034801F077FC00BF1037BD4680BD00BF94
S315200022700004024080B483B000AFEFF314833B60C8
S315200022803B6823F003037B607B6883F3148800BFDD
S31520002290064B4FF404725A61054B4FF000425A60C8
S315200022A000BF0C37BD4680BC704700BF00ED00E084
S315200022B030EF00E080B500AF0121082002F014FACB
S315200022C00121082002F03CFB00BF80BD80B400AF96
S315200022D0114A02E0002342F8043B104B9A42F9D3FC
S315200022E000BFBD4680BC704780B500AFFFF7EEFF4C
S315200022F0FFF788FEFFF78CFEFFF720FFFFF756FF5C
S31520002300FFF7B8FFFFF7D6FF00BF80BD80B400AF50
S3152000231000BFBD4680BC704700A00020842301205A
S3152000232080B582B000AF78607B680E4A93420AD1AE
S3152000233001214FF0007002F06DFA00214FF000707D
S3152000234002F068FA09E001214FF0806002F062FA9B
S3152000235000214FF0806002F05DFA00BF0837BD46CD
S3152000236080BD00BF0064004080B485B000AF7860B7
S3152000237039600023FB730023BB607B681B6823F056
S3152000238002027B681A607B681B6843F001027B6847
S315200023901A6002E0BB680133BB607B685B6803F0B0
S315200023A00103012B04D0BB684FF6FF729342F1D193
S315200023B07B685B6803F00103012B02D00023FB73CB
S315200023C09CE03B689B79012B06D17B681B6843F018
S315200023D080027B681A6005E07B681B6823F0800218
S315200023E07B681A603B68DB79012B06D17B681B680A
S315200023F043F040027B681A6005E07B681B6823F087
S3152000240040027B681A603B681B7A012B06D17B68E9
S315200024101B6843F020027B681A6005E07B681B6816
S3152000242023F020027B681A603B685B7A012B06D179
S315200024307B681B6843F010027B681A6005E07B68A6
S315200024401B6823F010027B681A603B689B7A012B7D
S3152000245006D17B681B6843F008027B681A6005E09A
S315200024607B681B6823F008027B681A603B68DB7A6E
S31520002470012B06D17B681B6843F004027B681A6037
S3152000248005E07B681B6823F004027B681A603B68C2
S315200024909B789A073B68DB781B061A433B681B79B7
S315200024A01B041A433B685B791B051A433B681B8850
S315200024B0013B1A437B68DA617B681B6823F00102C3
S315200024C07B681A600023BB6002E0BB680133BB60F7
S315200024D07B685B6803F00103012B04D1BB684FF6D0
S315200024E0FF729342F1D17B685B6803F00103012BF5
S315200024F002D10023FB7301E00123FB73FB7B18460B
S315200025001437BD4680BC704790B484B000AF786065
S315200025100023FB607B689B7A1A4601239340FB606D
S31520002520594BD3F80032584A43F00103C2F800321F
S31520002530554BD3F81C22FB68DB4353491340C1F8A3
S315200025401C327B681B7B002B29D14F4BD3F80C22E6
S31520002550FB68DB434C491340C1F80C327B68DB88AF
S315200025601B047A685288144647497A68927A10463C
S3152000257043EA040200F1480341F833207B689B8834
S315200025801B047A68128814463F497A68927A104664
S3152000259043EA040200F14803DB000B445A607B68DF
S315200025A01B7B012B28D1384BD3F80C223649FB68EC
S315200025B01343C1F80C327B681B881B047A68528847
S315200025C0144631497A68927A104643EA040200F1A9
S315200025D0480341F833207B689B881B047A68D2889D
S315200025E0144629497A68927A104643EA040200F191
S315200025F04803DB000B445A607B68DB7A002B09D149
S31520002600214BD3F80422FB68DB431F491340C1F852
S31520002610043207E01C4BD3F804221B49FB68134302
S31520002620C1F804327B681B89002B08D1164BD3F8DE
S315200026301422FB68DB4314491340C1F814327B682B
S315200026401B89012B07D1104BD3F814220E49FB68A6
S315200026501343C1F814327B685B7B012B07D10A4BED
S31520002660D3F81C220849FB681343C1F81C32064BD9
S31520002670D3F80032044A23F00103C2F8003200BF27
S315200026801037BD4690BC70470064004080B483B0CC
S3152000269000AF78607B6800229A717B680022DA712D
S315200026A07B6800221A727B6800225A727B6800229D
S315200026B09A727B680022DA727B6800229A707B68A5
S315200026C00022DA707B6803221A717B6802225A7113
S315200026D07B6801221A8000BF0C37BD4680BC70473C
S315200026E080B483B000AF0346FB71144BD3F800329D
S315200026F0124A43F00103C2F80032104BD3F80032DD
S315200027000E4A23F47C5323F00E03C2F800320B4BFF
S31520002710D3F80022FB791B0208491343C1F8003283
S31520002720064BD3F80032054A23F00103C2F80032E3
S3152000273000BF0C37BD4680BC704700BF0064004018
S3152000274080B483B000AF78600B46FB70FB78002B1B
S3152000275006D07B681B6843F480327B681A6005E0EC
S315200027607B681B6823F480327B681A6000BF0C37B5
S31520002770BD4680BC704780B483B000AF78600B46FE
S31520002780FB70FB78002B1ED07B681B6843F0800211
S315200027907B681A607B68D3F8843143F480727B6847
S315200027A0C3F884217B68D3F8943143F480727B6824
S315200027B0C3F894217B68D3F8A43143F480727B68F4
S315200027C0C3F8A4211DE07B681B6823F080027B6888
S315200027D01A607B68D3F8843123F480727B68C3F84F
S315200027E084217B68D3F8943123F480727B68C3F804
S315200027F094217B68D3F8A43123F480727B68C3F8D4
S31520002800A42100BF0C37BD4680BC704780B485B07C
S3152000281000AF786039600023FB737B689B6803F008
S315200028208063B3F1806F02D10023FB7315E07B68D0
S315200028309B6803F00063B3F1006F02D10123FB73A1
S315200028400BE07B689B6803F08053B3F1805F02D175
S315200028500223FB7301E00423FB73FB7B042B00F0B4
S315200028609F80FB7B7A6818331B0113441A68FB7B15
S3152000287002F00102796818331B010B441A603B6889
S315200028801B7A002B13D1FB7B7A6818331B01134468
S3152000289019683B681B685B053A68527A1A43FB7BCA
S315200028A00A43796818331B010B441A6015E0FB7B39
S315200028B07A6818331B01134419683B685B68DB0090
S315200028C03A68127A13433A68527A1A43FB7B0A43D0
S315200028D0796818331B010B441A603B689B7A03F016
S315200028E00F03DAB23B689A72FB7B7A6818331B01B6
S315200028F0134404331A68FB7B22F00F0279681833DD
S315200029001B010B4404331A60FB7B7A6818331B01C6
S31520002910134404331A683B689B7A1946FB7B0A43A7
S31520002920796818331B010B4404331A603B689B7B80
S315200029301A063B685B7B1B041A433B681B7B1B0206
S315200029401A433B68DB7A1946FB7B0A4379681B01ED
S315200029500B4403F5C4731A603B689B7C1A063B68DC
S315200029605B7C1B041A433B681B7C1B021A433B6897
S31520002970DB7B1946FB7B0A4379681B010B4403F575
S31520002980C6731A60FB7B7A6818331B0113441A68D6
S31520002990FB7B42F00102796818331B010B441A6055
S315200029A0FB7B18461437BD4680BC704780B485B083
S315200029B000AF78600B46FB700023FB60FB78022B90
S315200029C012D0022B16DC002B02D0012B06D011E0F0
S315200029D07B689A68304B1340FB600EE07B689A68F0
S315200029E02E4B1340FB6008E07B689A682C4B134003
S315200029F0FB6002E00023FB6000BFFB68284A93428D
S31520002A003DD0FB68264A93423CD8FB68254A934230
S31520002A102CD0FB68234A934234D8FB681F4A934242
S31520002A202AD0FB681D4A93422CD8FB681E4A934243
S31520002A3019D0FB681C4A934224D8FB68164A934255
S31520002A4017D0FB68144A93421CD8FB68002B04D08D
S31520002A50FB68164A934203D014E00223FB6014E07D
S31520002A600023FB6011E00023FB600EE00023FB60E7
S31520002A700BE00123FB6008E00123FB6005E0012356
S31520002A80FB6002E00023FB6000BFFB68DBB2184658
S31520002A901437BD4680BC70470300000400030008BD
S31520002AA000000310000001100001000801000004CE
S31520002AB080B483B000AF78600B46FB70FB78022BA6
S31520002AC014D0022B19DC002B02D0012B07D014E0E6
S31520002AD07B689B6843F080027B689A600EE07B6887
S31520002AE09B6843F400427B689A6007E07B689B689A
S31520002AF043F400027B689A6000E000BF00BF0C37F9
S31520002B00BD4680BC704780B485B000AFF8600B46E8
S31520002B107A60FB72FB7AFA681B331B0113441B682D
S31520002B20DBB203F00403DAB27B681A727B681B7A85
S31520002B30002B0BD1FB7AFA681B331B0113441B684D
S31520002B405B0DC3F30A027B681A600AE0FB7AFA6817
S31520002B501B331B0113441B68DB0823F060427B6890
S31520002B605A60FB7AFA681B331B0113441B68DBB2DD
S31520002B7003F00203DAB27B685A72FB7AFA681B33D7
S31520002B801B01134404331B68DBB203F00F03DAB2D4
S31520002B907B689A72FB7AFA681B331B011344043351
S31520002BA01B681B0ADAB27B68DA74FB7AFA681B01A7
S31520002BB0134403F5DC731B68DAB27B68DA72FB7A9E
S31520002BC0FA681B01134403F5DC731B681B0ADAB28F
S31520002BD07B681A73FB7AFA681B01134403F5DC73CE
S31520002BE01B681B0CDAB27B685A73FB7AFA681B01E6
S31520002BF0134403F5DC731B681B0EDAB27B689A73E9
S31520002C00FB7AFA681B01134403F5DE731B68DAB2FC
S31520002C107B68DA73FB7AFA681B01134403F5DE73CB
S31520002C201B681B0ADAB27B681A74FB7AFA681B01E6
S31520002C30134403F5DE731B681B0CDAB27B685A74E7
S31520002C40FB7AFA681B01134403F5DE731B681B0E1F
S31520002C50DAB27B689A74FB7A002B06D1FB68DB68B4
S31520002C6043F02002FB68DA6005E0FB681B6943F04D
S31520002C702002FB681A6100BF1437BD4680BC70472E
S31520002C8080B483B000AF78600B46FB70FB78002BD6
S31520002C9006D17B68DB6843F020027B68DA6005E0BA
S31520002CA07B681B6943F020027B681A6100BF0C37E2
S31520002CB0BD4680BC704780B485B000AF78600B46B7
S31520002CC0FB700023FB73FB78002B06D17B68DB6847
S31520002CD0DBB203F00303FB730BE0FB78012B06D179
S31520002CE07B681B69DBB203F00303FB7301E000235F
S31520002CF0FB73FB7B18461437BD4680BC704780B4F7
S31520002D0085B000AF78600B46FB700023FB734FF64F
S31520002D10FF73BB60FB78002B20D17B681B6823F0F8
S31520002D20030343F001027B681A6002E0BB68013BA3
S31520002D30BB607B685B6803F00303012B02D0BB6892
S31520002D40002BF3D17B685B6803F00303012B02D0D1
S31520002D500023FB734AE00123FB7347E0FB78012B3A
S31520002D601ED17B681B6823F003027B681A6002E091
S31520002D70BB68013BBB607B685B6803F00303002BE9
S31520002D8002D0BB68002BF3D17B685B6803F003039A
S31520002D90002B02D00023FB7328E00123FB7325E0E0
S31520002DA0FB78022B20D17B681B6823F0030343F0BA
S31520002DB002027B681A6002E0BB68013BBB607B684D
S31520002DC05B6803F00303022B02D0BB68002BF3D110
S31520002DD07B685B6803F00303022B02D00023FB739E
S31520002DE004E00123FB7301E00023FB73FB7B184601
S31520002DF01437BD4680BC704780B485B000AF78607C
S31520002E000023FB737B681B6823F0030343F0020255
S31520002E107B681A607B685B6803F00303022B01D191
S31520002E200123FB73FB7B18461437BD4680BC7047D5
S31520002E3080B485B000AF78604FF6FF73FB60002347
S31520002E40FB727B681B6823F002027B681A6002E033
S31520002E50FB68013BFB607B685B6803F00203022B87
S31520002E6002D1FB68002BF3D17B685B6803F0020379
S31520002E70022B01D00123FB72FB7A18461437BD467C
S31520002E8080BC704780B485B000AF78600023FB73A8
S31520002E907B689B69DBB203F07003FB73FB7B1846F0
S31520002EA01437BD4680BC704780B485B000AF7860CB
S31520002EB00023FB737B689B691B0EFB73FB7B184609
S31520002EC01437BD4680BC704780B485B000AF7860AB
S31520002ED00023FB737B689B691B0CFB73FB7B1846EB
S31520002EE01437BD4680BC704780B485B000AFF8600B
S31520002EF0B9601346FB71FB79002B06D0FB685A6933
S31520002F00BB681A43FB685A6106E0FB685A69BB68CE
S31520002F10DB431A40FB685A6100BF1437BD4680BCAC
S31520002F20704780B485B000AF786039600023FB73AA
S31520002F303B6803F47003002B0DD07B689A693B68CD
S31520002F401340C3F31303002B02D00123FB7348E085
S31520002F500023FB7345E03B6803F08073002B0DD004
S31520002F607B685A683B681340C3F31303002B02D0D7
S31520002F700123FB7335E00023FB7332E03B6803F04B
S31520002F800063002B0DD07B689A683B681340C3F31F
S31520002F901303002B02D00123FB7322E00023FB73D3
S31520002FA01FE03B6803F00073002B0DD07B68DA68C6
S31520002FB03B681340C3F31303002B02D00123FB739A
S31520002FC00FE00023FB730CE07B681A693B68134013
S31520002FD0C3F31303002B02D00123FB7301E000236C
S31520002FE0FB73FB7B18461437BD4680BC704780B404
S31520002FF085B000AF786039600023FB603B68174AD4
S31520003000934203D17B6800229A6121E03B68C3F397
S315200030101303FB603B6803F00073002B03D07B682F
S31520003020FA68DA6014E03B6803F08063002B03D073
S315200030307B68FA681A610BE03B6803F00063002B9B
S3152000304003D07B68FA689A6002E07B68FA685A6067
S3152000305000BF1437BD4680BC704700BF7000F030FB
S3152000306080B584B000AF786039600023FB737B683D
S315200030705A693B681340002B00F0F0803B68B3F59B
S31520003080003F00F0B2803B68B3F5003F00F2E380DA
S315200030903B68B3F5803F00F09F803B68B3F5803FE7
S315200030A000F2D9803B68B3F5004F00F0CB803B6837
S315200030B0B3F5004F00F2CF803B68B3F5006F00F008
S315200030C0B8803B68B3F5006F00F2C5803B68B3F566
S315200030D0806F00F0A5803B68B3F5806F00F2BB805F
S315200030E03B68B3F5007F00F092803B68B3F5007F24
S315200030F000F2B1803B68B3F5807F7FD03B68B3F5A3
S31520003100807F00F2A8803B68402B5CD03B68402B38
S3152000311000F2A1803B68202B4CD03B68202B00F28C
S315200031209A803B68102B3CD03B68102B00F2938092
S315200031303B68082B2CD03B68082B00F28C803B6820
S31520003140042B1CD03B68042B00F285803B68012BA6
S3152000315003D03B68022B09D07DE07B689B684349FE
S31520003160184600F019F90346FB7379E07B68DB68A3
S315200031700321184600F010F90346FB7370E07B68C4
S31520003180DB680821184600F007F90346FB7367E061
S315200031907B68DB681021184600F0FEF80346FB73B7
S315200031A05EE07B681B690321184600F0F5F80346AC
S315200031B0FB7355E07B681B690821184600F0ECF884
S315200031C00346FB734CE07B681B691021184600F010
S315200031D0E3F80346FB7343E07B685B6808211846E7
S315200031E000F0DAF80346FB733AE07B685B6810214F
S315200031F0184600F0D1F80346FB7331E07B689B69E3
S315200032000121184600F0C8F80346FB7328E07B68C6
S315200032109B690221184600F0BFF80346FB731FE0A6
S315200032207B689B690421184600F0B6F80346FB73B9
S3152000323016E07B689B697021184600F0ADF80346BE
S31520003240FB730DE07B685B680421184600F0A4F848
S315200032500346FB7304E00023FB7301E00023FB73AA
S31520003260FB7B18461037BD4680BD00BF010101001B
S3152000327080B483B000AF786039603B68B3F5003F17
S3152000328064D03B68B3F5003F7ED83B68B3F5803FFA
S3152000329058D03B68B3F5803F76D83B68B3F5004FEE
S315200032A06BD03B68B3F5004F6ED83B68B3F5006F23
S315200032B05CD03B68B3F5006F66D83B68B3F5806F8A
S315200032C050D03B68B3F5806F5ED83B68B3F5007F7E
S315200032D044D03B68B3F5007F56D83B68B3F5807F72
S315200032E038D03B68B3F5807F4ED83B68402B25D03D
S315200032F03B68402B48D83B68202B1BD03B68202BB3
S3152000330042D83B68082B11D03B68082B3CD83B6839
S31520003310012B03D03B68042B04D035E07B681D4A83
S315200033209A6032E07B680822DA602EE07B68102201
S31520003330DA602AE07B6808221A6126E07B68102280
S315200033401A6122E07B6808225A601EE07B68102200
S315200033505A601AE07B6804225A6016E07B680422D1
S315200033605A6012E07B6804225A600EE07B680022D5
S315200033709A617B6804225A6007E07B6800229A6182
S315200033807B6804225A6000E000BF00BF0C37BD46B0
S3152000339080BC70470101010080B485B000AF786021
S315200033A039600023FB737A683B681340002B02D0F8
S315200033B00123FB7301E00023FB73FB7B18461437C4
S315200033C0BD4680BC704700BF80B500AF01214FF0DD
S315200033D0005001F01FFA00214FF0005001F01AFAB8
S315200033E000BF80BD80B485B000AF7860396000230F
S315200033F0FB600023BB60134B1B68FB6040F6FE722C
S315200034007B6802FA03F3DB43FA681340FB603B68F0
S315200034101A683B685B681A433B689B681A433B689B
S31520003420DB681343BB60BA687B6802FA03F3FA6869
S315200034301343FB60034AFB68136000BF1437BD4685
S3152000344080BC70470074004080B483B000AF7860C1
S315200034507B6800221A607B6800225A607B68002203
S315200034609A607B680022DA6000BF0C37BD4680BCBC
S31520003470704780B483B000AF78600B46FB70FB7852
S31520003480002B09D00C4B1A6801217B6801FA03F343
S31520003490094913430B6009E0074B1A6801217B6831
S315200034A001FA03F3DB43044913400B6000BF0C37DA
S315200034B0BD4680BC704700BF0074004080B483B016
S315200034C000AF78600B46FB70FB78002B0AD00D4BC3
S315200034D05A687B681B09012101FA03F30949134342
S315200034E04B600AE0074B5A687B681B09012101FAE9
S315200034F003F3DB43034913404B6000BF0C37BD4643
S3152000350080BC70470074004080B483B000AF03468F
S31520003510FB71FB79002B06D0084B5B68074A43F00A
S315200035200303536005E0054B5B68044A23F003035D
S31520003530536000BF0C37BD4680BC70470074004006
S3152000354080B485B000AFF860B9601346FB71FB7993
S31520003550002B09D00C4B1A68B968FB6801FA03F3F3
S31520003560094913430B6009E0074B1A68B968FB68E1
S3152000357001FA03F3DB43044913400B6000BF143701
S31520003580BD4680BC704700BF0074004080B485B043
S3152000359000AF78600B467B800023FB60074BFB6007
S315200035A0FA687B6813440833FB60FB681A467B88FD
S315200035B0136000BF1437BD4680BC704700740040BE
S315200035C080B485B000AF78600B467B800023FB601B
S315200035D0074BFB60FA687B6813441433FB60FB6877
S315200035E01A467B88136000BF1437BD4680BC7047DF
S315200035F00074004080B485B000AF78600B467B80B5
S3152000360013463B800023FB600023BB607B68082BAE
S3152000361005D17B881A023B881343FB6004E07B8834
S315200036201A043B881343FB60074BBB607A68BB6870
S3152000363013442033BB60BB68FA681A6000BF143796
S31520003640BD4680BC704700BF0074004080B485B082
S3152000365000AF78600023FB60074BFB607B689A080D
S31520003660FB6813442C33FB60FB681B689BB218462F
S315200036701437BD4680BC70470074004080B483B0C8
S3152000368000AF78600B46FB70FB78002B0AD00D4B01
S315200036901A684FF480517B6801FA03F309491343F2
S315200036A00B600AE0074B1A684FF480517B6801FAD9
S315200036B003F3DB43034913400B6000BF0C37BD46C1
S315200036C080BC70470074004080B485B000AFF860BD
S315200036D0B9601346FB71FB79002B09D00C4B1A6895
S315200036E0B968FB6801FA03F3094913430B6009E043
S315200036F0074B1A68B968FB6801FA03F3DB430449F0
S3152000370013400B6000BF1437BD4680BC704700BF16
S315200037100074004080B485B000AF78603960002323
S31520003720FB730A4B5A6B39687B6801FA03F3134023
S31520003730002B02D00123FB7301E00023FB73FB7BEC
S3152000374018461437BD4680BC704700BF0074004041
S3152000375080B483B000AF7860396005493A687B68E9
S3152000376002FA03F34B6300BF0C37BD4680BC70479B
S315200037700074004080B485B000AF786039600023C3
S31520003780FB730023BB600F4B1A6839687B6801FA0C
S3152000379003F31340BB600B4B5A6B39687B6801FA05
S315200037A003F31340002B05D0BB68002B02D0012366
S315200037B0FB7301E00023FB73FB7B18461437BD46E1
S315200037C080BC70470074004080B483B000AF78603E
S315200037D0396005493A687B6802FA03F34B6300BFF8
S315200037E00C37BD4680BC70470074004080B400AFE3
S315200037F0094B00221A60084B00225A60064B002211
S315200038009A60054B0022DA60034B044A5A6100BFD6
S31520003810BD4680BC704700BF003C0140FFFF7F00D3
S3152000382080B485B000AF78600023FB60344BFB602A
S315200038307B689B79002B4FD0314B1A687B681B68BD
S31520003840DB432F4913400B602D4B5A687B681B685E
S31520003850DB432B4913404B607B681B791A46FB6878
S315200038601344FB60FB6819687B681A68FB680A4387
S315200038701A60234B9A687B681B68DB4320491340F8
S315200038808B601F4BDA687B681B68DB431C4913403F
S31520003890CB607B685B79102B0ED1194B9A687B68BD
S315200038A01B68174913438B60154BDA687B681B68C6
S315200038B013491343CB601DE0114BFB607B685B799A
S315200038C01A46FB681344FB60FB6819687B681A6814
S315200038D0FB680A431A600DE07B681B791A46FB6871
S315200038E01344FB60FB6819687B681B68DA43FB6836
S315200038F00A401A6000BF1437BD4680BC704700BF1F
S31520003900003C014080B483B000AF78607B68002221
S315200039101A607B6800221A717B680C225A717B68B8
S3152000392000229A7100BF0C37BD4680BC704780B418
S3152000393083B000AF7860054B1A6904497B6813434E
S315200039400B6100BF0C37BD4680BC7047003C014070
S3152000395080B485B000AF78600023FB73084B5A69AA
S315200039607B681340002B02D00123FB7301E0002368
S31520003970FB73FB7B18461437BD4680BC704700BFDF
S31520003980003C014080B483B000AF7860034A7B6876
S31520003990536100BF0C37BD4680BC7047003C0140D8
S315200039A080B485B000AF78600023FB73084B5A695A
S315200039B07B681340002B02D00123FB7301E0002318
S315200039C0FB73FB7B18461437BD4680BC704700BF8F
S315200039D0003C014080B483B000AF7860034A7B6826
S315200039E0536100BF0C37BD4680BC7047003C014088
S315200039F080B582B000AF78607B684B4A934208D18D
S31520003A000121012000F0ACFE0021012000F0A8FEDB
S31520003A1086E07B68454A934208D10121022000F0C6
S31520003A209FFE0021022000F09BFE79E07B68404A41
S31520003A30934208D10121042000F092FE00210420A7
S31520003A4000F08EFE6CE07B683A4A934208D1012151
S31520003A50082000F085FE0021082000F081FE5FE0AE
S31520003A607B68354A934208D10121102000F078FE68
S31520003A700021102000F074FE52E07B682F4A93420A
S31520003A8008D10121202000F06BFE0021202000F02B
S31520003A9067FE45E07B682A4A934208D101214020EF
S31520003AA000F05EFE0021402000F05AFE38E07B68E0
S31520003AB0244A934208D10121802000F051FE0021A2
S31520003AC0802000F04DFE2BE07B681F4A93420AD1EE
S31520003AD001214FF4807000F043FE00214FF48070E6
S31520003AE000F03EFE1CE07B68184A93420AD1012171
S31520003AF04FF4007000F034FE00214FF4007000F007
S31520003B002FFE0DE07B68124A934209D101214FF422
S31520003B10806000F025FE00214FF4806000F020FE3A
S31520003B2000BF0837BD4680BD0000024000040240A9
S31520003B3000080240000C024000100240001402401F
S31520003B4000180240001C02400020024000240240CF
S31520003B500028024080B487B000AF78603960002327
S31520003B607B6100233B610023FB6000237B6176E0C1
S31520003B7001227B6902FA03F33B613B681B683A69C1
S31520003B801340FB60FA683B699A4265D17B681A68E4
S31520003B907B695B00032101FA03F3DB431A407B6850
S31520003BA01A607B681A683B681B7919467B695B003B
S31520003BB001FA03F31A437B681A603B681B79012BD1
S31520003BC003D03B681B79022B2ED17B689A687B69D0
S31520003BD05B00032101FA03F3DB431A407B689A60FA
S31520003BE07B689A683B685B7919467B695B0001FABA
S31520003BF003F31A437B689A607B685A687B699BB299
S31520003C00194601238B40DB431A407B685A607B6848
S31520003C105B683A68927911467A6992B201FA02F2A1
S31520003C2092B21A437B685A607B68DA687B699BB2DA
S31520003C305B00032101FA03F3DB431A407B68DA6059
S31520003C407B68DA683B68DB7919467B695B0001FA99
S31520003C5003F31A437B68DA607B6901337B617B69F6
S31520003C600F2B85D900BF00BF1C37BD4680BC7047CF
S31520003C7080B483B000AF78607B684FF6FF721A601D
S31520003C807B6800221A717B6800225A717B680022A9
S31520003C909A717B680022DA7100BF0C37BD4680BC62
S31520003CA0704780B485B000AF78600B467B804FF4B8
S31520003CB08033FB607A88FB681343FB60FA687B6875
S31520003CC0DA617A887B68DA61FA687B68DA617B6810
S31520003CD0DB69FB607B68DB69FB6000BF1437BD4690
S31520003CE080BC704780B485B000AF78600B467B807F
S31520003CF00023FB737B681A697B881340002B02D054
S31520003D000123FB7301E00023FB73FB7B184614376A
S31520003D10BD4680BC704780B483B000AF78607B68B6
S31520003D201B699BB218460C37BD4680BC704780B4D1
S31520003D3085B000AF78600B467B800023FB737B68E1
S31520003D405A697B881340002B02D00123FB7301E0C4
S31520003D500023FB73FB7B18461437BD4680BC704797
S31520003D6080B483B000AF78607B685B699BB21846ED
S31520003D700C37BD4680BC704780B483B000AF7860F6
S31520003D800B467B807B687A881A8300BF0C37BD463A
S31520003D9080BC704780B483B000AF78600B467B80D0
S31520003DA07B687A885A8300BF0C37BD4680BC704733
S31520003DB080B483B000AF78600B467B8013467B705F
S31520003DC07B78002B03D07B687A881A8302E07B6895
S31520003DD07A885A8300BF0C37BD4680BC704780B4B2
S31520003DE083B000AF78600B467B807A887B685A6107
S31520003DF000BF0C37BD4680BC704780B483B000AF8F
S31520003E0078600B467B807B685A697B885A407B6842
S31520003E105A6100BF0C37BD4680BC704780B485B060
S31520003E2000AF78600B467B8013467B700023FB60D7
S31520003E300023BB607A787B8803F007039B0002FA95
S31520003E4003F3FB607B88DB089BB21A467B6808324B
S31520003E5053F822207B8803F007039B000F2101FAE9
S31520003E6003F3DB437988C90889B2084602EA0301CD
S31520003E707B6800F1080243F822107B88DB089BB29E
S31520003E801A467B68083253F82230FA681343BB601F
S31520003E907B88DB089BB21A467B680832B96843F8F0
S31520003EA0221000BF1437BD4680BC704780B400AFD7
S31520003EB0164B1B68154A43F001031360134B00226F
S31520003EC09A60124B1B68114A23F0A85323F410233F
S31520003ED013600E4B0E4A5A600C4B0E4AC3F88420D0
S31520003EE00A4B0D4AC3F88820084B1B68074A23F45F
S31520003EF080231360054B0022DA60044B0022C3F8AE
S31520003F008C2000BFBD4680BC704700BF00380240F1
S31520003F1010300024003000200030002480B483B00C
S31520003F2000AF0346FB71054B00221A70034AFB794A
S31520003F30137000BF0C37BD4680BC70470238024064
S31520003F4080B582B000AF00233B600023FB710023C5
S31520003F50BB71312000F056FD0346BB713B6801332F
S31520003F603B603B68B3F5A04F02D0BB79002BF0D065
S31520003F70312000F047FD0346002B02D00123FB71C0
S31520003F8001E00023FB71FB7918460837BD4680BD4A
S31520003F9080B485B000AF0346FB710023FB600A4B5B
S31520003FA01B68FB60FB6823F0F803FB60FB79DB00F2
S31520003FB0FA681343FB60044AFB68136000BF14379A
S31520003FC0BD4680BC704700BF0038024080B483B035
S31520003FD000AF0346FB71044AFB79136000BF0C3720
S31520003FE0BD4680BC704700BF0000474280B483B006
S31520003FF000AF0346FB710C4B00221A700A4B0022BD
S315200040001A70FB79012B02D0042B04D007E0064B53
S3152000401001221A7003E0044B05221A7000BF00BF6C
S315200040200C37BD4680BC70477038024080B483B0E0
S3152000403000AF0346FB71044AFB79136000BF0C37BF
S31520004040BD4680BC704700BF800E474280B485B015
S3152000405000AFF860B9607A603B607B689A01BB6804
S315200040601A433B685B08013B1B041A43FB681A434F
S31520004070BB691B06034913434B6000BF1437BD467B
S3152000408080BC70470038024080B483B000AF03463E
S31520004090FB71044AFB79136000BF0C37BD4680BC18
S315200040A0704700BF6000474280B483B000AF78609D
S315200040B039607B689A013B681B0704491343C1F8A2
S315200040C0843000BF0C37BD4680BC704700380240A4
S315200040D080B483B000AF0346FB71044AFB791360BA
S315200040E000BF0C37BD4680BC704700BF6800474202
S315200040F080B485B000AFF860B9607A60FB689A0139
S31520004100BB681B061A437B681B0704491343C1F887
S31520004110883000BF1437BD4680BC70470038024047
S3152000412080B483B000AF0346FB71044AFB79136069
S3152000413000BF0C37BD4680BC704700BF70004742A9
S3152000414080B483B000AF0346FB71044AFB79136049
S3152000415000BF0C37BD4680BC704700BF4C004742AD
S3152000416080B485B000AF786039600023FB600A4BCD
S315200041709B68FB60FB6823F0EC63FB607A683B6816
S315200041801343FA681343FB60034AFB68936000BF3E
S315200041901437BD4680BC70470038024080B485B0D5
S315200041A000AF786039600023FB600A4B9B68FB6098
S315200041B0FB6823F07843FB607A683B681343FA6810
S315200041C01343FB60034AFB68936000BF1437BD4668
S315200041D080BC70470038024080B485B000AF78605C
S315200041E00023FB60094B9B68FB60FB6823F00303FD
S315200041F0FB60FA687B681343FB60044AFB689360A4
S3152000420000BF1437BD4680BC704700BF003802404F
S3152000421080B400AF044B9B68DBB203F00C03DBB227
S315200042201846BD4680BC70470038024080B485B031
S3152000423000AF78600023FB60094B9B68FB60FB683E
S3152000424023F0F003FB60FA687B681343FB60044AA3
S31520004250FB68936000BF1437BD4680BC704700BF23
S315200042600038024080B485B000AF78600023FB6040
S31520004270094B9B68FB60FB6823F4E053FB60FA68FC
S315200042807B681343FB60044AFB68936000BF1437C6
S31520004290BD4680BC704700BF0038024080B485B060
S315200042A000AF78600023FB60094B9B68FB60FB68CE
S315200042B023F46043FB607B68DB00FA681343FB60F2
S315200042C0034AFB68936000BF1437BD4680BC704725
S315200042D00038024080B489B000AF78600023BB610B
S315200042E000237B610023FB6102233B610023FB60EB
S315200042F00223BB604A4B9B6803F00C03BB61BB697E
S31520004300082B11D0BB69082B44D8BB69002B03D0DE
S31520004310BB69042B04D03DE07B68424A1A603DE02D
S315200043207B68414A1A6039E03D4B5B689B0D03F080
S315200043300103FB603A4B5B6803F03F03BB60FB68FD
S31520004340002B0CD0384ABB68B2FBF3F3344A5268D0
S315200043509209C2F3080202FB03F3FB610BE0314A28
S31520004360BB68B2FBF3F32E4A52689209C2F30802E5
S3152000437002FB03F3FB612A4B5B681B0C03F0030370
S3152000438001335B003B61FA693B69B2FBF3F27B6860
S315200043901A6003E07B68234A1A6000BF204B9B68A3
S315200043A003F0F003BB61BB691B09BB611F4ABB69F4
S315200043B013441B78DBB27B617B681A687B69DA4021
S315200043C07B685A60164B9B6803F4E053BB61BB695C
S315200043D09B0ABB61154ABB6913441B78DBB27B6120
S315200043E07B685A687B69DA407B689A600C4B9B68CD
S315200043F003F46043BB61BB695B0BBB610B4ABB69C2
S3152000440013441B78DBB27B617B685A687B69DA4090
S315200044107B68DA6000BF2437BD4680BC704700BF8A
S31520004420003802400024F40000127A00EC7F0020BD
S3152000443080B485B000AF78600023FB607B6803F40E
S315200044404073B3F5407F11D10F4B9B68FB60FB682F
S3152000445023F4F813FB607B6823F0704323F4407346
S31520004460FA681343FB60084AFB689360064B1A6F91
S315200044707B68C3F30B03044913430B6700BF143750
S31520004480BD4680BC704700BF0038024080B483B070
S3152000449000AF0346FB71044AFB79136000BF0C375B
S315200044A0BD4680BC704700BF3C0E474280B483B0F7
S315200044B000AF0346FB71044AFB79136000BF0C373B
S315200044C0BD4680BC704700BF400E474280B483B0D3
S315200044D000AF7860034A7B68136000BF0C37BD4687
S315200044E080BC70475C01474280B485B000AF7860DD
S315200044F00023FB600A4BD3F88C30FB60FB6823F06B
S315200045001F03FB607B68013BFA681343FB60044A88
S31520004510FB68C2F88C3000BF1437BD4680BC70479C
S315200045200038024080B485B000AF78600023FB607D
S315200045300B4BD3F88C30FB60FB6823F4F853FB60FD
S315200045407B68013B1B02FA681343FB60044AFB6845
S31520004550C2F88C3000BF1437BD4680BC704700BF00
S315200045600038024080B485B000AF78600023FB603D
S315200045700A4BD3F88C30FB60FB6823F44013FB60B6
S31520004580FA687B681343FB60044AFB68C2F88C30E8
S3152000459000BF1437BD4680BC704700BF00380240BC
S315200045A080B485B000AF78600023FB600A4BD3F857
S315200045B08C30FB60FB6823F44003FB60FA687B6861
S315200045C01343FB60044AFB68C2F88C3000BF1437E3
S315200045D0BD4680BC704700BF0038024080B485B01D
S315200045E000AF78600023FB600A4BD3F88C30FB6069
S315200045F0FB6823F44033FB60FA687B681343FB6057
S31520004600044AFB68C2F88C3000BF1437BD4680BC14
S31520004610704700BF0038024080B483B000AF786096
S31520004620034A7B68136000BF0C37BD4680BC7047C9
S31520004630E011474280B483B000AF78600B46FB7030
S31520004640FB78002B06D0094B1A6B08497B6813436D
S315200046500B6306E0054B1A6B7B68DB43034913406B
S315200046600B6300BF0C37BD4680BC70470038024044
S3152000467080B483B000AF78600B46FB70FB78002BCC
S3152000468006D0094B5A6B08497B6813434B6306E0F7
S31520004690054B5A6B7B68DB43034913404B6300BFD2
S315200046A00C37BD4680BC70470038024080B483B0CA
S315200046B000AF78600B46FB70FB78002B06D0094BC9
S315200046C09A6B08497B6813438B6306E0054B9A6B0C
S315200046D07B68DB43034913408B6300BF0C37BD4621
S315200046E080BC70470038024080B483B000AF786049
S315200046F00B46FB70FB78002B06D0094B1A6C084939
S315200047007B6813430B6406E0054B1A6C7B68DB431E
S31520004710034913400B6400BF0C37BD4680BC70476D
S315200047200038024080B483B000AF78600B46FB703F
S31520004730FB78002B06D0094B5A6C08497B6813433B
S315200047404B6406E0054B5A6C7B68DB4303491340F8
S315200047504B6400BF0C37BD4680BC70470038024012
S3152000476080B483B000AF78600B46FB70FB78002BDB
S3152000477006D0094B1A6908497B6813430B6106E08A
S31520004780054B1A697B68DB43034913400B6100BF65
S315200047900C37BD4680BC70470038024080B483B0D9
S315200047A000AF78600B46FB70FB78002B06D0094BD8
S315200047B05A6908497B6813434B6106E0054B5A69E1
S315200047C07B68DB43034913404B6100BF0C37BD4672
S315200047D080BC70470038024080B483B000AF786058
S315200047E00B46FB70FB78002B06D0094B9A690849CB
S315200047F07B6813438B6106E0054B9A697B68DB4334
S31520004800034913408B6100BF0C37BD4680BC7047FF
S315200048100038024080B483B000AF78600B46FB704E
S31520004820FB78002B06D0094B1A6A08497B6813438C
S315200048300B6206E0054B1A6A7B68DB43034913408B
S315200048400B6200BF0C37BD4680BC70470038024063
S3152000485080B483B000AF78600B46FB70FB78002BEA
S3152000486006D0094B5A6A08497B6813434B6206E017
S31520004870054B5A6A7B68DB43034913404B6200BFF2
S315200048800C37BD4680BC70470038024080B483B0E8
S3152000489000AF78600B46FB70FB78002B06D0094BE7
S315200048A01A6D08497B6813430B6506E0054B1A6DA4
S315200048B07B68DB43034913400B6500BF0C37BD46BD
S315200048C080BC70470038024080B483B000AF786067
S315200048D00B46FB70FB78002B06D0094B5A6D084916
S315200048E07B6813434B6506E0054B5A6D7B68DB43BB
S315200048F0034913404B6500BF0C37BD4680BC70474B
S315200049000038024080B483B000AF78600B46FB705D
S31520004910FB78002B06D0094B9A6D08497B68134318
S315200049208B6506E0054B9A6D7B68DB430349134094
S315200049308B6500BF0C37BD4680BC704700380240EF
S3152000494080B483B000AF78600B46FB70FB78002BF9
S3152000495006D0094B1A6E08497B6813430B6606E09E
S31520004960054B1A6E7B68DB43034913400B6600BF79
S315200049700C37BD4680BC70470038024080B483B0F7
S3152000498000AF78600B46FB70FB78002B06D0094BF6
S315200049905A6E08497B6813434B6606E0054B5A6EF0
S315200049A07B68DB43034913404B6600BF0C37BD468B
S315200049B080BC70470038024080B483B000AF034605
S315200049C00A46FB711346BB71BB79002B08D00C4BF2
S315200049D01B78DAB20A49FB791343DBB20B7009E084
S315200049E0074B1B78DAB2FB79DB43DBB20449134071
S315200049F0DBB20B7000BF0C37BD4680BC704700BFD2
S31520004A000D38024080B487B000AF0346FB71002307
S31520004A10FB6000237B610023FB74FB795B09DBB21F
S31520004A20FB60FB68012B03D1124B1B687B6109E0FD
S31520004A30FB68022B03D10F4B1B6F7B6102E00D4BF2
S31520004A405B6F7B61FB7903F01F03FB607A69FB6870
S31520004A5022FA03F303F00103002B02D00123FB7497
S31520004A6001E00023FB74FB7C18461C37BD4680BC46
S31520004A70704700BF0038024080B400AF044B5B6F24
S31520004A80034A43F08073536700BFBD4680BC70471E
S31520004A900038024080B485B000AF0346FB71002386
S31520004AA0FB73084BDA68FB791340002B02D00123F5
S31520004AB0FB7301E00023FB73FB7B18461437BD46CE
S31520004AC080BC70470038024080B483B000AF0346F4
S31520004AD0FB71044AFB79137000BF0C37BD4680BCBE
S31520004AE0704700BF0E38024080B500AF01214FF459
S31520004AF08040FFF7ADFE00214FF48040FFF7A8FE6F
S31520004B0000BF80BD80B483B000AF0346FB71044A6A
S31520004B10FB79136000BF0C37BD4680BC704700BFD1
S31520004B200038014080B483B000AF0346FB71044ACD
S31520004B30FB79136000BF0C37BD4680BC704700BFB1
S31520004B402000274280B485B000AF03460A46FB7199
S31520004B501346BB710023FB60BB7903F003039B0064
S31520004B600F2202FA03F3FB60154ABB799B08DBB2DE
S31520004B70023352F82320FB68DB431148B9798908B0
S31520004B80C9B21A408B1C40F823200D4ABB799B08DA
S31520004B90DBB2023352F82320F979BB7903F0030301
S31520004BA09B0001FA03F30648B9798908C9B21A436A
S31520004BB08B1C40F8232000BF1437BD4680BC7047AD
S31520004BC00038014080B483B000AF7860034A7B6828
S31520004BD0136000BF0C37BD4680BC7047DC002742FF
S31520004BE080B483B000AF0346FB71044AFB7913609F
S31520004BF000BF0C37BD4680BC704700BF000427426B
S31520004C0080B483B000AF0023FB71084B1B6A03F40A
S31520004C108073002B02D00123FB7101E00023FB717E
S31520004C20FB7918460C37BD4680BC704700380140DA
S31520004C3080B582B000AF78607B68604A934208D125
S31520004C4001210120FFF704FE00210120FFF700FECD
S31520004C50AFE07B68B3F1804F08D101210120FFF737
S31520004C60D9FD00210120FFF7D5FDA2E07B68544A3B
S31520004C70934208D101210220FFF7CCFD002102201A
S31520004C80FFF7C8FD95E07B684E4A934208D1012183
S31520004C900420FFF7BFFD00210420FFF7BBFD88E0BD
S31520004CA07B68494A934208D101210820FFF7B2FDCB
S31520004CB000210820FFF7AEFD7BE07B68434A934244
S31520004CC008D101211020FFF7A5FD00211020FFF7B4
S31520004CD0A1FD6EE07B683E4A934208D10121202047
S31520004CE0FFF798FD00212020FFF794FD61E07B6807
S31520004CF0384A934208D101210220FFF7A9FD00215D
S31520004D000220FFF7A5FD54E07B68334A93420AD17F
S31520004D1001214FF48030FFF79BFD00214FF48030B6
S31520004D20FFF796FD45E07B682C4A93420AD1012184
S31520004D304FF40030FFF78CFD00214FF40030FFF7D1
S31520004D4087FD36E07B68264A93420AD101214FF43B
S31520004D508020FFF77DFD00214FF48020FFF778FDAE
S31520004D6027E07B681F4A934208D101214020FFF7A4
S31520004D7051FD00214020FFF74DFD1AE07B681A4ABD
S31520004D80934208D101218020FFF744FD0021802095
S31520004D90FFF740FD0DE07B68144A934209D10121BB
S31520004DA04FF48070FFF736FD00214FF48070FFF737
S31520004DB031FD00BF0837BD4680BD00BF0000014061
S31520004DC00004004000080040000C00400010004095
S31520004DD0001400400004014000400140004401400E
S31520004DE00048014000180040001C00400020004000
S31520004DF080B485B000AF786039600023FB817B6882
S31520004E001B88FB817B68284A934213D07B68274AFC
S31520004E1093420FD07B68B3F1804F0BD07B68244A36
S31520004E20934207D07B68234A934203D07B68224A69
S31520004E30934208D1FB8923F07003FB813B685A8893
S31520004E40FB891343FB817B681C4A93420CD07B6809
S31520004E501B4A934208D0FB8923F44073FB813B68AD
S31520004E601A89FB891343FB817B68FA891A803B6880
S31520004E705A687B68DA623B681A887B681A857B6881
S31520004E80094A934203D07B68084A934204D13B687F
S31520004E909B7A1A467B681A867B6801229A8200BF13
S31520004EA01437BD4680BC7047000001400004014015
S31520004EB00004004000080040000C004000100040A4
S31520004EC00014004080B483B000AF78607B684FF058
S31520004ED0FF325A607B6800221A807B6800221A8182
S31520004EE07B6800225A807B6800229A7200BF0C37AA
S31520004EF0BD4680BC704780B483B000AF78600B4657
S31520004F007B8013463B807B687A881A857B683A8843
S31520004F109A8200BF0C37BD4680BC704780B485B0EE
S31520004F2000AF78600B467B800023FB817B681B8863
S31520004F30FB81FB8923F07003FB81FA897B8813436D
S31520004F40FB817B68FA891A8000BF1437BD4680BC76
S31520004F50704780B483B000AF786039607B683A6868
S31520004F605A6200BF0C37BD4680BC704780B483B000
S31520004F7000AF786039607B683A68DA6200BF0C3728
S31520004F80BD4680BC704780B483B000AF78607B6834
S31520004F905B6A18460C37BD4680BC704780B483B028
S31520004FA000AF78607B681B8D9BB218460C37BD46D8
S31520004FB080BC704780B483B000AF78600B46FB702E
S31520004FC0FB78002B08D07B681B889BB243F002033A
S31520004FD09AB27B681A8007E07B681B889BB223F015
S31520004FE002039AB27B681A8000BF0C37BD4680BC8C
S31520004FF0704780B483B000AF78600B467B807B8897
S31520005000002B08D07B681B889BB243F004039AB21E
S315200050107B681A8007E07B681B889BB223F0040319
S315200050209AB27B681A8000BF0C37BD4680BC704799
S3152000503080B483B000AF78600B46FB70FB78002B02
S3152000504008D07B681B889BB243F080039AB27B68AA
S315200050501A8007E07B681B889BB223F080039AB2F4
S315200050607B681A8000BF0C37BD4680BC704780B471
S3152000507083B000AF78600B467B807B681B889BB231
S3152000508023F008039AB27B681A807B681B889AB241
S315200050907B8813439AB27B681A8000BF0C37BD46C3
S315200050A080BC704780B483B000AF78600B467B80AD
S315200050B07B681B889BB223F440739AB27B681A8064
S315200050C07B681B889AB27B8813439AB27B681A80C6
S315200050D000BF0C37BD4680BC704780B483B000AF9C
S315200050E078600B46FB70FB78002B08D07B681B880A
S315200050F09BB243F001039AB27B681A8007E07B6873
S315200051001B889BB223F001039AB27B681A8000BFEA
S315200051100C37BD4680BC704780B485B000AF786040
S31520005120396000237B810023FB810023BB817B68C0
S315200051301B8C9BB223F001039AB27B681A847B688E
S315200051401B8CFB817B689B88BB817B681B8B7B814F
S315200051507B8923F070037B817B8923F003037B818A
S315200051603B681A887B8913437B81FB8923F00203E2
S31520005170FB813B689A89FB891343FB813B685A88EC
S31520005180FB891343FB817B681E4A934203D07B68CD
S315200051901D4A934223D1FB8923F00803FB813B68F8
S315200051A0DA89FB891343FB81FB8923F00403FB8106
S315200051B03B689A88FB891343FB81BB8923F4807360
S315200051C0BB81BB8923F40073BB813B681A8ABB89E8
S315200051D01343BB813B685A8ABB891343BB817B68D7
S315200051E0BA899A807B687A891A833B689A687B6831
S315200051F05A637B68FA891A8400BF1437BD4680BC7F
S31520005200704700BF000001400004014080B485B013
S3152000521000AF7860396000237B810023FB81002367
S31520005220BB817B681B8C9BB223F010039AB27B68F0
S315200052301A847B681B8CFB817B689B88BB817B687F
S315200052401B8B7B817B8923F4E0437B817B8923F441
S3152000525040737B813B681B881B029AB27B89134370
S315200052607B81FB8923F02003FB813B689B891B0103
S315200052709AB2FB891343FB813B685B881B019AB278
S31520005280FB891343FB817B68224A934203D07B68C8
S31520005290214A93422BD1FB8923F08003FB813B6873
S315200052A0DB891B019AB2FB891343FB81FB8923F01F
S315200052B04003FB813B689B881B019AB2FB89134301
S315200052C0FB81BB8923F48063BB81BB8923F4006304
S315200052D0BB813B681B8A9B009AB2BB891343BB8167
S315200052E03B685B8A9B009AB2BB891343BB817B6870
S315200052F0BA899A807B687A891A833B689A687B6820
S315200053009A637B68FA891A8400BF1437BD4680BC2D
S31520005310704700BF000001400004014080B485B002
S3152000532000AF7860396000237B810023FB81002356
S31520005330BB817B681B8C9BB223F480739AB27B68FB
S315200053401A847B681B8CFB817B689B88BB817B686E
S315200053509B8B7B817B8923F070037B817B8923F068
S3152000536003037B813B681A887B8913437B81FB89F6
S3152000537023F40073FB813B689B891B029AB2FB894D
S315200053801343FB813B685B881B029AB2FB8913435C
S31520005390FB817B68224A934203D07B68214A934251
S315200053A02BD1FB8923F40063FB813B68DB891B023D
S315200053B09AB2FB891343FB81FB8923F48063FB812B
S315200053C03B689B881B029AB2FB891343FB81BB89EE
S315200053D023F48053BB81BB8923F40053BB813B68F4
S315200053E01B8A1B019AB2BB891343BB813B685B8A2C
S315200053F01B019AB2BB891343BB817B68BA899A8009
S315200054007B687A899A833B689A687B68DA637B68CB
S31520005410FA891A8400BF1437BD4680BC704700BF86
S31520005420000001400004014080B485B000AF7860E0
S3152000543039600023BB8100237B810023FB817B68AD
S315200054401B8C9BB223F480539AB27B681A847B68A8
S315200054501B8C7B817B689B88FB817B689B8BBB81BC
S31520005460BB8923F4E043BB81BB8923F44073BB8112
S315200054703B681B881B029AB2BB891343BB817B897D
S3152000548023F400537B813B689B891B039AB27B895B
S3152000549013437B813B685B881B039AB27B8913434A
S315200054A07B817B68114A934203D07B68104A9342E2
S315200054B00AD1FB8923F48043FB813B681B8A9B012D
S315200054C09AB2FB891343FB817B68FA899A807B68B1
S315200054D0BA899A833B689A687B681A647B687A895A
S315200054E01A8400BF1437BD4680BC704700000140B7
S315200054F00004014080B483B000AF78607B6800224E
S315200055001A807B6800225A807B6800229A807B68FA
S3152000551000229A607B6800229A817B680022DA81C9
S315200055207B6800221A827B6800225A8200BF0C37D1
S31520005530BD4680BC704780B485B000AF78600B460E
S315200055407B8013463B800023FB6000237B817B68A6
S31520005550FB60FB681833FB607B88012202FA03F3A9
S315200055607B817B681B8C9AB27B89DB439BB2134081
S315200055709AB27B681A847B88002B02D07B88082B02
S3152000558014D17B885B089BB21A46FB681344FB60E8
S31520005590FB681968FA684FF68F730B401360FB6837
S315200055A019683A88FB680A431A6019E07B88043B2D
S315200055B09BB25B089BB21A46FB681344FB60FB68F0
S315200055C01968FA6848F6FF730B401360FB681A687F
S315200055D03B881B029BB21946FB680A431A6000BF30
S315200055E000BF1437BD4680BC704780B483B000AF7F
S315200055F0786039607B683A685A6300BF0C37BD46CD
S3152000560080BC704780B483B000AF786039607B6817
S315200056103A689A6300BF0C37BD4680BC704780B499
S3152000562083B000AF786039607B683A68DA6300BF80
S315200056300C37BD4680BC704780B483B000AF78601D
S3152000564039607B683A681A6400BF0C37BD4680BC57
S31520005650704780B485B000AF78600B467B8000230E
S31520005660FB817B681B8BFB81FB8923F07003FB810D
S31520005670FA897B881343FB817B68FA891A8300BFEA
S315200056801437BD4680BC704780B485B000AF7860C3
S315200056900B467B800023FB817B681B8BFB81FB8970
S315200056A023F4E043FB817B881B029AB2FB891343D8
S315200056B0FB817B68FA891A8300BF1437BD4680BCFC
S315200056C0704780B485B000AF78600B467B8000239E
S315200056D0FB817B689B8BFB81FB8923F07003FB811D
S315200056E0FA897B881343FB817B68FA899A8300BFFA
S315200056F01437BD4680BC704780B485B000AF786053
S315200057000B467B800023FB817B689B8BFB81FB897F
S3152000571023F4E043FB817B881B029AB2FB89134367
S31520005720FB817B68FA899A8300BF1437BD4680BC0B
S31520005730704780B485B000AF78600B467B8000232D
S31520005740FB817B681B8BFB81FB8923F00803FB8194
S31520005750FA897B881343FB817B68FA891A8300BF09
S315200057601437BD4680BC704780B485B000AF7860E2
S315200057700B467B800023FB817B681B8BFB81FB898F
S3152000578023F40063FB817B881B029AB2FB891343B7
S31520005790FB817B68FA891A8300BF1437BD4680BC1B
S315200057A0704780B485B000AF78600B467B800023BD
S315200057B0FB817B689B8BFB81FB8923F00803FB81A4
S315200057C0FA897B881343FB817B68FA899A8300BF19
S315200057D01437BD4680BC704780B485B000AF786072
S315200057E00B467B800023FB817B689B8BFB81FB899F
S315200057F023F40063FB817B881B029AB2FB89134347
S31520005800FB817B68FA899A8300BF1437BD4680BC2A
S31520005810704780B485B000AF78600B467B8000234C
S31520005820FB817B681B8BFB81FB8923F00403FB81B7
S31520005830FA897B881343FB817B68FA891A8300BF28
S315200058401437BD4680BC704780B485B000AF786001
S315200058500B467B800023FB817B681B8BFB81FB89AE
S3152000586023F48063FB817B881B029AB2FB89134356
S31520005870FB817B68FA891A8300BF1437BD4680BC3A
S31520005880704780B485B000AF78600B467B800023DC
S31520005890FB817B689B8BFB81FB8923F00403FB81C7
S315200058A0FA897B881343FB817B68FA899A8300BF38
S315200058B01437BD4680BC704780B485B000AF786091
S315200058C00B467B800023FB817B689B8BFB81FB89BE
S315200058D023F48063FB817B881B029AB2FB891343E6
S315200058E0FB817B68FA899A8300BF1437BD4680BC4A
S315200058F0704780B485B000AF78600B467B8000236C
S31520005900FB817B681B8BFB81FB8923F08003FB815A
S31520005910FA897B881343FB817B68FA891A8300BF47
S315200059201437BD4680BC704780B485B000AF786020
S315200059300B467B800023FB817B681B8BFB81FB89CD
S31520005940C3F30E03FB817B881B029AB2FB891343A8
S31520005950FB817B68FA891A8300BF1437BD4680BC59
S31520005960704780B485B000AF78600B467B800023FB
S31520005970FB817B689B8BFB81FB8923F08003FB816A
S31520005980FA897B881343FB817B68FA899A8300BF57
S315200059901437BD4680BC704780B485B000AF7860B0
S315200059A00B467B800023FB817B689B8BFB81FB89DD
S315200059B0C3F30E03FB817B881B029AB2FB89134338
S315200059C0FB817B68FA899A8300BF1437BD4680BC69
S315200059D0704780B485B000AF78600B467B8000238B
S315200059E0FB817B681B8CFB81FB8923F00203FB81F7
S315200059F0FA897B881343FB817B68FA891A8400BF66
S31520005A001437BD4680BC704780B485B000AF78603F
S31520005A100B467B800023FB817B681B8CFB81FB89EB
S31520005A2023F00803FB81FA897B881343FB817B687B
S31520005A30FA891A8400BF1437BD4680BC704780B4EB
S31520005A4085B000AF78600B467B800023FB817B68A6
S31520005A501B8CFB81FB8923F02003FB817B881B01A8
S31520005A609AB2FB891343FB817B68FA891A8400BFAB
S31520005A701437BD4680BC704780B485B000AF7860CF
S31520005A800B467B800023FB817B681B8CFB81FB897B
S31520005A9023F08003FB817B881B019AB2FB89134389
S31520005AA0FB817B68FA891A8400BF1437BD4680BC07
S31520005AB0704780B485B000AF78600B467B800023AA
S31520005AC0FB817B681B8CFB81FB8923F40073FB81A4
S31520005AD07B881B029AB2FB891343FB817B68FA8978
S31520005AE01A8400BF1437BD4680BC704780B485B089
S31520005AF000AF78600B467B800023FB817B681B8C84
S31520005B00FB81FB8923F40063FB817B881B029AB20D
S31520005B10FB891343FB817B68FA891A8400BF1437FB
S31520005B20BD4680BC704780B485B000AF78600B4618
S31520005B307B800023FB817B681B8CFB81FB8923F404
S31520005B400053FB817B881B039AB2FB891343FB819D
S31520005B507B68FA891A8400BF1437BD4680BC70471B
S31520005B6080B485B000AF78600B467B8013463B80BF
S31520005B700023FB817B88012202FA03F3FB817B68E9
S31520005B801B8C9AB2FB89DB439BB213409AB27B688B
S31520005B901A847B681B8C9AB239887B8801FA03F3B6
S31520005BA09BB213439AB27B681A8400BF1437BD4652
S31520005BB080BC704780B485B000AF78600B467B8090
S31520005BC013463B800023FB817B88042202FA03F3E1
S31520005BD0FB817B681B8C9AB2FB89DB439BB213400B
S31520005BE09AB27B681A847B681B8C9AB239887B8828
S31520005BF001FA03F39BB213439AB27B681A8400BF5F
S31520005C001437BD4680BC704780B582B000AF78603F
S31520005C1039603B681B88002B0FD13B6859883B684D
S31520005C209A883B681B89786800F097FC3B68DB887C
S31520005C301946786800F0DCF836E03B681B88042BB0
S31520005C400FD13B6859883B689A883B681B897868DE
S31520005C5000F0C5FC3B68DB881946786800F0E3F85D
S31520005C6022E03B681B88082B0FD13B6859883B688C
S31520005C709A883B681B89786800F0FDFC3B68DB88C6
S31520005C801946786800F0ECF80EE03B6859883B68C6
S31520005C909A883B681B89786800F034FD3B68DB886E
S31520005CA01946786800F0F7F800BF0837BD4680BD72
S31520005CB080B483B000AF78607B6800221A807B684E
S31520005CC000225A807B6801229A807B680022DA8033
S31520005CD07B6800221A8100BF0C37BD4680BC704706
S31520005CE080B584B000AF786039600023FB81012342
S31520005CF0BB813B685B88002B02D10223FB8101E03C
S31520005D000023FB813B689B88012B02D10223BB81A8
S31520005D1001E00123BB813B681B88002B1CD13B681B
S31520005D2059883B689A883B681B89786800F015FC7F
S31520005D303B68DB881946786800F05AF83B681B896F
S31520005D40BA89F989786800F04AFC3B68DB881946ED
S31520005D50786800F068F81BE03B6859883B689A88A9
S31520005D603B681B89786800F03AFC3B68DB8819465B
S31520005D70786800F058F83B681B89BA89F9897868F1
S31520005D8000F0EBFB3B68DB881946786800F030F8BA
S31520005D9000BF1037BD4680BD80B483B000AF7860A9
S31520005DA07B685B6B18460C37BD4680BC704780B459
S31520005DB083B000AF78607B689B6B18460C37BD4676
S31520005DC080BC704780B483B000AF78607B68DB6BA3
S31520005DD018460C37BD4680BC704780B483B000AFF0
S31520005DE078607B681B6C18460C37BD4680BC7047B4
S31520005DF080B483B000AF78600B467B807B681B8BBA
S31520005E009BB223F00C039AB27B681A837B681B8BA8
S31520005E109AB27B8813439AB27B681A8300BF0C37E9
S31520005E20BD4680BC704780B483B000AF78600B4617
S31520005E307B807B681B8B9BB223F440639AB27B6882
S31520005E401A837B681B8B9AB27B881B029BB21343F7
S31520005E509AB27B681A8300BF0C37BD4680BC704758
S31520005E6080B483B000AF78600B467B807B689B8BC9
S31520005E709BB223F00C039AB27B689A837B689B8B38
S31520005E809AB27B8813439AB27B689A8300BF0C37F9
S31520005E90BD4680BC704780B483B000AF78600B46A7
S31520005EA07B807B689B8B9BB223F440639AB27B6892
S31520005EB09A837B689B8B9AB27B881B029BB2134387
S31520005EC09AB27B689A8300BF0C37BD4680BC704768
S31520005ED080B483B000AF786039603B681A883B682D
S31520005EE05B8813439AB23B689B8813439AB23B68FC
S31520005EF0DB8813439AB23B681B8913439AB23B68EB
S31520005F005B8913439AB23B689B8913439AB27B6899
S31520005F10A3F8442000BF0C37BD4680BC704780B430
S31520005F2083B000AF78607B6800221A807B680022ED
S31520005F305A807B6800229A807B680022DA807B6800
S31520005F4000221A817B6800225A817B6800229A816E
S31520005F5000BF0C37BD4680BC704780B483B000AF0D
S31520005F6078600B46FB70FB78002B0CD07B68B3F86F
S31520005F7044309BB26FEA43436FEA53439AB27B683D
S31520005F80A3F8442009E07B68B3F844309BB2C3F3FE
S31520005F900E039AB27B68A3F8442000BF0C37BD4697
S31520005FA080BC704780B483B000AF78600B46FB702E
S31520005FB0FB78002B08D07B689B889BB243F00403B8
S31520005FC09AB27B689A8007E07B689B889BB223F015
S31520005FD004039AB27B689A8000BF0C37BD4680BC0A
S31520005FE0704780B483B000AF78600B46FB70FB78B7
S31520005FF0002B08D07B689B889BB243F001039AB2A2
S315200060007B689A8007E07B689B889BB223F001031C
S315200060109AB27B689A8000BF0C37BD4680BC704719
S3152000602080B483B000AF78600B467B8013467B70CC
S315200060307B78002B08D07B689B899AB27B88134398
S315200060409AB27B689A8109E07B689B899AB27B88A1
S31520006050DB439BB213409AB27B689A8100BF0C3710
S31520006060BD4680BC704780B483B000AF78600B46D5
S315200060707B807B687A889A8200BF0C37BD4680BCBD
S31520006080704780B485B000AF78600B467B800023D4
S31520006090FB737B681B8A9AB27B8813409BB2002BCA
S315200060A002D00123FB7301E00023FB73FB7B184620
S315200060B01437BD4680BC704780B483B000AF78608B
S315200060C00B467B807B88DB439AB27B681A8200BFB3
S315200060D00C37BD4680BC704780B485B000AF786071
S315200060E00B467B800023FB730023BB8100237B812F
S315200060F07B681B8A9AB27B881340BB817B689B890D
S315200061009AB27B8813407B81BB89002B05D07B8983
S31520006110002B02D00123FB7301E00023FB73FB7BE2
S3152000612018461437BD4680BC704780B483B000AF94
S3152000613078600B467B807B88DB439AB27B681A8229
S3152000614000BF0C37BD4680BC704780B483B000AF1B
S3152000615078600B467B8013463B807A883B881343C6
S315200061609AB27B68A3F8482000BF0C37BD4680BC96
S31520006170704780B483B000AF78600B467B801346AF
S315200061807B707B78002B08D07B689B899AB27B88B2
S3152000619013439AB27B689A8109E07B689B899AB2FD
S315200061A07B88DB439BB213409AB27B689A8100BFFF
S315200061B00C37BD4680BC704780B483B000AF786092
S315200061C00B46FB70FB78002B08D07B689B889BB224
S315200061D043F008039AB27B689A8007E07B689B8825
S315200061E09BB223F008039AB27B689A8000BF0C37D3
S315200061F0BD4680BC704780B483B000AF78607B68B2
S315200062001B899BB223F007039AB27B681A8100BFD1
S315200062100C37BD4680BC704780B582B000AF786031
S315200062200B467B807B881946786800F088F87B6867
S315200062301B899BB243F007039AB27B681A8100BF81
S315200062400837BD4680BD80B584B000AFF8600846EB
S3152000625011461A4603467B810B463B811346FB803B
S315200062607B89602B06D1FB8839890122F86800F0EA
S31520006270B6F905E0FB8839890122F86800F06DF946
S315200062807B891946F86800F05AF8FB681B899BB28F
S3152000629043F007039AB2FB681A8100BF1037BD4648
S315200062A080BD80B586B000AFF860084611461A4614
S315200062B003467B810B463B811346FB800023FB82F2
S315200062C0FB883A897989F86800F0A5F8FB681B896C
S315200062D0FB82FB8A23F00703FB82FB8A43F007033A
S315200062E0FB82FB8A23F07003FB82FB8A43F0700358
S315200062F0FB82FB68FA8A1A8100BF1837BD4680BD2B
S3152000630080B584B000AFF860084611461A460346A9
S315200063107B810B463B811346FB80FB883A89798932
S31520006320F86800F078F8FB681B899BB243F4804339
S315200063309AB2FB681A8100BF1037BD4680BD80B473
S3152000634085B000AF78600B467B800023FB817B689D
S315200063501B89FB81FB8923F07003FB81FA897B88EB
S315200063601343FB817B68FA891A8100BF1437BD4627
S3152000637080BC704780B483B000AF78600B467B80CA
S315200063807B689B889BB223F070039AB27B689A80C5
S315200063907B689B889AB27B8813439AB27B689A80E3
S315200063A000BF0C37BD4680BC704780B483B000AFB9
S315200063B078600B467B807B681B899BB223F00703A2
S315200063C09AB27B681A817B681B899AB27B881343B1
S315200063D09AB27B681A8100BF0C37BD4680BC7047D5
S315200063E080B483B000AF78600B467B807B681B89C6
S315200063F09BB223F080039AB27B681A817B681B8943
S315200064009AB27B8813439AB27B681A8100BF0C37F5
S31520006410BD4680BC704780B487B000AFF8600846A0
S3152000642011461A4603467B810B463B811346FB8069
S315200064300023FB82FB681B89FB82FB8ADBB2FB8283
S31520006440FB881B029AB23B8913439AB27B8913437A
S315200064509AB2FB8A1343FB82FB68FA8A1A8100BF31
S315200064601C37BD4680BC704780B487B000AFF8604B
S31520006470084611461A4603467B810B463B81134646
S31520006480FB800023FB820023BB8200237B82FB68E8
S315200064901B89FB82FB681B8BBB82FB681B8C7B8268
S315200064A0FB8A23F00703FB82FA8A7B891343FB824C
S315200064B0BB8A23F4407323F00303BB82BB8A43F4D5
S315200064C0807343F00103BB827B8A23F022037B8205
S315200064D0FB881B019AB23B8913439AB27B8A1343EA
S315200064E07B82FB68FA8A1A81FB68BA8A1A83FB6860
S315200064F07A8A1A8400BF1C37BD4680BC704780B498
S3152000650083B000AF78600B46FB70FB78002B08D079
S315200065107B689B889BB243F080039AB27B689A8003
S3152000652007E07B689B889BB223F080039AB27B6846
S315200065309A8000BF0C37BD4680BC704780B483B0BC
S3152000654000AF78600B467B807B687A88A3F8502062
S3152000655000BF0C37BD4680BC704780B487B000AF03
S31520006560F860084611461A4603467B810B463B8156
S315200065701346FB800023FB820023BB82FB681B8C17
S315200065809BB223F001039AB2FB681A84FB681B8B2B
S31520006590FB82FB681B8CBB82FB8A23F0F303FB8206
S315200065A0FB881B019AB23B8913439AB2FB8A134399
S315200065B0FB82BB8A23F00A03BB827A89BB8A1343F8
S315200065C09BB243F00103BB82FB68FA8A1A83FB68FD
S315200065D0BA8A1A8400BF1C37BD4680BC704780B477
S315200065E087B000AFF860084611461A4603467B81FD
S315200065F00B463B811346FB800023FB820023BB8294
S3152000660000237B82FB681B8C9BB223F010039AB27B
S31520006610FB681A84FB681B8BFB82FB681B8CBB8286
S315200066207B891B017B82FB8A23F440731B051B0D90
S31520006630FB82FB881B039AB2FB8A1343FB823B89AE
S315200066401B029AB2FB8A1343FB82BB8A23F0A00368
S31520006650BB827A8ABB8A13439BB243F01003BB8268
S31520006660FB68FA8A1A83FB68BA8A1A8400BF1C3729
S31520006670BD4680BC704780B487B000AFF86008463E
S3152000668011461A4603467B810B463B811346FB8007
S315200066900023FB820023BB8200237B82FB681B8CAA
S315200066A09BB223F480739AB2FB681A84FB689B8B97
S315200066B0FB82FB681B8CBB827B891B027B82FB8A4D
S315200066C023F0F303FB82FB881B019AB23B89134319
S315200066D09AB2FB8A1343FB82BB8A23F42063BB82D4
S315200066E07A8ABB8A13439BB243F48073BB82FB68CE
S315200066F0FA8A9A83FB68BA8A1A8400BF1C37BD4679
S3152000670080BC704780B487B000AFF8600846114659
S315200067101A4603467B810B463B811346FB800023AA
S31520006720FB820023BB8200237B82FB681B8C9BB2EF
S3152000673023F480539AB2FB681A84FB689B8BFB82F6
S31520006740FB681B8CBB827B891B037B82FB8A23F421
S3152000675040731B051B0DFB823B891B029AB2FB8AE9
S315200067601343FB82FB881B039AB2FB8A1343FB82EB
S31520006770BB8A23F400535B045B0CBB827A8ABB8AF8
S3152000678013439BB243F48053BB82FB68FA8A9A83F5
S31520006790FB68BA8A1A8400BF1C37BD4680BC704786
S315200067A080B582B000AF78607B683B4A934208D1BF
S315200067B001211020FEF74CF800211020FEF748F8A2
S315200067C065E07B68354A93420AD101214FF40030B7
S315200067D0FEF720F800214FF40030FEF71BF856E0B4
S315200067E07B682F4A93420AD101214FF48020FEF77D
S315200067F011F800214FF48020FEF70CF847E07B6863
S31520006800284A93420AD101214FF40020FEF702F8CC
S3152000681000214FF40020FDF7FDFF38E07B68224A77
S3152000682093420AD101214FF48010FDF7F3FF002196
S315200068304FF48010FDF7EEFF29E07B681B4A934258
S3152000684008D101212020FEF703F800212020FDF7A2
S31520006850FFFF1CE07B68164A93420AD101214FF0C4
S315200068608040FDF7D7FF00214FF08040FDF7D2FF93
S315200068700DE07B680F4A934209D101214FF0004079
S31520006880FDF7C8FF00214FF00040FDF7C3FF00BF12
S315200068900837BD4680BD00BF0010014000440040BF
S315200068A000480040004C00400050004000140140C9
S315200068B000780040007C004080B58AB000AF786048
S315200068C0396000237B6200233B620023FB610023A7
S315200068D0BB617B681B8A9BB27B627B6A23F4405335
S315200068E07B623B68DB881A467B6A13437B627B6A42
S315200068F09AB27B681A827B689B899BB27B627B6A91
S3152000690023F4B05323F00C037B623B689A883B68E0
S315200069101B8913439AB23B685B8913439BB21A4681
S315200069207B6A13437B627B6A9AB27B689A817B6817
S315200069309B8A9BB27B627B6A23F440737B623B68B3
S315200069409B891A467B6A13437B627B6A9AB27B6871
S315200069509A8207F108031846FDF7BCFC7B68304A8B
S31520006960934203D07B682F4A934202D17B693B62D4
S3152000697001E03B693B627B689B899BB21BB2002B83
S315200069800CDA3A6A13469B0013449A001A443B6871
S315200069901B685B00B2FBF3F3FB610BE03A6A13461C
S315200069A09B0013449A001A443B681B689B00B2FB69
S315200069B0F3F3FB61FB691C4AA2FB03235B091B0162
S315200069C07B627B6A1B09642202FB03F3FA69D31AF2
S315200069D0BB617B689B899BB21BB2002B0CDABB691F
S315200069E0DB003233104AA2FB03235B0903F00703C3
S315200069F07A6A13437B620BE0BB691B0132330A4A76
S31520006A00A2FB03235B0903F00F037A6A13437B621D
S31520006A107B6A9AB27B681A8100BF2837BD4680BD43
S31520006A2000100140001401401F85EB5180B483B053
S31520006A3000AF78607B684FF416521A607B6800229C
S31520006A409A807B680022DA807B6800221A817B6824
S31520006A500C225A817B6800229A8100BF0C37BD46E2
S31520006A6080BC704780B485B000AF78603960002361
S31520006A70FB607B681B8A9BB2FB60FB6823F4706318
S31520006A80FB603B681A883B685B8813439AB23B6875
S31520006A909B8813439AB23B68DB8813439BB21A4602
S31520006AA0FB681343FB60FB689AB27B681A8200BFBF
S31520006AB01437BD4680BC704780B483B000AF786081
S31520006AC07B6800221A807B6800225A807B6800221D
S31520006AD09A807B680022DA8000BF0C37BD4680BCD6
S31520006AE0704780B483B000AF78600B46FB70FB78AC
S31520006AF0002B08D07B689B899BB243F400539AB243
S31520006B007B689A8107E07B689B899BB223F40053BC
S31520006B109AB27B689A8100BF0C37BD4680BC70470D
S31520006B2080B483B000AF78600B46FB707B681B8B0C
S31520006B309BB223F0FF039AB27B681A837B681B8B78
S31520006B409AB2FB789BB213439AB27B681A8300BF32
S31520006B500C37BD4680BC704780B483B000AF7860E8
S31520006B600B46FB70FB78002B0AD07B689B899BB277
S31520006B706FEA43436FEA53439AB27B689A8107E0F0
S31520006B807B689B899BB2C3F30E039AB27B689A817A
S31520006B9000BF0C37BD4680BC704780B483B000AFC1
S31520006BA078600B46FB70FB78002B08D07B689B8AAD
S31520006BB09BB243F400639AB27B689A8207E07B68B3
S31520006BC09B8A9BB223F400639AB27B689A8200BFA9
S31520006BD00C37BD4680BC704780B483B000AF786068
S31520006BE00B467B807B88C3F308039AB27B689A8026
S31520006BF000BF0C37BD4680BC704780B483B000AF61
S31520006C0078607B689B889BB2C3F308039BB21846C7
S31520006C100C37BD4680BC704780B483B000AF786027
S31520006C200B46FB707B681B8A9BB223F00F039AB23C
S31520006C307B681A827B681B8A9AB2FB789BB21343C5
S31520006C409AB27B681A8200BF0C37BD4680BC70475B
S31520006C5080B483B000AF78600B46FB70FB78002BC6
S31520006C6008D07B689B899BB243F002039AB27B686B
S31520006C709A8107E07B689B899BB223F002039AB234
S31520006C807B689A8100BF0C37BD4680BC704780B4B4
S31520006C9083B000AF78600B467B807B689B899BB274
S31520006CA023F400639AB27B689A817B689B899AB2A7
S31520006CB07B8813439AB27B689A8100BF0C37BD4606
S31520006CC080BC704780B483B000AF78600B467B8071
S31520006CD07B681B8A9BB223F020039AB27B681A82B8
S31520006CE07B681B8A9AB27B8813439AB27B681A8286
S31520006CF000BF0C37BD4680BC704780B483B000AF60
S31520006D0078600B46FB70FB78002B08D07B681B8ACB
S31520006D109BB243F480439AB27B681A8207E07B6871
S31520006D201B8A9BB223F480439AB27B681A8200BFE7
S31520006D300C37BD4680BC704780B483B000AF786006
S31520006D407B689B899BB243F001039AB27B689A8148
S31520006D5000BF0C37BD4680BC704780B483B000AFFF
S31520006D6078600B46FB70FB78002B08D07B689B8AEB
S31520006D709BB243F008039AB27B689A8207E07B684D
S31520006D809B8A9BB223F008039AB27B689A8200BF43
S31520006D900C37BD4680BC704780B483B000AF7860A6
S31520006DA00B46FB707B681B8B9BB2DBB29AB27B686F
S31520006DB01A837B681B8B9AB2FB789BB21B029BB211
S31520006DC013439AB27B681A8300BF0C37BD4680BC3A
S31520006DD0704780B483B000AF78600B46FB70FB78B9
S31520006DE0002B08D07B689B8A9BB243F020039AB283
S31520006DF07B689A8207E07B689B8A9BB223F02003FC
S31520006E009AB27B689A8200BF0C37BD4680BC704719
S31520006E1080B483B000AF78600B46FB70FB78002B04
S31520006E2008D07B689B8A9BB243F010039AB27B689A
S31520006E309A8207E07B689B8A9BB223F010039AB262
S31520006E407B689A8200BF0C37BD4680BC704780B4F1
S31520006E5083B000AF78600B467B807B689B8A9BB2B1
S31520006E6023F004039AB27B689A827B689B8A9AB243
S31520006E707B8813439AB27B689A8200BF0C37BD4643
S31520006E8080BC704780B483B000AF78600B46FB703F
S31520006E90FB78002B08D07B689B8A9BB243F00203C9
S31520006EA09AB27B689A8207E07B689B8A9BB223F022
S31520006EB002039AB27B689A8200BF0C37BD4680BC1B
S31520006EC0704780B483B000AF78600B467B80134652
S31520006ED07B707B78002B08D07B689B8A9AB27B8854
S31520006EE013439AB27B689A8209E07B689B8A9AB29E
S31520006EF07B88DB439BB213409AB27B689A8200BFA1
S31520006F000C37BD4680BC704780B487B000AF786030
S31520006F100B467B8013467B7000233B610023FB607E
S31520006F200023BB6000237B617B687B617B88DBB2AF
S31520006F305B09DBB23B617B8803F01F03FB60012208
S31520006F40FB6802FA03F3BB603B69012B03D17B6923
S31520006F500C337B6109E03B69022B03D17B6910333B
S31520006F607B6102E07B6914337B617B78002B06D042
S31520006F707B6919687B69BA680A431A6006E07B69EF
S31520006F801968BB68DA437B690A401A6000BF1C3760
S31520006F90BD4680BC704780B485B000AF78600B4694
S31520006FA07B800023FB737B681B889AB27B88134007
S31520006FB09BB2002B02D00123FB7301E00023FB735D
S31520006FC0FB7B18461437BD4680BC704780B483B01F
S31520006FD000AF78600B467B807B88DB439AB27B6868
S31520006FE01A8000BF0C37BD4680BC704780B487B07E
S31520006FF000AF78600B467B800023FB6000237B611B
S315200070000023BB600023FB747B88DBB25B09DBB209
S31520007010BB607B8803F01F037B6101227B6902FA38
S3152000702003F37B61BB68012B07D17B689B899BB2ED
S315200070301A467B6913407B6111E0BB68022B07D19E
S315200070407B681B8A9BB21A467B6913407B6106E0EC
S315200070507B689B8A9BB21A467B6913407B617B883F
S315200070601B0A9BB2FB600122FB6802FA03F3FB605A
S315200070707B681B889BB21A46FB681340FB607B69C2
S31520007080002B05D0FB68002B02D00123FB7401E006
S315200070900023FB74FB7C18461C37BD4680BC70471A
S315200070A080B485B000AF78600B467B800023FB81DF
S315200070B00023BB817B881B0AFB81FB89012202FA04
S315200070C003F3BB81BB89DB439AB27B681A8000BF7E
S315200070D01437BD4680BC7047000000000000000049
S315200070E001F0FF01102A2BDB10F0070F08D010F853
S315200070F0013B013A8B422DD010F0070F42B3F6D157
S31520007100F0B441EA012141EA014122F007047FF06F
S3152000711000070023F0E80256083C85EA010586EAC6
S31520007120010685FA47F5A3FA87F586FA47F6A5FA02
S3152000713087F68EB9EED1F0BC01F0FF0102F007020E
S3152000714032B110F8013B013A83EA010313B1F8D1B9
S315200071500020704701387047002D06BF354603389A
S31520007160073815F0010F07D1013015F4807F02BFD3
S31520007170013015F4C03F0130F0BC0138704700BF24
S315200071800A22002100F0C6B80A23002200F0B6B871
S3152000719030B51446002C9BB005461A4605DA8B23DB
S315200071A003604FF0FF301BB030BD4FF40273ADF8D3
S315200071B00C304FF00003199314BF04F1FF3323461C
S315200071C0029305934FF6FF7300910491ADF80E30AC
S315200071D069461E9B00F088F9431CBCBF8B232B609D
S315200071E0002CE0D0009B00221A70DCE707B5009344
S315200071F013460A46014603480068FFF7C9FF03B055
S315200072005DF804FB74960020242B2DE9F047864672
S31520007210904601D8012B06D100F086F8162303608C
S315200072200020BDE8F08734480D462A4615F8014B64
S31520007230065D16F00806F8D12D2C10D12C780126E3
S31520007240951C33F0100215D1302C0DD12A7802F07E
S31520007250DF02582A08D16C78023510230AE02B2C3D
S3152000726004BF2C78951CECE7002BF6D1302C14BFEC
S315200072700A23082306F1004C0CF1FF3C0022BCFB3C
S31520007280F3F9104603FB19CAA4F13007092F0FD8CA
S315200072903C46A3421BDD571C07D0814514D301D1A0
S315200072A0A24511DB00FB0340012215F8014BEBE759
S315200072B0A4F14107192F01D8373CEAE7A4F1610769
S315200072C0192F04D8573CE4E74FF0FF32EDE7531C63
S315200072D008D12223CEF800306046B8F1000FA0D0A6
S315200072E0691E06E006B14042B8F1000F99D0002A87
S315200072F0F6D1C8F8001094E7FD7F0020FFF784BF81
S3152000730013460A46014602480068FFF77DBF00BFC4
S315200073107496002013460A46014602480068FFF785
S3152000732073BF00BF74960020014B1868704700BFDA
S31520007330749600202DE9F0478E681F46BE4282468D
S315200073400C469046334653D8B1F90C0010F4906F92
S315200073502BD065692368096905EB4505A3EB01096F
S3152000736005EBD5757B1C6D104B44AB422A4684BF7A
S315200073701D462A46430527D51146504600F0D2F928
S31520007380064658B321694A4600F0A8FCA38923F48F
S31520007390906343F08003A381266165614E44A5EB8B
S315200073A009052660A5603E463B461F4620683A46AC
S315200073B0414600F0FFFBA3689B1BA36023683B4468
S315200073C023600020BDE8F087504600F0C5FB064646
S315200073D00028E1D12169504600F08EFC0C23CAF822
S315200073E00030A38943F04003A3814FF0FF30E9E743
S315200073F03E46DBE793682DE9F74F80460C46174655
S31520007400002B53D0D2F800A0DAF804B0DAF8003016
S3152000741001930AF1080ABBF1000FF5D0A668B3451F
S3152000742035465FD3B4F90C0010F4906F2DD0226846
S3152000743021696569A2EB010905EB450505EBD575C3
S3152000744009F101066D105E44AE422A4684BF3546D8
S315200074502A46430530D51146404600F063F90646D4
S31520007460002833D04A46216900F038FCA28922F44C
S31520007470906242F08002A281266165614E44A5EBAE
S3152000748009052660A5605E465D462A460199206864
S3152000749000F090FBA268921BA26022682A44226018
S315200074A0BA68A2EB0B03BB60002BADD100200023F2
S315200074B07B6003B0BDE8F08F404600F04DFB0646EA
S315200074C00028D9D12169404600F016FC0C23C8F8C3
S315200074D00030A38943F04003A3810023BB604FF013
S315200074E0FF30E4E75E46CFE72DE9F04F98468B89DB
S315200074F01B069DB007460D46144610D50B6973B979
S31520007500402100F00FF92860286130B90C233B6038
S315200075104FF0FF301DB0BDE8F08F40236B61002394
S31520007520099320238DF82930CDF80C803023DFF8FD
S315200075309C818DF82A304FF0010923469A4613F88C
S31520007540012B0AB1252AF9D1BAEB040B0BD05B46E5
S31520007550224629463846FFF7EDFE013000F0A78087
S31520007560099A5A4409929AF80030002B00F09F801D
S3152000757000234FF0FF32CDE905230AF1010A0493D7
S3152000758007938DF853301A935446052214F8011B9D
S315200075904E48FFF7A5FD049AD8B9D00644BF20234C
S315200075A08DF85330110744BF2B238DF853309AF8AA
S315200075B000302A2B15D0079A544600204FF00A0C8B
S315200075C0214611F8013B303B092B4BD9B0B107922C
S315200075D014E0A0EB080309FA03F313430493A2462D
S315200075E0D2E7039B191D1B680391002BBBBF5B428F
S315200075F042F0020207930793B8BF049223782E2BFA
S315200076000AD163782A2B32D1039B1A1D1B68039259
S3152000761043EAE37302340593DFF8C0A021780322FE
S315200076205046FFF75DFD38B1049BA0EB0A004022CF
S31520007630824013430134049314F8011B24488DF827
S3152000764028100622FFF74CFD002836D0214B1BBB05
S31520007650039B073323F0070308330393099B334423
S3152000766009936AE70CFB02320C460120A8E70023A7
S315200076700134059319464FF00A0C204610F8012BC9
S31520007680303A092A03D9002BC6D00591C4E70CFB52
S31520007690012104460123F0E703AB00932A460E4B53
S315200076A004A93846AFF30080421C0646D6D1AB89E2
S315200076B05B063FF52DAF09982CE703AB00932A46CE
S315200076C0054B04A9384600F01BF9EDE7FD800020A4
S315200076D00781002000000000357300200381002070
S315200076E070B50F4E0C463168054611B900F07CFA8C
S315200076F030602146284600F077FA431C03D14FF02C
S31520007700FF34204670BDC41C24F00304A042F8D0E8
S31520007710211A284600F068FA0130F2D1EFE700BFBF
S31520007720702301202DE9F843CD1C25F003050835EB
S315200077300C2D38BF0C25002D064601DBA94204D9A5
S315200077400C2333600020BDE8F883DFF8D48000F0F6
S31520007750F7F9D8F800301C4644BB29463046FFF7D7
S31520007760BFFF431C044658D1D8F800402746002FB7
S3152000777043D1002C4BD023683946304604EB03090D
S3152000778000F032FA814542D121686D1A29463046E9
S31520007790FFF7A6FF01303AD023682B442360D8F8A0
S315200077A000305A6862BBC8F800700FE02268521B8E
S315200077B020D40B2A17D96119A342256018BF596016
S315200077C0636808BFC8F8001062514B60304600F06D
S315200077D0BDF904F10B00231D20F00700C21A1CBFBF
S315200077E01B1AA350AFE76268A3420CBFC8F800205B
S315200077F05A60EBE723466468AEE73C467F68B6E707
S315200078001A465B68A342FBD100235360DEE70C23B4
S315200078103360304600F09AF994E70560D6E700BF5A
S31520007820742301202DE9F047164698468A680B698D
S31520007830DDF820909342B8BF1346336091F8432079
S3152000784007460C460AB1013333602368990642BFC6
S31520007850336802333360256815F0060506D104F136
S31520007860190AE36832689B1AAB4226DC94F8433047
S315200078702268003B18BF012392062BD404F1430251
S3152000788041463846C84701301ED02368226903F096
S315200078900603042B02BFE5683368ED1AA3680CBF04
S315200078A025EAE57500259342C4BF9B1AED180026EC
S315200078B01A34B5421AD1002008E001235246414627
S315200078C03846C847013003D14FF0FF30BDE8F08776
S315200078D00135C6E7E1185A1C302081F843002244BE
S315200078E094F8451082F843100233C7E70123224655
S315200078F041463846C8470130E6D00136D9E7000070
S315200079002DE9FF470F7E0C9E782F914680460C4628
S315200079109A4601F1430207D8622F0AD8002F00F0B9
S31520007920D280582F00F0B78004F1420684F84270C6
S315200079303AE0A7F16303152BF6D801A151F823F0FD
S3152000794099790020AD790020297900202979002015
S315200079502979002029790020AD7900202979002075
S31520007960297900202979002029790020AD7A002064
S31520007970D7790020637A00202979002029790020F0
S31520007980CF7A002029790020D77900202979002074
S31520007990297900206B7A002033681A1D1B68326013
S315200079A004F1420684F8423001239DE033682068C2
S315200079B0191D3160060601D51D6803E04506FBD575
S315200079C0B3F90050002D03DA2D236D4284F843309D
S315200079D059480A2310E021683368080653F8045BE7
S315200079E002D4490648BFADB26F2F5348336059D1F0
S315200079F00823002184F843106668A660002E05DB64
S31520007A0021682E4321F0040121604DD01646B5FB96
S31520007A10F3F103FB1157C75D06F8017D2F46BB42E4
S31520007A200D46F4D9082B0BD12368DF0708D5236927
S31520007A3061689942DEBF302306F8013C06F1FF3625
S31520007A40921B2261CDF800A04B4603AA2146404650
S31520007A50FFF7E8FE01304CD14FF0FF3004B0BDE80F
S31520007A60F087236843F0200323603448782784F87E
S31520007A704570236831681F0651F8045B02D45F06FF
S31520007A8048BFADB23160D90744BF43F0200323601D
S31520007A901DB11023ADE72848E9E7236823F020032A
S31520007AA02360F6E70A23A4E71646BBE73368256872
S31520007AB06169181D30602E061B6801D5196002E029
S31520007AC06806FBD51980002323611646BAE733687A
S31520007AD01A1D32601E68626800213046FFF700FBDF
S31520007AE008B1801B606063682361002384F84330FB
S31520007AF0A8E72369324649464046D0470130ABD0F5
S31520007B0023689B0713D4E068039B9842B8BF1846A6
S31520007B10A4E70123324649464046D04701309BD050
S31520007B200135E36803995B1AAB42F2DCEBE70025EB
S31520007B3004F11906F5E700BF0E8100201F81002001
S31520007B40014800F066B800BF7C230120014800F000
S31520007B5066B800BF7C2301202DE9F0410746144674
S31520007B600D4621B9BDE8F0411146FFF7DBBD2AB924
S31520007B7000F0C2F825462846BDE8F08100F006F957
S31520007B808442064602D8B4EB500FF4D82146384634
S31520007B90FFF7C8FD804608B94546ECE7B4422246C1
S31520007BA0294628BF324600F099F82946384600F083
S31520007BB0A3F8F1E7884210B501EB020402D984420A
S31520007BC0234607D8431EA14207D011F8012B03F8FC
S31520007BD0012FF8E70244824200D110BD13F8011D9F
S31520007BE002F8011DF7E7000038B5064D00230446CC
S31520007BF008462B60F8F7BAFE431C02D12B6803B166
S31520007C00236038BD80230120704770477047704736
S31520007C1070477047012070470120704770477047B2
S31520007C202D4B1B68834270B5044653D0C3691BB3E2
S31520007C30DB6863B10025E369DB685959B1B90435BE
S31520007C40802DF8D1E3692046D96800F055F8E3691C
S31520007C50196811B1204600F04FF8E3699D685DB1BF
S31520007C60294620462D6800F047F8F8E70E6820469A
S31520007C7000F042F83146E1E7616911B1204600F093
S31520007C803BF8E16911B1204600F036F8216B11B1BD
S31520007C90204600F031F8616B11B1204600F02CF837
S31520007CA0A16B11B1204600F027F8A16C11B1204636
S31520007CB000F022F8616C11B1204600F01DF8E16A4F
S31520007CC011B1204600F018F8236A1BB12046BDE802
S31520007CD07040184770BD00BF749600200A44914238
S31520007CE000F1FF3300D1704710B511F8014B03F8AE
S31520007CF0014F9142F9D110BD38B50546002941D032
S31520007D0051F8043C0C1F002BB8BFE418FFF718FFEE
S31520007D101D4A136833B9636014602846BDE83840AD
S31520007D20FFF714BFA34208D9206821188B4201BF50
S31520007D3019685B6809182160EDE71A465B680BB184
S31520007D40A342FAD911685018A0420BD120680144E9
S31520007D50501883421160E0D118685B68536008446C
S31520007D601060DAE702D90C232B60D6E720682118A9
S31520007D708B4204BF19685B68636004BF09182160E1
S31520007D805460CAE738BD00BF7423012051F8043C73
S31520007D90181F002BBCBF0B58C018704743616E20BC
S31520007DA06D73672072656365697665643A200000A5
S31520007DB04B65793A2025640A0000000025642000DE
S31520007DC00A00000048656C6C6F2C2068656C6C6F2F
S31520007DD02E2E2E0A000000004D696E3A2025642CB6
S31520007DE0204D61783A2025640A0000006B3D302042
S31520007DF02D3E2025640A00006261636B67726F75F1
S31520007E006E64206C6F6F702072616E67653A2025F4
S31520007E10640A00004261636B67726F756E64206C42
S31520007E206F6F7020746F67676C6564204F4E0A0011
S31520007E304261636B67726F756E64206C6F6F702022
S31520007E40746F67676C6564204F46460A0000000021
S31520007E50456E746572656420696E74656765723AED
S31520007E602025640A0000000073756D3A2025640AF7
S31520007E70000000006D656469616E3A2025640A0081
S31520007E8074686520332D686973746F727920686110
S31520007E9073206265656E206572617365640A0000F1
S31520007EA0766F6C756D653A2025640A006D7574656C
S31520007EB0643A2025640A00004E4F54453A205F73E9
S31520007EC062726B20696E20757365210A0D000000B1
S31520007ED050414E494321212120000000456D7074F8
S31520007EE07920717565756500456D70747920706FA0
S31520007EF06F6C00000A0D000054696E7954696D623A
S31520007F006572200076322E303661312028323032AA
S31520007F10312D30332D31312900000000446576693A
S31520007F20636520495251206E6F7420737570706F8F
S31520007F3072746564202E2E2E000000000A0D434127
S31520007F404E20233120496E6974206661696C656410
S31520007F50210A0D0043414E20233220496E697420A8
S31520007F606661696C6564210A0D0000000A0D537470
S31520007F7072616E67653A204E6F7420612043414ED0
S31520007F80202331204649464F3020495251210A0D9F
S31520007F90000000000A0D537472616E67653A204333
S31520007FA0414E202331204649464F302046756C6C81
S31520007FB0210A0D0043414E2054784275662066758D
S31520007FC06C6C210A0D0000000A0D537472616E67F5
S31520007FD0653A204E6F742061204750494F422062F7
S31520007FE069743720495251210A0D00000000000013
S31520007FF001020304010203040607080900202020C9
S315200080002020202020202828282828202020202022
S3152000801020202020202020202020202020881010F2
S31520008020101010101010101010101010100404044E
S31520008030040404040404041010101010101041410C
S3152000804041414141010101010101010101010101FA
S31520008050010101010101010110101010101042420E
S3152000806042424242020202020202020202020202CA
S31520008070020202020202020210101010200000006A
S3152000808000000000000000000000000000000000CA
S3152000809000000000000000000000000000000000BA
S315200080A000000000000000000000000000000000AA
S315200080B0000000000000000000000000000000009A
S315200080C0000000000000000000000000000000008A
S315200080D0000000000000000000000000000000007A
S315200080E0000000000000000000000000000000006A
S315200080F000000000000000000000000000232D30DA
S315200081002B2000686C4C0065666745464700303179
S3152000811032333435363738394142434445460030C8
S3152000812031323334353637383961626364656600F7
S30D20008130B0EFFF7F0100000003
S315200090000000000002000000040000000000000034
S315200090100000000002000000040000000000000024
S315200090200400000005000000070000000400000006
S3152000903005000000070000000700000009000000EE
S3152000904007000000050000000400000000000000EA
S3152000905007000000090000000700000005000000CE
S31520009060040000000000000000000000FBFFFFFFDE
S315200090700000000000000000FBFFFFFF00000000D2
S31520009080E8070000770700000B070000A60600008F
S3152000909047060000EC050000970500004705000084
S315200090A0FB040000B304000070040000300400003C
S315200090B0F4030000BB0300008503000053030000F7
S315200090C023030000F6020000CB020000A3020000EA
S315200090D07D0200005902000038020000180200003C
S315200090E0FA0100000000000000000000D204000089
S315200090F0000000000000000000000000000000004A
S315200091000000000000000000000000000000000039
S315200091100000000000000000000000000000000029
S315200091200500000000000000000000000064004070
S31520009130E49000201D000020000000000000000038
S3152000914000000000000000000000000000000000F9
S3152000915000000000000000000000000000000000E9
S3152000916000000000000000000000000000000000D9
S3152000917000000000000000000000000000000000C9
S3152000918000000000000000000000000000000000B9
S3152000919000000000000000000000000000000000A9
S315200091A00000000000100140E4900020AF030020E2
S315200091B00000000000000000000000000000000089
S315200091C00000000000000000000000000000000079
S315200091D00000000000000000000000000000000069
S315200091E00000000000000000000000000000000059
S315200091F00000000000000000000000000000000049
S315200092000000000000000000000000000000000038
S315200092100000000000000000000000000000000028
S315200092200000000000000000000000000000000018
S315200092300000000000000000000000000000000008
S3152000924000000000000000000000000000000000F8
S3152000925000000000000000000000000000000000E8
S3152000926000000000000000000000000000000000D8
S3152000927000000000000000000000000000000000C8
S3152000928000000000000000000000000000000000B8
S3152000929000000000000000000000000000000000A8
S315200092A00000000000000000000000000000000098
S315200092B00000000000000000000000000000000088
S315200092C00000000000000000000000000000000078
S315200092D00000000000000000000000000000000068
S315200092E00000000000000000000000000000000058
S315200092F00000000000000000000000000000000048
S315200093000000000000000000000000000000000037
S315200093100000000000000000000000000000000027
S315200093200000000000000000000000000000000017
S315200093300000000000000000000000000000000007
S3152000934000000000000000000000000000000000F7
S3152000935000000000000000000000000000000000E7
S3152000936000000000000000000000000000000000D7
S3152000937000000000000000000000000000000000C7
S3152000938000000000000000000000000000000000B7
S3152000939000000000000000000000000000000000A7
S315200093A00000000000000000000000000000000097
S315200093B00000000000000000000000000000000087
S315200093C00000000000000000000000000000000077
S315200093D00000000000000000000000000000000067
S315200093E00000000000000000000000000000000057
S315200093F00000000000000000000000000000000047
S315200094000000000000000000000000000000000036
S315200094100000000000000000000000000000000026
S315200094200000000000000000000000000000000016
S315200094300000000000000000000000000000000006
S3152000944000000000000000000000000000000000F6
S3152000945000000000000000000000000000000000E6
S3152000946000000000000000000000000000000000D6
S3152000947000000000000000000000000000000000C6
S3152000948000000000000000000000000000000000B6
S3152000949000000000000000000000000000000000A6
S315200094A00000000000000000000000000000000096
S315200094B00000000000000000000000000000000086
S315200094C00000000000000000000000000000000076
S315200094D00000000000000000000000000000000066
S315200094E00000000000000000000000000000000056
S315200094F00000000000000000000000000000000046
S315200095000000000000000000000000000000000035
S315200095100000000000000000000000000000000025
S315200095200000000000000000000000000000000015
S315200095300000000000000000000000000000000005
S3152000954000000000000000000000000000000000F5
S3152000955000000000000000000000000000000000E5
S3152000956000000000000000000000000000000000D5
S3152000957000000000000000000000000000000000C5
S3152000958000000000000000000000000000000000B5
S3152000959000000000000000000000000000000000A5
S315200095A00000000000000000000000000000000095
S315200095B00000000000000000000000000000000085
S315200095C000000000E80300000000000030313233C4
S315200095D03435363738394142434445460000000089
S315200095E004A00020D4A20020282301202823012023
S315200095F0535643616C6C20657863657074696F6E31
S315200096000050656E64535620657863657074696F83
S315200096106E002C204558435F52455455524E203DEE
S315200096202000202063757272656E742074687265DE
S3152000963061643A204944203D20002C205350203D8F
S3152000964020002C202A5350203D200020206E6578B3
S3152000965074207468726561643A204944203D200074
S315200096602C205350203D20002C202A5350203D20D2
S31520009670000A0D007896002000000000000000007F
S3152000968068000000D000000000000000000000007C
S3152000969000000000000000000000000000000000A4
S315200096A00000000000000000000000000000000094
S315200096B00000000000000000000000000000000084
S309200096C00000000080
S70520000000DA
