
build/REALTIDSSYSTEM2.elf:     file format elf32-littlearm


Disassembly of section .text:

20000000 <startup>:
20000000:	bf00      	nop
20000002:	f8df d014 	ldr.w	sp, [pc, #20]	@ 20000018 <startup+0x18>
20000006:	f002 f96f 	bl	200022e8 <Init>
2000000a:	f000 fb2b 	bl	20000664 <main>
2000000e:	f002 b97d 	b.w	2000230c <Exit>
20000012:	e7fe      	b.n	20000012 <startup+0x12>
20000014:	bf00      	nop
20000016:	0000      	.short	0x0000
20000018:	2001c000 	.word	0x2001c000

2000001c <receiver>:
extern Serial sci0;
extern Background background;
// int a = 0;

void receiver(App *self, int unused)
{
2000001c:	b580      	push	{r7, lr}
2000001e:	b086      	sub	sp, #24
20000020:	af00      	add	r7, sp, #0
20000022:	6078      	str	r0, [r7, #4]
20000024:	6039      	str	r1, [r7, #0]
  CANMsg msg;
  CAN_RECEIVE(&can0, &msg);
20000026:	f107 030c 	add.w	r3, r7, #12
2000002a:	461a      	mov	r2, r3
2000002c:	490a      	ldr	r1, [pc, #40]	@ (20000058 <receiver+0x3c>)
2000002e:	480b      	ldr	r0, [pc, #44]	@ (2000005c <receiver+0x40>)
20000030:	f001 f8b0 	bl	20001194 <sync>
  SCI_WRITE(&sci0, "Can msg received: ");
20000034:	4b0a      	ldr	r3, [pc, #40]	@ (20000060 <receiver+0x44>)
20000036:	461a      	mov	r2, r3
20000038:	490a      	ldr	r1, [pc, #40]	@ (20000064 <receiver+0x48>)
2000003a:	480b      	ldr	r0, [pc, #44]	@ (20000068 <receiver+0x4c>)
2000003c:	f001 f8aa 	bl	20001194 <sync>
  SCI_WRITE(&sci0, msg.buff);
20000040:	f107 030c 	add.w	r3, r7, #12
20000044:	3303      	adds	r3, #3
20000046:	461a      	mov	r2, r3
20000048:	4906      	ldr	r1, [pc, #24]	@ (20000064 <receiver+0x48>)
2000004a:	4807      	ldr	r0, [pc, #28]	@ (20000068 <receiver+0x4c>)
2000004c:	f001 f8a2 	bl	20001194 <sync>
}
20000050:	bf00      	nop
20000052:	3718      	adds	r7, #24
20000054:	46bd      	mov	sp, r7
20000056:	bd80      	pop	{r7, pc}
20000058:	2000196d 	.word	0x2000196d
2000005c:	20009124 	.word	0x20009124
20000060:	20007d9c 	.word	0x20007d9c
20000064:	20001c01 	.word	0x20001c01
20000068:	2000919c 	.word	0x2000919c

2000006c <find_min_max>:
  SCI_WRITE(&sci0, "\'\n");
}
*/

void find_min_max(int *min, int *max)
{
2000006c:	b480      	push	{r7}
2000006e:	b085      	sub	sp, #20
20000070:	af00      	add	r7, sp, #0
20000072:	6078      	str	r0, [r7, #4]
20000074:	6039      	str	r1, [r7, #0]
  *min = john[0];
20000076:	4b1a      	ldr	r3, [pc, #104]	@ (200000e0 <find_min_max+0x74>)
20000078:	681a      	ldr	r2, [r3, #0]
2000007a:	687b      	ldr	r3, [r7, #4]
2000007c:	601a      	str	r2, [r3, #0]
  *max = john[0];
2000007e:	4b18      	ldr	r3, [pc, #96]	@ (200000e0 <find_min_max+0x74>)
20000080:	681a      	ldr	r2, [r3, #0]
20000082:	683b      	ldr	r3, [r7, #0]
20000084:	601a      	str	r2, [r3, #0]
  for (int i = 1; i < 32; i++)
20000086:	2301      	movs	r3, #1
20000088:	60fb      	str	r3, [r7, #12]
2000008a:	e01e      	b.n	200000ca <find_min_max+0x5e>
  {
    if (john[i] < *min)
2000008c:	4a14      	ldr	r2, [pc, #80]	@ (200000e0 <find_min_max+0x74>)
2000008e:	68fb      	ldr	r3, [r7, #12]
20000090:	f852 2023 	ldr.w	r2, [r2, r3, lsl #2]
20000094:	687b      	ldr	r3, [r7, #4]
20000096:	681b      	ldr	r3, [r3, #0]
20000098:	429a      	cmp	r2, r3
2000009a:	da05      	bge.n	200000a8 <find_min_max+0x3c>
    {
      *min = john[i];
2000009c:	4a10      	ldr	r2, [pc, #64]	@ (200000e0 <find_min_max+0x74>)
2000009e:	68fb      	ldr	r3, [r7, #12]
200000a0:	f852 2023 	ldr.w	r2, [r2, r3, lsl #2]
200000a4:	687b      	ldr	r3, [r7, #4]
200000a6:	601a      	str	r2, [r3, #0]
    }
    if (john[i] > *max)
200000a8:	4a0d      	ldr	r2, [pc, #52]	@ (200000e0 <find_min_max+0x74>)
200000aa:	68fb      	ldr	r3, [r7, #12]
200000ac:	f852 2023 	ldr.w	r2, [r2, r3, lsl #2]
200000b0:	683b      	ldr	r3, [r7, #0]
200000b2:	681b      	ldr	r3, [r3, #0]
200000b4:	429a      	cmp	r2, r3
200000b6:	dd05      	ble.n	200000c4 <find_min_max+0x58>
    {
      *max = john[i];
200000b8:	4a09      	ldr	r2, [pc, #36]	@ (200000e0 <find_min_max+0x74>)
200000ba:	68fb      	ldr	r3, [r7, #12]
200000bc:	f852 2023 	ldr.w	r2, [r2, r3, lsl #2]
200000c0:	683b      	ldr	r3, [r7, #0]
200000c2:	601a      	str	r2, [r3, #0]
  for (int i = 1; i < 32; i++)
200000c4:	68fb      	ldr	r3, [r7, #12]
200000c6:	3301      	adds	r3, #1
200000c8:	60fb      	str	r3, [r7, #12]
200000ca:	68fb      	ldr	r3, [r7, #12]
200000cc:	2b1f      	cmp	r3, #31
200000ce:	dddd      	ble.n	2000008c <find_min_max+0x20>
    }
  }
}
200000d0:	bf00      	nop
200000d2:	bf00      	nop
200000d4:	3714      	adds	r7, #20
200000d6:	46bd      	mov	sp, r7
200000d8:	f85d 7b04 	ldr.w	r7, [sp], #4
200000dc:	4770      	bx	lr
200000de:	bf00      	nop
200000e0:	20009000 	.word	0x20009000

200000e4 <x>:

int x(int k)
{
200000e4:	b480      	push	{r7}
200000e6:	b083      	sub	sp, #12
200000e8:	af00      	add	r7, sp, #0
200000ea:	6078      	str	r0, [r7, #4]
  return k + 10;
200000ec:	687b      	ldr	r3, [r7, #4]
200000ee:	330a      	adds	r3, #10
}
200000f0:	4618      	mov	r0, r3
200000f2:	370c      	adds	r7, #12
200000f4:	46bd      	mov	sp, r7
200000f6:	f85d 7b04 	ldr.w	r7, [sp], #4
200000fa:	4770      	bx	lr

200000fc <print_periods_for_key>:

void print_periods_for_key(int key)
{
200000fc:	b580      	push	{r7, lr}
200000fe:	b086      	sub	sp, #24
20000100:	af00      	add	r7, sp, #0
20000102:	6078      	str	r0, [r7, #4]
  print("Key: %d\n", key);
20000104:	6879      	ldr	r1, [r7, #4]
20000106:	4813      	ldr	r0, [pc, #76]	@ (20000154 <print_periods_for_key+0x58>)
20000108:	f000 fb08 	bl	2000071c <print>

  for (int i = 0; i < 32; i++)
2000010c:	2300      	movs	r3, #0
2000010e:	617b      	str	r3, [r7, #20]
20000110:	e015      	b.n	2000013e <print_periods_for_key+0x42>
  {
    int k = john[i] + key;
20000112:	4a11      	ldr	r2, [pc, #68]	@ (20000158 <print_periods_for_key+0x5c>)
20000114:	697b      	ldr	r3, [r7, #20]
20000116:	f852 3023 	ldr.w	r3, [r2, r3, lsl #2]
2000011a:	687a      	ldr	r2, [r7, #4]
2000011c:	4413      	add	r3, r2
2000011e:	613b      	str	r3, [r7, #16]
    int p = period[x(k)];
20000120:	6938      	ldr	r0, [r7, #16]
20000122:	f7ff ffdf 	bl	200000e4 <x>
20000126:	4603      	mov	r3, r0
20000128:	4a0c      	ldr	r2, [pc, #48]	@ (2000015c <print_periods_for_key+0x60>)
2000012a:	f852 3023 	ldr.w	r3, [r2, r3, lsl #2]
2000012e:	60fb      	str	r3, [r7, #12]
    print("%d ", p);
20000130:	68f9      	ldr	r1, [r7, #12]
20000132:	480b      	ldr	r0, [pc, #44]	@ (20000160 <print_periods_for_key+0x64>)
20000134:	f000 faf2 	bl	2000071c <print>
  for (int i = 0; i < 32; i++)
20000138:	697b      	ldr	r3, [r7, #20]
2000013a:	3301      	adds	r3, #1
2000013c:	617b      	str	r3, [r7, #20]
2000013e:	697b      	ldr	r3, [r7, #20]
20000140:	2b1f      	cmp	r3, #31
20000142:	dde6      	ble.n	20000112 <print_periods_for_key+0x16>
  }
  print("\n");
20000144:	4807      	ldr	r0, [pc, #28]	@ (20000164 <print_periods_for_key+0x68>)
20000146:	f000 fae9 	bl	2000071c <print>
}
2000014a:	bf00      	nop
2000014c:	3718      	adds	r7, #24
2000014e:	46bd      	mov	sp, r7
20000150:	bd80      	pop	{r7, pc}
20000152:	bf00      	nop
20000154:	20007db0 	.word	0x20007db0
20000158:	20009000 	.word	0x20009000
2000015c:	20009080 	.word	0x20009080
20000160:	20007dbc 	.word	0x20007dbc
20000164:	20007dc0 	.word	0x20007dc0

20000168 <startApp>:

void startApp(App *self, int arg)
{
20000168:	b580      	push	{r7, lr}
2000016a:	b088      	sub	sp, #32
2000016c:	af00      	add	r7, sp, #0
2000016e:	6078      	str	r0, [r7, #4]
20000170:	6039      	str	r1, [r7, #0]

  int min, max;

  CANMsg msg;

  CAN_INIT(&can0);
20000172:	2200      	movs	r2, #0
20000174:	4922      	ldr	r1, [pc, #136]	@ (20000200 <startApp+0x98>)
20000176:	4823      	ldr	r0, [pc, #140]	@ (20000204 <startApp+0x9c>)
20000178:	f001 f80c 	bl	20001194 <sync>
  SCI_INIT(&sci0);
2000017c:	2200      	movs	r2, #0
2000017e:	4922      	ldr	r1, [pc, #136]	@ (20000208 <startApp+0xa0>)
20000180:	4822      	ldr	r0, [pc, #136]	@ (2000020c <startApp+0xa4>)
20000182:	f001 f807 	bl	20001194 <sync>
  SCI_WRITE(&sci0, "Hello, hello...\n");
20000186:	4b22      	ldr	r3, [pc, #136]	@ (20000210 <startApp+0xa8>)
20000188:	461a      	mov	r2, r3
2000018a:	4922      	ldr	r1, [pc, #136]	@ (20000214 <startApp+0xac>)
2000018c:	481f      	ldr	r0, [pc, #124]	@ (2000020c <startApp+0xa4>)
2000018e:	f001 f801 	bl	20001194 <sync>

  find_min_max(&min, &max);
20000192:	f107 0218 	add.w	r2, r7, #24
20000196:	f107 031c 	add.w	r3, r7, #28
2000019a:	4611      	mov	r1, r2
2000019c:	4618      	mov	r0, r3
2000019e:	f7ff ff65 	bl	2000006c <find_min_max>
  print("Min: %d, Max: %d\n", min, max);
200001a2:	69fb      	ldr	r3, [r7, #28]
200001a4:	69ba      	ldr	r2, [r7, #24]
200001a6:	4619      	mov	r1, r3
200001a8:	481b      	ldr	r0, [pc, #108]	@ (20000218 <startApp+0xb0>)
200001aa:	f000 fab7 	bl	2000071c <print>

  print("k=0 -> %d\n", period[x(0)]);
200001ae:	2000      	movs	r0, #0
200001b0:	f7ff ff98 	bl	200000e4 <x>
200001b4:	4603      	mov	r3, r0
200001b6:	4a19      	ldr	r2, [pc, #100]	@ (2000021c <startApp+0xb4>)
200001b8:	f852 3023 	ldr.w	r3, [r2, r3, lsl #2]
200001bc:	4619      	mov	r1, r3
200001be:	4818      	ldr	r0, [pc, #96]	@ (20000220 <startApp+0xb8>)
200001c0:	f000 faac 	bl	2000071c <print>

  msg.msgId = 1;
200001c4:	2301      	movs	r3, #1
200001c6:	733b      	strb	r3, [r7, #12]
  msg.nodeId = 1;
200001c8:	2301      	movs	r3, #1
200001ca:	737b      	strb	r3, [r7, #13]
  msg.length = 6;
200001cc:	2306      	movs	r3, #6
200001ce:	73bb      	strb	r3, [r7, #14]
  msg.buff[0] = 'H';
200001d0:	2348      	movs	r3, #72	@ 0x48
200001d2:	73fb      	strb	r3, [r7, #15]
  msg.buff[1] = 'e';
200001d4:	2365      	movs	r3, #101	@ 0x65
200001d6:	743b      	strb	r3, [r7, #16]
  msg.buff[2] = 'l';
200001d8:	236c      	movs	r3, #108	@ 0x6c
200001da:	747b      	strb	r3, [r7, #17]
  msg.buff[3] = 'l';
200001dc:	236c      	movs	r3, #108	@ 0x6c
200001de:	74bb      	strb	r3, [r7, #18]
  msg.buff[4] = 'o';
200001e0:	236f      	movs	r3, #111	@ 0x6f
200001e2:	74fb      	strb	r3, [r7, #19]
  msg.buff[5] = 0;
200001e4:	2300      	movs	r3, #0
200001e6:	753b      	strb	r3, [r7, #20]
  CAN_SEND(&can0, &msg);
200001e8:	f107 030c 	add.w	r3, r7, #12
200001ec:	461a      	mov	r2, r3
200001ee:	490d      	ldr	r1, [pc, #52]	@ (20000224 <startApp+0xbc>)
200001f0:	4804      	ldr	r0, [pc, #16]	@ (20000204 <startApp+0x9c>)
200001f2:	f000 ffcf 	bl	20001194 <sync>

  //AFTER(USEC(500), self, tone_generator, 0);
  //AFTER(USEC(1300), &background, background_load, 0);
}
200001f6:	bf00      	nop
200001f8:	3720      	adds	r7, #32
200001fa:	46bd      	mov	sp, r7
200001fc:	bd80      	pop	{r7, pc}
200001fe:	bf00      	nop
20000200:	2000172d 	.word	0x2000172d
20000204:	20009124 	.word	0x20009124
20000208:	20001b5d 	.word	0x20001b5d
2000020c:	2000919c 	.word	0x2000919c
20000210:	20007dc4 	.word	0x20007dc4
20000214:	20001c01 	.word	0x20001c01
20000218:	20007dd8 	.word	0x20007dd8
2000021c:	20009080 	.word	0x20009080
20000220:	20007dec 	.word	0x20007dec
20000224:	20001a37 	.word	0x20001a37

20000228 <sumArray>:
  SCI_WRITE(&sci0, "Rcv: \'");
  SCI_WRITECHAR(&sci0, c);
  SCI_WRITE(&sci0, num);
}*/
int sumArray(int *array)
{
20000228:	b480      	push	{r7}
2000022a:	b085      	sub	sp, #20
2000022c:	af00      	add	r7, sp, #0
2000022e:	6078      	str	r0, [r7, #4]
  int a = 0;
20000230:	2300      	movs	r3, #0
20000232:	60fb      	str	r3, [r7, #12]
  for (int i = 0; i < 3; i++)
20000234:	2300      	movs	r3, #0
20000236:	60bb      	str	r3, [r7, #8]
20000238:	e00a      	b.n	20000250 <sumArray+0x28>
  {
    a += array[i];
2000023a:	68bb      	ldr	r3, [r7, #8]
2000023c:	009b      	lsls	r3, r3, #2
2000023e:	687a      	ldr	r2, [r7, #4]
20000240:	4413      	add	r3, r2
20000242:	681b      	ldr	r3, [r3, #0]
20000244:	68fa      	ldr	r2, [r7, #12]
20000246:	4413      	add	r3, r2
20000248:	60fb      	str	r3, [r7, #12]
  for (int i = 0; i < 3; i++)
2000024a:	68bb      	ldr	r3, [r7, #8]
2000024c:	3301      	adds	r3, #1
2000024e:	60bb      	str	r3, [r7, #8]
20000250:	68bb      	ldr	r3, [r7, #8]
20000252:	2b02      	cmp	r3, #2
20000254:	ddf1      	ble.n	2000023a <sumArray+0x12>
  }
  return a;
20000256:	68fb      	ldr	r3, [r7, #12]
}
20000258:	4618      	mov	r0, r3
2000025a:	3714      	adds	r7, #20
2000025c:	46bd      	mov	sp, r7
2000025e:	f85d 7b04 	ldr.w	r7, [sp], #4
20000262:	4770      	bx	lr

20000264 <increase_load>:

void increase_load(Background *self, int unused)
{
20000264:	b580      	push	{r7, lr}
20000266:	b082      	sub	sp, #8
20000268:	af00      	add	r7, sp, #0
2000026a:	6078      	str	r0, [r7, #4]
2000026c:	6039      	str	r1, [r7, #0]
  if (self->background_loop_range < 8000)
2000026e:	687b      	ldr	r3, [r7, #4]
20000270:	68db      	ldr	r3, [r3, #12]
20000272:	f5b3 5ffa 	cmp.w	r3, #8000	@ 0x1f40
20000276:	da05      	bge.n	20000284 <increase_load+0x20>
  {
    self->background_loop_range += 500;
20000278:	687b      	ldr	r3, [r7, #4]
2000027a:	68db      	ldr	r3, [r3, #12]
2000027c:	f503 72fa 	add.w	r2, r3, #500	@ 0x1f4
20000280:	687b      	ldr	r3, [r7, #4]
20000282:	60da      	str	r2, [r3, #12]
  }
  print("background loop range: %d\n", self->background_loop_range);
20000284:	687b      	ldr	r3, [r7, #4]
20000286:	68db      	ldr	r3, [r3, #12]
20000288:	4619      	mov	r1, r3
2000028a:	4803      	ldr	r0, [pc, #12]	@ (20000298 <increase_load+0x34>)
2000028c:	f000 fa46 	bl	2000071c <print>
}
20000290:	bf00      	nop
20000292:	3708      	adds	r7, #8
20000294:	46bd      	mov	sp, r7
20000296:	bd80      	pop	{r7, pc}
20000298:	20007df8 	.word	0x20007df8

2000029c <decrease_load>:

void decrease_load(Background *self, int unused)
{
2000029c:	b580      	push	{r7, lr}
2000029e:	b082      	sub	sp, #8
200002a0:	af00      	add	r7, sp, #0
200002a2:	6078      	str	r0, [r7, #4]
200002a4:	6039      	str	r1, [r7, #0]
  if (self->background_loop_range > 1000)
200002a6:	687b      	ldr	r3, [r7, #4]
200002a8:	68db      	ldr	r3, [r3, #12]
200002aa:	f5b3 7f7a 	cmp.w	r3, #1000	@ 0x3e8
200002ae:	dd05      	ble.n	200002bc <decrease_load+0x20>
  {
    self->background_loop_range -= 500;
200002b0:	687b      	ldr	r3, [r7, #4]
200002b2:	68db      	ldr	r3, [r3, #12]
200002b4:	f5a3 72fa 	sub.w	r2, r3, #500	@ 0x1f4
200002b8:	687b      	ldr	r3, [r7, #4]
200002ba:	60da      	str	r2, [r3, #12]
  }
  print("background loop range: %d\n", self->background_loop_range);
200002bc:	687b      	ldr	r3, [r7, #4]
200002be:	68db      	ldr	r3, [r3, #12]
200002c0:	4619      	mov	r1, r3
200002c2:	4803      	ldr	r0, [pc, #12]	@ (200002d0 <decrease_load+0x34>)
200002c4:	f000 fa2a 	bl	2000071c <print>
}
200002c8:	bf00      	nop
200002ca:	3708      	adds	r7, #8
200002cc:	46bd      	mov	sp, r7
200002ce:	bd80      	pop	{r7, pc}
200002d0:	20007df8 	.word	0x20007df8

200002d4 <togglebg>:

void togglebg(Background *self, int unused)
{
200002d4:	b580      	push	{r7, lr}
200002d6:	b082      	sub	sp, #8
200002d8:	af00      	add	r7, sp, #0
200002da:	6078      	str	r0, [r7, #4]
200002dc:	6039      	str	r1, [r7, #0]
  if (self->loop_toggle == 0)
200002de:	687b      	ldr	r3, [r7, #4]
200002e0:	689b      	ldr	r3, [r3, #8]
200002e2:	2b00      	cmp	r3, #0
200002e4:	d109      	bne.n	200002fa <togglebg+0x26>
  {
    self->loop_toggle = 1;
200002e6:	687b      	ldr	r3, [r7, #4]
200002e8:	2201      	movs	r2, #1
200002ea:	609a      	str	r2, [r3, #8]
    SCI_WRITE(&sci0, "Background loop toggled ON\n");
200002ec:	4b09      	ldr	r3, [pc, #36]	@ (20000314 <togglebg+0x40>)
200002ee:	461a      	mov	r2, r3
200002f0:	4909      	ldr	r1, [pc, #36]	@ (20000318 <togglebg+0x44>)
200002f2:	480a      	ldr	r0, [pc, #40]	@ (2000031c <togglebg+0x48>)
200002f4:	f000 ff4e 	bl	20001194 <sync>
  else
  {
    self->loop_toggle = 0;
    SCI_WRITE(&sci0, "Background loop toggled OFF\n");
  }
}
200002f8:	e008      	b.n	2000030c <togglebg+0x38>
    self->loop_toggle = 0;
200002fa:	687b      	ldr	r3, [r7, #4]
200002fc:	2200      	movs	r2, #0
200002fe:	609a      	str	r2, [r3, #8]
    SCI_WRITE(&sci0, "Background loop toggled OFF\n");
20000300:	4b07      	ldr	r3, [pc, #28]	@ (20000320 <togglebg+0x4c>)
20000302:	461a      	mov	r2, r3
20000304:	4904      	ldr	r1, [pc, #16]	@ (20000318 <togglebg+0x44>)
20000306:	4805      	ldr	r0, [pc, #20]	@ (2000031c <togglebg+0x48>)
20000308:	f000 ff44 	bl	20001194 <sync>
}
2000030c:	bf00      	nop
2000030e:	3708      	adds	r7, #8
20000310:	46bd      	mov	sp, r7
20000312:	bd80      	pop	{r7, pc}
20000314:	20007e14 	.word	0x20007e14
20000318:	20001c01 	.word	0x20001c01
2000031c:	2000919c 	.word	0x2000919c
20000320:	20007e30 	.word	0x20007e30

20000324 <sortArray>:

void sortArray(int *array)
{
20000324:	b480      	push	{r7}
20000326:	b087      	sub	sp, #28
20000328:	af00      	add	r7, sp, #0
2000032a:	6078      	str	r0, [r7, #4]
  int temp;
  for (int i = 0; i < 2; i++)
2000032c:	2300      	movs	r3, #0
2000032e:	617b      	str	r3, [r7, #20]
20000330:	e033      	b.n	2000039a <sortArray+0x76>
  {
    for (int j = 0; j < 2 - i; j++)
20000332:	2300      	movs	r3, #0
20000334:	613b      	str	r3, [r7, #16]
20000336:	e027      	b.n	20000388 <sortArray+0x64>
    {
      if (array[j] > array[j + 1])
20000338:	693b      	ldr	r3, [r7, #16]
2000033a:	009b      	lsls	r3, r3, #2
2000033c:	687a      	ldr	r2, [r7, #4]
2000033e:	4413      	add	r3, r2
20000340:	681a      	ldr	r2, [r3, #0]
20000342:	693b      	ldr	r3, [r7, #16]
20000344:	3301      	adds	r3, #1
20000346:	009b      	lsls	r3, r3, #2
20000348:	6879      	ldr	r1, [r7, #4]
2000034a:	440b      	add	r3, r1
2000034c:	681b      	ldr	r3, [r3, #0]
2000034e:	429a      	cmp	r2, r3
20000350:	dd17      	ble.n	20000382 <sortArray+0x5e>
      {
        temp = array[j];
20000352:	693b      	ldr	r3, [r7, #16]
20000354:	009b      	lsls	r3, r3, #2
20000356:	687a      	ldr	r2, [r7, #4]
20000358:	4413      	add	r3, r2
2000035a:	681b      	ldr	r3, [r3, #0]
2000035c:	60fb      	str	r3, [r7, #12]
        array[j] = array[j + 1];
2000035e:	693b      	ldr	r3, [r7, #16]
20000360:	3301      	adds	r3, #1
20000362:	009b      	lsls	r3, r3, #2
20000364:	687a      	ldr	r2, [r7, #4]
20000366:	441a      	add	r2, r3
20000368:	693b      	ldr	r3, [r7, #16]
2000036a:	009b      	lsls	r3, r3, #2
2000036c:	6879      	ldr	r1, [r7, #4]
2000036e:	440b      	add	r3, r1
20000370:	6812      	ldr	r2, [r2, #0]
20000372:	601a      	str	r2, [r3, #0]
        array[j + 1] = temp;
20000374:	693b      	ldr	r3, [r7, #16]
20000376:	3301      	adds	r3, #1
20000378:	009b      	lsls	r3, r3, #2
2000037a:	687a      	ldr	r2, [r7, #4]
2000037c:	4413      	add	r3, r2
2000037e:	68fa      	ldr	r2, [r7, #12]
20000380:	601a      	str	r2, [r3, #0]
    for (int j = 0; j < 2 - i; j++)
20000382:	693b      	ldr	r3, [r7, #16]
20000384:	3301      	adds	r3, #1
20000386:	613b      	str	r3, [r7, #16]
20000388:	697b      	ldr	r3, [r7, #20]
2000038a:	f1c3 0302 	rsb	r3, r3, #2
2000038e:	693a      	ldr	r2, [r7, #16]
20000390:	429a      	cmp	r2, r3
20000392:	dbd1      	blt.n	20000338 <sortArray+0x14>
  for (int i = 0; i < 2; i++)
20000394:	697b      	ldr	r3, [r7, #20]
20000396:	3301      	adds	r3, #1
20000398:	617b      	str	r3, [r7, #20]
2000039a:	697b      	ldr	r3, [r7, #20]
2000039c:	2b01      	cmp	r3, #1
2000039e:	ddc8      	ble.n	20000332 <sortArray+0xe>
      }
    }
  }
}
200003a0:	bf00      	nop
200003a2:	bf00      	nop
200003a4:	371c      	adds	r7, #28
200003a6:	46bd      	mov	sp, r7
200003a8:	f85d 7b04 	ldr.w	r7, [sp], #4
200003ac:	4770      	bx	lr

200003ae <reader>:

void reader(App *self, int c)
{
200003ae:	b580      	push	{r7, lr}
200003b0:	b08c      	sub	sp, #48	@ 0x30
200003b2:	af02      	add	r7, sp, #8
200003b4:	6078      	str	r0, [r7, #4]
200003b6:	6039      	str	r1, [r7, #0]
  int inputValue;

  switch (c)
200003b8:	683b      	ldr	r3, [r7, #0]
200003ba:	2b75      	cmp	r3, #117	@ 0x75
200003bc:	f300 812b 	bgt.w	20000616 <reader+0x268>
200003c0:	683b      	ldr	r3, [r7, #0]
200003c2:	2b64      	cmp	r3, #100	@ 0x64
200003c4:	da08      	bge.n	200003d8 <reader+0x2a>
200003c6:	683b      	ldr	r3, [r7, #0]
200003c8:	2b2b      	cmp	r3, #43	@ 0x2b
200003ca:	f000 80c6 	beq.w	2000055a <reader+0x1ac>
200003ce:	683b      	ldr	r3, [r7, #0]
200003d0:	2b2d      	cmp	r3, #45	@ 0x2d
200003d2:	f000 80da 	beq.w	2000058a <reader+0x1dc>
200003d6:	e11e      	b.n	20000616 <reader+0x268>
200003d8:	683b      	ldr	r3, [r7, #0]
200003da:	3b64      	subs	r3, #100	@ 0x64
200003dc:	2b11      	cmp	r3, #17
200003de:	f200 811a 	bhi.w	20000616 <reader+0x268>
200003e2:	a201      	add	r2, pc, #4	@ (adr r2, 200003e8 <reader+0x3a>)
200003e4:	f852 f023 	ldr.w	pc, [r2, r3, lsl #2]
200003e8:	200005f3 	.word	0x200005f3
200003ec:	20000431 	.word	0x20000431
200003f0:	2000052f 	.word	0x2000052f
200003f4:	20000617 	.word	0x20000617
200003f8:	20000617 	.word	0x20000617
200003fc:	20000617 	.word	0x20000617
20000400:	20000617 	.word	0x20000617
20000404:	20000617 	.word	0x20000617
20000408:	20000617 	.word	0x20000617
2000040c:	200005bb 	.word	0x200005bb
20000410:	20000617 	.word	0x20000617
20000414:	20000617 	.word	0x20000617
20000418:	20000617 	.word	0x20000617
2000041c:	20000617 	.word	0x20000617
20000420:	20000617 	.word	0x20000617
20000424:	20000617 	.word	0x20000617
20000428:	20000605 	.word	0x20000605
2000042c:	200005e1 	.word	0x200005e1
  {
  case 'e':
    int temp[3];
    self->input[self->inputIndex] = '\0';
20000430:	687b      	ldr	r3, [r7, #4]
20000432:	6a1b      	ldr	r3, [r3, #32]
20000434:	687a      	ldr	r2, [r7, #4]
20000436:	4413      	add	r3, r2
20000438:	2200      	movs	r2, #0
2000043a:	731a      	strb	r2, [r3, #12]
    self->inputIndex = 0;
2000043c:	687b      	ldr	r3, [r7, #4]
2000043e:	2200      	movs	r2, #0
20000440:	621a      	str	r2, [r3, #32]
    inputValue = atoi(self->input);
20000442:	687b      	ldr	r3, [r7, #4]
20000444:	330c      	adds	r3, #12
20000446:	4618      	mov	r0, r3
20000448:	f006 fe9a 	bl	20007180 <atoi>
2000044c:	61f8      	str	r0, [r7, #28]
    print_periods_for_key(inputValue);
2000044e:	69f8      	ldr	r0, [r7, #28]
20000450:	f7ff fe54 	bl	200000fc <print_periods_for_key>

    self->median[self->medianIndex] = inputValue;
20000454:	687b      	ldr	r3, [r7, #4]
20000456:	6b1b      	ldr	r3, [r3, #48]	@ 0x30
20000458:	687a      	ldr	r2, [r7, #4]
2000045a:	3308      	adds	r3, #8
2000045c:	009b      	lsls	r3, r3, #2
2000045e:	4413      	add	r3, r2
20000460:	69fa      	ldr	r2, [r7, #28]
20000462:	605a      	str	r2, [r3, #4]
    if (self->historyCounter < 3)
20000464:	687b      	ldr	r3, [r7, #4]
20000466:	6b5b      	ldr	r3, [r3, #52]	@ 0x34
20000468:	2b02      	cmp	r3, #2
2000046a:	dc04      	bgt.n	20000476 <reader+0xc8>
    {
      self->historyCounter++;
2000046c:	687b      	ldr	r3, [r7, #4]
2000046e:	6b5b      	ldr	r3, [r3, #52]	@ 0x34
20000470:	1c5a      	adds	r2, r3, #1
20000472:	687b      	ldr	r3, [r7, #4]
20000474:	635a      	str	r2, [r3, #52]	@ 0x34
    }

    self->medianIndex = (self->medianIndex + 1) % 3;
20000476:	687b      	ldr	r3, [r7, #4]
20000478:	6b1b      	ldr	r3, [r3, #48]	@ 0x30
2000047a:	1c59      	adds	r1, r3, #1
2000047c:	4b6e      	ldr	r3, [pc, #440]	@ (20000638 <reader+0x28a>)
2000047e:	fb83 3201 	smull	r3, r2, r3, r1
20000482:	17cb      	asrs	r3, r1, #31
20000484:	1ad2      	subs	r2, r2, r3
20000486:	4613      	mov	r3, r2
20000488:	005b      	lsls	r3, r3, #1
2000048a:	4413      	add	r3, r2
2000048c:	1aca      	subs	r2, r1, r3
2000048e:	687b      	ldr	r3, [r7, #4]
20000490:	631a      	str	r2, [r3, #48]	@ 0x30
    self->sum = sumArray(self->median);
20000492:	687b      	ldr	r3, [r7, #4]
20000494:	3324      	adds	r3, #36	@ 0x24
20000496:	4618      	mov	r0, r3
20000498:	f7ff fec6 	bl	20000228 <sumArray>
2000049c:	4602      	mov	r2, r0
2000049e:	687b      	ldr	r3, [r7, #4]
200004a0:	639a      	str	r2, [r3, #56]	@ 0x38
    temp[0] = self->median[0];
200004a2:	687b      	ldr	r3, [r7, #4]
200004a4:	6a5b      	ldr	r3, [r3, #36]	@ 0x24
200004a6:	60fb      	str	r3, [r7, #12]
    temp[1] = self->median[1];
200004a8:	687b      	ldr	r3, [r7, #4]
200004aa:	6a9b      	ldr	r3, [r3, #40]	@ 0x28
200004ac:	613b      	str	r3, [r7, #16]
    temp[2] = self->median[2];
200004ae:	687b      	ldr	r3, [r7, #4]
200004b0:	6adb      	ldr	r3, [r3, #44]	@ 0x2c
200004b2:	617b      	str	r3, [r7, #20]

    sortArray(temp);
200004b4:	f107 030c 	add.w	r3, r7, #12
200004b8:	4618      	mov	r0, r3
200004ba:	f7ff ff33 	bl	20000324 <sortArray>

    print("Entered integer: %d\n", inputValue);
200004be:	69f9      	ldr	r1, [r7, #28]
200004c0:	485e      	ldr	r0, [pc, #376]	@ (2000063c <reader+0x28e>)
200004c2:	f000 f92b 	bl	2000071c <print>
    print("sum: %d\n", self->sum);
200004c6:	687b      	ldr	r3, [r7, #4]
200004c8:	6b9b      	ldr	r3, [r3, #56]	@ 0x38
200004ca:	4619      	mov	r1, r3
200004cc:	485c      	ldr	r0, [pc, #368]	@ (20000640 <reader+0x292>)
200004ce:	f000 f925 	bl	2000071c <print>
    if (self->historyCounter == 1)
200004d2:	687b      	ldr	r3, [r7, #4]
200004d4:	6b5b      	ldr	r3, [r3, #52]	@ 0x34
200004d6:	2b01      	cmp	r3, #1
200004d8:	d104      	bne.n	200004e4 <reader+0x136>
    {
      print("median: %d\n", inputValue);
200004da:	69f9      	ldr	r1, [r7, #28]
200004dc:	4859      	ldr	r0, [pc, #356]	@ (20000644 <reader+0x296>)
200004de:	f000 f91d 	bl	2000071c <print>
    }
    else
    {
      print("median: %d\n", temp[1]);
    }
    break;
200004e2:	e0a4      	b.n	2000062e <reader+0x280>
    else if (self->historyCounter == 2)
200004e4:	687b      	ldr	r3, [r7, #4]
200004e6:	6b5b      	ldr	r3, [r3, #52]	@ 0x34
200004e8:	2b02      	cmp	r3, #2
200004ea:	d11a      	bne.n	20000522 <reader+0x174>
      int a = self->median[0];
200004ec:	687b      	ldr	r3, [r7, #4]
200004ee:	6a5b      	ldr	r3, [r3, #36]	@ 0x24
200004f0:	627b      	str	r3, [r7, #36]	@ 0x24
      int b = self->median[1];
200004f2:	687b      	ldr	r3, [r7, #4]
200004f4:	6a9b      	ldr	r3, [r3, #40]	@ 0x28
200004f6:	623b      	str	r3, [r7, #32]
      if (a > b)
200004f8:	6a7a      	ldr	r2, [r7, #36]	@ 0x24
200004fa:	6a3b      	ldr	r3, [r7, #32]
200004fc:	429a      	cmp	r2, r3
200004fe:	dd05      	ble.n	2000050c <reader+0x15e>
        int t = a;
20000500:	6a7b      	ldr	r3, [r7, #36]	@ 0x24
20000502:	61bb      	str	r3, [r7, #24]
        a = b;
20000504:	6a3b      	ldr	r3, [r7, #32]
20000506:	627b      	str	r3, [r7, #36]	@ 0x24
        b = t;
20000508:	69bb      	ldr	r3, [r7, #24]
2000050a:	623b      	str	r3, [r7, #32]
      print("median: %d\n", (a + b) / 2);
2000050c:	6a7a      	ldr	r2, [r7, #36]	@ 0x24
2000050e:	6a3b      	ldr	r3, [r7, #32]
20000510:	4413      	add	r3, r2
20000512:	0fda      	lsrs	r2, r3, #31
20000514:	4413      	add	r3, r2
20000516:	105b      	asrs	r3, r3, #1
20000518:	4619      	mov	r1, r3
2000051a:	484a      	ldr	r0, [pc, #296]	@ (20000644 <reader+0x296>)
2000051c:	f000 f8fe 	bl	2000071c <print>
    break;
20000520:	e085      	b.n	2000062e <reader+0x280>
      print("median: %d\n", temp[1]);
20000522:	693b      	ldr	r3, [r7, #16]
20000524:	4619      	mov	r1, r3
20000526:	4847      	ldr	r0, [pc, #284]	@ (20000644 <reader+0x296>)
20000528:	f000 f8f8 	bl	2000071c <print>
    break;
2000052c:	e07f      	b.n	2000062e <reader+0x280>
  case 'f':
    print("the 3-history has been erased\n");
2000052e:	4846      	ldr	r0, [pc, #280]	@ (20000648 <reader+0x29a>)
20000530:	f000 f8f4 	bl	2000071c <print>
    self->medianIndex = 0;
20000534:	687b      	ldr	r3, [r7, #4]
20000536:	2200      	movs	r2, #0
20000538:	631a      	str	r2, [r3, #48]	@ 0x30
    self->sum = 0;
2000053a:	687b      	ldr	r3, [r7, #4]
2000053c:	2200      	movs	r2, #0
2000053e:	639a      	str	r2, [r3, #56]	@ 0x38
    self->median[0] = 0;
20000540:	687b      	ldr	r3, [r7, #4]
20000542:	2200      	movs	r2, #0
20000544:	625a      	str	r2, [r3, #36]	@ 0x24
    self->median[1] = 0;
20000546:	687b      	ldr	r3, [r7, #4]
20000548:	2200      	movs	r2, #0
2000054a:	629a      	str	r2, [r3, #40]	@ 0x28
    self->median[2] = 0;
2000054c:	687b      	ldr	r3, [r7, #4]
2000054e:	2200      	movs	r2, #0
20000550:	62da      	str	r2, [r3, #44]	@ 0x2c
    self->historyCounter = 0;
20000552:	687b      	ldr	r3, [r7, #4]
20000554:	2200      	movs	r2, #0
20000556:	635a      	str	r2, [r3, #52]	@ 0x34
    // a = 0;
    break;
20000558:	e069      	b.n	2000062e <reader+0x280>
  case '+':
    if (self->volume < MAX_VOLUME)
2000055a:	687b      	ldr	r3, [r7, #4]
2000055c:	f893 303c 	ldrb.w	r3, [r3, #60]	@ 0x3c
20000560:	b2db      	uxtb	r3, r3
20000562:	2b1d      	cmp	r3, #29
20000564:	d808      	bhi.n	20000578 <reader+0x1ca>
      self->volume++;
20000566:	687b      	ldr	r3, [r7, #4]
20000568:	f893 303c 	ldrb.w	r3, [r3, #60]	@ 0x3c
2000056c:	b2db      	uxtb	r3, r3
2000056e:	3301      	adds	r3, #1
20000570:	b2da      	uxtb	r2, r3
20000572:	687b      	ldr	r3, [r7, #4]
20000574:	f883 203c 	strb.w	r2, [r3, #60]	@ 0x3c
    print("volume: %d\n", self->volume);
20000578:	687b      	ldr	r3, [r7, #4]
2000057a:	f893 303c 	ldrb.w	r3, [r3, #60]	@ 0x3c
2000057e:	b2db      	uxtb	r3, r3
20000580:	4619      	mov	r1, r3
20000582:	4832      	ldr	r0, [pc, #200]	@ (2000064c <reader+0x29e>)
20000584:	f000 f8ca 	bl	2000071c <print>
    break;
20000588:	e051      	b.n	2000062e <reader+0x280>

  case '-':
    if (self->volume > MIN_VOLUME)
2000058a:	687b      	ldr	r3, [r7, #4]
2000058c:	f893 303c 	ldrb.w	r3, [r3, #60]	@ 0x3c
20000590:	b2db      	uxtb	r3, r3
20000592:	2b01      	cmp	r3, #1
20000594:	d908      	bls.n	200005a8 <reader+0x1fa>
      self->volume--;
20000596:	687b      	ldr	r3, [r7, #4]
20000598:	f893 303c 	ldrb.w	r3, [r3, #60]	@ 0x3c
2000059c:	b2db      	uxtb	r3, r3
2000059e:	3b01      	subs	r3, #1
200005a0:	b2da      	uxtb	r2, r3
200005a2:	687b      	ldr	r3, [r7, #4]
200005a4:	f883 203c 	strb.w	r2, [r3, #60]	@ 0x3c
    print("volume: %d\n", self->volume);
200005a8:	687b      	ldr	r3, [r7, #4]
200005aa:	f893 303c 	ldrb.w	r3, [r3, #60]	@ 0x3c
200005ae:	b2db      	uxtb	r3, r3
200005b0:	4619      	mov	r1, r3
200005b2:	4826      	ldr	r0, [pc, #152]	@ (2000064c <reader+0x29e>)
200005b4:	f000 f8b2 	bl	2000071c <print>
    break;
200005b8:	e039      	b.n	2000062e <reader+0x280>

  case 'm':
    self->muted ^= 1;
200005ba:	687b      	ldr	r3, [r7, #4]
200005bc:	f893 303d 	ldrb.w	r3, [r3, #61]	@ 0x3d
200005c0:	b2db      	uxtb	r3, r3
200005c2:	f083 0301 	eor.w	r3, r3, #1
200005c6:	b2da      	uxtb	r2, r3
200005c8:	687b      	ldr	r3, [r7, #4]
200005ca:	f883 203d 	strb.w	r2, [r3, #61]	@ 0x3d
    print("muted: %d\n", self->muted);
200005ce:	687b      	ldr	r3, [r7, #4]
200005d0:	f893 303d 	ldrb.w	r3, [r3, #61]	@ 0x3d
200005d4:	b2db      	uxtb	r3, r3
200005d6:	4619      	mov	r1, r3
200005d8:	481d      	ldr	r0, [pc, #116]	@ (20000650 <reader+0x2a2>)
200005da:	f000 f89f 	bl	2000071c <print>
    break;
200005de:	e026      	b.n	2000062e <reader+0x280>

  case 'u':
    ASYNC(&background, increase_load, 0);
200005e0:	2300      	movs	r3, #0
200005e2:	9300      	str	r3, [sp, #0]
200005e4:	4b1b      	ldr	r3, [pc, #108]	@ (20000654 <reader+0x2a6>)
200005e6:	4a1c      	ldr	r2, [pc, #112]	@ (20000658 <reader+0x2aa>)
200005e8:	2100      	movs	r1, #0
200005ea:	2000      	movs	r0, #0
200005ec:	f000 fd34 	bl	20001058 <async>
    break;
200005f0:	e01d      	b.n	2000062e <reader+0x280>

  case 'd':
    ASYNC(&background, decrease_load, 0);
200005f2:	2300      	movs	r3, #0
200005f4:	9300      	str	r3, [sp, #0]
200005f6:	4b19      	ldr	r3, [pc, #100]	@ (2000065c <reader+0x2ae>)
200005f8:	4a17      	ldr	r2, [pc, #92]	@ (20000658 <reader+0x2aa>)
200005fa:	2100      	movs	r1, #0
200005fc:	2000      	movs	r0, #0
200005fe:	f000 fd2b 	bl	20001058 <async>
    break;
20000602:	e014      	b.n	2000062e <reader+0x280>

    case 't':
    ASYNC(&background, togglebg, 0);
20000604:	2300      	movs	r3, #0
20000606:	9300      	str	r3, [sp, #0]
20000608:	4b15      	ldr	r3, [pc, #84]	@ (20000660 <reader+0x2b2>)
2000060a:	4a13      	ldr	r2, [pc, #76]	@ (20000658 <reader+0x2aa>)
2000060c:	2100      	movs	r1, #0
2000060e:	2000      	movs	r0, #0
20000610:	f000 fd22 	bl	20001058 <async>
   
    break;
20000614:	e00b      	b.n	2000062e <reader+0x280>

  default:

    self->input[self->inputIndex++] = c;
20000616:	687b      	ldr	r3, [r7, #4]
20000618:	6a1b      	ldr	r3, [r3, #32]
2000061a:	1c59      	adds	r1, r3, #1
2000061c:	687a      	ldr	r2, [r7, #4]
2000061e:	6211      	str	r1, [r2, #32]
20000620:	683a      	ldr	r2, [r7, #0]
20000622:	b2d1      	uxtb	r1, r2
20000624:	687a      	ldr	r2, [r7, #4]
20000626:	4413      	add	r3, r2
20000628:	460a      	mov	r2, r1
2000062a:	731a      	strb	r2, [r3, #12]
    break;
2000062c:	bf00      	nop
  }
}
2000062e:	bf00      	nop
20000630:	3728      	adds	r7, #40	@ 0x28
20000632:	46bd      	mov	sp, r7
20000634:	bd80      	pop	{r7, pc}
20000636:	bf00      	nop
20000638:	55555556 	.word	0x55555556
2000063c:	20007e50 	.word	0x20007e50
20000640:	20007e68 	.word	0x20007e68
20000644:	20007e74 	.word	0x20007e74
20000648:	20007e80 	.word	0x20007e80
2000064c:	20007ea0 	.word	0x20007ea0
20000650:	20007eac 	.word	0x20007eac
20000654:	20000265 	.word	0x20000265
20000658:	200095bc 	.word	0x200095bc
2000065c:	2000029d 	.word	0x2000029d
20000660:	200002d5 	.word	0x200002d5

20000664 <main>:

int main()
{
20000664:	b580      	push	{r7, lr}
20000666:	af00      	add	r7, sp, #0
  INSTALL(&sci0, sci_interrupt, SCI_IRQ0);
20000668:	2200      	movs	r2, #0
2000066a:	4908      	ldr	r1, [pc, #32]	@ (2000068c <main+0x28>)
2000066c:	4808      	ldr	r0, [pc, #32]	@ (20000690 <main+0x2c>)
2000066e:	f000 ff83 	bl	20001578 <install>
  INSTALL(&can0, can_interrupt, CAN_IRQ0);
20000672:	2201      	movs	r2, #1
20000674:	4907      	ldr	r1, [pc, #28]	@ (20000694 <main+0x30>)
20000676:	4808      	ldr	r0, [pc, #32]	@ (20000698 <main+0x34>)
20000678:	f000 ff7e 	bl	20001578 <install>
  TINYTIMBER(&app, startApp, 0);
2000067c:	2200      	movs	r2, #0
2000067e:	4907      	ldr	r1, [pc, #28]	@ (2000069c <main+0x38>)
20000680:	4807      	ldr	r0, [pc, #28]	@ (200006a0 <main+0x3c>)
20000682:	f000 ffdf 	bl	20001644 <tinytimber>
  return 0;
20000686:	2300      	movs	r3, #0
}
20000688:	4618      	mov	r0, r3
2000068a:	bd80      	pop	{r7, pc}
2000068c:	20001c8d 	.word	0x20001c8d
20000690:	2000919c 	.word	0x2000919c
20000694:	200017e5 	.word	0x200017e5
20000698:	20009124 	.word	0x20009124
2000069c:	20000169 	.word	0x20000169
200006a0:	200090e4 	.word	0x200090e4

200006a4 <background_load>:
  AFTER(USEC(500), self, tone_generator, 0);
  
}
*/
void background_load(Background *self, int unused)
{
200006a4:	b580      	push	{r7, lr}
200006a6:	b086      	sub	sp, #24
200006a8:	af02      	add	r7, sp, #8
200006aa:	6078      	str	r0, [r7, #4]
200006ac:	6039      	str	r1, [r7, #0]
  volatile int i;

  if (self->loop_toggle)
200006ae:	687b      	ldr	r3, [r7, #4]
200006b0:	689b      	ldr	r3, [r3, #8]
200006b2:	2b00      	cmp	r3, #0
200006b4:	d00a      	beq.n	200006cc <background_load+0x28>
  {
     for (i = 0; i < self->background_loop_range; i++)
200006b6:	2300      	movs	r3, #0
200006b8:	60fb      	str	r3, [r7, #12]
200006ba:	e002      	b.n	200006c2 <background_load+0x1e>
200006bc:	68fb      	ldr	r3, [r7, #12]
200006be:	3301      	adds	r3, #1
200006c0:	60fb      	str	r3, [r7, #12]
200006c2:	687b      	ldr	r3, [r7, #4]
200006c4:	68da      	ldr	r2, [r3, #12]
200006c6:	68fb      	ldr	r3, [r7, #12]
200006c8:	429a      	cmp	r2, r3
200006ca:	dcf7      	bgt.n	200006bc <background_load+0x18>
    {}
  }
  
  AFTER(USEC(1300), self, background_load, 0);
200006cc:	2300      	movs	r3, #0
200006ce:	9300      	str	r3, [sp, #0]
200006d0:	4b04      	ldr	r3, [pc, #16]	@ (200006e4 <background_load+0x40>)
200006d2:	687a      	ldr	r2, [r7, #4]
200006d4:	2100      	movs	r1, #0
200006d6:	2082      	movs	r0, #130	@ 0x82
200006d8:	f000 fcbe 	bl	20001058 <async>
}
200006dc:	bf00      	nop
200006de:	3710      	adds	r7, #16
200006e0:	46bd      	mov	sp, r7
200006e2:	bd80      	pop	{r7, pc}
200006e4:	200006a5 	.word	0x200006a5

200006e8 <background_load_measure>:

// test step 4


void background_load_measure(Background *self)
{
200006e8:	b480      	push	{r7}
200006ea:	b085      	sub	sp, #20
200006ec:	af00      	add	r7, sp, #0
200006ee:	6078      	str	r0, [r7, #4]
  volatile int i;

  if (self->loop_toggle)
200006f0:	687b      	ldr	r3, [r7, #4]
200006f2:	689b      	ldr	r3, [r3, #8]
200006f4:	2b00      	cmp	r3, #0
200006f6:	d00a      	beq.n	2000070e <background_load_measure+0x26>
  {
    for (i = 0; i < self->background_loop_range; i++)
200006f8:	2300      	movs	r3, #0
200006fa:	60fb      	str	r3, [r7, #12]
200006fc:	e002      	b.n	20000704 <background_load_measure+0x1c>
200006fe:	68fb      	ldr	r3, [r7, #12]
20000700:	3301      	adds	r3, #1
20000702:	60fb      	str	r3, [r7, #12]
20000704:	687b      	ldr	r3, [r7, #4]
20000706:	68da      	ldr	r2, [r3, #12]
20000708:	68fb      	ldr	r3, [r7, #12]
2000070a:	429a      	cmp	r2, r3
2000070c:	dcf7      	bgt.n	200006fe <background_load_measure+0x16>
    {}
  }

  
2000070e:	bf00      	nop
20000710:	3714      	adds	r7, #20
20000712:	46bd      	mov	sp, r7
20000714:	f85d 7b04 	ldr.w	r7, [sp], #4
20000718:	4770      	bx	lr
2000071a:	bf00      	nop

2000071c <print>:
2000071c:	b40f      	push	{r0, r1, r2, r3}
2000071e:	b580      	push	{r7, lr}
20000720:	f5ad 6d81 	sub.w	sp, sp, #1032	@ 0x408
20000724:	af00      	add	r7, sp, #0
20000726:	f207 4214 	addw	r2, r7, #1044	@ 0x414
2000072a:	f507 6381 	add.w	r3, r7, #1032	@ 0x408
2000072e:	f2a3 4304 	subw	r3, r3, #1028	@ 0x404
20000732:	601a      	str	r2, [r3, #0]
20000734:	f507 6381 	add.w	r3, r7, #1032	@ 0x408
20000738:	f2a3 4304 	subw	r3, r3, #1028	@ 0x404
2000073c:	f107 0008 	add.w	r0, r7, #8
20000740:	681b      	ldr	r3, [r3, #0]
20000742:	f8d7 2410 	ldr.w	r2, [r7, #1040]	@ 0x410
20000746:	f44f 6180 	mov.w	r1, #1024	@ 0x400
2000074a:	f006 fd4f 	bl	200071ec <vsniprintf>
2000074e:	f107 0308 	add.w	r3, r7, #8
20000752:	461a      	mov	r2, r3
20000754:	4905      	ldr	r1, [pc, #20]	@ (2000076c <print+0x50>)
20000756:	4806      	ldr	r0, [pc, #24]	@ (20000770 <print+0x54>)
20000758:	f000 fd1c 	bl	20001194 <sync>
2000075c:	bf00      	nop
2000075e:	f507 6781 	add.w	r7, r7, #1032	@ 0x408
20000762:	46bd      	mov	sp, r7
20000764:	e8bd 4080 	ldmia.w	sp!, {r7, lr}
20000768:	b004      	add	sp, #16
2000076a:	4770      	bx	lr
2000076c:	20001c01 	.word	0x20001c01
20000770:	2000919c 	.word	0x2000919c

20000774 <NVIC_EnableIRQ>:
20000774:	b480      	push	{r7}
20000776:	b083      	sub	sp, #12
20000778:	af00      	add	r7, sp, #0
2000077a:	4603      	mov	r3, r0
2000077c:	71fb      	strb	r3, [r7, #7]
2000077e:	79fb      	ldrb	r3, [r7, #7]
20000780:	f003 031f 	and.w	r3, r3, #31
20000784:	2201      	movs	r2, #1
20000786:	fa02 f103 	lsl.w	r1, r2, r3
2000078a:	4a05      	ldr	r2, [pc, #20]	@ (200007a0 <NVIC_EnableIRQ+0x2c>)
2000078c:	f997 3007 	ldrsb.w	r3, [r7, #7]
20000790:	095b      	lsrs	r3, r3, #5
20000792:	f842 1023 	str.w	r1, [r2, r3, lsl #2]
20000796:	bf00      	nop
20000798:	370c      	adds	r7, #12
2000079a:	46bd      	mov	sp, r7
2000079c:	bc80      	pop	{r7}
2000079e:	4770      	bx	lr
200007a0:	e000e100 	.word	0xe000e100

200007a4 <NVIC_SetPriority>:
200007a4:	b480      	push	{r7}
200007a6:	b083      	sub	sp, #12
200007a8:	af00      	add	r7, sp, #0
200007aa:	4603      	mov	r3, r0
200007ac:	6039      	str	r1, [r7, #0]
200007ae:	71fb      	strb	r3, [r7, #7]
200007b0:	f997 3007 	ldrsb.w	r3, [r7, #7]
200007b4:	2b00      	cmp	r3, #0
200007b6:	da0b      	bge.n	200007d0 <NVIC_SetPriority+0x2c>
200007b8:	683b      	ldr	r3, [r7, #0]
200007ba:	b2da      	uxtb	r2, r3
200007bc:	490c      	ldr	r1, [pc, #48]	@ (200007f0 <NVIC_SetPriority+0x4c>)
200007be:	79fb      	ldrb	r3, [r7, #7]
200007c0:	f003 030f 	and.w	r3, r3, #15
200007c4:	3b04      	subs	r3, #4
200007c6:	0112      	lsls	r2, r2, #4
200007c8:	b2d2      	uxtb	r2, r2
200007ca:	440b      	add	r3, r1
200007cc:	761a      	strb	r2, [r3, #24]
200007ce:	e009      	b.n	200007e4 <NVIC_SetPriority+0x40>
200007d0:	683b      	ldr	r3, [r7, #0]
200007d2:	b2da      	uxtb	r2, r3
200007d4:	4907      	ldr	r1, [pc, #28]	@ (200007f4 <NVIC_SetPriority+0x50>)
200007d6:	f997 3007 	ldrsb.w	r3, [r7, #7]
200007da:	0112      	lsls	r2, r2, #4
200007dc:	b2d2      	uxtb	r2, r2
200007de:	440b      	add	r3, r1
200007e0:	f883 2300 	strb.w	r2, [r3, #768]	@ 0x300
200007e4:	bf00      	nop
200007e6:	370c      	adds	r7, #12
200007e8:	46bd      	mov	sp, r7
200007ea:	bc80      	pop	{r7}
200007ec:	4770      	bx	lr
200007ee:	bf00      	nop
200007f0:	e000ed00 	.word	0xe000ed00
200007f4:	e000e100 	.word	0xe000e100

200007f8 <DUMP>:
200007f8:	b580      	push	{r7, lr}
200007fa:	b082      	sub	sp, #8
200007fc:	af00      	add	r7, sp, #0
200007fe:	6078      	str	r0, [r7, #4]
20000800:	e00e      	b.n	20000820 <DUMP+0x28>
20000802:	687b      	ldr	r3, [r7, #4]
20000804:	781b      	ldrb	r3, [r3, #0]
20000806:	2b0d      	cmp	r3, #13
20000808:	d007      	beq.n	2000081a <DUMP+0x22>
2000080a:	687b      	ldr	r3, [r7, #4]
2000080c:	1c5a      	adds	r2, r3, #1
2000080e:	607a      	str	r2, [r7, #4]
20000810:	781b      	ldrb	r3, [r3, #0]
20000812:	4618      	mov	r0, r3
20000814:	f000 f95a 	bl	20000acc <DUMPC>
20000818:	e002      	b.n	20000820 <DUMP+0x28>
2000081a:	687b      	ldr	r3, [r7, #4]
2000081c:	3301      	adds	r3, #1
2000081e:	607b      	str	r3, [r7, #4]
20000820:	687b      	ldr	r3, [r7, #4]
20000822:	781b      	ldrb	r3, [r3, #0]
20000824:	2b00      	cmp	r3, #0
20000826:	d1ec      	bne.n	20000802 <DUMP+0xa>
20000828:	bf00      	nop
2000082a:	bf00      	nop
2000082c:	3708      	adds	r7, #8
2000082e:	46bd      	mov	sp, r7
20000830:	bd80      	pop	{r7, pc}

20000832 <DUMPH>:
20000832:	b580      	push	{r7, lr}
20000834:	b086      	sub	sp, #24
20000836:	af00      	add	r7, sp, #0
20000838:	6078      	str	r0, [r7, #4]
2000083a:	2300      	movs	r3, #0
2000083c:	617b      	str	r3, [r7, #20]
2000083e:	687b      	ldr	r3, [r7, #4]
20000840:	f003 020f 	and.w	r2, r3, #15
20000844:	697b      	ldr	r3, [r7, #20]
20000846:	1c59      	adds	r1, r3, #1
20000848:	6179      	str	r1, [r7, #20]
2000084a:	4910      	ldr	r1, [pc, #64]	@ (2000088c <DUMPH+0x5a>)
2000084c:	5c8a      	ldrb	r2, [r1, r2]
2000084e:	3318      	adds	r3, #24
20000850:	443b      	add	r3, r7
20000852:	f803 2c0c 	strb.w	r2, [r3, #-12]
20000856:	687b      	ldr	r3, [r7, #4]
20000858:	091b      	lsrs	r3, r3, #4
2000085a:	607b      	str	r3, [r7, #4]
2000085c:	687b      	ldr	r3, [r7, #4]
2000085e:	2b00      	cmp	r3, #0
20000860:	d1ed      	bne.n	2000083e <DUMPH+0xc>
20000862:	e00a      	b.n	2000087a <DUMPH+0x48>
20000864:	697b      	ldr	r3, [r7, #20]
20000866:	3b01      	subs	r3, #1
20000868:	617b      	str	r3, [r7, #20]
2000086a:	f107 020c 	add.w	r2, r7, #12
2000086e:	697b      	ldr	r3, [r7, #20]
20000870:	4413      	add	r3, r2
20000872:	781b      	ldrb	r3, [r3, #0]
20000874:	4618      	mov	r0, r3
20000876:	f000 f929 	bl	20000acc <DUMPC>
2000087a:	697b      	ldr	r3, [r7, #20]
2000087c:	2b00      	cmp	r3, #0
2000087e:	d1f1      	bne.n	20000864 <DUMPH+0x32>
20000880:	bf00      	nop
20000882:	bf00      	nop
20000884:	3718      	adds	r7, #24
20000886:	46bd      	mov	sp, r7
20000888:	bd80      	pop	{r7, pc}
2000088a:	bf00      	nop
2000088c:	200095cc 	.word	0x200095cc

20000890 <DUMPD>:
20000890:	b580      	push	{r7, lr}
20000892:	b09e      	sub	sp, #120	@ 0x78
20000894:	af00      	add	r7, sp, #0
20000896:	6078      	str	r0, [r7, #4]
20000898:	687b      	ldr	r3, [r7, #4]
2000089a:	2b00      	cmp	r3, #0
2000089c:	da03      	bge.n	200008a6 <DUMPD+0x16>
2000089e:	f04f 33ff 	mov.w	r3, #4294967295	@ 0xffffffff
200008a2:	677b      	str	r3, [r7, #116]	@ 0x74
200008a4:	e001      	b.n	200008aa <DUMPD+0x1a>
200008a6:	2301      	movs	r3, #1
200008a8:	677b      	str	r3, [r7, #116]	@ 0x74
200008aa:	687b      	ldr	r3, [r7, #4]
200008ac:	6f7a      	ldr	r2, [r7, #116]	@ 0x74
200008ae:	fb02 f303 	mul.w	r3, r2, r3
200008b2:	607b      	str	r3, [r7, #4]
200008b4:	2300      	movs	r3, #0
200008b6:	673b      	str	r3, [r7, #112]	@ 0x70
200008b8:	6879      	ldr	r1, [r7, #4]
200008ba:	4b1c      	ldr	r3, [pc, #112]	@ (2000092c <DUMPD+0x9c>)
200008bc:	fb83 2301 	smull	r2, r3, r3, r1
200008c0:	109a      	asrs	r2, r3, #2
200008c2:	17cb      	asrs	r3, r1, #31
200008c4:	1ad2      	subs	r2, r2, r3
200008c6:	4613      	mov	r3, r2
200008c8:	009b      	lsls	r3, r3, #2
200008ca:	4413      	add	r3, r2
200008cc:	005b      	lsls	r3, r3, #1
200008ce:	1aca      	subs	r2, r1, r3
200008d0:	6f3b      	ldr	r3, [r7, #112]	@ 0x70
200008d2:	1c59      	adds	r1, r3, #1
200008d4:	6739      	str	r1, [r7, #112]	@ 0x70
200008d6:	4916      	ldr	r1, [pc, #88]	@ (20000930 <DUMPD+0xa0>)
200008d8:	5c8a      	ldrb	r2, [r1, r2]
200008da:	3378      	adds	r3, #120	@ 0x78
200008dc:	443b      	add	r3, r7
200008de:	f803 2c6c 	strb.w	r2, [r3, #-108]
200008e2:	687b      	ldr	r3, [r7, #4]
200008e4:	4a11      	ldr	r2, [pc, #68]	@ (2000092c <DUMPD+0x9c>)
200008e6:	fb82 1203 	smull	r1, r2, r2, r3
200008ea:	1092      	asrs	r2, r2, #2
200008ec:	17db      	asrs	r3, r3, #31
200008ee:	1ad3      	subs	r3, r2, r3
200008f0:	607b      	str	r3, [r7, #4]
200008f2:	687b      	ldr	r3, [r7, #4]
200008f4:	2b00      	cmp	r3, #0
200008f6:	d1df      	bne.n	200008b8 <DUMPD+0x28>
200008f8:	6f7b      	ldr	r3, [r7, #116]	@ 0x74
200008fa:	2b00      	cmp	r3, #0
200008fc:	da0e      	bge.n	2000091c <DUMPD+0x8c>
200008fe:	202d      	movs	r0, #45	@ 0x2d
20000900:	f000 f8e4 	bl	20000acc <DUMPC>
20000904:	e00a      	b.n	2000091c <DUMPD+0x8c>
20000906:	6f3b      	ldr	r3, [r7, #112]	@ 0x70
20000908:	3b01      	subs	r3, #1
2000090a:	673b      	str	r3, [r7, #112]	@ 0x70
2000090c:	f107 020c 	add.w	r2, r7, #12
20000910:	6f3b      	ldr	r3, [r7, #112]	@ 0x70
20000912:	4413      	add	r3, r2
20000914:	781b      	ldrb	r3, [r3, #0]
20000916:	4618      	mov	r0, r3
20000918:	f000 f8d8 	bl	20000acc <DUMPC>
2000091c:	6f3b      	ldr	r3, [r7, #112]	@ 0x70
2000091e:	2b00      	cmp	r3, #0
20000920:	d1f1      	bne.n	20000906 <DUMPD+0x76>
20000922:	bf00      	nop
20000924:	bf00      	nop
20000926:	3778      	adds	r7, #120	@ 0x78
20000928:	46bd      	mov	sp, r7
2000092a:	bd80      	pop	{r7, pc}
2000092c:	66666667 	.word	0x66666667
20000930:	200095cc 	.word	0x200095cc

20000934 <sei>:
20000934:	b480      	push	{r7}
20000936:	b083      	sub	sp, #12
20000938:	af00      	add	r7, sp, #0
2000093a:	2310      	movs	r3, #16
2000093c:	607b      	str	r3, [r7, #4]
2000093e:	687b      	ldr	r3, [r7, #4]
20000940:	f383 8811 	msr	BASEPRI, r3
20000944:	bf00      	nop
20000946:	bf00      	nop
20000948:	370c      	adds	r7, #12
2000094a:	46bd      	mov	sp, r7
2000094c:	bc80      	pop	{r7}
2000094e:	4770      	bx	lr

20000950 <cli>:
20000950:	b480      	push	{r7}
20000952:	b083      	sub	sp, #12
20000954:	af00      	add	r7, sp, #0
20000956:	2330      	movs	r3, #48	@ 0x30
20000958:	607b      	str	r3, [r7, #4]
2000095a:	687b      	ldr	r3, [r7, #4]
2000095c:	f383 8811 	msr	BASEPRI, r3
20000960:	bf00      	nop
20000962:	bf00      	nop
20000964:	370c      	adds	r7, #12
20000966:	46bd      	mov	sp, r7
20000968:	bc80      	pop	{r7}
2000096a:	4770      	bx	lr

2000096c <_sbrk>:
2000096c:	b580      	push	{r7, lr}
2000096e:	b084      	sub	sp, #16
20000970:	af00      	add	r7, sp, #0
20000972:	6078      	str	r0, [r7, #4]
20000974:	480b      	ldr	r0, [pc, #44]	@ (200009a4 <_sbrk+0x38>)
20000976:	f7ff ff3f 	bl	200007f8 <DUMP>
2000097a:	4b0b      	ldr	r3, [pc, #44]	@ (200009a8 <_sbrk+0x3c>)
2000097c:	681b      	ldr	r3, [r3, #0]
2000097e:	2b00      	cmp	r3, #0
20000980:	d102      	bne.n	20000988 <_sbrk+0x1c>
20000982:	4b09      	ldr	r3, [pc, #36]	@ (200009a8 <_sbrk+0x3c>)
20000984:	4a09      	ldr	r2, [pc, #36]	@ (200009ac <_sbrk+0x40>)
20000986:	601a      	str	r2, [r3, #0]
20000988:	4b07      	ldr	r3, [pc, #28]	@ (200009a8 <_sbrk+0x3c>)
2000098a:	681b      	ldr	r3, [r3, #0]
2000098c:	60fb      	str	r3, [r7, #12]
2000098e:	4b06      	ldr	r3, [pc, #24]	@ (200009a8 <_sbrk+0x3c>)
20000990:	681a      	ldr	r2, [r3, #0]
20000992:	687b      	ldr	r3, [r7, #4]
20000994:	4413      	add	r3, r2
20000996:	4a04      	ldr	r2, [pc, #16]	@ (200009a8 <_sbrk+0x3c>)
20000998:	6013      	str	r3, [r2, #0]
2000099a:	68fb      	ldr	r3, [r7, #12]
2000099c:	4618      	mov	r0, r3
2000099e:	3710      	adds	r7, #16
200009a0:	46bd      	mov	sp, r7
200009a2:	bd80      	pop	{r7, pc}
200009a4:	20007eb8 	.word	0x20007eb8
200009a8:	2000a000 	.word	0x2000a000
200009ac:	20012384 	.word	0x20012384

200009b0 <SETSTACK>:
200009b0:	b480      	push	{r7}
200009b2:	b085      	sub	sp, #20
200009b4:	af00      	add	r7, sp, #0
200009b6:	6078      	str	r0, [r7, #4]
200009b8:	6039      	str	r1, [r7, #0]
200009ba:	683b      	ldr	r3, [r7, #0]
200009bc:	f503 53f9 	add.w	r3, r3, #7968	@ 0x1f20
200009c0:	3310      	adds	r3, #16
200009c2:	687a      	ldr	r2, [r7, #4]
200009c4:	6013      	str	r3, [r2, #0]
200009c6:	687b      	ldr	r3, [r7, #4]
200009c8:	681b      	ldr	r3, [r3, #0]
200009ca:	60bb      	str	r3, [r7, #8]
200009cc:	2300      	movs	r3, #0
200009ce:	60fb      	str	r3, [r7, #12]
200009d0:	e009      	b.n	200009e6 <SETSTACK+0x36>
200009d2:	68fb      	ldr	r3, [r7, #12]
200009d4:	009a      	lsls	r2, r3, #2
200009d6:	68bb      	ldr	r3, [r7, #8]
200009d8:	4413      	add	r3, r2
200009da:	461a      	mov	r2, r3
200009dc:	2300      	movs	r3, #0
200009de:	6013      	str	r3, [r2, #0]
200009e0:	68fb      	ldr	r3, [r7, #12]
200009e2:	3301      	adds	r3, #1
200009e4:	60fb      	str	r3, [r7, #12]
200009e6:	68fb      	ldr	r3, [r7, #12]
200009e8:	2b33      	cmp	r3, #51	@ 0x33
200009ea:	ddf2      	ble.n	200009d2 <SETSTACK+0x22>
200009ec:	68bb      	ldr	r3, [r7, #8]
200009ee:	f06f 0216 	mvn.w	r2, #22
200009f2:	601a      	str	r2, [r3, #0]
200009f4:	68bb      	ldr	r3, [r7, #8]
200009f6:	3304      	adds	r3, #4
200009f8:	461a      	mov	r2, r3
200009fa:	2303      	movs	r3, #3
200009fc:	6013      	str	r3, [r2, #0]
200009fe:	68bb      	ldr	r3, [r7, #8]
20000a00:	3384      	adds	r3, #132	@ 0x84
20000a02:	461a      	mov	r2, r3
20000a04:	f04f 7380 	mov.w	r3, #16777216	@ 0x1000000
20000a08:	6013      	str	r3, [r2, #0]
20000a0a:	bf00      	nop
20000a0c:	3714      	adds	r7, #20
20000a0e:	46bd      	mov	sp, r7
20000a10:	bc80      	pop	{r7}
20000a12:	4770      	bx	lr

20000a14 <SETPC>:
20000a14:	b480      	push	{r7}
20000a16:	b085      	sub	sp, #20
20000a18:	af00      	add	r7, sp, #0
20000a1a:	6078      	str	r0, [r7, #4]
20000a1c:	6039      	str	r1, [r7, #0]
20000a1e:	687b      	ldr	r3, [r7, #4]
20000a20:	681b      	ldr	r3, [r3, #0]
20000a22:	3380      	adds	r3, #128	@ 0x80
20000a24:	60fb      	str	r3, [r7, #12]
20000a26:	68fb      	ldr	r3, [r7, #12]
20000a28:	683a      	ldr	r2, [r7, #0]
20000a2a:	601a      	str	r2, [r3, #0]
20000a2c:	bf00      	nop
20000a2e:	3714      	adds	r7, #20
20000a30:	46bd      	mov	sp, r7
20000a32:	bc80      	pop	{r7}
20000a34:	4770      	bx	lr

20000a36 <TIMER_INIT>:
20000a36:	b580      	push	{r7, lr}
20000a38:	b084      	sub	sp, #16
20000a3a:	af00      	add	r7, sp, #0
20000a3c:	481c      	ldr	r0, [pc, #112]	@ (20000ab0 <TIMER_INIT+0x7a>)
20000a3e:	f004 f8f7 	bl	20004c30 <TIM_DeInit>
20000a42:	1d3b      	adds	r3, r7, #4
20000a44:	4618      	mov	r0, r3
20000a46:	f004 fa3d 	bl	20004ec4 <TIM_TimeBaseStructInit>
20000a4a:	f240 3347 	movw	r3, #839	@ 0x347
20000a4e:	80bb      	strh	r3, [r7, #4]
20000a50:	1d3b      	adds	r3, r7, #4
20000a52:	4619      	mov	r1, r3
20000a54:	4816      	ldr	r0, [pc, #88]	@ (20000ab0 <TIMER_INIT+0x7a>)
20000a56:	f004 f9cb 	bl	20004df0 <TIM_TimeBaseInit>
20000a5a:	4b16      	ldr	r3, [pc, #88]	@ (20000ab4 <TIMER_INIT+0x7e>)
20000a5c:	4a16      	ldr	r2, [pc, #88]	@ (20000ab8 <TIMER_INIT+0x82>)
20000a5e:	601a      	str	r2, [r3, #0]
20000a60:	2102      	movs	r1, #2
20000a62:	f06f 0001 	mvn.w	r0, #1
20000a66:	f7ff fe9d 	bl	200007a4 <NVIC_SetPriority>
20000a6a:	4b14      	ldr	r3, [pc, #80]	@ (20000abc <TIMER_INIT+0x86>)
20000a6c:	4a14      	ldr	r2, [pc, #80]	@ (20000ac0 <TIMER_INIT+0x8a>)
20000a6e:	601a      	str	r2, [r3, #0]
20000a70:	2100      	movs	r1, #0
20000a72:	f06f 0004 	mvn.w	r0, #4
20000a76:	f7ff fe95 	bl	200007a4 <NVIC_SetPriority>
20000a7a:	4b12      	ldr	r3, [pc, #72]	@ (20000ac4 <TIMER_INIT+0x8e>)
20000a7c:	4a12      	ldr	r2, [pc, #72]	@ (20000ac8 <TIMER_INIT+0x92>)
20000a7e:	601a      	str	r2, [r3, #0]
20000a80:	2102      	movs	r1, #2
20000a82:	2032      	movs	r0, #50	@ 0x32
20000a84:	f7ff fe8e 	bl	200007a4 <NVIC_SetPriority>
20000a88:	2032      	movs	r0, #50	@ 0x32
20000a8a:	f7ff fe73 	bl	20000774 <NVIC_EnableIRQ>
20000a8e:	2100      	movs	r1, #0
20000a90:	4807      	ldr	r0, [pc, #28]	@ (20000ab0 <TIMER_INIT+0x7a>)
20000a92:	f004 fa5e 	bl	20004f52 <TIM_SetCounter>
20000a96:	2101      	movs	r1, #1
20000a98:	4805      	ldr	r0, [pc, #20]	@ (20000ab0 <TIMER_INIT+0x7a>)
20000a9a:	f004 fb1e 	bl	200050da <TIM_Cmd>
20000a9e:	2201      	movs	r2, #1
20000aa0:	2102      	movs	r1, #2
20000aa2:	4803      	ldr	r0, [pc, #12]	@ (20000ab0 <TIMER_INIT+0x7a>)
20000aa4:	f005 fabc 	bl	20006020 <TIM_ITConfig>
20000aa8:	bf00      	nop
20000aaa:	3710      	adds	r7, #16
20000aac:	46bd      	mov	sp, r7
20000aae:	bd80      	pop	{r7, pc}
20000ab0:	40000c00 	.word	0x40000c00
20000ab4:	2001c038 	.word	0x2001c038
20000ab8:	20001f15 	.word	0x20001f15
20000abc:	2001c02c 	.word	0x2001c02c
20000ac0:	20001f11 	.word	0x20001f11
20000ac4:	2001c108 	.word	0x2001c108
20000ac8:	20000e47 	.word	0x20000e47

20000acc <DUMPC>:
20000acc:	b580      	push	{r7, lr}
20000ace:	b082      	sub	sp, #8
20000ad0:	af00      	add	r7, sp, #0
20000ad2:	4603      	mov	r3, r0
20000ad4:	71fb      	strb	r3, [r7, #7]
20000ad6:	79fb      	ldrb	r3, [r7, #7]
20000ad8:	b29b      	uxth	r3, r3
20000ada:	4619      	mov	r1, r3
20000adc:	4807      	ldr	r0, [pc, #28]	@ (20000afc <DUMPC+0x30>)
20000ade:	f006 f87b 	bl	20006bd8 <USART_SendData>
20000ae2:	bf00      	nop
20000ae4:	2180      	movs	r1, #128	@ 0x80
20000ae6:	4805      	ldr	r0, [pc, #20]	@ (20000afc <DUMPC+0x30>)
20000ae8:	f006 fa55 	bl	20006f96 <USART_GetFlagStatus>
20000aec:	4603      	mov	r3, r0
20000aee:	2b00      	cmp	r3, #0
20000af0:	d0f8      	beq.n	20000ae4 <DUMPC+0x18>
20000af2:	bf00      	nop
20000af4:	bf00      	nop
20000af6:	3708      	adds	r7, #8
20000af8:	46bd      	mov	sp, r7
20000afa:	bd80      	pop	{r7, pc}
20000afc:	40011000 	.word	0x40011000

20000b00 <vect_USART1>:
20000b00:	b580      	push	{r7, lr}
20000b02:	af00      	add	r7, sp, #0
20000b04:	4812      	ldr	r0, [pc, #72]	@ (20000b50 <vect_USART1+0x50>)
20000b06:	f004 fa3e 	bl	20004f86 <TIM_GetCounter>
20000b0a:	4603      	mov	r3, r0
20000b0c:	461a      	mov	r2, r3
20000b0e:	4b11      	ldr	r3, [pc, #68]	@ (20000b54 <vect_USART1+0x54>)
20000b10:	601a      	str	r2, [r3, #0]
20000b12:	4b11      	ldr	r3, [pc, #68]	@ (20000b58 <vect_USART1+0x58>)
20000b14:	2201      	movs	r2, #1
20000b16:	601a      	str	r2, [r3, #0]
20000b18:	4b10      	ldr	r3, [pc, #64]	@ (20000b5c <vect_USART1+0x5c>)
20000b1a:	2200      	movs	r2, #0
20000b1c:	601a      	str	r2, [r3, #0]
20000b1e:	4b10      	ldr	r3, [pc, #64]	@ (20000b60 <vect_USART1+0x60>)
20000b20:	681b      	ldr	r3, [r3, #0]
20000b22:	2b00      	cmp	r3, #0
20000b24:	d006      	beq.n	20000b34 <vect_USART1+0x34>
20000b26:	4b0e      	ldr	r3, [pc, #56]	@ (20000b60 <vect_USART1+0x60>)
20000b28:	681b      	ldr	r3, [r3, #0]
20000b2a:	4a0e      	ldr	r2, [pc, #56]	@ (20000b64 <vect_USART1+0x64>)
20000b2c:	6812      	ldr	r2, [r2, #0]
20000b2e:	2100      	movs	r1, #0
20000b30:	4610      	mov	r0, r2
20000b32:	4798      	blx	r3
20000b34:	4b08      	ldr	r3, [pc, #32]	@ (20000b58 <vect_USART1+0x58>)
20000b36:	2200      	movs	r2, #0
20000b38:	601a      	str	r2, [r3, #0]
20000b3a:	4b08      	ldr	r3, [pc, #32]	@ (20000b5c <vect_USART1+0x5c>)
20000b3c:	681b      	ldr	r3, [r3, #0]
20000b3e:	2b00      	cmp	r3, #0
20000b40:	d001      	beq.n	20000b46 <vect_USART1+0x46>
20000b42:	f000 fa57 	bl	20000ff4 <schedule>
20000b46:	4b05      	ldr	r3, [pc, #20]	@ (20000b5c <vect_USART1+0x5c>)
20000b48:	2200      	movs	r2, #0
20000b4a:	601a      	str	r2, [r3, #0]
20000b4c:	bd80      	pop	{r7, pc}
20000b4e:	bf00      	nop
20000b50:	40000c00 	.word	0x40000c00
20000b54:	2001234c 	.word	0x2001234c
20000b58:	20012344 	.word	0x20012344
20000b5c:	20012348 	.word	0x20012348
20000b60:	20012358 	.word	0x20012358
20000b64:	20012364 	.word	0x20012364

20000b68 <vect_CAN1>:
20000b68:	b580      	push	{r7, lr}
20000b6a:	af00      	add	r7, sp, #0
20000b6c:	4812      	ldr	r0, [pc, #72]	@ (20000bb8 <vect_CAN1+0x50>)
20000b6e:	f004 fa0a 	bl	20004f86 <TIM_GetCounter>
20000b72:	4603      	mov	r3, r0
20000b74:	461a      	mov	r2, r3
20000b76:	4b11      	ldr	r3, [pc, #68]	@ (20000bbc <vect_CAN1+0x54>)
20000b78:	601a      	str	r2, [r3, #0]
20000b7a:	4b11      	ldr	r3, [pc, #68]	@ (20000bc0 <vect_CAN1+0x58>)
20000b7c:	2201      	movs	r2, #1
20000b7e:	601a      	str	r2, [r3, #0]
20000b80:	4b10      	ldr	r3, [pc, #64]	@ (20000bc4 <vect_CAN1+0x5c>)
20000b82:	2200      	movs	r2, #0
20000b84:	601a      	str	r2, [r3, #0]
20000b86:	4b10      	ldr	r3, [pc, #64]	@ (20000bc8 <vect_CAN1+0x60>)
20000b88:	685b      	ldr	r3, [r3, #4]
20000b8a:	2b00      	cmp	r3, #0
20000b8c:	d006      	beq.n	20000b9c <vect_CAN1+0x34>
20000b8e:	4b0e      	ldr	r3, [pc, #56]	@ (20000bc8 <vect_CAN1+0x60>)
20000b90:	685b      	ldr	r3, [r3, #4]
20000b92:	4a0e      	ldr	r2, [pc, #56]	@ (20000bcc <vect_CAN1+0x64>)
20000b94:	6852      	ldr	r2, [r2, #4]
20000b96:	2101      	movs	r1, #1
20000b98:	4610      	mov	r0, r2
20000b9a:	4798      	blx	r3
20000b9c:	4b08      	ldr	r3, [pc, #32]	@ (20000bc0 <vect_CAN1+0x58>)
20000b9e:	2200      	movs	r2, #0
20000ba0:	601a      	str	r2, [r3, #0]
20000ba2:	4b08      	ldr	r3, [pc, #32]	@ (20000bc4 <vect_CAN1+0x5c>)
20000ba4:	681b      	ldr	r3, [r3, #0]
20000ba6:	2b00      	cmp	r3, #0
20000ba8:	d001      	beq.n	20000bae <vect_CAN1+0x46>
20000baa:	f000 fa23 	bl	20000ff4 <schedule>
20000bae:	4b05      	ldr	r3, [pc, #20]	@ (20000bc4 <vect_CAN1+0x5c>)
20000bb0:	2200      	movs	r2, #0
20000bb2:	601a      	str	r2, [r3, #0]
20000bb4:	bd80      	pop	{r7, pc}
20000bb6:	bf00      	nop
20000bb8:	40000c00 	.word	0x40000c00
20000bbc:	2001234c 	.word	0x2001234c
20000bc0:	20012344 	.word	0x20012344
20000bc4:	20012348 	.word	0x20012348
20000bc8:	20012358 	.word	0x20012358
20000bcc:	20012364 	.word	0x20012364

20000bd0 <vect_EXTI9_5>:
20000bd0:	b580      	push	{r7, lr}
20000bd2:	af00      	add	r7, sp, #0
20000bd4:	4812      	ldr	r0, [pc, #72]	@ (20000c20 <vect_EXTI9_5+0x50>)
20000bd6:	f004 f9d6 	bl	20004f86 <TIM_GetCounter>
20000bda:	4603      	mov	r3, r0
20000bdc:	461a      	mov	r2, r3
20000bde:	4b11      	ldr	r3, [pc, #68]	@ (20000c24 <vect_EXTI9_5+0x54>)
20000be0:	601a      	str	r2, [r3, #0]
20000be2:	4b11      	ldr	r3, [pc, #68]	@ (20000c28 <vect_EXTI9_5+0x58>)
20000be4:	2201      	movs	r2, #1
20000be6:	601a      	str	r2, [r3, #0]
20000be8:	4b10      	ldr	r3, [pc, #64]	@ (20000c2c <vect_EXTI9_5+0x5c>)
20000bea:	2200      	movs	r2, #0
20000bec:	601a      	str	r2, [r3, #0]
20000bee:	4b10      	ldr	r3, [pc, #64]	@ (20000c30 <vect_EXTI9_5+0x60>)
20000bf0:	689b      	ldr	r3, [r3, #8]
20000bf2:	2b00      	cmp	r3, #0
20000bf4:	d006      	beq.n	20000c04 <vect_EXTI9_5+0x34>
20000bf6:	4b0e      	ldr	r3, [pc, #56]	@ (20000c30 <vect_EXTI9_5+0x60>)
20000bf8:	689b      	ldr	r3, [r3, #8]
20000bfa:	4a0e      	ldr	r2, [pc, #56]	@ (20000c34 <vect_EXTI9_5+0x64>)
20000bfc:	6892      	ldr	r2, [r2, #8]
20000bfe:	2102      	movs	r1, #2
20000c00:	4610      	mov	r0, r2
20000c02:	4798      	blx	r3
20000c04:	4b08      	ldr	r3, [pc, #32]	@ (20000c28 <vect_EXTI9_5+0x58>)
20000c06:	2200      	movs	r2, #0
20000c08:	601a      	str	r2, [r3, #0]
20000c0a:	4b08      	ldr	r3, [pc, #32]	@ (20000c2c <vect_EXTI9_5+0x5c>)
20000c0c:	681b      	ldr	r3, [r3, #0]
20000c0e:	2b00      	cmp	r3, #0
20000c10:	d001      	beq.n	20000c16 <vect_EXTI9_5+0x46>
20000c12:	f000 f9ef 	bl	20000ff4 <schedule>
20000c16:	4b05      	ldr	r3, [pc, #20]	@ (20000c2c <vect_EXTI9_5+0x5c>)
20000c18:	2200      	movs	r2, #0
20000c1a:	601a      	str	r2, [r3, #0]
20000c1c:	bd80      	pop	{r7, pc}
20000c1e:	bf00      	nop
20000c20:	40000c00 	.word	0x40000c00
20000c24:	2001234c 	.word	0x2001234c
20000c28:	20012344 	.word	0x20012344
20000c2c:	20012348 	.word	0x20012348
20000c30:	20012358 	.word	0x20012358
20000c34:	20012364 	.word	0x20012364

20000c38 <enqueueByDeadline>:
20000c38:	b480      	push	{r7}
20000c3a:	b085      	sub	sp, #20
20000c3c:	af00      	add	r7, sp, #0
20000c3e:	6078      	str	r0, [r7, #4]
20000c40:	6039      	str	r1, [r7, #0]
20000c42:	2300      	movs	r3, #0
20000c44:	60fb      	str	r3, [r7, #12]
20000c46:	683b      	ldr	r3, [r7, #0]
20000c48:	681b      	ldr	r3, [r3, #0]
20000c4a:	60bb      	str	r3, [r7, #8]
20000c4c:	e004      	b.n	20000c58 <enqueueByDeadline+0x20>
20000c4e:	68bb      	ldr	r3, [r7, #8]
20000c50:	60fb      	str	r3, [r7, #12]
20000c52:	68bb      	ldr	r3, [r7, #8]
20000c54:	681b      	ldr	r3, [r3, #0]
20000c56:	60bb      	str	r3, [r7, #8]
20000c58:	68bb      	ldr	r3, [r7, #8]
20000c5a:	2b00      	cmp	r3, #0
20000c5c:	d005      	beq.n	20000c6a <enqueueByDeadline+0x32>
20000c5e:	68bb      	ldr	r3, [r7, #8]
20000c60:	689a      	ldr	r2, [r3, #8]
20000c62:	687b      	ldr	r3, [r7, #4]
20000c64:	689b      	ldr	r3, [r3, #8]
20000c66:	429a      	cmp	r2, r3
20000c68:	ddf1      	ble.n	20000c4e <enqueueByDeadline+0x16>
20000c6a:	687b      	ldr	r3, [r7, #4]
20000c6c:	68ba      	ldr	r2, [r7, #8]
20000c6e:	601a      	str	r2, [r3, #0]
20000c70:	68fb      	ldr	r3, [r7, #12]
20000c72:	2b00      	cmp	r3, #0
20000c74:	d103      	bne.n	20000c7e <enqueueByDeadline+0x46>
20000c76:	683b      	ldr	r3, [r7, #0]
20000c78:	687a      	ldr	r2, [r7, #4]
20000c7a:	601a      	str	r2, [r3, #0]
20000c7c:	e002      	b.n	20000c84 <enqueueByDeadline+0x4c>
20000c7e:	68fb      	ldr	r3, [r7, #12]
20000c80:	687a      	ldr	r2, [r7, #4]
20000c82:	601a      	str	r2, [r3, #0]
20000c84:	bf00      	nop
20000c86:	3714      	adds	r7, #20
20000c88:	46bd      	mov	sp, r7
20000c8a:	bc80      	pop	{r7}
20000c8c:	4770      	bx	lr

20000c8e <enqueueByBaseline>:
20000c8e:	b480      	push	{r7}
20000c90:	b085      	sub	sp, #20
20000c92:	af00      	add	r7, sp, #0
20000c94:	6078      	str	r0, [r7, #4]
20000c96:	6039      	str	r1, [r7, #0]
20000c98:	2300      	movs	r3, #0
20000c9a:	60fb      	str	r3, [r7, #12]
20000c9c:	683b      	ldr	r3, [r7, #0]
20000c9e:	681b      	ldr	r3, [r3, #0]
20000ca0:	60bb      	str	r3, [r7, #8]
20000ca2:	e004      	b.n	20000cae <enqueueByBaseline+0x20>
20000ca4:	68bb      	ldr	r3, [r7, #8]
20000ca6:	60fb      	str	r3, [r7, #12]
20000ca8:	68bb      	ldr	r3, [r7, #8]
20000caa:	681b      	ldr	r3, [r3, #0]
20000cac:	60bb      	str	r3, [r7, #8]
20000cae:	68bb      	ldr	r3, [r7, #8]
20000cb0:	2b00      	cmp	r3, #0
20000cb2:	d005      	beq.n	20000cc0 <enqueueByBaseline+0x32>
20000cb4:	68bb      	ldr	r3, [r7, #8]
20000cb6:	685a      	ldr	r2, [r3, #4]
20000cb8:	687b      	ldr	r3, [r7, #4]
20000cba:	685b      	ldr	r3, [r3, #4]
20000cbc:	429a      	cmp	r2, r3
20000cbe:	ddf1      	ble.n	20000ca4 <enqueueByBaseline+0x16>
20000cc0:	687b      	ldr	r3, [r7, #4]
20000cc2:	68ba      	ldr	r2, [r7, #8]
20000cc4:	601a      	str	r2, [r3, #0]
20000cc6:	68fb      	ldr	r3, [r7, #12]
20000cc8:	2b00      	cmp	r3, #0
20000cca:	d103      	bne.n	20000cd4 <enqueueByBaseline+0x46>
20000ccc:	683b      	ldr	r3, [r7, #0]
20000cce:	687a      	ldr	r2, [r7, #4]
20000cd0:	601a      	str	r2, [r3, #0]
20000cd2:	e002      	b.n	20000cda <enqueueByBaseline+0x4c>
20000cd4:	68fb      	ldr	r3, [r7, #12]
20000cd6:	687a      	ldr	r2, [r7, #4]
20000cd8:	601a      	str	r2, [r3, #0]
20000cda:	bf00      	nop
20000cdc:	3714      	adds	r7, #20
20000cde:	46bd      	mov	sp, r7
20000ce0:	bc80      	pop	{r7}
20000ce2:	4770      	bx	lr

20000ce4 <dequeue>:
20000ce4:	b580      	push	{r7, lr}
20000ce6:	b084      	sub	sp, #16
20000ce8:	af00      	add	r7, sp, #0
20000cea:	6078      	str	r0, [r7, #4]
20000cec:	687b      	ldr	r3, [r7, #4]
20000cee:	681b      	ldr	r3, [r3, #0]
20000cf0:	60fb      	str	r3, [r7, #12]
20000cf2:	68fb      	ldr	r3, [r7, #12]
20000cf4:	2b00      	cmp	r3, #0
20000cf6:	d004      	beq.n	20000d02 <dequeue+0x1e>
20000cf8:	68fb      	ldr	r3, [r7, #12]
20000cfa:	681a      	ldr	r2, [r3, #0]
20000cfc:	687b      	ldr	r3, [r7, #4]
20000cfe:	601a      	str	r2, [r3, #0]
20000d00:	e00c      	b.n	20000d1c <dequeue+0x38>
20000d02:	4809      	ldr	r0, [pc, #36]	@ (20000d28 <dequeue+0x44>)
20000d04:	f7ff fd78 	bl	200007f8 <DUMP>
20000d08:	2200      	movs	r2, #0
20000d0a:	2102      	movs	r1, #2
20000d0c:	4807      	ldr	r0, [pc, #28]	@ (20000d2c <dequeue+0x48>)
20000d0e:	f003 f84f 	bl	20003db0 <GPIO_WriteBit>
20000d12:	4807      	ldr	r0, [pc, #28]	@ (20000d30 <dequeue+0x4c>)
20000d14:	f7ff fd70 	bl	200007f8 <DUMP>
20000d18:	bf30      	wfi
20000d1a:	e7fd      	b.n	20000d18 <dequeue+0x34>
20000d1c:	68fb      	ldr	r3, [r7, #12]
20000d1e:	4618      	mov	r0, r3
20000d20:	3710      	adds	r7, #16
20000d22:	46bd      	mov	sp, r7
20000d24:	bd80      	pop	{r7, pc}
20000d26:	bf00      	nop
20000d28:	20007ed0 	.word	0x20007ed0
20000d2c:	40020400 	.word	0x40020400
20000d30:	20007edc 	.word	0x20007edc

20000d34 <dequeue_pool>:
20000d34:	b580      	push	{r7, lr}
20000d36:	b084      	sub	sp, #16
20000d38:	af00      	add	r7, sp, #0
20000d3a:	6078      	str	r0, [r7, #4]
20000d3c:	687b      	ldr	r3, [r7, #4]
20000d3e:	681b      	ldr	r3, [r3, #0]
20000d40:	60fb      	str	r3, [r7, #12]
20000d42:	68fb      	ldr	r3, [r7, #12]
20000d44:	2b00      	cmp	r3, #0
20000d46:	d004      	beq.n	20000d52 <dequeue_pool+0x1e>
20000d48:	68fb      	ldr	r3, [r7, #12]
20000d4a:	681a      	ldr	r2, [r3, #0]
20000d4c:	687b      	ldr	r3, [r7, #4]
20000d4e:	601a      	str	r2, [r3, #0]
20000d50:	e00c      	b.n	20000d6c <dequeue_pool+0x38>
20000d52:	4809      	ldr	r0, [pc, #36]	@ (20000d78 <dequeue_pool+0x44>)
20000d54:	f7ff fd50 	bl	200007f8 <DUMP>
20000d58:	2200      	movs	r2, #0
20000d5a:	2102      	movs	r1, #2
20000d5c:	4807      	ldr	r0, [pc, #28]	@ (20000d7c <dequeue_pool+0x48>)
20000d5e:	f003 f827 	bl	20003db0 <GPIO_WriteBit>
20000d62:	4807      	ldr	r0, [pc, #28]	@ (20000d80 <dequeue_pool+0x4c>)
20000d64:	f7ff fd48 	bl	200007f8 <DUMP>
20000d68:	bf30      	wfi
20000d6a:	e7fd      	b.n	20000d68 <dequeue_pool+0x34>
20000d6c:	68fb      	ldr	r3, [r7, #12]
20000d6e:	4618      	mov	r0, r3
20000d70:	3710      	adds	r7, #16
20000d72:	46bd      	mov	sp, r7
20000d74:	bd80      	pop	{r7, pc}
20000d76:	bf00      	nop
20000d78:	20007ed0 	.word	0x20007ed0
20000d7c:	40020400 	.word	0x40020400
20000d80:	20007ee8 	.word	0x20007ee8

20000d84 <insert>:
20000d84:	b480      	push	{r7}
20000d86:	b083      	sub	sp, #12
20000d88:	af00      	add	r7, sp, #0
20000d8a:	6078      	str	r0, [r7, #4]
20000d8c:	6039      	str	r1, [r7, #0]
20000d8e:	683b      	ldr	r3, [r7, #0]
20000d90:	681a      	ldr	r2, [r3, #0]
20000d92:	687b      	ldr	r3, [r7, #4]
20000d94:	601a      	str	r2, [r3, #0]
20000d96:	683b      	ldr	r3, [r7, #0]
20000d98:	687a      	ldr	r2, [r7, #4]
20000d9a:	601a      	str	r2, [r3, #0]
20000d9c:	bf00      	nop
20000d9e:	370c      	adds	r7, #12
20000da0:	46bd      	mov	sp, r7
20000da2:	bc80      	pop	{r7}
20000da4:	4770      	bx	lr

20000da6 <push>:
20000da6:	b480      	push	{r7}
20000da8:	b083      	sub	sp, #12
20000daa:	af00      	add	r7, sp, #0
20000dac:	6078      	str	r0, [r7, #4]
20000dae:	6039      	str	r1, [r7, #0]
20000db0:	683b      	ldr	r3, [r7, #0]
20000db2:	681a      	ldr	r2, [r3, #0]
20000db4:	687b      	ldr	r3, [r7, #4]
20000db6:	609a      	str	r2, [r3, #8]
20000db8:	683b      	ldr	r3, [r7, #0]
20000dba:	687a      	ldr	r2, [r7, #4]
20000dbc:	601a      	str	r2, [r3, #0]
20000dbe:	bf00      	nop
20000dc0:	370c      	adds	r7, #12
20000dc2:	46bd      	mov	sp, r7
20000dc4:	bc80      	pop	{r7}
20000dc6:	4770      	bx	lr

20000dc8 <pop>:
20000dc8:	b480      	push	{r7}
20000dca:	b085      	sub	sp, #20
20000dcc:	af00      	add	r7, sp, #0
20000dce:	6078      	str	r0, [r7, #4]
20000dd0:	687b      	ldr	r3, [r7, #4]
20000dd2:	681b      	ldr	r3, [r3, #0]
20000dd4:	60fb      	str	r3, [r7, #12]
20000dd6:	68fb      	ldr	r3, [r7, #12]
20000dd8:	689a      	ldr	r2, [r3, #8]
20000dda:	687b      	ldr	r3, [r7, #4]
20000ddc:	601a      	str	r2, [r3, #0]
20000dde:	68fb      	ldr	r3, [r7, #12]
20000de0:	4618      	mov	r0, r3
20000de2:	3714      	adds	r7, #20
20000de4:	46bd      	mov	sp, r7
20000de6:	bc80      	pop	{r7}
20000de8:	4770      	bx	lr

20000dea <remove>:
20000dea:	b480      	push	{r7}
20000dec:	b085      	sub	sp, #20
20000dee:	af00      	add	r7, sp, #0
20000df0:	6078      	str	r0, [r7, #4]
20000df2:	6039      	str	r1, [r7, #0]
20000df4:	2300      	movs	r3, #0
20000df6:	60fb      	str	r3, [r7, #12]
20000df8:	683b      	ldr	r3, [r7, #0]
20000dfa:	681b      	ldr	r3, [r3, #0]
20000dfc:	60bb      	str	r3, [r7, #8]
20000dfe:	e004      	b.n	20000e0a <remove+0x20>
20000e00:	68bb      	ldr	r3, [r7, #8]
20000e02:	60fb      	str	r3, [r7, #12]
20000e04:	68bb      	ldr	r3, [r7, #8]
20000e06:	681b      	ldr	r3, [r3, #0]
20000e08:	60bb      	str	r3, [r7, #8]
20000e0a:	68bb      	ldr	r3, [r7, #8]
20000e0c:	2b00      	cmp	r3, #0
20000e0e:	d003      	beq.n	20000e18 <remove+0x2e>
20000e10:	68ba      	ldr	r2, [r7, #8]
20000e12:	687b      	ldr	r3, [r7, #4]
20000e14:	429a      	cmp	r2, r3
20000e16:	d1f3      	bne.n	20000e00 <remove+0x16>
20000e18:	68bb      	ldr	r3, [r7, #8]
20000e1a:	2b00      	cmp	r3, #0
20000e1c:	d00d      	beq.n	20000e3a <remove+0x50>
20000e1e:	68fb      	ldr	r3, [r7, #12]
20000e20:	2b00      	cmp	r3, #0
20000e22:	d004      	beq.n	20000e2e <remove+0x44>
20000e24:	68bb      	ldr	r3, [r7, #8]
20000e26:	681a      	ldr	r2, [r3, #0]
20000e28:	68fb      	ldr	r3, [r7, #12]
20000e2a:	601a      	str	r2, [r3, #0]
20000e2c:	e003      	b.n	20000e36 <remove+0x4c>
20000e2e:	68bb      	ldr	r3, [r7, #8]
20000e30:	681a      	ldr	r2, [r3, #0]
20000e32:	683b      	ldr	r3, [r7, #0]
20000e34:	601a      	str	r2, [r3, #0]
20000e36:	2301      	movs	r3, #1
20000e38:	e000      	b.n	20000e3c <remove+0x52>
20000e3a:	2300      	movs	r3, #0
20000e3c:	4618      	mov	r0, r3
20000e3e:	3714      	adds	r7, #20
20000e40:	46bd      	mov	sp, r7
20000e42:	bc80      	pop	{r7}
20000e44:	4770      	bx	lr

20000e46 <vect_TIM5>:
20000e46:	b580      	push	{r7, lr}
20000e48:	b082      	sub	sp, #8
20000e4a:	af00      	add	r7, sp, #0
20000e4c:	2102      	movs	r1, #2
20000e4e:	481e      	ldr	r0, [pc, #120]	@ (20000ec8 <vect_TIM5+0x82>)
20000e50:	f005 f96b 	bl	2000612a <TIM_ClearITPendingBit>
20000e54:	481c      	ldr	r0, [pc, #112]	@ (20000ec8 <vect_TIM5+0x82>)
20000e56:	f004 f896 	bl	20004f86 <TIM_GetCounter>
20000e5a:	4603      	mov	r3, r0
20000e5c:	607b      	str	r3, [r7, #4]
20000e5e:	e007      	b.n	20000e70 <vect_TIM5+0x2a>
20000e60:	481a      	ldr	r0, [pc, #104]	@ (20000ecc <vect_TIM5+0x86>)
20000e62:	f7ff ff3f 	bl	20000ce4 <dequeue>
20000e66:	4603      	mov	r3, r0
20000e68:	4919      	ldr	r1, [pc, #100]	@ (20000ed0 <vect_TIM5+0x8a>)
20000e6a:	4618      	mov	r0, r3
20000e6c:	f7ff fee4 	bl	20000c38 <enqueueByDeadline>
20000e70:	4b16      	ldr	r3, [pc, #88]	@ (20000ecc <vect_TIM5+0x86>)
20000e72:	681b      	ldr	r3, [r3, #0]
20000e74:	2b00      	cmp	r3, #0
20000e76:	d006      	beq.n	20000e86 <vect_TIM5+0x40>
20000e78:	4b14      	ldr	r3, [pc, #80]	@ (20000ecc <vect_TIM5+0x86>)
20000e7a:	681b      	ldr	r3, [r3, #0]
20000e7c:	685a      	ldr	r2, [r3, #4]
20000e7e:	687b      	ldr	r3, [r7, #4]
20000e80:	1ad3      	subs	r3, r2, r3
20000e82:	2b00      	cmp	r3, #0
20000e84:	ddec      	ble.n	20000e60 <vect_TIM5+0x1a>
20000e86:	4b11      	ldr	r3, [pc, #68]	@ (20000ecc <vect_TIM5+0x86>)
20000e88:	681b      	ldr	r3, [r3, #0]
20000e8a:	2b00      	cmp	r3, #0
20000e8c:	d016      	beq.n	20000ebc <vect_TIM5+0x76>
20000e8e:	480e      	ldr	r0, [pc, #56]	@ (20000ec8 <vect_TIM5+0x82>)
20000e90:	f004 f879 	bl	20004f86 <TIM_GetCounter>
20000e94:	4603      	mov	r3, r0
20000e96:	603b      	str	r3, [r7, #0]
20000e98:	4b0c      	ldr	r3, [pc, #48]	@ (20000ecc <vect_TIM5+0x86>)
20000e9a:	681b      	ldr	r3, [r3, #0]
20000e9c:	685b      	ldr	r3, [r3, #4]
20000e9e:	683a      	ldr	r2, [r7, #0]
20000ea0:	429a      	cmp	r2, r3
20000ea2:	dd04      	ble.n	20000eae <vect_TIM5+0x68>
20000ea4:	2200      	movs	r2, #0
20000ea6:	2102      	movs	r1, #2
20000ea8:	480a      	ldr	r0, [pc, #40]	@ (20000ed4 <vect_TIM5+0x8e>)
20000eaa:	f002 ff81 	bl	20003db0 <GPIO_WriteBit>
20000eae:	4b07      	ldr	r3, [pc, #28]	@ (20000ecc <vect_TIM5+0x86>)
20000eb0:	681b      	ldr	r3, [r3, #0]
20000eb2:	685b      	ldr	r3, [r3, #4]
20000eb4:	4619      	mov	r1, r3
20000eb6:	4804      	ldr	r0, [pc, #16]	@ (20000ec8 <vect_TIM5+0x82>)
20000eb8:	f004 fb97 	bl	200055ea <TIM_SetCompare1>
20000ebc:	f000 f89a 	bl	20000ff4 <schedule>
20000ec0:	bf00      	nop
20000ec2:	3708      	adds	r7, #8
20000ec4:	46bd      	mov	sp, r7
20000ec6:	bd80      	pop	{r7, pc}
20000ec8:	40000c00 	.word	0x40000c00
20000ecc:	20012340 	.word	0x20012340
20000ed0:	2001233c 	.word	0x2001233c
20000ed4:	40020400 	.word	0x40020400

20000ed8 <__svc_dispatch>:
20000ed8:	4603      	mov	r3, r0
20000eda:	4a02      	ldr	r2, [pc, #8]	@ (20000ee4 <__svc_dispatch+0xc>)
20000edc:	6013      	str	r3, [r2, #0]
20000ede:	df10      	svc	16
20000ee0:	46f7      	mov	pc, lr
20000ee2:	bf00      	nop
20000ee4:	20012354 	.word	0x20012354

20000ee8 <__pendSV_dispatch>:
20000ee8:	4603      	mov	r3, r0
20000eea:	4a05      	ldr	r2, [pc, #20]	@ (20000f00 <__pendSV_dispatch+0x18>)
20000eec:	6013      	str	r3, [r2, #0]
20000eee:	4b05      	ldr	r3, [pc, #20]	@ (20000f04 <__pendSV_dispatch+0x1c>)
20000ef0:	685b      	ldr	r3, [r3, #4]
20000ef2:	4a04      	ldr	r2, [pc, #16]	@ (20000f04 <__pendSV_dispatch+0x1c>)
20000ef4:	f043 5380 	orr.w	r3, r3, #268435456	@ 0x10000000
20000ef8:	6053      	str	r3, [r2, #4]
20000efa:	46f7      	mov	pc, lr
20000efc:	bf00      	nop
20000efe:	bf00      	nop
20000f00:	20012354 	.word	0x20012354
20000f04:	e000ed00 	.word	0xe000ed00

20000f08 <dispatch>:
20000f08:	b580      	push	{r7, lr}
20000f0a:	b082      	sub	sp, #8
20000f0c:	af00      	add	r7, sp, #0
20000f0e:	6078      	str	r0, [r7, #4]
20000f10:	4b09      	ldr	r3, [pc, #36]	@ (20000f38 <dispatch+0x30>)
20000f12:	685b      	ldr	r3, [r3, #4]
20000f14:	f3c3 0308 	ubfx	r3, r3, #0, #9
20000f18:	2b00      	cmp	r3, #0
20000f1a:	d103      	bne.n	20000f24 <dispatch+0x1c>
20000f1c:	6878      	ldr	r0, [r7, #4]
20000f1e:	f7ff ffdb 	bl	20000ed8 <__svc_dispatch>
20000f22:	e002      	b.n	20000f2a <dispatch+0x22>
20000f24:	6878      	ldr	r0, [r7, #4]
20000f26:	f7ff ffdf 	bl	20000ee8 <__pendSV_dispatch>
20000f2a:	f7ff fd11 	bl	20000950 <cli>
20000f2e:	bf00      	nop
20000f30:	3708      	adds	r7, #8
20000f32:	46bd      	mov	sp, r7
20000f34:	bd80      	pop	{r7, pc}
20000f36:	bf00      	nop
20000f38:	e000ed00 	.word	0xe000ed00

20000f3c <run>:
20000f3c:	b590      	push	{r4, r7, lr}
20000f3e:	b085      	sub	sp, #20
20000f40:	af00      	add	r7, sp, #0
20000f42:	4b23      	ldr	r3, [pc, #140]	@ (20000fd0 <run+0x94>)
20000f44:	681c      	ldr	r4, [r3, #0]
20000f46:	4823      	ldr	r0, [pc, #140]	@ (20000fd4 <run+0x98>)
20000f48:	f7ff fecc 	bl	20000ce4 <dequeue>
20000f4c:	4603      	mov	r3, r0
20000f4e:	60e3      	str	r3, [r4, #12]
20000f50:	68e3      	ldr	r3, [r4, #12]
20000f52:	60bb      	str	r3, [r7, #8]
20000f54:	f7ff fcfc 	bl	20000950 <cli>
20000f58:	68bb      	ldr	r3, [r7, #8]
20000f5a:	68d8      	ldr	r0, [r3, #12]
20000f5c:	68bb      	ldr	r3, [r7, #8]
20000f5e:	6919      	ldr	r1, [r3, #16]
20000f60:	68bb      	ldr	r3, [r7, #8]
20000f62:	695b      	ldr	r3, [r3, #20]
20000f64:	461a      	mov	r2, r3
20000f66:	f000 f915 	bl	20001194 <sync>
20000f6a:	f7ff fce3 	bl	20000934 <sei>
20000f6e:	491a      	ldr	r1, [pc, #104]	@ (20000fd8 <run+0x9c>)
20000f70:	68b8      	ldr	r0, [r7, #8]
20000f72:	f7ff ff07 	bl	20000d84 <insert>
20000f76:	4b19      	ldr	r3, [pc, #100]	@ (20000fdc <run+0xa0>)
20000f78:	681b      	ldr	r3, [r3, #0]
20000f7a:	689b      	ldr	r3, [r3, #8]
20000f7c:	68db      	ldr	r3, [r3, #12]
20000f7e:	607b      	str	r3, [r7, #4]
20000f80:	4b14      	ldr	r3, [pc, #80]	@ (20000fd4 <run+0x98>)
20000f82:	681b      	ldr	r3, [r3, #0]
20000f84:	2b00      	cmp	r3, #0
20000f86:	d00a      	beq.n	20000f9e <run+0x62>
20000f88:	687b      	ldr	r3, [r7, #4]
20000f8a:	2b00      	cmp	r3, #0
20000f8c:	d0d9      	beq.n	20000f42 <run+0x6>
20000f8e:	4b11      	ldr	r3, [pc, #68]	@ (20000fd4 <run+0x98>)
20000f90:	681b      	ldr	r3, [r3, #0]
20000f92:	689a      	ldr	r2, [r3, #8]
20000f94:	687b      	ldr	r3, [r7, #4]
20000f96:	689b      	ldr	r3, [r3, #8]
20000f98:	1ad3      	subs	r3, r2, r3
20000f9a:	2b00      	cmp	r3, #0
20000f9c:	ddd1      	ble.n	20000f42 <run+0x6>
20000f9e:	480f      	ldr	r0, [pc, #60]	@ (20000fdc <run+0xa0>)
20000fa0:	f7ff ff12 	bl	20000dc8 <pop>
20000fa4:	4603      	mov	r3, r0
20000fa6:	490e      	ldr	r1, [pc, #56]	@ (20000fe0 <run+0xa4>)
20000fa8:	4618      	mov	r0, r3
20000faa:	f7ff fefc 	bl	20000da6 <push>
20000fae:	4b0b      	ldr	r3, [pc, #44]	@ (20000fdc <run+0xa0>)
20000fb0:	681b      	ldr	r3, [r3, #0]
20000fb2:	60fb      	str	r3, [r7, #12]
20000fb4:	e003      	b.n	20000fbe <run+0x82>
20000fb6:	68fb      	ldr	r3, [r7, #12]
20000fb8:	691b      	ldr	r3, [r3, #16]
20000fba:	681b      	ldr	r3, [r3, #0]
20000fbc:	60fb      	str	r3, [r7, #12]
20000fbe:	68fb      	ldr	r3, [r7, #12]
20000fc0:	691b      	ldr	r3, [r3, #16]
20000fc2:	2b00      	cmp	r3, #0
20000fc4:	d1f7      	bne.n	20000fb6 <run+0x7a>
20000fc6:	68f8      	ldr	r0, [r7, #12]
20000fc8:	f7ff ff9e 	bl	20000f08 <dispatch>
20000fcc:	e7b9      	b.n	20000f42 <run+0x6>
20000fce:	bf00      	nop
20000fd0:	200095ec 	.word	0x200095ec
20000fd4:	2001233c 	.word	0x2001233c
20000fd8:	200095e0 	.word	0x200095e0
20000fdc:	200095e8 	.word	0x200095e8
20000fe0:	200095e4 	.word	0x200095e4

20000fe4 <idle>:
20000fe4:	b580      	push	{r7, lr}
20000fe6:	af00      	add	r7, sp, #0
20000fe8:	f000 f804 	bl	20000ff4 <schedule>
20000fec:	f7ff fcb0 	bl	20000950 <cli>
20000ff0:	bf30      	wfi
20000ff2:	e7fb      	b.n	20000fec <idle+0x8>

20000ff4 <schedule>:
20000ff4:	b580      	push	{r7, lr}
20000ff6:	b082      	sub	sp, #8
20000ff8:	af00      	add	r7, sp, #0
20000ffa:	4b14      	ldr	r3, [pc, #80]	@ (2000104c <schedule+0x58>)
20000ffc:	681b      	ldr	r3, [r3, #0]
20000ffe:	68db      	ldr	r3, [r3, #12]
20001000:	607b      	str	r3, [r7, #4]
20001002:	4b13      	ldr	r3, [pc, #76]	@ (20001050 <schedule+0x5c>)
20001004:	681b      	ldr	r3, [r3, #0]
20001006:	2b00      	cmp	r3, #0
20001008:	d01b      	beq.n	20001042 <schedule+0x4e>
2000100a:	4b12      	ldr	r3, [pc, #72]	@ (20001054 <schedule+0x60>)
2000100c:	681b      	ldr	r3, [r3, #0]
2000100e:	2b00      	cmp	r3, #0
20001010:	d017      	beq.n	20001042 <schedule+0x4e>
20001012:	687b      	ldr	r3, [r7, #4]
20001014:	2b00      	cmp	r3, #0
20001016:	d007      	beq.n	20001028 <schedule+0x34>
20001018:	4b0d      	ldr	r3, [pc, #52]	@ (20001050 <schedule+0x5c>)
2000101a:	681b      	ldr	r3, [r3, #0]
2000101c:	689a      	ldr	r2, [r3, #8]
2000101e:	687b      	ldr	r3, [r7, #4]
20001020:	689b      	ldr	r3, [r3, #8]
20001022:	1ad3      	subs	r3, r2, r3
20001024:	2b00      	cmp	r3, #0
20001026:	da0c      	bge.n	20001042 <schedule+0x4e>
20001028:	480a      	ldr	r0, [pc, #40]	@ (20001054 <schedule+0x60>)
2000102a:	f7ff fecd 	bl	20000dc8 <pop>
2000102e:	4603      	mov	r3, r0
20001030:	4906      	ldr	r1, [pc, #24]	@ (2000104c <schedule+0x58>)
20001032:	4618      	mov	r0, r3
20001034:	f7ff feb7 	bl	20000da6 <push>
20001038:	4b04      	ldr	r3, [pc, #16]	@ (2000104c <schedule+0x58>)
2000103a:	681b      	ldr	r3, [r3, #0]
2000103c:	4618      	mov	r0, r3
2000103e:	f7ff ff63 	bl	20000f08 <dispatch>
20001042:	bf00      	nop
20001044:	3708      	adds	r7, #8
20001046:	46bd      	mov	sp, r7
20001048:	bd80      	pop	{r7, pc}
2000104a:	bf00      	nop
2000104c:	200095e8 	.word	0x200095e8
20001050:	2001233c 	.word	0x2001233c
20001054:	200095e4 	.word	0x200095e4

20001058 <async>:
20001058:	b580      	push	{r7, lr}
2000105a:	b088      	sub	sp, #32
2000105c:	af00      	add	r7, sp, #0
2000105e:	60f8      	str	r0, [r7, #12]
20001060:	60b9      	str	r1, [r7, #8]
20001062:	607a      	str	r2, [r7, #4]
20001064:	603b      	str	r3, [r7, #0]
20001066:	f3ef 8312 	mrs	r3, BASEPRI_MAX
2000106a:	613b      	str	r3, [r7, #16]
2000106c:	693b      	ldr	r3, [r7, #16]
2000106e:	091b      	lsrs	r3, r3, #4
20001070:	2b01      	cmp	r3, #1
20001072:	bf14      	ite	ne
20001074:	2301      	movne	r3, #1
20001076:	2300      	moveq	r3, #0
20001078:	b2db      	uxtb	r3, r3
2000107a:	77fb      	strb	r3, [r7, #31]
2000107c:	f7ff fc5a 	bl	20000934 <sei>
20001080:	483a      	ldr	r0, [pc, #232]	@ (2000116c <async+0x114>)
20001082:	f7ff fe57 	bl	20000d34 <dequeue_pool>
20001086:	61b8      	str	r0, [r7, #24]
20001088:	69bb      	ldr	r3, [r7, #24]
2000108a:	687a      	ldr	r2, [r7, #4]
2000108c:	60da      	str	r2, [r3, #12]
2000108e:	69bb      	ldr	r3, [r7, #24]
20001090:	683a      	ldr	r2, [r7, #0]
20001092:	611a      	str	r2, [r3, #16]
20001094:	69bb      	ldr	r3, [r7, #24]
20001096:	6aba      	ldr	r2, [r7, #40]	@ 0x28
20001098:	615a      	str	r2, [r3, #20]
2000109a:	4b35      	ldr	r3, [pc, #212]	@ (20001170 <async+0x118>)
2000109c:	681b      	ldr	r3, [r3, #0]
2000109e:	2b00      	cmp	r3, #0
200010a0:	d104      	bne.n	200010ac <async+0x54>
200010a2:	4b34      	ldr	r3, [pc, #208]	@ (20001174 <async+0x11c>)
200010a4:	681b      	ldr	r3, [r3, #0]
200010a6:	68db      	ldr	r3, [r3, #12]
200010a8:	685b      	ldr	r3, [r3, #4]
200010aa:	e001      	b.n	200010b0 <async+0x58>
200010ac:	4b32      	ldr	r3, [pc, #200]	@ (20001178 <async+0x120>)
200010ae:	681b      	ldr	r3, [r3, #0]
200010b0:	68fa      	ldr	r2, [r7, #12]
200010b2:	441a      	add	r2, r3
200010b4:	69bb      	ldr	r3, [r7, #24]
200010b6:	605a      	str	r2, [r3, #4]
200010b8:	69bb      	ldr	r3, [r7, #24]
200010ba:	685a      	ldr	r2, [r3, #4]
200010bc:	68bb      	ldr	r3, [r7, #8]
200010be:	2b00      	cmp	r3, #0
200010c0:	dd01      	ble.n	200010c6 <async+0x6e>
200010c2:	68bb      	ldr	r3, [r7, #8]
200010c4:	e001      	b.n	200010ca <async+0x72>
200010c6:	f06f 4300 	mvn.w	r3, #2147483648	@ 0x80000000
200010ca:	441a      	add	r2, r3
200010cc:	69bb      	ldr	r3, [r7, #24]
200010ce:	609a      	str	r2, [r3, #8]
200010d0:	482a      	ldr	r0, [pc, #168]	@ (2000117c <async+0x124>)
200010d2:	f003 ff58 	bl	20004f86 <TIM_GetCounter>
200010d6:	4603      	mov	r3, r0
200010d8:	617b      	str	r3, [r7, #20]
200010da:	69bb      	ldr	r3, [r7, #24]
200010dc:	685a      	ldr	r2, [r3, #4]
200010de:	697b      	ldr	r3, [r7, #20]
200010e0:	1ad3      	subs	r3, r2, r3
200010e2:	2b00      	cmp	r3, #0
200010e4:	dd16      	ble.n	20001114 <async+0xbc>
200010e6:	4926      	ldr	r1, [pc, #152]	@ (20001180 <async+0x128>)
200010e8:	69b8      	ldr	r0, [r7, #24]
200010ea:	f7ff fdd0 	bl	20000c8e <enqueueByBaseline>
200010ee:	4b24      	ldr	r3, [pc, #144]	@ (20001180 <async+0x128>)
200010f0:	681b      	ldr	r3, [r3, #0]
200010f2:	685b      	ldr	r3, [r3, #4]
200010f4:	697a      	ldr	r2, [r7, #20]
200010f6:	429a      	cmp	r2, r3
200010f8:	dd04      	ble.n	20001104 <async+0xac>
200010fa:	2200      	movs	r2, #0
200010fc:	2102      	movs	r1, #2
200010fe:	4821      	ldr	r0, [pc, #132]	@ (20001184 <async+0x12c>)
20001100:	f002 fe56 	bl	20003db0 <GPIO_WriteBit>
20001104:	4b1e      	ldr	r3, [pc, #120]	@ (20001180 <async+0x128>)
20001106:	681b      	ldr	r3, [r3, #0]
20001108:	685b      	ldr	r3, [r3, #4]
2000110a:	4619      	mov	r1, r3
2000110c:	481b      	ldr	r0, [pc, #108]	@ (2000117c <async+0x124>)
2000110e:	f004 fa6c 	bl	200055ea <TIM_SetCompare1>
20001112:	e021      	b.n	20001158 <async+0x100>
20001114:	491c      	ldr	r1, [pc, #112]	@ (20001188 <async+0x130>)
20001116:	69b8      	ldr	r0, [r7, #24]
20001118:	f7ff fd8e 	bl	20000c38 <enqueueByDeadline>
2000111c:	7ffb      	ldrb	r3, [r7, #31]
2000111e:	2b00      	cmp	r3, #0
20001120:	d01a      	beq.n	20001158 <async+0x100>
20001122:	4b1a      	ldr	r3, [pc, #104]	@ (2000118c <async+0x134>)
20001124:	681b      	ldr	r3, [r3, #0]
20001126:	2b00      	cmp	r3, #0
20001128:	d016      	beq.n	20001158 <async+0x100>
2000112a:	4b17      	ldr	r3, [pc, #92]	@ (20001188 <async+0x130>)
2000112c:	681b      	ldr	r3, [r3, #0]
2000112e:	689a      	ldr	r2, [r3, #8]
20001130:	4b17      	ldr	r3, [pc, #92]	@ (20001190 <async+0x138>)
20001132:	681b      	ldr	r3, [r3, #0]
20001134:	68db      	ldr	r3, [r3, #12]
20001136:	689b      	ldr	r3, [r3, #8]
20001138:	1ad3      	subs	r3, r2, r3
2000113a:	2b00      	cmp	r3, #0
2000113c:	da0c      	bge.n	20001158 <async+0x100>
2000113e:	4813      	ldr	r0, [pc, #76]	@ (2000118c <async+0x134>)
20001140:	f7ff fe42 	bl	20000dc8 <pop>
20001144:	4603      	mov	r3, r0
20001146:	4912      	ldr	r1, [pc, #72]	@ (20001190 <async+0x138>)
20001148:	4618      	mov	r0, r3
2000114a:	f7ff fe2c 	bl	20000da6 <push>
2000114e:	4b10      	ldr	r3, [pc, #64]	@ (20001190 <async+0x138>)
20001150:	681b      	ldr	r3, [r3, #0]
20001152:	4618      	mov	r0, r3
20001154:	f7ff fed8 	bl	20000f08 <dispatch>
20001158:	7ffb      	ldrb	r3, [r7, #31]
2000115a:	2b00      	cmp	r3, #0
2000115c:	d001      	beq.n	20001162 <async+0x10a>
2000115e:	f7ff fbf7 	bl	20000950 <cli>
20001162:	69bb      	ldr	r3, [r7, #24]
20001164:	4618      	mov	r0, r3
20001166:	3720      	adds	r7, #32
20001168:	46bd      	mov	sp, r7
2000116a:	bd80      	pop	{r7, pc}
2000116c:	200095e0 	.word	0x200095e0
20001170:	20012344 	.word	0x20012344
20001174:	200095ec 	.word	0x200095ec
20001178:	2001234c 	.word	0x2001234c
2000117c:	40000c00 	.word	0x40000c00
20001180:	20012340 	.word	0x20012340
20001184:	40020400 	.word	0x40020400
20001188:	2001233c 	.word	0x2001233c
2000118c:	200095e4 	.word	0x200095e4
20001190:	200095e8 	.word	0x200095e8

20001194 <sync>:
20001194:	b580      	push	{r7, lr}
20001196:	b088      	sub	sp, #32
20001198:	af00      	add	r7, sp, #0
2000119a:	60f8      	str	r0, [r7, #12]
2000119c:	60b9      	str	r1, [r7, #8]
2000119e:	607a      	str	r2, [r7, #4]
200011a0:	f3ef 8312 	mrs	r3, BASEPRI_MAX
200011a4:	613b      	str	r3, [r7, #16]
200011a6:	693b      	ldr	r3, [r7, #16]
200011a8:	091b      	lsrs	r3, r3, #4
200011aa:	2b01      	cmp	r3, #1
200011ac:	bf14      	ite	ne
200011ae:	2301      	movne	r3, #1
200011b0:	2300      	moveq	r3, #0
200011b2:	b2db      	uxtb	r3, r3
200011b4:	76fb      	strb	r3, [r7, #27]
200011b6:	f7ff fbbd 	bl	20000934 <sei>
200011ba:	68fb      	ldr	r3, [r7, #12]
200011bc:	681b      	ldr	r3, [r3, #0]
200011be:	61fb      	str	r3, [r7, #28]
200011c0:	69fb      	ldr	r3, [r7, #28]
200011c2:	2b00      	cmp	r3, #0
200011c4:	d037      	beq.n	20001236 <sync+0xa2>
200011c6:	e003      	b.n	200011d0 <sync+0x3c>
200011c8:	69fb      	ldr	r3, [r7, #28]
200011ca:	691b      	ldr	r3, [r3, #16]
200011cc:	681b      	ldr	r3, [r3, #0]
200011ce:	61fb      	str	r3, [r7, #28]
200011d0:	69fb      	ldr	r3, [r7, #28]
200011d2:	691b      	ldr	r3, [r3, #16]
200011d4:	2b00      	cmp	r3, #0
200011d6:	d1f7      	bne.n	200011c8 <sync+0x34>
200011d8:	4b30      	ldr	r3, [pc, #192]	@ (2000129c <sync+0x108>)
200011da:	681b      	ldr	r3, [r3, #0]
200011dc:	69fa      	ldr	r2, [r7, #28]
200011de:	429a      	cmp	r2, r3
200011e0:	d002      	beq.n	200011e8 <sync+0x54>
200011e2:	7efb      	ldrb	r3, [r7, #27]
200011e4:	2b00      	cmp	r3, #0
200011e6:	d107      	bne.n	200011f8 <sync+0x64>
200011e8:	7efb      	ldrb	r3, [r7, #27]
200011ea:	2b00      	cmp	r3, #0
200011ec:	d001      	beq.n	200011f2 <sync+0x5e>
200011ee:	f7ff fbaf 	bl	20000950 <cli>
200011f2:	f04f 33ff 	mov.w	r3, #4294967295	@ 0xffffffff
200011f6:	e04d      	b.n	20001294 <sync+0x100>
200011f8:	68fb      	ldr	r3, [r7, #12]
200011fa:	685b      	ldr	r3, [r3, #4]
200011fc:	2b00      	cmp	r3, #0
200011fe:	d003      	beq.n	20001208 <sync+0x74>
20001200:	68fb      	ldr	r3, [r7, #12]
20001202:	685b      	ldr	r3, [r3, #4]
20001204:	2200      	movs	r2, #0
20001206:	611a      	str	r2, [r3, #16]
20001208:	4b24      	ldr	r3, [pc, #144]	@ (2000129c <sync+0x108>)
2000120a:	681a      	ldr	r2, [r3, #0]
2000120c:	68fb      	ldr	r3, [r7, #12]
2000120e:	605a      	str	r2, [r3, #4]
20001210:	4b22      	ldr	r3, [pc, #136]	@ (2000129c <sync+0x108>)
20001212:	681b      	ldr	r3, [r3, #0]
20001214:	68fa      	ldr	r2, [r7, #12]
20001216:	611a      	str	r2, [r3, #16]
20001218:	69f8      	ldr	r0, [r7, #28]
2000121a:	f7ff fe75 	bl	20000f08 <dispatch>
2000121e:	4b1f      	ldr	r3, [pc, #124]	@ (2000129c <sync+0x108>)
20001220:	681b      	ldr	r3, [r3, #0]
20001222:	68db      	ldr	r3, [r3, #12]
20001224:	2b00      	cmp	r3, #0
20001226:	d106      	bne.n	20001236 <sync+0xa2>
20001228:	7efb      	ldrb	r3, [r7, #27]
2000122a:	2b00      	cmp	r3, #0
2000122c:	d001      	beq.n	20001232 <sync+0x9e>
2000122e:	f7ff fb8f 	bl	20000950 <cli>
20001232:	2300      	movs	r3, #0
20001234:	e02e      	b.n	20001294 <sync+0x100>
20001236:	4b19      	ldr	r3, [pc, #100]	@ (2000129c <sync+0x108>)
20001238:	681a      	ldr	r2, [r3, #0]
2000123a:	68fb      	ldr	r3, [r7, #12]
2000123c:	601a      	str	r2, [r3, #0]
2000123e:	7efb      	ldrb	r3, [r7, #27]
20001240:	2b00      	cmp	r3, #0
20001242:	d005      	beq.n	20001250 <sync+0xbc>
20001244:	68fb      	ldr	r3, [r7, #12]
20001246:	685b      	ldr	r3, [r3, #4]
20001248:	2b01      	cmp	r3, #1
2000124a:	d001      	beq.n	20001250 <sync+0xbc>
2000124c:	f7ff fb80 	bl	20000950 <cli>
20001250:	68bb      	ldr	r3, [r7, #8]
20001252:	6879      	ldr	r1, [r7, #4]
20001254:	68f8      	ldr	r0, [r7, #12]
20001256:	4798      	blx	r3
20001258:	6178      	str	r0, [r7, #20]
2000125a:	f7ff fb6b 	bl	20000934 <sei>
2000125e:	68fb      	ldr	r3, [r7, #12]
20001260:	2200      	movs	r2, #0
20001262:	601a      	str	r2, [r3, #0]
20001264:	68fb      	ldr	r3, [r7, #12]
20001266:	685b      	ldr	r3, [r3, #4]
20001268:	61fb      	str	r3, [r7, #28]
2000126a:	69fb      	ldr	r3, [r7, #28]
2000126c:	2b00      	cmp	r3, #0
2000126e:	d00b      	beq.n	20001288 <sync+0xf4>
20001270:	69fb      	ldr	r3, [r7, #28]
20001272:	2b01      	cmp	r3, #1
20001274:	d008      	beq.n	20001288 <sync+0xf4>
20001276:	68fb      	ldr	r3, [r7, #12]
20001278:	2200      	movs	r2, #0
2000127a:	605a      	str	r2, [r3, #4]
2000127c:	69fb      	ldr	r3, [r7, #28]
2000127e:	2200      	movs	r2, #0
20001280:	611a      	str	r2, [r3, #16]
20001282:	69f8      	ldr	r0, [r7, #28]
20001284:	f7ff fe40 	bl	20000f08 <dispatch>
20001288:	7efb      	ldrb	r3, [r7, #27]
2000128a:	2b00      	cmp	r3, #0
2000128c:	d001      	beq.n	20001292 <sync+0xfe>
2000128e:	f7ff fb5f 	bl	20000950 <cli>
20001292:	697b      	ldr	r3, [r7, #20]
20001294:	4618      	mov	r0, r3
20001296:	3720      	adds	r7, #32
20001298:	46bd      	mov	sp, r7
2000129a:	bd80      	pop	{r7, pc}
2000129c:	200095ec 	.word	0x200095ec

200012a0 <ABORT>:
200012a0:	b580      	push	{r7, lr}
200012a2:	b086      	sub	sp, #24
200012a4:	af00      	add	r7, sp, #0
200012a6:	6078      	str	r0, [r7, #4]
200012a8:	f3ef 8312 	mrs	r3, BASEPRI_MAX
200012ac:	60fb      	str	r3, [r7, #12]
200012ae:	68fb      	ldr	r3, [r7, #12]
200012b0:	091b      	lsrs	r3, r3, #4
200012b2:	2b01      	cmp	r3, #1
200012b4:	bf14      	ite	ne
200012b6:	2301      	movne	r3, #1
200012b8:	2300      	moveq	r3, #0
200012ba:	b2db      	uxtb	r3, r3
200012bc:	74fb      	strb	r3, [r7, #19]
200012be:	f7ff fb39 	bl	20000934 <sei>
200012c2:	491f      	ldr	r1, [pc, #124]	@ (20001340 <ABORT+0xa0>)
200012c4:	6878      	ldr	r0, [r7, #4]
200012c6:	f7ff fd90 	bl	20000dea <remove>
200012ca:	4603      	mov	r3, r0
200012cc:	2b00      	cmp	r3, #0
200012ce:	d106      	bne.n	200012de <ABORT+0x3e>
200012d0:	491c      	ldr	r1, [pc, #112]	@ (20001344 <ABORT+0xa4>)
200012d2:	6878      	ldr	r0, [r7, #4]
200012d4:	f7ff fd89 	bl	20000dea <remove>
200012d8:	4603      	mov	r3, r0
200012da:	2b00      	cmp	r3, #0
200012dc:	d004      	beq.n	200012e8 <ABORT+0x48>
200012de:	491a      	ldr	r1, [pc, #104]	@ (20001348 <ABORT+0xa8>)
200012e0:	6878      	ldr	r0, [r7, #4]
200012e2:	f7ff fd4f 	bl	20000d84 <insert>
200012e6:	e021      	b.n	2000132c <ABORT+0x8c>
200012e8:	4b18      	ldr	r3, [pc, #96]	@ (2000134c <ABORT+0xac>)
200012ea:	681b      	ldr	r3, [r3, #0]
200012ec:	617b      	str	r3, [r7, #20]
200012ee:	e01a      	b.n	20001326 <ABORT+0x86>
200012f0:	4b17      	ldr	r3, [pc, #92]	@ (20001350 <ABORT+0xb0>)
200012f2:	681b      	ldr	r3, [r3, #0]
200012f4:	697a      	ldr	r2, [r7, #20]
200012f6:	429a      	cmp	r2, r3
200012f8:	d012      	beq.n	20001320 <ABORT+0x80>
200012fa:	697b      	ldr	r3, [r7, #20]
200012fc:	68db      	ldr	r3, [r3, #12]
200012fe:	687a      	ldr	r2, [r7, #4]
20001300:	429a      	cmp	r2, r3
20001302:	d10d      	bne.n	20001320 <ABORT+0x80>
20001304:	697b      	ldr	r3, [r7, #20]
20001306:	691a      	ldr	r2, [r3, #16]
20001308:	687b      	ldr	r3, [r7, #4]
2000130a:	68db      	ldr	r3, [r3, #12]
2000130c:	429a      	cmp	r2, r3
2000130e:	d107      	bne.n	20001320 <ABORT+0x80>
20001310:	697b      	ldr	r3, [r7, #20]
20001312:	2200      	movs	r2, #0
20001314:	60da      	str	r2, [r3, #12]
20001316:	490c      	ldr	r1, [pc, #48]	@ (20001348 <ABORT+0xa8>)
20001318:	6878      	ldr	r0, [r7, #4]
2000131a:	f7ff fd33 	bl	20000d84 <insert>
2000131e:	e005      	b.n	2000132c <ABORT+0x8c>
20001320:	697b      	ldr	r3, [r7, #20]
20001322:	689b      	ldr	r3, [r3, #8]
20001324:	617b      	str	r3, [r7, #20]
20001326:	697b      	ldr	r3, [r7, #20]
20001328:	2b00      	cmp	r3, #0
2000132a:	d1e1      	bne.n	200012f0 <ABORT+0x50>
2000132c:	7cfb      	ldrb	r3, [r7, #19]
2000132e:	2b00      	cmp	r3, #0
20001330:	d001      	beq.n	20001336 <ABORT+0x96>
20001332:	f7ff fb0d 	bl	20000950 <cli>
20001336:	bf00      	nop
20001338:	3718      	adds	r7, #24
2000133a:	46bd      	mov	sp, r7
2000133c:	bd80      	pop	{r7, pc}
2000133e:	bf00      	nop
20001340:	20012340 	.word	0x20012340
20001344:	2001233c 	.word	0x2001233c
20001348:	200095e0 	.word	0x200095e0
2000134c:	200095e8 	.word	0x200095e8
20001350:	200095ec 	.word	0x200095ec

20001354 <T_RESET>:
20001354:	b480      	push	{r7}
20001356:	b085      	sub	sp, #20
20001358:	af00      	add	r7, sp, #0
2000135a:	6078      	str	r0, [r7, #4]
2000135c:	f3ef 8312 	mrs	r3, BASEPRI_MAX
20001360:	60fb      	str	r3, [r7, #12]
20001362:	68fb      	ldr	r3, [r7, #12]
20001364:	091b      	lsrs	r3, r3, #4
20001366:	2b01      	cmp	r3, #1
20001368:	d004      	beq.n	20001374 <T_RESET+0x20>
2000136a:	4b07      	ldr	r3, [pc, #28]	@ (20001388 <T_RESET+0x34>)
2000136c:	681b      	ldr	r3, [r3, #0]
2000136e:	68db      	ldr	r3, [r3, #12]
20001370:	685b      	ldr	r3, [r3, #4]
20001372:	e001      	b.n	20001378 <T_RESET+0x24>
20001374:	4b05      	ldr	r3, [pc, #20]	@ (2000138c <T_RESET+0x38>)
20001376:	681b      	ldr	r3, [r3, #0]
20001378:	687a      	ldr	r2, [r7, #4]
2000137a:	6013      	str	r3, [r2, #0]
2000137c:	bf00      	nop
2000137e:	3714      	adds	r7, #20
20001380:	46bd      	mov	sp, r7
20001382:	bc80      	pop	{r7}
20001384:	4770      	bx	lr
20001386:	bf00      	nop
20001388:	200095ec 	.word	0x200095ec
2000138c:	2001234c 	.word	0x2001234c

20001390 <T_SAMPLE>:
20001390:	b480      	push	{r7}
20001392:	b085      	sub	sp, #20
20001394:	af00      	add	r7, sp, #0
20001396:	6078      	str	r0, [r7, #4]
20001398:	f3ef 8312 	mrs	r3, BASEPRI_MAX
2000139c:	60fb      	str	r3, [r7, #12]
2000139e:	68fb      	ldr	r3, [r7, #12]
200013a0:	091b      	lsrs	r3, r3, #4
200013a2:	2b01      	cmp	r3, #1
200013a4:	d004      	beq.n	200013b0 <T_SAMPLE+0x20>
200013a6:	4b07      	ldr	r3, [pc, #28]	@ (200013c4 <T_SAMPLE+0x34>)
200013a8:	681b      	ldr	r3, [r3, #0]
200013aa:	68db      	ldr	r3, [r3, #12]
200013ac:	685b      	ldr	r3, [r3, #4]
200013ae:	e001      	b.n	200013b4 <T_SAMPLE+0x24>
200013b0:	4b05      	ldr	r3, [pc, #20]	@ (200013c8 <T_SAMPLE+0x38>)
200013b2:	681b      	ldr	r3, [r3, #0]
200013b4:	687a      	ldr	r2, [r7, #4]
200013b6:	6812      	ldr	r2, [r2, #0]
200013b8:	1a9b      	subs	r3, r3, r2
200013ba:	4618      	mov	r0, r3
200013bc:	3714      	adds	r7, #20
200013be:	46bd      	mov	sp, r7
200013c0:	bc80      	pop	{r7}
200013c2:	4770      	bx	lr
200013c4:	200095ec 	.word	0x200095ec
200013c8:	2001234c 	.word	0x2001234c

200013cc <CURRENT_OFFSET>:
200013cc:	b580      	push	{r7, lr}
200013ce:	b084      	sub	sp, #16
200013d0:	af00      	add	r7, sp, #0
200013d2:	f3ef 8312 	mrs	r3, BASEPRI_MAX
200013d6:	607b      	str	r3, [r7, #4]
200013d8:	687b      	ldr	r3, [r7, #4]
200013da:	091b      	lsrs	r3, r3, #4
200013dc:	2b01      	cmp	r3, #1
200013de:	bf14      	ite	ne
200013e0:	2301      	movne	r3, #1
200013e2:	2300      	moveq	r3, #0
200013e4:	b2db      	uxtb	r3, r3
200013e6:	73fb      	strb	r3, [r7, #15]
200013e8:	f7ff faa4 	bl	20000934 <sei>
200013ec:	480c      	ldr	r0, [pc, #48]	@ (20001420 <CURRENT_OFFSET+0x54>)
200013ee:	f003 fdca 	bl	20004f86 <TIM_GetCounter>
200013f2:	4603      	mov	r3, r0
200013f4:	60bb      	str	r3, [r7, #8]
200013f6:	7bfb      	ldrb	r3, [r7, #15]
200013f8:	2b00      	cmp	r3, #0
200013fa:	d001      	beq.n	20001400 <CURRENT_OFFSET+0x34>
200013fc:	f7ff faa8 	bl	20000950 <cli>
20001400:	7bfb      	ldrb	r3, [r7, #15]
20001402:	2b00      	cmp	r3, #0
20001404:	d004      	beq.n	20001410 <CURRENT_OFFSET+0x44>
20001406:	4b07      	ldr	r3, [pc, #28]	@ (20001424 <CURRENT_OFFSET+0x58>)
20001408:	681b      	ldr	r3, [r3, #0]
2000140a:	68db      	ldr	r3, [r3, #12]
2000140c:	685b      	ldr	r3, [r3, #4]
2000140e:	e001      	b.n	20001414 <CURRENT_OFFSET+0x48>
20001410:	4b05      	ldr	r3, [pc, #20]	@ (20001428 <CURRENT_OFFSET+0x5c>)
20001412:	681b      	ldr	r3, [r3, #0]
20001414:	68ba      	ldr	r2, [r7, #8]
20001416:	1ad3      	subs	r3, r2, r3
20001418:	4618      	mov	r0, r3
2000141a:	3710      	adds	r7, #16
2000141c:	46bd      	mov	sp, r7
2000141e:	bd80      	pop	{r7, pc}
20001420:	40000c00 	.word	0x40000c00
20001424:	200095ec 	.word	0x200095ec
20001428:	2001234c 	.word	0x2001234c

2000142c <initialize>:
2000142c:	b580      	push	{r7, lr}
2000142e:	b082      	sub	sp, #8
20001430:	af00      	add	r7, sp, #0
20001432:	2300      	movs	r3, #0
20001434:	607b      	str	r3, [r7, #4]
20001436:	e012      	b.n	2000145e <initialize+0x32>
20001438:	687b      	ldr	r3, [r7, #4]
2000143a:	1c5a      	adds	r2, r3, #1
2000143c:	4613      	mov	r3, r2
2000143e:	005b      	lsls	r3, r3, #1
20001440:	4413      	add	r3, r2
20001442:	00db      	lsls	r3, r3, #3
20001444:	4a44      	ldr	r2, [pc, #272]	@ (20001558 <initialize+0x12c>)
20001446:	1899      	adds	r1, r3, r2
20001448:	4843      	ldr	r0, [pc, #268]	@ (20001558 <initialize+0x12c>)
2000144a:	687a      	ldr	r2, [r7, #4]
2000144c:	4613      	mov	r3, r2
2000144e:	005b      	lsls	r3, r3, #1
20001450:	4413      	add	r3, r2
20001452:	00db      	lsls	r3, r3, #3
20001454:	4403      	add	r3, r0
20001456:	6019      	str	r1, [r3, #0]
20001458:	687b      	ldr	r3, [r7, #4]
2000145a:	3301      	adds	r3, #1
2000145c:	607b      	str	r3, [r7, #4]
2000145e:	687b      	ldr	r3, [r7, #4]
20001460:	2b1c      	cmp	r3, #28
20001462:	dde9      	ble.n	20001438 <initialize+0xc>
20001464:	4b3c      	ldr	r3, [pc, #240]	@ (20001558 <initialize+0x12c>)
20001466:	2200      	movs	r2, #0
20001468:	f8c3 22b8 	str.w	r2, [r3, #696]	@ 0x2b8
2000146c:	2300      	movs	r3, #0
2000146e:	607b      	str	r3, [r7, #4]
20001470:	e013      	b.n	2000149a <initialize+0x6e>
20001472:	687b      	ldr	r3, [r7, #4]
20001474:	1c5a      	adds	r2, r3, #1
20001476:	4613      	mov	r3, r2
20001478:	009b      	lsls	r3, r3, #2
2000147a:	4413      	add	r3, r2
2000147c:	009b      	lsls	r3, r3, #2
2000147e:	4a37      	ldr	r2, [pc, #220]	@ (2000155c <initialize+0x130>)
20001480:	1899      	adds	r1, r3, r2
20001482:	4836      	ldr	r0, [pc, #216]	@ (2000155c <initialize+0x130>)
20001484:	687a      	ldr	r2, [r7, #4]
20001486:	4613      	mov	r3, r2
20001488:	009b      	lsls	r3, r3, #2
2000148a:	4413      	add	r3, r2
2000148c:	009b      	lsls	r3, r3, #2
2000148e:	4403      	add	r3, r0
20001490:	3308      	adds	r3, #8
20001492:	6019      	str	r1, [r3, #0]
20001494:	687b      	ldr	r3, [r7, #4]
20001496:	3301      	adds	r3, #1
20001498:	607b      	str	r3, [r7, #4]
2000149a:	687b      	ldr	r3, [r7, #4]
2000149c:	2b02      	cmp	r3, #2
2000149e:	dde8      	ble.n	20001472 <initialize+0x46>
200014a0:	4b2e      	ldr	r3, [pc, #184]	@ (2000155c <initialize+0x130>)
200014a2:	2200      	movs	r2, #0
200014a4:	645a      	str	r2, [r3, #68]	@ 0x44
200014a6:	2300      	movs	r3, #0
200014a8:	607b      	str	r3, [r7, #4]
200014aa:	e030      	b.n	2000150e <initialize+0xe2>
200014ac:	492b      	ldr	r1, [pc, #172]	@ (2000155c <initialize+0x130>)
200014ae:	687a      	ldr	r2, [r7, #4]
200014b0:	4613      	mov	r3, r2
200014b2:	009b      	lsls	r3, r3, #2
200014b4:	4413      	add	r3, r2
200014b6:	009b      	lsls	r3, r3, #2
200014b8:	440b      	add	r3, r1
200014ba:	3304      	adds	r3, #4
200014bc:	687a      	ldr	r2, [r7, #4]
200014be:	601a      	str	r2, [r3, #0]
200014c0:	687a      	ldr	r2, [r7, #4]
200014c2:	4613      	mov	r3, r2
200014c4:	009b      	lsls	r3, r3, #2
200014c6:	4413      	add	r3, r2
200014c8:	009b      	lsls	r3, r3, #2
200014ca:	4a24      	ldr	r2, [pc, #144]	@ (2000155c <initialize+0x130>)
200014cc:	441a      	add	r2, r3
200014ce:	687b      	ldr	r3, [r7, #4]
200014d0:	035b      	lsls	r3, r3, #13
200014d2:	4923      	ldr	r1, [pc, #140]	@ (20001560 <initialize+0x134>)
200014d4:	440b      	add	r3, r1
200014d6:	4619      	mov	r1, r3
200014d8:	4610      	mov	r0, r2
200014da:	f7ff fa69 	bl	200009b0 <SETSTACK>
200014de:	687a      	ldr	r2, [r7, #4]
200014e0:	4613      	mov	r3, r2
200014e2:	009b      	lsls	r3, r3, #2
200014e4:	4413      	add	r3, r2
200014e6:	009b      	lsls	r3, r3, #2
200014e8:	4a1c      	ldr	r2, [pc, #112]	@ (2000155c <initialize+0x130>)
200014ea:	4413      	add	r3, r2
200014ec:	491d      	ldr	r1, [pc, #116]	@ (20001564 <initialize+0x138>)
200014ee:	4618      	mov	r0, r3
200014f0:	f7ff fa90 	bl	20000a14 <SETPC>
200014f4:	4919      	ldr	r1, [pc, #100]	@ (2000155c <initialize+0x130>)
200014f6:	687a      	ldr	r2, [r7, #4]
200014f8:	4613      	mov	r3, r2
200014fa:	009b      	lsls	r3, r3, #2
200014fc:	4413      	add	r3, r2
200014fe:	009b      	lsls	r3, r3, #2
20001500:	440b      	add	r3, r1
20001502:	3310      	adds	r3, #16
20001504:	2200      	movs	r2, #0
20001506:	601a      	str	r2, [r3, #0]
20001508:	687b      	ldr	r3, [r7, #4]
2000150a:	3301      	adds	r3, #1
2000150c:	607b      	str	r3, [r7, #4]
2000150e:	687b      	ldr	r3, [r7, #4]
20001510:	2b03      	cmp	r3, #3
20001512:	ddcb      	ble.n	200014ac <initialize+0x80>
20001514:	4b14      	ldr	r3, [pc, #80]	@ (20001568 <initialize+0x13c>)
20001516:	f04f 32ff 	mov.w	r2, #4294967295	@ 0xffffffff
2000151a:	605a      	str	r2, [r3, #4]
2000151c:	4b12      	ldr	r3, [pc, #72]	@ (20001568 <initialize+0x13c>)
2000151e:	2200      	movs	r2, #0
20001520:	609a      	str	r2, [r3, #8]
20001522:	4b11      	ldr	r3, [pc, #68]	@ (20001568 <initialize+0x13c>)
20001524:	2200      	movs	r2, #0
20001526:	611a      	str	r2, [r3, #16]
20001528:	4b0f      	ldr	r3, [pc, #60]	@ (20001568 <initialize+0x13c>)
2000152a:	2200      	movs	r2, #0
2000152c:	60da      	str	r2, [r3, #12]
2000152e:	480f      	ldr	r0, [pc, #60]	@ (2000156c <initialize+0x140>)
20001530:	f7ff f962 	bl	200007f8 <DUMP>
20001534:	480e      	ldr	r0, [pc, #56]	@ (20001570 <initialize+0x144>)
20001536:	f7ff f95f 	bl	200007f8 <DUMP>
2000153a:	480e      	ldr	r0, [pc, #56]	@ (20001574 <initialize+0x148>)
2000153c:	f7ff f95c 	bl	200007f8 <DUMP>
20001540:	480a      	ldr	r0, [pc, #40]	@ (2000156c <initialize+0x140>)
20001542:	f7ff f959 	bl	200007f8 <DUMP>
20001546:	4809      	ldr	r0, [pc, #36]	@ (2000156c <initialize+0x140>)
20001548:	f7ff f956 	bl	200007f8 <DUMP>
2000154c:	f7ff fa73 	bl	20000a36 <TIMER_INIT>
20001550:	bf00      	nop
20001552:	3708      	adds	r7, #8
20001554:	46bd      	mov	sp, r7
20001556:	bd80      	pop	{r7, pc}
20001558:	2000a004 	.word	0x2000a004
2000155c:	2000a2d4 	.word	0x2000a2d4
20001560:	2000a328 	.word	0x2000a328
20001564:	20000f3d 	.word	0x20000f3d
20001568:	20012328 	.word	0x20012328
2000156c:	20007ef4 	.word	0x20007ef4
20001570:	20007ef8 	.word	0x20007ef8
20001574:	20007f04 	.word	0x20007f04

20001578 <install>:
20001578:	b580      	push	{r7, lr}
2000157a:	b086      	sub	sp, #24
2000157c:	af00      	add	r7, sp, #0
2000157e:	60f8      	str	r0, [r7, #12]
20001580:	60b9      	str	r1, [r7, #8]
20001582:	4613      	mov	r3, r2
20001584:	71fb      	strb	r3, [r7, #7]
20001586:	79fb      	ldrb	r3, [r7, #7]
20001588:	2b02      	cmp	r3, #2
2000158a:	d841      	bhi.n	20001610 <install+0x98>
2000158c:	f3ef 8312 	mrs	r3, BASEPRI_MAX
20001590:	613b      	str	r3, [r7, #16]
20001592:	693b      	ldr	r3, [r7, #16]
20001594:	091b      	lsrs	r3, r3, #4
20001596:	2b01      	cmp	r3, #1
20001598:	bf14      	ite	ne
2000159a:	2301      	movne	r3, #1
2000159c:	2300      	moveq	r3, #0
2000159e:	b2db      	uxtb	r3, r3
200015a0:	75fb      	strb	r3, [r7, #23]
200015a2:	f7ff f9c7 	bl	20000934 <sei>
200015a6:	79fb      	ldrb	r3, [r7, #7]
200015a8:	2b02      	cmp	r3, #2
200015aa:	d00e      	beq.n	200015ca <install+0x52>
200015ac:	2b02      	cmp	r3, #2
200015ae:	dc10      	bgt.n	200015d2 <install+0x5a>
200015b0:	2b00      	cmp	r3, #0
200015b2:	d002      	beq.n	200015ba <install+0x42>
200015b4:	2b01      	cmp	r3, #1
200015b6:	d004      	beq.n	200015c2 <install+0x4a>
200015b8:	e00b      	b.n	200015d2 <install+0x5a>
200015ba:	4b17      	ldr	r3, [pc, #92]	@ (20001618 <install+0xa0>)
200015bc:	4a17      	ldr	r2, [pc, #92]	@ (2000161c <install+0xa4>)
200015be:	601a      	str	r2, [r3, #0]
200015c0:	e014      	b.n	200015ec <install+0x74>
200015c2:	4b17      	ldr	r3, [pc, #92]	@ (20001620 <install+0xa8>)
200015c4:	4a17      	ldr	r2, [pc, #92]	@ (20001624 <install+0xac>)
200015c6:	601a      	str	r2, [r3, #0]
200015c8:	e010      	b.n	200015ec <install+0x74>
200015ca:	4b17      	ldr	r3, [pc, #92]	@ (20001628 <install+0xb0>)
200015cc:	4a17      	ldr	r2, [pc, #92]	@ (2000162c <install+0xb4>)
200015ce:	601a      	str	r2, [r3, #0]
200015d0:	e00c      	b.n	200015ec <install+0x74>
200015d2:	4817      	ldr	r0, [pc, #92]	@ (20001630 <install+0xb8>)
200015d4:	f7ff f910 	bl	200007f8 <DUMP>
200015d8:	2200      	movs	r2, #0
200015da:	2102      	movs	r1, #2
200015dc:	4815      	ldr	r0, [pc, #84]	@ (20001634 <install+0xbc>)
200015de:	f002 fbe7 	bl	20003db0 <GPIO_WriteBit>
200015e2:	4815      	ldr	r0, [pc, #84]	@ (20001638 <install+0xc0>)
200015e4:	f7ff f908 	bl	200007f8 <DUMP>
200015e8:	bf30      	wfi
200015ea:	e7fd      	b.n	200015e8 <install+0x70>
200015ec:	79fb      	ldrb	r3, [r7, #7]
200015ee:	4913      	ldr	r1, [pc, #76]	@ (2000163c <install+0xc4>)
200015f0:	68fa      	ldr	r2, [r7, #12]
200015f2:	f841 2023 	str.w	r2, [r1, r3, lsl #2]
200015f6:	79fb      	ldrb	r3, [r7, #7]
200015f8:	4911      	ldr	r1, [pc, #68]	@ (20001640 <install+0xc8>)
200015fa:	68ba      	ldr	r2, [r7, #8]
200015fc:	f841 2023 	str.w	r2, [r1, r3, lsl #2]
20001600:	68fb      	ldr	r3, [r7, #12]
20001602:	2201      	movs	r2, #1
20001604:	605a      	str	r2, [r3, #4]
20001606:	7dfb      	ldrb	r3, [r7, #23]
20001608:	2b00      	cmp	r3, #0
2000160a:	d001      	beq.n	20001610 <install+0x98>
2000160c:	f7ff f9a0 	bl	20000950 <cli>
20001610:	bf00      	nop
20001612:	3718      	adds	r7, #24
20001614:	46bd      	mov	sp, r7
20001616:	bd80      	pop	{r7, pc}
20001618:	2001c0d4 	.word	0x2001c0d4
2000161c:	20000b01 	.word	0x20000b01
20001620:	2001c090 	.word	0x2001c090
20001624:	20000b69 	.word	0x20000b69
20001628:	2001c09c 	.word	0x2001c09c
2000162c:	20000bd1 	.word	0x20000bd1
20001630:	20007ed0 	.word	0x20007ed0
20001634:	40020400 	.word	0x40020400
20001638:	20007f1c 	.word	0x20007f1c
2000163c:	20012364 	.word	0x20012364
20001640:	20012358 	.word	0x20012358

20001644 <tinytimber>:
20001644:	b580      	push	{r7, lr}
20001646:	b086      	sub	sp, #24
20001648:	af02      	add	r7, sp, #8
2000164a:	60f8      	str	r0, [r7, #12]
2000164c:	60b9      	str	r1, [r7, #8]
2000164e:	607a      	str	r2, [r7, #4]
20001650:	f7ff f970 	bl	20000934 <sei>
20001654:	f7ff feea 	bl	2000142c <initialize>
20001658:	68bb      	ldr	r3, [r7, #8]
2000165a:	2b00      	cmp	r3, #0
2000165c:	d016      	beq.n	2000168c <tinytimber+0x48>
2000165e:	480f      	ldr	r0, [pc, #60]	@ (2000169c <tinytimber+0x58>)
20001660:	f003 fc91 	bl	20004f86 <TIM_GetCounter>
20001664:	4603      	mov	r3, r0
20001666:	461a      	mov	r2, r3
20001668:	4b0d      	ldr	r3, [pc, #52]	@ (200016a0 <tinytimber+0x5c>)
2000166a:	601a      	str	r2, [r3, #0]
2000166c:	4b0d      	ldr	r3, [pc, #52]	@ (200016a4 <tinytimber+0x60>)
2000166e:	2201      	movs	r2, #1
20001670:	601a      	str	r2, [r3, #0]
20001672:	687b      	ldr	r3, [r7, #4]
20001674:	9300      	str	r3, [sp, #0]
20001676:	68bb      	ldr	r3, [r7, #8]
20001678:	68fa      	ldr	r2, [r7, #12]
2000167a:	2100      	movs	r1, #0
2000167c:	2000      	movs	r0, #0
2000167e:	f7ff fceb 	bl	20001058 <async>
20001682:	4b08      	ldr	r3, [pc, #32]	@ (200016a4 <tinytimber+0x60>)
20001684:	2200      	movs	r2, #0
20001686:	601a      	str	r2, [r3, #0]
20001688:	f7ff fcb4 	bl	20000ff4 <schedule>
2000168c:	f7ff fcaa 	bl	20000fe4 <idle>
20001690:	2300      	movs	r3, #0
20001692:	4618      	mov	r0, r3
20001694:	3710      	adds	r7, #16
20001696:	46bd      	mov	sp, r7
20001698:	bd80      	pop	{r7, pc}
2000169a:	bf00      	nop
2000169c:	40000c00 	.word	0x40000c00
200016a0:	2001234c 	.word	0x2001234c
200016a4:	20012344 	.word	0x20012344

200016a8 <NVIC_EnableIRQ>:
200016a8:	b480      	push	{r7}
200016aa:	b083      	sub	sp, #12
200016ac:	af00      	add	r7, sp, #0
200016ae:	4603      	mov	r3, r0
200016b0:	71fb      	strb	r3, [r7, #7]
200016b2:	79fb      	ldrb	r3, [r7, #7]
200016b4:	f003 031f 	and.w	r3, r3, #31
200016b8:	2201      	movs	r2, #1
200016ba:	fa02 f103 	lsl.w	r1, r2, r3
200016be:	4a05      	ldr	r2, [pc, #20]	@ (200016d4 <NVIC_EnableIRQ+0x2c>)
200016c0:	f997 3007 	ldrsb.w	r3, [r7, #7]
200016c4:	095b      	lsrs	r3, r3, #5
200016c6:	f842 1023 	str.w	r1, [r2, r3, lsl #2]
200016ca:	bf00      	nop
200016cc:	370c      	adds	r7, #12
200016ce:	46bd      	mov	sp, r7
200016d0:	bc80      	pop	{r7}
200016d2:	4770      	bx	lr
200016d4:	e000e100 	.word	0xe000e100

200016d8 <NVIC_SetPriority>:
200016d8:	b480      	push	{r7}
200016da:	b083      	sub	sp, #12
200016dc:	af00      	add	r7, sp, #0
200016de:	4603      	mov	r3, r0
200016e0:	6039      	str	r1, [r7, #0]
200016e2:	71fb      	strb	r3, [r7, #7]
200016e4:	f997 3007 	ldrsb.w	r3, [r7, #7]
200016e8:	2b00      	cmp	r3, #0
200016ea:	da0b      	bge.n	20001704 <NVIC_SetPriority+0x2c>
200016ec:	683b      	ldr	r3, [r7, #0]
200016ee:	b2da      	uxtb	r2, r3
200016f0:	490c      	ldr	r1, [pc, #48]	@ (20001724 <NVIC_SetPriority+0x4c>)
200016f2:	79fb      	ldrb	r3, [r7, #7]
200016f4:	f003 030f 	and.w	r3, r3, #15
200016f8:	3b04      	subs	r3, #4
200016fa:	0112      	lsls	r2, r2, #4
200016fc:	b2d2      	uxtb	r2, r2
200016fe:	440b      	add	r3, r1
20001700:	761a      	strb	r2, [r3, #24]
20001702:	e009      	b.n	20001718 <NVIC_SetPriority+0x40>
20001704:	683b      	ldr	r3, [r7, #0]
20001706:	b2da      	uxtb	r2, r3
20001708:	4907      	ldr	r1, [pc, #28]	@ (20001728 <NVIC_SetPriority+0x50>)
2000170a:	f997 3007 	ldrsb.w	r3, [r7, #7]
2000170e:	0112      	lsls	r2, r2, #4
20001710:	b2d2      	uxtb	r2, r2
20001712:	440b      	add	r3, r1
20001714:	f883 2300 	strb.w	r2, [r3, #768]	@ 0x300
20001718:	bf00      	nop
2000171a:	370c      	adds	r7, #12
2000171c:	46bd      	mov	sp, r7
2000171e:	bc80      	pop	{r7}
20001720:	4770      	bx	lr
20001722:	bf00      	nop
20001724:	e000ed00 	.word	0xe000ed00
20001728:	e000e100 	.word	0xe000e100

2000172c <can_init>:
2000172c:	b580      	push	{r7, lr}
2000172e:	b086      	sub	sp, #24
20001730:	af00      	add	r7, sp, #0
20001732:	6078      	str	r0, [r7, #4]
20001734:	6039      	str	r1, [r7, #0]
20001736:	687b      	ldr	r3, [r7, #4]
20001738:	2200      	movs	r2, #0
2000173a:	619a      	str	r2, [r3, #24]
2000173c:	687b      	ldr	r3, [r7, #4]
2000173e:	699a      	ldr	r2, [r3, #24]
20001740:	687b      	ldr	r3, [r7, #4]
20001742:	615a      	str	r2, [r3, #20]
20001744:	687b      	ldr	r3, [r7, #4]
20001746:	695a      	ldr	r2, [r3, #20]
20001748:	687b      	ldr	r3, [r7, #4]
2000174a:	61da      	str	r2, [r3, #28]
2000174c:	f107 030c 	add.w	r3, r7, #12
20001750:	4618      	mov	r0, r3
20001752:	f000 ff9b 	bl	2000268c <CAN_StructInit>
20001756:	2300      	movs	r3, #0
20001758:	74bb      	strb	r3, [r7, #18]
2000175a:	2300      	movs	r3, #0
2000175c:	74fb      	strb	r3, [r7, #19]
2000175e:	2300      	movs	r3, #0
20001760:	753b      	strb	r3, [r7, #20]
20001762:	2300      	movs	r3, #0
20001764:	757b      	strb	r3, [r7, #21]
20001766:	2300      	movs	r3, #0
20001768:	75bb      	strb	r3, [r7, #22]
2000176a:	2300      	movs	r3, #0
2000176c:	75fb      	strb	r3, [r7, #23]
2000176e:	2300      	movs	r3, #0
20001770:	73bb      	strb	r3, [r7, #14]
20001772:	2300      	movs	r3, #0
20001774:	73fb      	strb	r3, [r7, #15]
20001776:	2302      	movs	r3, #2
20001778:	743b      	strb	r3, [r7, #16]
2000177a:	2303      	movs	r3, #3
2000177c:	747b      	strb	r3, [r7, #17]
2000177e:	2307      	movs	r3, #7
20001780:	81bb      	strh	r3, [r7, #12]
20001782:	f107 030c 	add.w	r3, r7, #12
20001786:	4619      	mov	r1, r3
20001788:	4812      	ldr	r0, [pc, #72]	@ (200017d4 <can_init+0xa8>)
2000178a:	f000 fded 	bl	20002368 <CAN_Init>
2000178e:	4603      	mov	r3, r0
20001790:	2b00      	cmp	r3, #0
20001792:	d102      	bne.n	2000179a <can_init+0x6e>
20001794:	4810      	ldr	r0, [pc, #64]	@ (200017d8 <can_init+0xac>)
20001796:	f7ff f82f 	bl	200007f8 <DUMP>
2000179a:	f107 030c 	add.w	r3, r7, #12
2000179e:	4619      	mov	r1, r3
200017a0:	480e      	ldr	r0, [pc, #56]	@ (200017dc <can_init+0xb0>)
200017a2:	f000 fde1 	bl	20002368 <CAN_Init>
200017a6:	4603      	mov	r3, r0
200017a8:	2b00      	cmp	r3, #0
200017aa:	d102      	bne.n	200017b2 <can_init+0x86>
200017ac:	480c      	ldr	r0, [pc, #48]	@ (200017e0 <can_init+0xb4>)
200017ae:	f7ff f823 	bl	200007f8 <DUMP>
200017b2:	2102      	movs	r1, #2
200017b4:	2014      	movs	r0, #20
200017b6:	f7ff ff8f 	bl	200016d8 <NVIC_SetPriority>
200017ba:	2014      	movs	r0, #20
200017bc:	f7ff ff74 	bl	200016a8 <NVIC_EnableIRQ>
200017c0:	2201      	movs	r2, #1
200017c2:	2102      	movs	r1, #2
200017c4:	4803      	ldr	r0, [pc, #12]	@ (200017d4 <can_init+0xa8>)
200017c6:	f001 fb8f 	bl	20002ee8 <CAN_ITConfig>
200017ca:	bf00      	nop
200017cc:	3718      	adds	r7, #24
200017ce:	46bd      	mov	sp, r7
200017d0:	bd80      	pop	{r7, pc}
200017d2:	bf00      	nop
200017d4:	40006400 	.word	0x40006400
200017d8:	20007f3c 	.word	0x20007f3c
200017dc:	40006800 	.word	0x40006800
200017e0:	20007f54 	.word	0x20007f54

200017e4 <can_interrupt>:
200017e4:	b5b0      	push	{r4, r5, r7, lr}
200017e6:	b08a      	sub	sp, #40	@ 0x28
200017e8:	af02      	add	r7, sp, #8
200017ea:	6078      	str	r0, [r7, #4]
200017ec:	6039      	str	r1, [r7, #0]
200017ee:	687b      	ldr	r3, [r7, #4]
200017f0:	689b      	ldr	r3, [r3, #8]
200017f2:	495a      	ldr	r1, [pc, #360]	@ (2000195c <can_interrupt+0x178>)
200017f4:	4618      	mov	r0, r3
200017f6:	f001 fb94 	bl	20002f22 <CAN_GetFlagStatus>
200017fa:	4603      	mov	r3, r0
200017fc:	2b01      	cmp	r3, #1
200017fe:	d002      	beq.n	20001806 <can_interrupt+0x22>
20001800:	4857      	ldr	r0, [pc, #348]	@ (20001960 <can_interrupt+0x17c>)
20001802:	f7fe fff9 	bl	200007f8 <DUMP>
20001806:	687b      	ldr	r3, [r7, #4]
20001808:	69db      	ldr	r3, [r3, #28]
2000180a:	2b07      	cmp	r3, #7
2000180c:	f300 809e 	bgt.w	2000194c <can_interrupt+0x168>
20001810:	687b      	ldr	r3, [r7, #4]
20001812:	689b      	ldr	r3, [r3, #8]
20001814:	f107 0208 	add.w	r2, r7, #8
20001818:	2100      	movs	r1, #0
2000181a:	4618      	mov	r0, r3
2000181c:	f001 f973 	bl	20002b06 <CAN_Receive>
20001820:	68bb      	ldr	r3, [r7, #8]
20001822:	091b      	lsrs	r3, r3, #4
20001824:	b2db      	uxtb	r3, r3
20001826:	687a      	ldr	r2, [r7, #4]
20001828:	6952      	ldr	r2, [r2, #20]
2000182a:	f003 037f 	and.w	r3, r3, #127	@ 0x7f
2000182e:	b2d8      	uxtb	r0, r3
20001830:	6879      	ldr	r1, [r7, #4]
20001832:	4613      	mov	r3, r2
20001834:	009b      	lsls	r3, r3, #2
20001836:	4413      	add	r3, r2
20001838:	005b      	lsls	r3, r3, #1
2000183a:	4413      	add	r3, r2
2000183c:	440b      	add	r3, r1
2000183e:	3320      	adds	r3, #32
20001840:	4602      	mov	r2, r0
20001842:	701a      	strb	r2, [r3, #0]
20001844:	68bb      	ldr	r3, [r7, #8]
20001846:	b2db      	uxtb	r3, r3
20001848:	687a      	ldr	r2, [r7, #4]
2000184a:	6952      	ldr	r2, [r2, #20]
2000184c:	f003 030f 	and.w	r3, r3, #15
20001850:	b2d8      	uxtb	r0, r3
20001852:	6879      	ldr	r1, [r7, #4]
20001854:	4613      	mov	r3, r2
20001856:	009b      	lsls	r3, r3, #2
20001858:	4413      	add	r3, r2
2000185a:	005b      	lsls	r3, r3, #1
2000185c:	4413      	add	r3, r2
2000185e:	440b      	add	r3, r1
20001860:	3321      	adds	r3, #33	@ 0x21
20001862:	4602      	mov	r2, r0
20001864:	701a      	strb	r2, [r3, #0]
20001866:	7cbb      	ldrb	r3, [r7, #18]
20001868:	687a      	ldr	r2, [r7, #4]
2000186a:	6952      	ldr	r2, [r2, #20]
2000186c:	f003 030f 	and.w	r3, r3, #15
20001870:	b2d8      	uxtb	r0, r3
20001872:	6879      	ldr	r1, [r7, #4]
20001874:	4613      	mov	r3, r2
20001876:	009b      	lsls	r3, r3, #2
20001878:	4413      	add	r3, r2
2000187a:	005b      	lsls	r3, r3, #1
2000187c:	4413      	add	r3, r2
2000187e:	440b      	add	r3, r1
20001880:	3322      	adds	r3, #34	@ 0x22
20001882:	4602      	mov	r2, r0
20001884:	701a      	strb	r2, [r3, #0]
20001886:	2300      	movs	r3, #0
20001888:	77fb      	strb	r3, [r7, #31]
2000188a:	e015      	b.n	200018b8 <can_interrupt+0xd4>
2000188c:	7ffb      	ldrb	r3, [r7, #31]
2000188e:	687a      	ldr	r2, [r7, #4]
20001890:	6952      	ldr	r2, [r2, #20]
20001892:	7ff9      	ldrb	r1, [r7, #31]
20001894:	3320      	adds	r3, #32
20001896:	443b      	add	r3, r7
20001898:	f813 4c0d 	ldrb.w	r4, [r3, #-13]
2000189c:	6878      	ldr	r0, [r7, #4]
2000189e:	4613      	mov	r3, r2
200018a0:	009b      	lsls	r3, r3, #2
200018a2:	4413      	add	r3, r2
200018a4:	005b      	lsls	r3, r3, #1
200018a6:	4413      	add	r3, r2
200018a8:	4403      	add	r3, r0
200018aa:	440b      	add	r3, r1
200018ac:	3323      	adds	r3, #35	@ 0x23
200018ae:	4622      	mov	r2, r4
200018b0:	701a      	strb	r2, [r3, #0]
200018b2:	7ffb      	ldrb	r3, [r7, #31]
200018b4:	3301      	adds	r3, #1
200018b6:	77fb      	strb	r3, [r7, #31]
200018b8:	687b      	ldr	r3, [r7, #4]
200018ba:	695a      	ldr	r2, [r3, #20]
200018bc:	6879      	ldr	r1, [r7, #4]
200018be:	4613      	mov	r3, r2
200018c0:	009b      	lsls	r3, r3, #2
200018c2:	4413      	add	r3, r2
200018c4:	005b      	lsls	r3, r3, #1
200018c6:	4413      	add	r3, r2
200018c8:	440b      	add	r3, r1
200018ca:	3322      	adds	r3, #34	@ 0x22
200018cc:	781b      	ldrb	r3, [r3, #0]
200018ce:	7ffa      	ldrb	r2, [r7, #31]
200018d0:	429a      	cmp	r2, r3
200018d2:	d3db      	bcc.n	2000188c <can_interrupt+0xa8>
200018d4:	687b      	ldr	r3, [r7, #4]
200018d6:	68db      	ldr	r3, [r3, #12]
200018d8:	2b00      	cmp	r3, #0
200018da:	d025      	beq.n	20001928 <can_interrupt+0x144>
200018dc:	687b      	ldr	r3, [r7, #4]
200018de:	68dc      	ldr	r4, [r3, #12]
200018e0:	687b      	ldr	r3, [r7, #4]
200018e2:	691d      	ldr	r5, [r3, #16]
200018e4:	687b      	ldr	r3, [r7, #4]
200018e6:	695a      	ldr	r2, [r3, #20]
200018e8:	6879      	ldr	r1, [r7, #4]
200018ea:	4613      	mov	r3, r2
200018ec:	009b      	lsls	r3, r3, #2
200018ee:	4413      	add	r3, r2
200018f0:	005b      	lsls	r3, r3, #1
200018f2:	4413      	add	r3, r2
200018f4:	440b      	add	r3, r1
200018f6:	3320      	adds	r3, #32
200018f8:	781b      	ldrb	r3, [r3, #0]
200018fa:	0119      	lsls	r1, r3, #4
200018fc:	687b      	ldr	r3, [r7, #4]
200018fe:	695a      	ldr	r2, [r3, #20]
20001900:	6878      	ldr	r0, [r7, #4]
20001902:	4613      	mov	r3, r2
20001904:	009b      	lsls	r3, r3, #2
20001906:	4413      	add	r3, r2
20001908:	005b      	lsls	r3, r3, #1
2000190a:	4413      	add	r3, r2
2000190c:	4403      	add	r3, r0
2000190e:	3321      	adds	r3, #33	@ 0x21
20001910:	781b      	ldrb	r3, [r3, #0]
20001912:	440b      	add	r3, r1
20001914:	9300      	str	r3, [sp, #0]
20001916:	462b      	mov	r3, r5
20001918:	4622      	mov	r2, r4
2000191a:	2100      	movs	r1, #0
2000191c:	2000      	movs	r0, #0
2000191e:	f7ff fb9b 	bl	20001058 <async>
20001922:	4b10      	ldr	r3, [pc, #64]	@ (20001964 <can_interrupt+0x180>)
20001924:	2201      	movs	r2, #1
20001926:	601a      	str	r2, [r3, #0]
20001928:	687b      	ldr	r3, [r7, #4]
2000192a:	695b      	ldr	r3, [r3, #20]
2000192c:	3301      	adds	r3, #1
2000192e:	425a      	negs	r2, r3
20001930:	f003 0307 	and.w	r3, r3, #7
20001934:	f002 0207 	and.w	r2, r2, #7
20001938:	bf58      	it	pl
2000193a:	4253      	negpl	r3, r2
2000193c:	687a      	ldr	r2, [r7, #4]
2000193e:	6153      	str	r3, [r2, #20]
20001940:	687b      	ldr	r3, [r7, #4]
20001942:	69db      	ldr	r3, [r3, #28]
20001944:	1c5a      	adds	r2, r3, #1
20001946:	687b      	ldr	r3, [r7, #4]
20001948:	61da      	str	r2, [r3, #28]
2000194a:	e002      	b.n	20001952 <can_interrupt+0x16e>
2000194c:	4806      	ldr	r0, [pc, #24]	@ (20001968 <can_interrupt+0x184>)
2000194e:	f7fe ff53 	bl	200007f8 <DUMP>
20001952:	bf00      	nop
20001954:	3720      	adds	r7, #32
20001956:	46bd      	mov	sp, r7
20001958:	bdb0      	pop	{r4, r5, r7, pc}
2000195a:	bf00      	nop
2000195c:	12000003 	.word	0x12000003
20001960:	20007f6c 	.word	0x20007f6c
20001964:	20012348 	.word	0x20012348
20001968:	20007f94 	.word	0x20007f94

2000196c <can_receive>:
2000196c:	b490      	push	{r4, r7}
2000196e:	b084      	sub	sp, #16
20001970:	af00      	add	r7, sp, #0
20001972:	6078      	str	r0, [r7, #4]
20001974:	6039      	str	r1, [r7, #0]
20001976:	687b      	ldr	r3, [r7, #4]
20001978:	69db      	ldr	r3, [r3, #28]
2000197a:	2b00      	cmp	r3, #0
2000197c:	dd55      	ble.n	20001a2a <can_receive+0xbe>
2000197e:	687b      	ldr	r3, [r7, #4]
20001980:	699a      	ldr	r2, [r3, #24]
20001982:	6879      	ldr	r1, [r7, #4]
20001984:	4613      	mov	r3, r2
20001986:	009b      	lsls	r3, r3, #2
20001988:	4413      	add	r3, r2
2000198a:	005b      	lsls	r3, r3, #1
2000198c:	4413      	add	r3, r2
2000198e:	440b      	add	r3, r1
20001990:	3320      	adds	r3, #32
20001992:	781a      	ldrb	r2, [r3, #0]
20001994:	683b      	ldr	r3, [r7, #0]
20001996:	701a      	strb	r2, [r3, #0]
20001998:	687b      	ldr	r3, [r7, #4]
2000199a:	699a      	ldr	r2, [r3, #24]
2000199c:	6879      	ldr	r1, [r7, #4]
2000199e:	4613      	mov	r3, r2
200019a0:	009b      	lsls	r3, r3, #2
200019a2:	4413      	add	r3, r2
200019a4:	005b      	lsls	r3, r3, #1
200019a6:	4413      	add	r3, r2
200019a8:	440b      	add	r3, r1
200019aa:	3321      	adds	r3, #33	@ 0x21
200019ac:	781a      	ldrb	r2, [r3, #0]
200019ae:	683b      	ldr	r3, [r7, #0]
200019b0:	705a      	strb	r2, [r3, #1]
200019b2:	687b      	ldr	r3, [r7, #4]
200019b4:	699a      	ldr	r2, [r3, #24]
200019b6:	6879      	ldr	r1, [r7, #4]
200019b8:	4613      	mov	r3, r2
200019ba:	009b      	lsls	r3, r3, #2
200019bc:	4413      	add	r3, r2
200019be:	005b      	lsls	r3, r3, #1
200019c0:	4413      	add	r3, r2
200019c2:	440b      	add	r3, r1
200019c4:	3322      	adds	r3, #34	@ 0x22
200019c6:	781a      	ldrb	r2, [r3, #0]
200019c8:	683b      	ldr	r3, [r7, #0]
200019ca:	709a      	strb	r2, [r3, #2]
200019cc:	2300      	movs	r3, #0
200019ce:	73fb      	strb	r3, [r7, #15]
200019d0:	e013      	b.n	200019fa <can_receive+0x8e>
200019d2:	687b      	ldr	r3, [r7, #4]
200019d4:	699a      	ldr	r2, [r3, #24]
200019d6:	7bf8      	ldrb	r0, [r7, #15]
200019d8:	7bf9      	ldrb	r1, [r7, #15]
200019da:	687c      	ldr	r4, [r7, #4]
200019dc:	4613      	mov	r3, r2
200019de:	009b      	lsls	r3, r3, #2
200019e0:	4413      	add	r3, r2
200019e2:	005b      	lsls	r3, r3, #1
200019e4:	4413      	add	r3, r2
200019e6:	4423      	add	r3, r4
200019e8:	4403      	add	r3, r0
200019ea:	3323      	adds	r3, #35	@ 0x23
200019ec:	781a      	ldrb	r2, [r3, #0]
200019ee:	683b      	ldr	r3, [r7, #0]
200019f0:	440b      	add	r3, r1
200019f2:	70da      	strb	r2, [r3, #3]
200019f4:	7bfb      	ldrb	r3, [r7, #15]
200019f6:	3301      	adds	r3, #1
200019f8:	73fb      	strb	r3, [r7, #15]
200019fa:	683b      	ldr	r3, [r7, #0]
200019fc:	789b      	ldrb	r3, [r3, #2]
200019fe:	7bfa      	ldrb	r2, [r7, #15]
20001a00:	429a      	cmp	r2, r3
20001a02:	d3e6      	bcc.n	200019d2 <can_receive+0x66>
20001a04:	687b      	ldr	r3, [r7, #4]
20001a06:	699b      	ldr	r3, [r3, #24]
20001a08:	3301      	adds	r3, #1
20001a0a:	425a      	negs	r2, r3
20001a0c:	f003 0307 	and.w	r3, r3, #7
20001a10:	f002 0207 	and.w	r2, r2, #7
20001a14:	bf58      	it	pl
20001a16:	4253      	negpl	r3, r2
20001a18:	687a      	ldr	r2, [r7, #4]
20001a1a:	6193      	str	r3, [r2, #24]
20001a1c:	687b      	ldr	r3, [r7, #4]
20001a1e:	69db      	ldr	r3, [r3, #28]
20001a20:	1e5a      	subs	r2, r3, #1
20001a22:	687b      	ldr	r3, [r7, #4]
20001a24:	61da      	str	r2, [r3, #28]
20001a26:	2300      	movs	r3, #0
20001a28:	e000      	b.n	20001a2c <can_receive+0xc0>
20001a2a:	2301      	movs	r3, #1
20001a2c:	4618      	mov	r0, r3
20001a2e:	3710      	adds	r7, #16
20001a30:	46bd      	mov	sp, r7
20001a32:	bc90      	pop	{r4, r7}
20001a34:	4770      	bx	lr

20001a36 <can_send>:
20001a36:	b580      	push	{r7, lr}
20001a38:	b08a      	sub	sp, #40	@ 0x28
20001a3a:	af00      	add	r7, sp, #0
20001a3c:	6078      	str	r0, [r7, #4]
20001a3e:	6039      	str	r1, [r7, #0]
20001a40:	687b      	ldr	r3, [r7, #4]
20001a42:	689b      	ldr	r3, [r3, #8]
20001a44:	623b      	str	r3, [r7, #32]
20001a46:	2300      	movs	r3, #0
20001a48:	77fb      	strb	r3, [r7, #31]
20001a4a:	683b      	ldr	r3, [r7, #0]
20001a4c:	781b      	ldrb	r3, [r3, #0]
20001a4e:	011b      	lsls	r3, r3, #4
20001a50:	683a      	ldr	r2, [r7, #0]
20001a52:	7852      	ldrb	r2, [r2, #1]
20001a54:	4413      	add	r3, r2
20001a56:	60bb      	str	r3, [r7, #8]
20001a58:	2300      	movs	r3, #0
20001a5a:	747b      	strb	r3, [r7, #17]
20001a5c:	2300      	movs	r3, #0
20001a5e:	743b      	strb	r3, [r7, #16]
20001a60:	683b      	ldr	r3, [r7, #0]
20001a62:	789b      	ldrb	r3, [r3, #2]
20001a64:	2b08      	cmp	r3, #8
20001a66:	d902      	bls.n	20001a6e <can_send+0x38>
20001a68:	683b      	ldr	r3, [r7, #0]
20001a6a:	2208      	movs	r2, #8
20001a6c:	709a      	strb	r2, [r3, #2]
20001a6e:	683b      	ldr	r3, [r7, #0]
20001a70:	789b      	ldrb	r3, [r3, #2]
20001a72:	74bb      	strb	r3, [r7, #18]
20001a74:	2300      	movs	r3, #0
20001a76:	f887 3027 	strb.w	r3, [r7, #39]	@ 0x27
20001a7a:	e00f      	b.n	20001a9c <can_send+0x66>
20001a7c:	f897 2027 	ldrb.w	r2, [r7, #39]	@ 0x27
20001a80:	f897 3027 	ldrb.w	r3, [r7, #39]	@ 0x27
20001a84:	6839      	ldr	r1, [r7, #0]
20001a86:	440a      	add	r2, r1
20001a88:	78d2      	ldrb	r2, [r2, #3]
20001a8a:	3328      	adds	r3, #40	@ 0x28
20001a8c:	443b      	add	r3, r7
20001a8e:	f803 2c15 	strb.w	r2, [r3, #-21]
20001a92:	f897 3027 	ldrb.w	r3, [r7, #39]	@ 0x27
20001a96:	3301      	adds	r3, #1
20001a98:	f887 3027 	strb.w	r3, [r7, #39]	@ 0x27
20001a9c:	683b      	ldr	r3, [r7, #0]
20001a9e:	789b      	ldrb	r3, [r3, #2]
20001aa0:	f897 2027 	ldrb.w	r2, [r7, #39]	@ 0x27
20001aa4:	429a      	cmp	r2, r3
20001aa6:	d3e9      	bcc.n	20001a7c <can_send+0x46>
20001aa8:	f107 0308 	add.w	r3, r7, #8
20001aac:	4619      	mov	r1, r3
20001aae:	6a38      	ldr	r0, [r7, #32]
20001ab0:	f000 feac 	bl	2000280c <CAN_Transmit>
20001ab4:	4603      	mov	r3, r0
20001ab6:	77fb      	strb	r3, [r7, #31]
20001ab8:	7ffb      	ldrb	r3, [r7, #31]
20001aba:	2b04      	cmp	r3, #4
20001abc:	d104      	bne.n	20001ac8 <can_send+0x92>
20001abe:	4805      	ldr	r0, [pc, #20]	@ (20001ad4 <can_send+0x9e>)
20001ac0:	f7fe fe9a 	bl	200007f8 <DUMP>
20001ac4:	2301      	movs	r3, #1
20001ac6:	e000      	b.n	20001aca <can_send+0x94>
20001ac8:	2300      	movs	r3, #0
20001aca:	4618      	mov	r0, r3
20001acc:	3728      	adds	r7, #40	@ 0x28
20001ace:	46bd      	mov	sp, r7
20001ad0:	bd80      	pop	{r7, pc}
20001ad2:	bf00      	nop
20001ad4:	20007fb4 	.word	0x20007fb4

20001ad8 <NVIC_EnableIRQ>:
20001ad8:	b480      	push	{r7}
20001ada:	b083      	sub	sp, #12
20001adc:	af00      	add	r7, sp, #0
20001ade:	4603      	mov	r3, r0
20001ae0:	71fb      	strb	r3, [r7, #7]
20001ae2:	79fb      	ldrb	r3, [r7, #7]
20001ae4:	f003 031f 	and.w	r3, r3, #31
20001ae8:	2201      	movs	r2, #1
20001aea:	fa02 f103 	lsl.w	r1, r2, r3
20001aee:	4a05      	ldr	r2, [pc, #20]	@ (20001b04 <NVIC_EnableIRQ+0x2c>)
20001af0:	f997 3007 	ldrsb.w	r3, [r7, #7]
20001af4:	095b      	lsrs	r3, r3, #5
20001af6:	f842 1023 	str.w	r1, [r2, r3, lsl #2]
20001afa:	bf00      	nop
20001afc:	370c      	adds	r7, #12
20001afe:	46bd      	mov	sp, r7
20001b00:	bc80      	pop	{r7}
20001b02:	4770      	bx	lr
20001b04:	e000e100 	.word	0xe000e100

20001b08 <NVIC_SetPriority>:
20001b08:	b480      	push	{r7}
20001b0a:	b083      	sub	sp, #12
20001b0c:	af00      	add	r7, sp, #0
20001b0e:	4603      	mov	r3, r0
20001b10:	6039      	str	r1, [r7, #0]
20001b12:	71fb      	strb	r3, [r7, #7]
20001b14:	f997 3007 	ldrsb.w	r3, [r7, #7]
20001b18:	2b00      	cmp	r3, #0
20001b1a:	da0b      	bge.n	20001b34 <NVIC_SetPriority+0x2c>
20001b1c:	683b      	ldr	r3, [r7, #0]
20001b1e:	b2da      	uxtb	r2, r3
20001b20:	490c      	ldr	r1, [pc, #48]	@ (20001b54 <NVIC_SetPriority+0x4c>)
20001b22:	79fb      	ldrb	r3, [r7, #7]
20001b24:	f003 030f 	and.w	r3, r3, #15
20001b28:	3b04      	subs	r3, #4
20001b2a:	0112      	lsls	r2, r2, #4
20001b2c:	b2d2      	uxtb	r2, r2
20001b2e:	440b      	add	r3, r1
20001b30:	761a      	strb	r2, [r3, #24]
20001b32:	e009      	b.n	20001b48 <NVIC_SetPriority+0x40>
20001b34:	683b      	ldr	r3, [r7, #0]
20001b36:	b2da      	uxtb	r2, r3
20001b38:	4907      	ldr	r1, [pc, #28]	@ (20001b58 <NVIC_SetPriority+0x50>)
20001b3a:	f997 3007 	ldrsb.w	r3, [r7, #7]
20001b3e:	0112      	lsls	r2, r2, #4
20001b40:	b2d2      	uxtb	r2, r2
20001b42:	440b      	add	r3, r1
20001b44:	f883 2300 	strb.w	r2, [r3, #768]	@ 0x300
20001b48:	bf00      	nop
20001b4a:	370c      	adds	r7, #12
20001b4c:	46bd      	mov	sp, r7
20001b4e:	bc80      	pop	{r7}
20001b50:	4770      	bx	lr
20001b52:	bf00      	nop
20001b54:	e000ed00 	.word	0xe000ed00
20001b58:	e000e100 	.word	0xe000e100

20001b5c <sci_init>:
20001b5c:	b580      	push	{r7, lr}
20001b5e:	b082      	sub	sp, #8
20001b60:	af00      	add	r7, sp, #0
20001b62:	6078      	str	r0, [r7, #4]
20001b64:	6039      	str	r1, [r7, #0]
20001b66:	687b      	ldr	r3, [r7, #4]
20001b68:	2200      	movs	r2, #0
20001b6a:	619a      	str	r2, [r3, #24]
20001b6c:	687b      	ldr	r3, [r7, #4]
20001b6e:	699a      	ldr	r2, [r3, #24]
20001b70:	687b      	ldr	r3, [r7, #4]
20001b72:	615a      	str	r2, [r3, #20]
20001b74:	687b      	ldr	r3, [r7, #4]
20001b76:	695a      	ldr	r2, [r3, #20]
20001b78:	687b      	ldr	r3, [r7, #4]
20001b7a:	61da      	str	r2, [r3, #28]
20001b7c:	2201      	movs	r2, #1
20001b7e:	f240 5125 	movw	r1, #1317	@ 0x525
20001b82:	480a      	ldr	r0, [pc, #40]	@ (20001bac <sci_init+0x50>)
20001b84:	f005 f9c0 	bl	20006f08 <USART_ITConfig>
20001b88:	2200      	movs	r2, #0
20001b8a:	f240 7127 	movw	r1, #1831	@ 0x727
20001b8e:	4807      	ldr	r0, [pc, #28]	@ (20001bac <sci_init+0x50>)
20001b90:	f005 f9ba 	bl	20006f08 <USART_ITConfig>
20001b94:	2102      	movs	r1, #2
20001b96:	2025      	movs	r0, #37	@ 0x25
20001b98:	f7ff ffb6 	bl	20001b08 <NVIC_SetPriority>
20001b9c:	2025      	movs	r0, #37	@ 0x25
20001b9e:	f7ff ff9b 	bl	20001ad8 <NVIC_EnableIRQ>
20001ba2:	bf00      	nop
20001ba4:	3708      	adds	r7, #8
20001ba6:	46bd      	mov	sp, r7
20001ba8:	bd80      	pop	{r7, pc}
20001baa:	bf00      	nop
20001bac:	40011000 	.word	0x40011000

20001bb0 <outc>:
20001bb0:	b480      	push	{r7}
20001bb2:	b083      	sub	sp, #12
20001bb4:	af00      	add	r7, sp, #0
20001bb6:	6078      	str	r0, [r7, #4]
20001bb8:	460b      	mov	r3, r1
20001bba:	70fb      	strb	r3, [r7, #3]
20001bbc:	687b      	ldr	r3, [r7, #4]
20001bbe:	69db      	ldr	r3, [r3, #28]
20001bc0:	f5b3 6f80 	cmp.w	r3, #1024	@ 0x400
20001bc4:	da17      	bge.n	20001bf6 <outc+0x46>
20001bc6:	687b      	ldr	r3, [r7, #4]
20001bc8:	695b      	ldr	r3, [r3, #20]
20001bca:	687a      	ldr	r2, [r7, #4]
20001bcc:	4413      	add	r3, r2
20001bce:	78fa      	ldrb	r2, [r7, #3]
20001bd0:	f883 2020 	strb.w	r2, [r3, #32]
20001bd4:	687b      	ldr	r3, [r7, #4]
20001bd6:	695b      	ldr	r3, [r3, #20]
20001bd8:	3301      	adds	r3, #1
20001bda:	425a      	negs	r2, r3
20001bdc:	f3c3 0309 	ubfx	r3, r3, #0, #10
20001be0:	f3c2 0209 	ubfx	r2, r2, #0, #10
20001be4:	bf58      	it	pl
20001be6:	4253      	negpl	r3, r2
20001be8:	687a      	ldr	r2, [r7, #4]
20001bea:	6153      	str	r3, [r2, #20]
20001bec:	687b      	ldr	r3, [r7, #4]
20001bee:	69db      	ldr	r3, [r3, #28]
20001bf0:	1c5a      	adds	r2, r3, #1
20001bf2:	687b      	ldr	r3, [r7, #4]
20001bf4:	61da      	str	r2, [r3, #28]
20001bf6:	bf00      	nop
20001bf8:	370c      	adds	r7, #12
20001bfa:	46bd      	mov	sp, r7
20001bfc:	bc80      	pop	{r7}
20001bfe:	4770      	bx	lr

20001c00 <sci_write>:
20001c00:	b580      	push	{r7, lr}
20001c02:	b082      	sub	sp, #8
20001c04:	af00      	add	r7, sp, #0
20001c06:	6078      	str	r0, [r7, #4]
20001c08:	6039      	str	r1, [r7, #0]
20001c0a:	687b      	ldr	r3, [r7, #4]
20001c0c:	69db      	ldr	r3, [r3, #28]
20001c0e:	2b00      	cmp	r3, #0
20001c10:	d118      	bne.n	20001c44 <sci_write+0x44>
20001c12:	687b      	ldr	r3, [r7, #4]
20001c14:	689b      	ldr	r3, [r3, #8]
20001c16:	2201      	movs	r2, #1
20001c18:	f240 7127 	movw	r1, #1831	@ 0x727
20001c1c:	4618      	mov	r0, r3
20001c1e:	f005 f973 	bl	20006f08 <USART_ITConfig>
20001c22:	e00f      	b.n	20001c44 <sci_write+0x44>
20001c24:	683b      	ldr	r3, [r7, #0]
20001c26:	781b      	ldrb	r3, [r3, #0]
20001c28:	2b0a      	cmp	r3, #10
20001c2a:	d103      	bne.n	20001c34 <sci_write+0x34>
20001c2c:	210d      	movs	r1, #13
20001c2e:	6878      	ldr	r0, [r7, #4]
20001c30:	f7ff ffbe 	bl	20001bb0 <outc>
20001c34:	683b      	ldr	r3, [r7, #0]
20001c36:	1c5a      	adds	r2, r3, #1
20001c38:	603a      	str	r2, [r7, #0]
20001c3a:	781b      	ldrb	r3, [r3, #0]
20001c3c:	4619      	mov	r1, r3
20001c3e:	6878      	ldr	r0, [r7, #4]
20001c40:	f7ff ffb6 	bl	20001bb0 <outc>
20001c44:	683b      	ldr	r3, [r7, #0]
20001c46:	781b      	ldrb	r3, [r3, #0]
20001c48:	2b00      	cmp	r3, #0
20001c4a:	d1eb      	bne.n	20001c24 <sci_write+0x24>
20001c4c:	bf00      	nop
20001c4e:	bf00      	nop
20001c50:	3708      	adds	r7, #8
20001c52:	46bd      	mov	sp, r7
20001c54:	bd80      	pop	{r7, pc}

20001c56 <sci_writechar>:
20001c56:	b580      	push	{r7, lr}
20001c58:	b082      	sub	sp, #8
20001c5a:	af00      	add	r7, sp, #0
20001c5c:	6078      	str	r0, [r7, #4]
20001c5e:	6039      	str	r1, [r7, #0]
20001c60:	687b      	ldr	r3, [r7, #4]
20001c62:	69db      	ldr	r3, [r3, #28]
20001c64:	2b00      	cmp	r3, #0
20001c66:	d107      	bne.n	20001c78 <sci_writechar+0x22>
20001c68:	687b      	ldr	r3, [r7, #4]
20001c6a:	689b      	ldr	r3, [r3, #8]
20001c6c:	2201      	movs	r2, #1
20001c6e:	f240 7127 	movw	r1, #1831	@ 0x727
20001c72:	4618      	mov	r0, r3
20001c74:	f005 f948 	bl	20006f08 <USART_ITConfig>
20001c78:	683b      	ldr	r3, [r7, #0]
20001c7a:	b2db      	uxtb	r3, r3
20001c7c:	4619      	mov	r1, r3
20001c7e:	6878      	ldr	r0, [r7, #4]
20001c80:	f7ff ff96 	bl	20001bb0 <outc>
20001c84:	bf00      	nop
20001c86:	3708      	adds	r7, #8
20001c88:	46bd      	mov	sp, r7
20001c8a:	bd80      	pop	{r7, pc}

20001c8c <sci_interrupt>:
20001c8c:	b580      	push	{r7, lr}
20001c8e:	b086      	sub	sp, #24
20001c90:	af02      	add	r7, sp, #8
20001c92:	6078      	str	r0, [r7, #4]
20001c94:	6039      	str	r1, [r7, #0]
20001c96:	687b      	ldr	r3, [r7, #4]
20001c98:	689b      	ldr	r3, [r3, #8]
20001c9a:	2120      	movs	r1, #32
20001c9c:	4618      	mov	r0, r3
20001c9e:	f005 f97a 	bl	20006f96 <USART_GetFlagStatus>
20001ca2:	4603      	mov	r3, r0
20001ca4:	2b01      	cmp	r3, #1
20001ca6:	d118      	bne.n	20001cda <sci_interrupt+0x4e>
20001ca8:	687b      	ldr	r3, [r7, #4]
20001caa:	689b      	ldr	r3, [r3, #8]
20001cac:	4618      	mov	r0, r3
20001cae:	f004 ffa4 	bl	20006bfa <USART_ReceiveData>
20001cb2:	4603      	mov	r3, r0
20001cb4:	60fb      	str	r3, [r7, #12]
20001cb6:	687b      	ldr	r3, [r7, #4]
20001cb8:	68db      	ldr	r3, [r3, #12]
20001cba:	2b00      	cmp	r3, #0
20001cbc:	d00d      	beq.n	20001cda <sci_interrupt+0x4e>
20001cbe:	687b      	ldr	r3, [r7, #4]
20001cc0:	68da      	ldr	r2, [r3, #12]
20001cc2:	687b      	ldr	r3, [r7, #4]
20001cc4:	6919      	ldr	r1, [r3, #16]
20001cc6:	68fb      	ldr	r3, [r7, #12]
20001cc8:	9300      	str	r3, [sp, #0]
20001cca:	460b      	mov	r3, r1
20001ccc:	2100      	movs	r1, #0
20001cce:	2000      	movs	r0, #0
20001cd0:	f7ff f9c2 	bl	20001058 <async>
20001cd4:	4b22      	ldr	r3, [pc, #136]	@ (20001d60 <sci_interrupt+0xd4>)
20001cd6:	2201      	movs	r2, #1
20001cd8:	601a      	str	r2, [r3, #0]
20001cda:	687b      	ldr	r3, [r7, #4]
20001cdc:	689b      	ldr	r3, [r3, #8]
20001cde:	2180      	movs	r1, #128	@ 0x80
20001ce0:	4618      	mov	r0, r3
20001ce2:	f005 f958 	bl	20006f96 <USART_GetFlagStatus>
20001ce6:	4603      	mov	r3, r0
20001ce8:	2b01      	cmp	r3, #1
20001cea:	d134      	bne.n	20001d56 <sci_interrupt+0xca>
20001cec:	687b      	ldr	r3, [r7, #4]
20001cee:	69db      	ldr	r3, [r3, #28]
20001cf0:	2b00      	cmp	r3, #0
20001cf2:	dd28      	ble.n	20001d46 <sci_interrupt+0xba>
20001cf4:	687b      	ldr	r3, [r7, #4]
20001cf6:	6898      	ldr	r0, [r3, #8]
20001cf8:	687b      	ldr	r3, [r7, #4]
20001cfa:	699b      	ldr	r3, [r3, #24]
20001cfc:	687a      	ldr	r2, [r7, #4]
20001cfe:	4413      	add	r3, r2
20001d00:	f893 3020 	ldrb.w	r3, [r3, #32]
20001d04:	4619      	mov	r1, r3
20001d06:	f004 ff67 	bl	20006bd8 <USART_SendData>
20001d0a:	687b      	ldr	r3, [r7, #4]
20001d0c:	699b      	ldr	r3, [r3, #24]
20001d0e:	3301      	adds	r3, #1
20001d10:	425a      	negs	r2, r3
20001d12:	f3c3 0309 	ubfx	r3, r3, #0, #10
20001d16:	f3c2 0209 	ubfx	r2, r2, #0, #10
20001d1a:	bf58      	it	pl
20001d1c:	4253      	negpl	r3, r2
20001d1e:	687a      	ldr	r2, [r7, #4]
20001d20:	6193      	str	r3, [r2, #24]
20001d22:	687b      	ldr	r3, [r7, #4]
20001d24:	69db      	ldr	r3, [r3, #28]
20001d26:	1e5a      	subs	r2, r3, #1
20001d28:	687b      	ldr	r3, [r7, #4]
20001d2a:	61da      	str	r2, [r3, #28]
20001d2c:	687b      	ldr	r3, [r7, #4]
20001d2e:	69db      	ldr	r3, [r3, #28]
20001d30:	2b00      	cmp	r3, #0
20001d32:	d110      	bne.n	20001d56 <sci_interrupt+0xca>
20001d34:	687b      	ldr	r3, [r7, #4]
20001d36:	689b      	ldr	r3, [r3, #8]
20001d38:	2200      	movs	r2, #0
20001d3a:	f240 7127 	movw	r1, #1831	@ 0x727
20001d3e:	4618      	mov	r0, r3
20001d40:	f005 f8e2 	bl	20006f08 <USART_ITConfig>
20001d44:	e007      	b.n	20001d56 <sci_interrupt+0xca>
20001d46:	687b      	ldr	r3, [r7, #4]
20001d48:	689b      	ldr	r3, [r3, #8]
20001d4a:	2200      	movs	r2, #0
20001d4c:	f240 7127 	movw	r1, #1831	@ 0x727
20001d50:	4618      	mov	r0, r3
20001d52:	f005 f8d9 	bl	20006f08 <USART_ITConfig>
20001d56:	2300      	movs	r3, #0
20001d58:	4618      	mov	r0, r3
20001d5a:	3710      	adds	r7, #16
20001d5c:	46bd      	mov	sp, r7
20001d5e:	bd80      	pop	{r7, pc}
20001d60:	20012348 	.word	0x20012348

20001d64 <NVIC_EnableIRQ>:
20001d64:	b480      	push	{r7}
20001d66:	b083      	sub	sp, #12
20001d68:	af00      	add	r7, sp, #0
20001d6a:	4603      	mov	r3, r0
20001d6c:	71fb      	strb	r3, [r7, #7]
20001d6e:	79fb      	ldrb	r3, [r7, #7]
20001d70:	f003 031f 	and.w	r3, r3, #31
20001d74:	2201      	movs	r2, #1
20001d76:	fa02 f103 	lsl.w	r1, r2, r3
20001d7a:	4a05      	ldr	r2, [pc, #20]	@ (20001d90 <NVIC_EnableIRQ+0x2c>)
20001d7c:	f997 3007 	ldrsb.w	r3, [r7, #7]
20001d80:	095b      	lsrs	r3, r3, #5
20001d82:	f842 1023 	str.w	r1, [r2, r3, lsl #2]
20001d86:	bf00      	nop
20001d88:	370c      	adds	r7, #12
20001d8a:	46bd      	mov	sp, r7
20001d8c:	bc80      	pop	{r7}
20001d8e:	4770      	bx	lr
20001d90:	e000e100 	.word	0xe000e100

20001d94 <NVIC_SetPriority>:
20001d94:	b480      	push	{r7}
20001d96:	b083      	sub	sp, #12
20001d98:	af00      	add	r7, sp, #0
20001d9a:	4603      	mov	r3, r0
20001d9c:	6039      	str	r1, [r7, #0]
20001d9e:	71fb      	strb	r3, [r7, #7]
20001da0:	f997 3007 	ldrsb.w	r3, [r7, #7]
20001da4:	2b00      	cmp	r3, #0
20001da6:	da0b      	bge.n	20001dc0 <NVIC_SetPriority+0x2c>
20001da8:	683b      	ldr	r3, [r7, #0]
20001daa:	b2da      	uxtb	r2, r3
20001dac:	490c      	ldr	r1, [pc, #48]	@ (20001de0 <NVIC_SetPriority+0x4c>)
20001dae:	79fb      	ldrb	r3, [r7, #7]
20001db0:	f003 030f 	and.w	r3, r3, #15
20001db4:	3b04      	subs	r3, #4
20001db6:	0112      	lsls	r2, r2, #4
20001db8:	b2d2      	uxtb	r2, r2
20001dba:	440b      	add	r3, r1
20001dbc:	761a      	strb	r2, [r3, #24]
20001dbe:	e009      	b.n	20001dd4 <NVIC_SetPriority+0x40>
20001dc0:	683b      	ldr	r3, [r7, #0]
20001dc2:	b2da      	uxtb	r2, r3
20001dc4:	4907      	ldr	r1, [pc, #28]	@ (20001de4 <NVIC_SetPriority+0x50>)
20001dc6:	f997 3007 	ldrsb.w	r3, [r7, #7]
20001dca:	0112      	lsls	r2, r2, #4
20001dcc:	b2d2      	uxtb	r2, r2
20001dce:	440b      	add	r3, r1
20001dd0:	f883 2300 	strb.w	r2, [r3, #768]	@ 0x300
20001dd4:	bf00      	nop
20001dd6:	370c      	adds	r7, #12
20001dd8:	46bd      	mov	sp, r7
20001dda:	bc80      	pop	{r7}
20001ddc:	4770      	bx	lr
20001dde:	bf00      	nop
20001de0:	e000ed00 	.word	0xe000ed00
20001de4:	e000e100 	.word	0xe000e100

20001de8 <sio_init>:
20001de8:	b580      	push	{r7, lr}
20001dea:	b082      	sub	sp, #8
20001dec:	af00      	add	r7, sp, #0
20001dee:	6078      	str	r0, [r7, #4]
20001df0:	6039      	str	r1, [r7, #0]
20001df2:	2200      	movs	r2, #0
20001df4:	2101      	movs	r1, #1
20001df6:	4807      	ldr	r0, [pc, #28]	@ (20001e14 <sio_init+0x2c>)
20001df8:	f001 ffda 	bl	20003db0 <GPIO_WriteBit>
20001dfc:	2102      	movs	r1, #2
20001dfe:	2017      	movs	r0, #23
20001e00:	f7ff ffc8 	bl	20001d94 <NVIC_SetPriority>
20001e04:	2017      	movs	r0, #23
20001e06:	f7ff ffad 	bl	20001d64 <NVIC_EnableIRQ>
20001e0a:	bf00      	nop
20001e0c:	3708      	adds	r7, #8
20001e0e:	46bd      	mov	sp, r7
20001e10:	bd80      	pop	{r7, pc}
20001e12:	bf00      	nop
20001e14:	40020400 	.word	0x40020400

20001e18 <sio_read>:
20001e18:	b580      	push	{r7, lr}
20001e1a:	b082      	sub	sp, #8
20001e1c:	af00      	add	r7, sp, #0
20001e1e:	6078      	str	r0, [r7, #4]
20001e20:	6039      	str	r1, [r7, #0]
20001e22:	687b      	ldr	r3, [r7, #4]
20001e24:	689b      	ldr	r3, [r3, #8]
20001e26:	2180      	movs	r1, #128	@ 0x80
20001e28:	4618      	mov	r0, r3
20001e2a:	f001 ff5b 	bl	20003ce4 <GPIO_ReadInputDataBit>
20001e2e:	4603      	mov	r3, r0
20001e30:	4618      	mov	r0, r3
20001e32:	3708      	adds	r7, #8
20001e34:	46bd      	mov	sp, r7
20001e36:	bd80      	pop	{r7, pc}

20001e38 <sio_write>:
20001e38:	b580      	push	{r7, lr}
20001e3a:	b082      	sub	sp, #8
20001e3c:	af00      	add	r7, sp, #0
20001e3e:	6078      	str	r0, [r7, #4]
20001e40:	6039      	str	r1, [r7, #0]
20001e42:	687b      	ldr	r3, [r7, #4]
20001e44:	689b      	ldr	r3, [r3, #8]
20001e46:	683a      	ldr	r2, [r7, #0]
20001e48:	b2d2      	uxtb	r2, r2
20001e4a:	2101      	movs	r1, #1
20001e4c:	4618      	mov	r0, r3
20001e4e:	f001 ffaf 	bl	20003db0 <GPIO_WriteBit>
20001e52:	bf00      	nop
20001e54:	3708      	adds	r7, #8
20001e56:	46bd      	mov	sp, r7
20001e58:	bd80      	pop	{r7, pc}

20001e5a <sio_toggle>:
20001e5a:	b580      	push	{r7, lr}
20001e5c:	b082      	sub	sp, #8
20001e5e:	af00      	add	r7, sp, #0
20001e60:	6078      	str	r0, [r7, #4]
20001e62:	6039      	str	r1, [r7, #0]
20001e64:	687b      	ldr	r3, [r7, #4]
20001e66:	689b      	ldr	r3, [r3, #8]
20001e68:	2101      	movs	r1, #1
20001e6a:	4618      	mov	r0, r3
20001e6c:	f001 ffc5 	bl	20003dfa <GPIO_ToggleBits>
20001e70:	bf00      	nop
20001e72:	3708      	adds	r7, #8
20001e74:	46bd      	mov	sp, r7
20001e76:	bd80      	pop	{r7, pc}

20001e78 <sio_trig>:
20001e78:	b580      	push	{r7, lr}
20001e7a:	b084      	sub	sp, #16
20001e7c:	af00      	add	r7, sp, #0
20001e7e:	6078      	str	r0, [r7, #4]
20001e80:	6039      	str	r1, [r7, #0]
20001e82:	f107 0308 	add.w	r3, r7, #8
20001e86:	4618      	mov	r0, r3
20001e88:	f001 fd3c 	bl	20003904 <EXTI_StructInit>
20001e8c:	2380      	movs	r3, #128	@ 0x80
20001e8e:	60bb      	str	r3, [r7, #8]
20001e90:	2300      	movs	r3, #0
20001e92:	733b      	strb	r3, [r7, #12]
20001e94:	683b      	ldr	r3, [r7, #0]
20001e96:	2b00      	cmp	r3, #0
20001e98:	d001      	beq.n	20001e9e <sio_trig+0x26>
20001e9a:	2308      	movs	r3, #8
20001e9c:	e000      	b.n	20001ea0 <sio_trig+0x28>
20001e9e:	230c      	movs	r3, #12
20001ea0:	737b      	strb	r3, [r7, #13]
20001ea2:	2301      	movs	r3, #1
20001ea4:	73bb      	strb	r3, [r7, #14]
20001ea6:	f107 0308 	add.w	r3, r7, #8
20001eaa:	4618      	mov	r0, r3
20001eac:	f001 fcb8 	bl	20003820 <EXTI_Init>
20001eb0:	bf00      	nop
20001eb2:	3710      	adds	r7, #16
20001eb4:	46bd      	mov	sp, r7
20001eb6:	bd80      	pop	{r7, pc}

20001eb8 <sio_interrupt>:
20001eb8:	b580      	push	{r7, lr}
20001eba:	b084      	sub	sp, #16
20001ebc:	af02      	add	r7, sp, #8
20001ebe:	6078      	str	r0, [r7, #4]
20001ec0:	6039      	str	r1, [r7, #0]
20001ec2:	2080      	movs	r0, #128	@ 0x80
20001ec4:	f001 fd6c 	bl	200039a0 <EXTI_GetITStatus>
20001ec8:	4603      	mov	r3, r0
20001eca:	2b01      	cmp	r3, #1
20001ecc:	d114      	bne.n	20001ef8 <sio_interrupt+0x40>
20001ece:	2080      	movs	r0, #128	@ 0x80
20001ed0:	f001 fd80 	bl	200039d4 <EXTI_ClearITPendingBit>
20001ed4:	687b      	ldr	r3, [r7, #4]
20001ed6:	68db      	ldr	r3, [r3, #12]
20001ed8:	2b00      	cmp	r3, #0
20001eda:	d010      	beq.n	20001efe <sio_interrupt+0x46>
20001edc:	687b      	ldr	r3, [r7, #4]
20001ede:	68da      	ldr	r2, [r3, #12]
20001ee0:	687b      	ldr	r3, [r7, #4]
20001ee2:	691b      	ldr	r3, [r3, #16]
20001ee4:	2100      	movs	r1, #0
20001ee6:	9100      	str	r1, [sp, #0]
20001ee8:	2100      	movs	r1, #0
20001eea:	2000      	movs	r0, #0
20001eec:	f7ff f8b4 	bl	20001058 <async>
20001ef0:	4b05      	ldr	r3, [pc, #20]	@ (20001f08 <sio_interrupt+0x50>)
20001ef2:	2201      	movs	r2, #1
20001ef4:	601a      	str	r2, [r3, #0]
20001ef6:	e002      	b.n	20001efe <sio_interrupt+0x46>
20001ef8:	4804      	ldr	r0, [pc, #16]	@ (20001f0c <sio_interrupt+0x54>)
20001efa:	f7fe fc7d 	bl	200007f8 <DUMP>
20001efe:	2300      	movs	r3, #0
20001f00:	4618      	mov	r0, r3
20001f02:	3708      	adds	r7, #8
20001f04:	46bd      	mov	sp, r7
20001f06:	bd80      	pop	{r7, pc}
20001f08:	20012348 	.word	0x20012348
20001f0c:	20007fc8 	.word	0x20007fc8

20001f10 <vect_SVCall>:
20001f10:	4931      	ldr	r1, [pc, #196]	@ (20001fd8 <L000b+0x26>)
20001f12:	e000      	b.n	20001f16 <vect_PendSV1>

20001f14 <vect_PendSV>:
20001f14:	4931      	ldr	r1, [pc, #196]	@ (20001fdc <L000b+0x2a>)

20001f16 <vect_PendSV1>:
20001f16:	f3ef 8008 	mrs	r0, MSP
20001f1a:	ed20 8a10 	vstmdb	r0!, {s16-s31}
20001f1e:	4672      	mov	r2, lr
20001f20:	f3ef 8311 	mrs	r3, BASEPRI
20001f24:	e920 0ffc 	stmdb	r0!, {r2, r3, r4, r5, r6, r7, r8, r9, sl, fp}
20001f28:	4f2d      	ldr	r7, [pc, #180]	@ (20001fe0 <L000b+0x2e>)
20001f2a:	f8d7 8000 	ldr.w	r8, [r7]
20001f2e:	f8c8 0000 	str.w	r0, [r8]
20001f32:	e01e      	b.n	20001f72 <L000a>
20001f34:	4608      	mov	r0, r1
20001f36:	f7fe fc5f 	bl	200007f8 <DUMP>
20001f3a:	482a      	ldr	r0, [pc, #168]	@ (20001fe4 <L000b+0x32>)
20001f3c:	f7fe fc5c 	bl	200007f8 <DUMP>
20001f40:	4829      	ldr	r0, [pc, #164]	@ (20001fe8 <L000b+0x36>)
20001f42:	f7fe fc59 	bl	200007f8 <DUMP>
20001f46:	f8d8 0004 	ldr.w	r0, [r8, #4]
20001f4a:	f7fe fca1 	bl	20000890 <DUMPD>
20001f4e:	4827      	ldr	r0, [pc, #156]	@ (20001fec <L000b+0x3a>)
20001f50:	f7fe fc52 	bl	200007f8 <DUMP>
20001f54:	f8d8 0000 	ldr.w	r0, [r8]
20001f58:	f7fe fc6b 	bl	20000832 <DUMPH>
20001f5c:	4824      	ldr	r0, [pc, #144]	@ (20001ff0 <L000b+0x3e>)
20001f5e:	f7fe fc4b 	bl	200007f8 <DUMP>
20001f62:	f8d8 0000 	ldr.w	r0, [r8]
20001f66:	6800      	ldr	r0, [r0, #0]
20001f68:	f7fe fc63 	bl	20000832 <DUMPH>
20001f6c:	481d      	ldr	r0, [pc, #116]	@ (20001fe4 <L000b+0x32>)
20001f6e:	f7fe fc43 	bl	200007f8 <DUMP>

20001f72 <L000a>:
20001f72:	f8df 8080 	ldr.w	r8, [pc, #128]	@ 20001ff4 <L000b+0x42>
20001f76:	f8d8 8000 	ldr.w	r8, [r8]
20001f7a:	f8c7 8000 	str.w	r8, [r7]
20001f7e:	e018      	b.n	20001fb2 <L000b>
20001f80:	481d      	ldr	r0, [pc, #116]	@ (20001ff8 <L000b+0x46>)
20001f82:	f7fe fc39 	bl	200007f8 <DUMP>
20001f86:	f8d8 0004 	ldr.w	r0, [r8, #4]
20001f8a:	f7fe fc81 	bl	20000890 <DUMPD>
20001f8e:	481b      	ldr	r0, [pc, #108]	@ (20001ffc <L000b+0x4a>)
20001f90:	f7fe fc32 	bl	200007f8 <DUMP>
20001f94:	f8d8 0000 	ldr.w	r0, [r8]
20001f98:	f7fe fc4b 	bl	20000832 <DUMPH>
20001f9c:	4814      	ldr	r0, [pc, #80]	@ (20001ff0 <L000b+0x3e>)
20001f9e:	f7fe fc2b 	bl	200007f8 <DUMP>
20001fa2:	f8d8 0000 	ldr.w	r0, [r8]
20001fa6:	6800      	ldr	r0, [r0, #0]
20001fa8:	f7fe fc43 	bl	20000832 <DUMPH>
20001fac:	480d      	ldr	r0, [pc, #52]	@ (20001fe4 <L000b+0x32>)
20001fae:	f7fe fc23 	bl	200007f8 <DUMP>

20001fb2 <L000b>:
20001fb2:	4a13      	ldr	r2, [pc, #76]	@ (20002000 <L000b+0x4e>)
20001fb4:	6853      	ldr	r3, [r2, #4]
20001fb6:	f043 6300 	orr.w	r3, r3, #134217728	@ 0x8000000
20001fba:	6053      	str	r3, [r2, #4]
20001fbc:	bf00      	nop
20001fbe:	f8d8 0000 	ldr.w	r0, [r8]
20001fc2:	e8b0 0ffc 	ldmia.w	r0!, {r2, r3, r4, r5, r6, r7, r8, r9, sl, fp}
20001fc6:	f383 8811 	msr	BASEPRI, r3
20001fca:	4696      	mov	lr, r2
20001fcc:	ecb0 8a10 	vldmia	r0!, {s16-s31}
20001fd0:	f380 8808 	msr	MSP, r0
20001fd4:	4770      	bx	lr
20001fd6:	0000      	.short	0x0000
20001fd8:	200095f0 	.word	0x200095f0
20001fdc:	20009601 	.word	0x20009601
20001fe0:	200095ec 	.word	0x200095ec
20001fe4:	20009671 	.word	0x20009671
20001fe8:	20009622 	.word	0x20009622
20001fec:	2000963a 	.word	0x2000963a
20001ff0:	20009642 	.word	0x20009642
20001ff4:	20012354 	.word	0x20012354
20001ff8:	2000964b 	.word	0x2000964b
20001ffc:	20009660 	.word	0x20009660
20002000:	e000ed00 	.word	0xe000ed00

20002004 <__usart_init>:
20002004:	b480      	push	{r7}
20002006:	af00      	add	r7, sp, #0
20002008:	bf00      	nop
2000200a:	46bd      	mov	sp, r7
2000200c:	bc80      	pop	{r7}
2000200e:	4770      	bx	lr

20002010 <__can_init>:
20002010:	b580      	push	{r7, lr}
20002012:	b086      	sub	sp, #24
20002014:	af00      	add	r7, sp, #0
20002016:	4846      	ldr	r0, [pc, #280]	@ (20002130 <__can_init+0x120>)
20002018:	f001 fcea 	bl	200039f0 <GPIO_DeInit>
2000201c:	4845      	ldr	r0, [pc, #276]	@ (20002134 <__can_init+0x124>)
2000201e:	f000 f97f 	bl	20002320 <CAN_DeInit>
20002022:	4845      	ldr	r0, [pc, #276]	@ (20002138 <__can_init+0x128>)
20002024:	f000 f97c 	bl	20002320 <CAN_DeInit>
20002028:	2101      	movs	r1, #1
2000202a:	f04f 7000 	mov.w	r0, #33554432	@ 0x2000000
2000202e:	f002 fb5b 	bl	200046e8 <RCC_APB1PeriphClockCmd>
20002032:	2101      	movs	r1, #1
20002034:	f04f 6080 	mov.w	r0, #67108864	@ 0x4000000
20002038:	f002 fb56 	bl	200046e8 <RCC_APB1PeriphClockCmd>
2000203c:	2101      	movs	r1, #1
2000203e:	2002      	movs	r0, #2
20002040:	f002 faf8 	bl	20004634 <RCC_AHB1PeriphClockCmd>
20002044:	2209      	movs	r2, #9
20002046:	2109      	movs	r1, #9
20002048:	4839      	ldr	r0, [pc, #228]	@ (20002130 <__can_init+0x120>)
2000204a:	f001 fee7 	bl	20003e1c <GPIO_PinAFConfig>
2000204e:	2209      	movs	r2, #9
20002050:	2108      	movs	r1, #8
20002052:	4837      	ldr	r0, [pc, #220]	@ (20002130 <__can_init+0x120>)
20002054:	f001 fee2 	bl	20003e1c <GPIO_PinAFConfig>
20002058:	f107 0310 	add.w	r3, r7, #16
2000205c:	4618      	mov	r0, r3
2000205e:	f001 fe07 	bl	20003c70 <GPIO_StructInit>
20002062:	f44f 7300 	mov.w	r3, #512	@ 0x200
20002066:	613b      	str	r3, [r7, #16]
20002068:	2302      	movs	r3, #2
2000206a:	753b      	strb	r3, [r7, #20]
2000206c:	2300      	movs	r3, #0
2000206e:	75bb      	strb	r3, [r7, #22]
20002070:	2300      	movs	r3, #0
20002072:	75fb      	strb	r3, [r7, #23]
20002074:	2302      	movs	r3, #2
20002076:	757b      	strb	r3, [r7, #21]
20002078:	f107 0310 	add.w	r3, r7, #16
2000207c:	4619      	mov	r1, r3
2000207e:	482c      	ldr	r0, [pc, #176]	@ (20002130 <__can_init+0x120>)
20002080:	f001 fd68 	bl	20003b54 <GPIO_Init>
20002084:	f44f 7380 	mov.w	r3, #256	@ 0x100
20002088:	613b      	str	r3, [r7, #16]
2000208a:	2302      	movs	r3, #2
2000208c:	753b      	strb	r3, [r7, #20]
2000208e:	2300      	movs	r3, #0
20002090:	75bb      	strb	r3, [r7, #22]
20002092:	2301      	movs	r3, #1
20002094:	75fb      	strb	r3, [r7, #23]
20002096:	2302      	movs	r3, #2
20002098:	757b      	strb	r3, [r7, #21]
2000209a:	f107 0310 	add.w	r3, r7, #16
2000209e:	4619      	mov	r1, r3
200020a0:	4823      	ldr	r0, [pc, #140]	@ (20002130 <__can_init+0x120>)
200020a2:	f001 fd57 	bl	20003b54 <GPIO_Init>
200020a6:	2209      	movs	r2, #9
200020a8:	2106      	movs	r1, #6
200020aa:	4821      	ldr	r0, [pc, #132]	@ (20002130 <__can_init+0x120>)
200020ac:	f001 feb6 	bl	20003e1c <GPIO_PinAFConfig>
200020b0:	2209      	movs	r2, #9
200020b2:	2105      	movs	r1, #5
200020b4:	481e      	ldr	r0, [pc, #120]	@ (20002130 <__can_init+0x120>)
200020b6:	f001 feb1 	bl	20003e1c <GPIO_PinAFConfig>
200020ba:	2340      	movs	r3, #64	@ 0x40
200020bc:	613b      	str	r3, [r7, #16]
200020be:	2302      	movs	r3, #2
200020c0:	753b      	strb	r3, [r7, #20]
200020c2:	2300      	movs	r3, #0
200020c4:	75bb      	strb	r3, [r7, #22]
200020c6:	2300      	movs	r3, #0
200020c8:	75fb      	strb	r3, [r7, #23]
200020ca:	2302      	movs	r3, #2
200020cc:	757b      	strb	r3, [r7, #21]
200020ce:	f107 0310 	add.w	r3, r7, #16
200020d2:	4619      	mov	r1, r3
200020d4:	4816      	ldr	r0, [pc, #88]	@ (20002130 <__can_init+0x120>)
200020d6:	f001 fd3d 	bl	20003b54 <GPIO_Init>
200020da:	2320      	movs	r3, #32
200020dc:	613b      	str	r3, [r7, #16]
200020de:	2302      	movs	r3, #2
200020e0:	753b      	strb	r3, [r7, #20]
200020e2:	2300      	movs	r3, #0
200020e4:	75bb      	strb	r3, [r7, #22]
200020e6:	2301      	movs	r3, #1
200020e8:	75fb      	strb	r3, [r7, #23]
200020ea:	2302      	movs	r3, #2
200020ec:	757b      	strb	r3, [r7, #21]
200020ee:	f107 0310 	add.w	r3, r7, #16
200020f2:	4619      	mov	r1, r3
200020f4:	480e      	ldr	r0, [pc, #56]	@ (20002130 <__can_init+0x120>)
200020f6:	f001 fd2d 	bl	20003b54 <GPIO_Init>
200020fa:	2300      	movs	r3, #0
200020fc:	72bb      	strb	r3, [r7, #10]
200020fe:	2300      	movs	r3, #0
20002100:	72fb      	strb	r3, [r7, #11]
20002102:	2301      	movs	r3, #1
20002104:	733b      	strb	r3, [r7, #12]
20002106:	2300      	movs	r3, #0
20002108:	803b      	strh	r3, [r7, #0]
2000210a:	2300      	movs	r3, #0
2000210c:	807b      	strh	r3, [r7, #2]
2000210e:	2300      	movs	r3, #0
20002110:	80bb      	strh	r3, [r7, #4]
20002112:	2300      	movs	r3, #0
20002114:	80fb      	strh	r3, [r7, #6]
20002116:	2300      	movs	r3, #0
20002118:	813b      	strh	r3, [r7, #8]
2000211a:	2301      	movs	r3, #1
2000211c:	737b      	strb	r3, [r7, #13]
2000211e:	463b      	mov	r3, r7
20002120:	4618      	mov	r0, r3
20002122:	f000 f9f1 	bl	20002508 <CAN_FilterInit>
20002126:	bf00      	nop
20002128:	3718      	adds	r7, #24
2000212a:	46bd      	mov	sp, r7
2000212c:	bd80      	pop	{r7, pc}
2000212e:	bf00      	nop
20002130:	40020400 	.word	0x40020400
20002134:	40006400 	.word	0x40006400
20002138:	40006800 	.word	0x40006800

2000213c <__dac_init>:
2000213c:	b580      	push	{r7, lr}
2000213e:	b086      	sub	sp, #24
20002140:	af00      	add	r7, sp, #0
20002142:	2101      	movs	r1, #1
20002144:	f04f 5000 	mov.w	r0, #536870912	@ 0x20000000
20002148:	f002 face 	bl	200046e8 <RCC_APB1PeriphClockCmd>
2000214c:	f107 0310 	add.w	r3, r7, #16
20002150:	4618      	mov	r0, r3
20002152:	f001 fd8d 	bl	20003c70 <GPIO_StructInit>
20002156:	2320      	movs	r3, #32
20002158:	613b      	str	r3, [r7, #16]
2000215a:	2303      	movs	r3, #3
2000215c:	753b      	strb	r3, [r7, #20]
2000215e:	2300      	movs	r3, #0
20002160:	75fb      	strb	r3, [r7, #23]
20002162:	f107 0310 	add.w	r3, r7, #16
20002166:	4619      	mov	r1, r3
20002168:	480f      	ldr	r0, [pc, #60]	@ (200021a8 <__dac_init+0x6c>)
2000216a:	f001 fcf3 	bl	20003b54 <GPIO_Init>
2000216e:	f001 f92b 	bl	200033c8 <DAC_DeInit>
20002172:	463b      	mov	r3, r7
20002174:	4618      	mov	r0, r3
20002176:	f001 f967 	bl	20003448 <DAC_StructInit>
2000217a:	2300      	movs	r3, #0
2000217c:	603b      	str	r3, [r7, #0]
2000217e:	2300      	movs	r3, #0
20002180:	607b      	str	r3, [r7, #4]
20002182:	2300      	movs	r3, #0
20002184:	60fb      	str	r3, [r7, #12]
20002186:	463b      	mov	r3, r7
20002188:	4619      	mov	r1, r3
2000218a:	2010      	movs	r0, #16
2000218c:	f001 f92a 	bl	200033e4 <DAC_Init>
20002190:	2101      	movs	r1, #1
20002192:	2010      	movs	r0, #16
20002194:	f001 f96d 	bl	20003472 <DAC_Cmd>
20002198:	2100      	movs	r1, #0
2000219a:	2008      	movs	r0, #8
2000219c:	f001 fa10 	bl	200035c0 <DAC_SetChannel2Data>
200021a0:	bf00      	nop
200021a2:	3718      	adds	r7, #24
200021a4:	46bd      	mov	sp, r7
200021a6:	bd80      	pop	{r7, pc}
200021a8:	40020000 	.word	0x40020000

200021ac <__sio_init>:
200021ac:	b580      	push	{r7, lr}
200021ae:	b084      	sub	sp, #16
200021b0:	af00      	add	r7, sp, #0
200021b2:	2101      	movs	r1, #1
200021b4:	f44f 4080 	mov.w	r0, #16384	@ 0x4000
200021b8:	f002 fab4 	bl	20004724 <RCC_APB2PeriphClockCmd>
200021bc:	2107      	movs	r1, #7
200021be:	2001      	movs	r0, #1
200021c0:	f002 fcc0 	bl	20004b44 <SYSCFG_EXTILineConfig>
200021c4:	f001 fb12 	bl	200037ec <EXTI_DeInit>
200021c8:	463b      	mov	r3, r7
200021ca:	4618      	mov	r0, r3
200021cc:	f001 fb9a 	bl	20003904 <EXTI_StructInit>
200021d0:	2380      	movs	r3, #128	@ 0x80
200021d2:	603b      	str	r3, [r7, #0]
200021d4:	2300      	movs	r3, #0
200021d6:	713b      	strb	r3, [r7, #4]
200021d8:	230c      	movs	r3, #12
200021da:	717b      	strb	r3, [r7, #5]
200021dc:	2301      	movs	r3, #1
200021de:	71bb      	strb	r3, [r7, #6]
200021e0:	463b      	mov	r3, r7
200021e2:	4618      	mov	r0, r3
200021e4:	f001 fb1c 	bl	20003820 <EXTI_Init>
200021e8:	f107 0308 	add.w	r3, r7, #8
200021ec:	4618      	mov	r0, r3
200021ee:	f001 fd3f 	bl	20003c70 <GPIO_StructInit>
200021f2:	2302      	movs	r3, #2
200021f4:	60bb      	str	r3, [r7, #8]
200021f6:	2301      	movs	r3, #1
200021f8:	733b      	strb	r3, [r7, #12]
200021fa:	2301      	movs	r3, #1
200021fc:	73bb      	strb	r3, [r7, #14]
200021fe:	2300      	movs	r3, #0
20002200:	73fb      	strb	r3, [r7, #15]
20002202:	2301      	movs	r3, #1
20002204:	737b      	strb	r3, [r7, #13]
20002206:	f107 0308 	add.w	r3, r7, #8
2000220a:	4619      	mov	r1, r3
2000220c:	4818      	ldr	r0, [pc, #96]	@ (20002270 <__sio_init+0xc4>)
2000220e:	f001 fca1 	bl	20003b54 <GPIO_Init>
20002212:	2301      	movs	r3, #1
20002214:	60bb      	str	r3, [r7, #8]
20002216:	2301      	movs	r3, #1
20002218:	733b      	strb	r3, [r7, #12]
2000221a:	2301      	movs	r3, #1
2000221c:	73bb      	strb	r3, [r7, #14]
2000221e:	2300      	movs	r3, #0
20002220:	73fb      	strb	r3, [r7, #15]
20002222:	2301      	movs	r3, #1
20002224:	737b      	strb	r3, [r7, #13]
20002226:	f107 0308 	add.w	r3, r7, #8
2000222a:	4619      	mov	r1, r3
2000222c:	4810      	ldr	r0, [pc, #64]	@ (20002270 <__sio_init+0xc4>)
2000222e:	f001 fc91 	bl	20003b54 <GPIO_Init>
20002232:	2201      	movs	r2, #1
20002234:	2102      	movs	r1, #2
20002236:	480e      	ldr	r0, [pc, #56]	@ (20002270 <__sio_init+0xc4>)
20002238:	f001 fdba 	bl	20003db0 <GPIO_WriteBit>
2000223c:	2201      	movs	r2, #1
2000223e:	2101      	movs	r1, #1
20002240:	480b      	ldr	r0, [pc, #44]	@ (20002270 <__sio_init+0xc4>)
20002242:	f001 fdb5 	bl	20003db0 <GPIO_WriteBit>
20002246:	2380      	movs	r3, #128	@ 0x80
20002248:	60bb      	str	r3, [r7, #8]
2000224a:	2300      	movs	r3, #0
2000224c:	733b      	strb	r3, [r7, #12]
2000224e:	2300      	movs	r3, #0
20002250:	73bb      	strb	r3, [r7, #14]
20002252:	2300      	movs	r3, #0
20002254:	73fb      	strb	r3, [r7, #15]
20002256:	2301      	movs	r3, #1
20002258:	737b      	strb	r3, [r7, #13]
2000225a:	f107 0308 	add.w	r3, r7, #8
2000225e:	4619      	mov	r1, r3
20002260:	4803      	ldr	r0, [pc, #12]	@ (20002270 <__sio_init+0xc4>)
20002262:	f001 fc77 	bl	20003b54 <GPIO_Init>
20002266:	bf00      	nop
20002268:	3710      	adds	r7, #16
2000226a:	46bd      	mov	sp, r7
2000226c:	bd80      	pop	{r7, pc}
2000226e:	bf00      	nop
20002270:	40020400 	.word	0x40020400

20002274 <__sys_init>:
20002274:	b480      	push	{r7}
20002276:	b083      	sub	sp, #12
20002278:	af00      	add	r7, sp, #0
2000227a:	f3ef 8314 	mrs	r3, CONTROL
2000227e:	603b      	str	r3, [r7, #0]
20002280:	683b      	ldr	r3, [r7, #0]
20002282:	f023 0303 	bic.w	r3, r3, #3
20002286:	607b      	str	r3, [r7, #4]
20002288:	687b      	ldr	r3, [r7, #4]
2000228a:	f383 8814 	msr	CONTROL, r3
2000228e:	bf00      	nop
20002290:	4b06      	ldr	r3, [pc, #24]	@ (200022ac <__sys_init+0x38>)
20002292:	f44f 7204 	mov.w	r2, #528	@ 0x210
20002296:	615a      	str	r2, [r3, #20]
20002298:	4b05      	ldr	r3, [pc, #20]	@ (200022b0 <__sys_init+0x3c>)
2000229a:	f04f 4200 	mov.w	r2, #2147483648	@ 0x80000000
2000229e:	605a      	str	r2, [r3, #4]
200022a0:	bf00      	nop
200022a2:	370c      	adds	r7, #12
200022a4:	46bd      	mov	sp, r7
200022a6:	bc80      	pop	{r7}
200022a8:	4770      	bx	lr
200022aa:	bf00      	nop
200022ac:	e000ed00 	.word	0xe000ed00
200022b0:	e000ef30 	.word	0xe000ef30

200022b4 <__timer_init>:
200022b4:	b580      	push	{r7, lr}
200022b6:	af00      	add	r7, sp, #0
200022b8:	2101      	movs	r1, #1
200022ba:	2008      	movs	r0, #8
200022bc:	f002 fa14 	bl	200046e8 <RCC_APB1PeriphClockCmd>
200022c0:	2101      	movs	r1, #1
200022c2:	2008      	movs	r0, #8
200022c4:	f002 fb3c 	bl	20004940 <RCC_APB1PeriphClockLPModeCmd>
200022c8:	bf00      	nop
200022ca:	bd80      	pop	{r7, pc}

200022cc <__bss_init>:
200022cc:	b480      	push	{r7}
200022ce:	af00      	add	r7, sp, #0
200022d0:	4a11      	ldr	r2, [pc, #68]	@ (20002318 <Exit+0xc>)
200022d2:	e002      	b.n	200022da <LoopFillZerobss>

200022d4 <FillZerobss>:
200022d4:	2300      	movs	r3, #0
200022d6:	f842 3b04 	str.w	r3, [r2], #4

200022da <LoopFillZerobss>:
200022da:	4b10      	ldr	r3, [pc, #64]	@ (2000231c <Exit+0x10>)
200022dc:	429a      	cmp	r2, r3
200022de:	d3f9      	bcc.n	200022d4 <FillZerobss>
200022e0:	bf00      	nop
200022e2:	46bd      	mov	sp, r7
200022e4:	bc80      	pop	{r7}
200022e6:	4770      	bx	lr

200022e8 <Init>:
200022e8:	b580      	push	{r7, lr}
200022ea:	af00      	add	r7, sp, #0
200022ec:	f7ff ffee 	bl	200022cc <__bss_init>
200022f0:	f7ff fe88 	bl	20002004 <__usart_init>
200022f4:	f7ff fe8c 	bl	20002010 <__can_init>
200022f8:	f7ff ff20 	bl	2000213c <__dac_init>
200022fc:	f7ff ff56 	bl	200021ac <__sio_init>
20002300:	f7ff ffb8 	bl	20002274 <__sys_init>
20002304:	f7ff ffd6 	bl	200022b4 <__timer_init>
20002308:	bf00      	nop
2000230a:	bd80      	pop	{r7, pc}

2000230c <Exit>:
2000230c:	b480      	push	{r7}
2000230e:	af00      	add	r7, sp, #0
20002310:	bf00      	nop
20002312:	46bd      	mov	sp, r7
20002314:	bc80      	pop	{r7}
20002316:	4770      	bx	lr
20002318:	2000a000 	.word	0x2000a000
2000231c:	20012384 	.word	0x20012384

20002320 <CAN_DeInit>:
20002320:	b580      	push	{r7, lr}
20002322:	b082      	sub	sp, #8
20002324:	af00      	add	r7, sp, #0
20002326:	6078      	str	r0, [r7, #4]
20002328:	687b      	ldr	r3, [r7, #4]
2000232a:	4a0e      	ldr	r2, [pc, #56]	@ (20002364 <CAN_DeInit+0x44>)
2000232c:	4293      	cmp	r3, r2
2000232e:	d10a      	bne.n	20002346 <CAN_DeInit+0x26>
20002330:	2101      	movs	r1, #1
20002332:	f04f 7000 	mov.w	r0, #33554432	@ 0x2000000
20002336:	f002 fa6d 	bl	20004814 <RCC_APB1PeriphResetCmd>
2000233a:	2100      	movs	r1, #0
2000233c:	f04f 7000 	mov.w	r0, #33554432	@ 0x2000000
20002340:	f002 fa68 	bl	20004814 <RCC_APB1PeriphResetCmd>
20002344:	e009      	b.n	2000235a <CAN_DeInit+0x3a>
20002346:	2101      	movs	r1, #1
20002348:	f04f 6080 	mov.w	r0, #67108864	@ 0x4000000
2000234c:	f002 fa62 	bl	20004814 <RCC_APB1PeriphResetCmd>
20002350:	2100      	movs	r1, #0
20002352:	f04f 6080 	mov.w	r0, #67108864	@ 0x4000000
20002356:	f002 fa5d 	bl	20004814 <RCC_APB1PeriphResetCmd>
2000235a:	bf00      	nop
2000235c:	3708      	adds	r7, #8
2000235e:	46bd      	mov	sp, r7
20002360:	bd80      	pop	{r7, pc}
20002362:	bf00      	nop
20002364:	40006400 	.word	0x40006400

20002368 <CAN_Init>:
20002368:	b480      	push	{r7}
2000236a:	b085      	sub	sp, #20
2000236c:	af00      	add	r7, sp, #0
2000236e:	6078      	str	r0, [r7, #4]
20002370:	6039      	str	r1, [r7, #0]
20002372:	2300      	movs	r3, #0
20002374:	73fb      	strb	r3, [r7, #15]
20002376:	2300      	movs	r3, #0
20002378:	60bb      	str	r3, [r7, #8]
2000237a:	687b      	ldr	r3, [r7, #4]
2000237c:	681b      	ldr	r3, [r3, #0]
2000237e:	f023 0202 	bic.w	r2, r3, #2
20002382:	687b      	ldr	r3, [r7, #4]
20002384:	601a      	str	r2, [r3, #0]
20002386:	687b      	ldr	r3, [r7, #4]
20002388:	681b      	ldr	r3, [r3, #0]
2000238a:	f043 0201 	orr.w	r2, r3, #1
2000238e:	687b      	ldr	r3, [r7, #4]
20002390:	601a      	str	r2, [r3, #0]
20002392:	e002      	b.n	2000239a <CAN_Init+0x32>
20002394:	68bb      	ldr	r3, [r7, #8]
20002396:	3301      	adds	r3, #1
20002398:	60bb      	str	r3, [r7, #8]
2000239a:	687b      	ldr	r3, [r7, #4]
2000239c:	685b      	ldr	r3, [r3, #4]
2000239e:	f003 0301 	and.w	r3, r3, #1
200023a2:	2b01      	cmp	r3, #1
200023a4:	d004      	beq.n	200023b0 <CAN_Init+0x48>
200023a6:	68bb      	ldr	r3, [r7, #8]
200023a8:	f64f 72ff 	movw	r2, #65535	@ 0xffff
200023ac:	4293      	cmp	r3, r2
200023ae:	d1f1      	bne.n	20002394 <CAN_Init+0x2c>
200023b0:	687b      	ldr	r3, [r7, #4]
200023b2:	685b      	ldr	r3, [r3, #4]
200023b4:	f003 0301 	and.w	r3, r3, #1
200023b8:	2b01      	cmp	r3, #1
200023ba:	d002      	beq.n	200023c2 <CAN_Init+0x5a>
200023bc:	2300      	movs	r3, #0
200023be:	73fb      	strb	r3, [r7, #15]
200023c0:	e09c      	b.n	200024fc <CAN_Init+0x194>
200023c2:	683b      	ldr	r3, [r7, #0]
200023c4:	799b      	ldrb	r3, [r3, #6]
200023c6:	2b01      	cmp	r3, #1
200023c8:	d106      	bne.n	200023d8 <CAN_Init+0x70>
200023ca:	687b      	ldr	r3, [r7, #4]
200023cc:	681b      	ldr	r3, [r3, #0]
200023ce:	f043 0280 	orr.w	r2, r3, #128	@ 0x80
200023d2:	687b      	ldr	r3, [r7, #4]
200023d4:	601a      	str	r2, [r3, #0]
200023d6:	e005      	b.n	200023e4 <CAN_Init+0x7c>
200023d8:	687b      	ldr	r3, [r7, #4]
200023da:	681b      	ldr	r3, [r3, #0]
200023dc:	f023 0280 	bic.w	r2, r3, #128	@ 0x80
200023e0:	687b      	ldr	r3, [r7, #4]
200023e2:	601a      	str	r2, [r3, #0]
200023e4:	683b      	ldr	r3, [r7, #0]
200023e6:	79db      	ldrb	r3, [r3, #7]
200023e8:	2b01      	cmp	r3, #1
200023ea:	d106      	bne.n	200023fa <CAN_Init+0x92>
200023ec:	687b      	ldr	r3, [r7, #4]
200023ee:	681b      	ldr	r3, [r3, #0]
200023f0:	f043 0240 	orr.w	r2, r3, #64	@ 0x40
200023f4:	687b      	ldr	r3, [r7, #4]
200023f6:	601a      	str	r2, [r3, #0]
200023f8:	e005      	b.n	20002406 <CAN_Init+0x9e>
200023fa:	687b      	ldr	r3, [r7, #4]
200023fc:	681b      	ldr	r3, [r3, #0]
200023fe:	f023 0240 	bic.w	r2, r3, #64	@ 0x40
20002402:	687b      	ldr	r3, [r7, #4]
20002404:	601a      	str	r2, [r3, #0]
20002406:	683b      	ldr	r3, [r7, #0]
20002408:	7a1b      	ldrb	r3, [r3, #8]
2000240a:	2b01      	cmp	r3, #1
2000240c:	d106      	bne.n	2000241c <CAN_Init+0xb4>
2000240e:	687b      	ldr	r3, [r7, #4]
20002410:	681b      	ldr	r3, [r3, #0]
20002412:	f043 0220 	orr.w	r2, r3, #32
20002416:	687b      	ldr	r3, [r7, #4]
20002418:	601a      	str	r2, [r3, #0]
2000241a:	e005      	b.n	20002428 <CAN_Init+0xc0>
2000241c:	687b      	ldr	r3, [r7, #4]
2000241e:	681b      	ldr	r3, [r3, #0]
20002420:	f023 0220 	bic.w	r2, r3, #32
20002424:	687b      	ldr	r3, [r7, #4]
20002426:	601a      	str	r2, [r3, #0]
20002428:	683b      	ldr	r3, [r7, #0]
2000242a:	7a5b      	ldrb	r3, [r3, #9]
2000242c:	2b01      	cmp	r3, #1
2000242e:	d106      	bne.n	2000243e <CAN_Init+0xd6>
20002430:	687b      	ldr	r3, [r7, #4]
20002432:	681b      	ldr	r3, [r3, #0]
20002434:	f043 0210 	orr.w	r2, r3, #16
20002438:	687b      	ldr	r3, [r7, #4]
2000243a:	601a      	str	r2, [r3, #0]
2000243c:	e005      	b.n	2000244a <CAN_Init+0xe2>
2000243e:	687b      	ldr	r3, [r7, #4]
20002440:	681b      	ldr	r3, [r3, #0]
20002442:	f023 0210 	bic.w	r2, r3, #16
20002446:	687b      	ldr	r3, [r7, #4]
20002448:	601a      	str	r2, [r3, #0]
2000244a:	683b      	ldr	r3, [r7, #0]
2000244c:	7a9b      	ldrb	r3, [r3, #10]
2000244e:	2b01      	cmp	r3, #1
20002450:	d106      	bne.n	20002460 <CAN_Init+0xf8>
20002452:	687b      	ldr	r3, [r7, #4]
20002454:	681b      	ldr	r3, [r3, #0]
20002456:	f043 0208 	orr.w	r2, r3, #8
2000245a:	687b      	ldr	r3, [r7, #4]
2000245c:	601a      	str	r2, [r3, #0]
2000245e:	e005      	b.n	2000246c <CAN_Init+0x104>
20002460:	687b      	ldr	r3, [r7, #4]
20002462:	681b      	ldr	r3, [r3, #0]
20002464:	f023 0208 	bic.w	r2, r3, #8
20002468:	687b      	ldr	r3, [r7, #4]
2000246a:	601a      	str	r2, [r3, #0]
2000246c:	683b      	ldr	r3, [r7, #0]
2000246e:	7adb      	ldrb	r3, [r3, #11]
20002470:	2b01      	cmp	r3, #1
20002472:	d106      	bne.n	20002482 <CAN_Init+0x11a>
20002474:	687b      	ldr	r3, [r7, #4]
20002476:	681b      	ldr	r3, [r3, #0]
20002478:	f043 0204 	orr.w	r2, r3, #4
2000247c:	687b      	ldr	r3, [r7, #4]
2000247e:	601a      	str	r2, [r3, #0]
20002480:	e005      	b.n	2000248e <CAN_Init+0x126>
20002482:	687b      	ldr	r3, [r7, #4]
20002484:	681b      	ldr	r3, [r3, #0]
20002486:	f023 0204 	bic.w	r2, r3, #4
2000248a:	687b      	ldr	r3, [r7, #4]
2000248c:	601a      	str	r2, [r3, #0]
2000248e:	683b      	ldr	r3, [r7, #0]
20002490:	789b      	ldrb	r3, [r3, #2]
20002492:	079a      	lsls	r2, r3, #30
20002494:	683b      	ldr	r3, [r7, #0]
20002496:	78db      	ldrb	r3, [r3, #3]
20002498:	061b      	lsls	r3, r3, #24
2000249a:	431a      	orrs	r2, r3
2000249c:	683b      	ldr	r3, [r7, #0]
2000249e:	791b      	ldrb	r3, [r3, #4]
200024a0:	041b      	lsls	r3, r3, #16
200024a2:	431a      	orrs	r2, r3
200024a4:	683b      	ldr	r3, [r7, #0]
200024a6:	795b      	ldrb	r3, [r3, #5]
200024a8:	051b      	lsls	r3, r3, #20
200024aa:	431a      	orrs	r2, r3
200024ac:	683b      	ldr	r3, [r7, #0]
200024ae:	881b      	ldrh	r3, [r3, #0]
200024b0:	3b01      	subs	r3, #1
200024b2:	431a      	orrs	r2, r3
200024b4:	687b      	ldr	r3, [r7, #4]
200024b6:	61da      	str	r2, [r3, #28]
200024b8:	687b      	ldr	r3, [r7, #4]
200024ba:	681b      	ldr	r3, [r3, #0]
200024bc:	f023 0201 	bic.w	r2, r3, #1
200024c0:	687b      	ldr	r3, [r7, #4]
200024c2:	601a      	str	r2, [r3, #0]
200024c4:	2300      	movs	r3, #0
200024c6:	60bb      	str	r3, [r7, #8]
200024c8:	e002      	b.n	200024d0 <CAN_Init+0x168>
200024ca:	68bb      	ldr	r3, [r7, #8]
200024cc:	3301      	adds	r3, #1
200024ce:	60bb      	str	r3, [r7, #8]
200024d0:	687b      	ldr	r3, [r7, #4]
200024d2:	685b      	ldr	r3, [r3, #4]
200024d4:	f003 0301 	and.w	r3, r3, #1
200024d8:	2b01      	cmp	r3, #1
200024da:	d104      	bne.n	200024e6 <CAN_Init+0x17e>
200024dc:	68bb      	ldr	r3, [r7, #8]
200024de:	f64f 72ff 	movw	r2, #65535	@ 0xffff
200024e2:	4293      	cmp	r3, r2
200024e4:	d1f1      	bne.n	200024ca <CAN_Init+0x162>
200024e6:	687b      	ldr	r3, [r7, #4]
200024e8:	685b      	ldr	r3, [r3, #4]
200024ea:	f003 0301 	and.w	r3, r3, #1
200024ee:	2b01      	cmp	r3, #1
200024f0:	d102      	bne.n	200024f8 <CAN_Init+0x190>
200024f2:	2300      	movs	r3, #0
200024f4:	73fb      	strb	r3, [r7, #15]
200024f6:	e001      	b.n	200024fc <CAN_Init+0x194>
200024f8:	2301      	movs	r3, #1
200024fa:	73fb      	strb	r3, [r7, #15]
200024fc:	7bfb      	ldrb	r3, [r7, #15]
200024fe:	4618      	mov	r0, r3
20002500:	3714      	adds	r7, #20
20002502:	46bd      	mov	sp, r7
20002504:	bc80      	pop	{r7}
20002506:	4770      	bx	lr

20002508 <CAN_FilterInit>:
20002508:	b490      	push	{r4, r7}
2000250a:	b084      	sub	sp, #16
2000250c:	af00      	add	r7, sp, #0
2000250e:	6078      	str	r0, [r7, #4]
20002510:	2300      	movs	r3, #0
20002512:	60fb      	str	r3, [r7, #12]
20002514:	687b      	ldr	r3, [r7, #4]
20002516:	7a9b      	ldrb	r3, [r3, #10]
20002518:	461a      	mov	r2, r3
2000251a:	2301      	movs	r3, #1
2000251c:	4093      	lsls	r3, r2
2000251e:	60fb      	str	r3, [r7, #12]
20002520:	4b59      	ldr	r3, [pc, #356]	@ (20002688 <CAN_FilterInit+0x180>)
20002522:	f8d3 3200 	ldr.w	r3, [r3, #512]	@ 0x200
20002526:	4a58      	ldr	r2, [pc, #352]	@ (20002688 <CAN_FilterInit+0x180>)
20002528:	f043 0301 	orr.w	r3, r3, #1
2000252c:	f8c2 3200 	str.w	r3, [r2, #512]	@ 0x200
20002530:	4b55      	ldr	r3, [pc, #340]	@ (20002688 <CAN_FilterInit+0x180>)
20002532:	f8d3 221c 	ldr.w	r2, [r3, #540]	@ 0x21c
20002536:	68fb      	ldr	r3, [r7, #12]
20002538:	43db      	mvns	r3, r3
2000253a:	4953      	ldr	r1, [pc, #332]	@ (20002688 <CAN_FilterInit+0x180>)
2000253c:	4013      	ands	r3, r2
2000253e:	f8c1 321c 	str.w	r3, [r1, #540]	@ 0x21c
20002542:	687b      	ldr	r3, [r7, #4]
20002544:	7b1b      	ldrb	r3, [r3, #12]
20002546:	2b00      	cmp	r3, #0
20002548:	d129      	bne.n	2000259e <CAN_FilterInit+0x96>
2000254a:	4b4f      	ldr	r3, [pc, #316]	@ (20002688 <CAN_FilterInit+0x180>)
2000254c:	f8d3 220c 	ldr.w	r2, [r3, #524]	@ 0x20c
20002550:	68fb      	ldr	r3, [r7, #12]
20002552:	43db      	mvns	r3, r3
20002554:	494c      	ldr	r1, [pc, #304]	@ (20002688 <CAN_FilterInit+0x180>)
20002556:	4013      	ands	r3, r2
20002558:	f8c1 320c 	str.w	r3, [r1, #524]	@ 0x20c
2000255c:	687b      	ldr	r3, [r7, #4]
2000255e:	88db      	ldrh	r3, [r3, #6]
20002560:	041b      	lsls	r3, r3, #16
20002562:	687a      	ldr	r2, [r7, #4]
20002564:	8852      	ldrh	r2, [r2, #2]
20002566:	4614      	mov	r4, r2
20002568:	4947      	ldr	r1, [pc, #284]	@ (20002688 <CAN_FilterInit+0x180>)
2000256a:	687a      	ldr	r2, [r7, #4]
2000256c:	7a92      	ldrb	r2, [r2, #10]
2000256e:	4610      	mov	r0, r2
20002570:	ea43 0204 	orr.w	r2, r3, r4
20002574:	f100 0348 	add.w	r3, r0, #72	@ 0x48
20002578:	f841 2033 	str.w	r2, [r1, r3, lsl #3]
2000257c:	687b      	ldr	r3, [r7, #4]
2000257e:	889b      	ldrh	r3, [r3, #4]
20002580:	041b      	lsls	r3, r3, #16
20002582:	687a      	ldr	r2, [r7, #4]
20002584:	8812      	ldrh	r2, [r2, #0]
20002586:	4614      	mov	r4, r2
20002588:	493f      	ldr	r1, [pc, #252]	@ (20002688 <CAN_FilterInit+0x180>)
2000258a:	687a      	ldr	r2, [r7, #4]
2000258c:	7a92      	ldrb	r2, [r2, #10]
2000258e:	4610      	mov	r0, r2
20002590:	ea43 0204 	orr.w	r2, r3, r4
20002594:	f100 0348 	add.w	r3, r0, #72	@ 0x48
20002598:	00db      	lsls	r3, r3, #3
2000259a:	440b      	add	r3, r1
2000259c:	605a      	str	r2, [r3, #4]
2000259e:	687b      	ldr	r3, [r7, #4]
200025a0:	7b1b      	ldrb	r3, [r3, #12]
200025a2:	2b01      	cmp	r3, #1
200025a4:	d128      	bne.n	200025f8 <CAN_FilterInit+0xf0>
200025a6:	4b38      	ldr	r3, [pc, #224]	@ (20002688 <CAN_FilterInit+0x180>)
200025a8:	f8d3 220c 	ldr.w	r2, [r3, #524]	@ 0x20c
200025ac:	4936      	ldr	r1, [pc, #216]	@ (20002688 <CAN_FilterInit+0x180>)
200025ae:	68fb      	ldr	r3, [r7, #12]
200025b0:	4313      	orrs	r3, r2
200025b2:	f8c1 320c 	str.w	r3, [r1, #524]	@ 0x20c
200025b6:	687b      	ldr	r3, [r7, #4]
200025b8:	881b      	ldrh	r3, [r3, #0]
200025ba:	041b      	lsls	r3, r3, #16
200025bc:	687a      	ldr	r2, [r7, #4]
200025be:	8852      	ldrh	r2, [r2, #2]
200025c0:	4614      	mov	r4, r2
200025c2:	4931      	ldr	r1, [pc, #196]	@ (20002688 <CAN_FilterInit+0x180>)
200025c4:	687a      	ldr	r2, [r7, #4]
200025c6:	7a92      	ldrb	r2, [r2, #10]
200025c8:	4610      	mov	r0, r2
200025ca:	ea43 0204 	orr.w	r2, r3, r4
200025ce:	f100 0348 	add.w	r3, r0, #72	@ 0x48
200025d2:	f841 2033 	str.w	r2, [r1, r3, lsl #3]
200025d6:	687b      	ldr	r3, [r7, #4]
200025d8:	889b      	ldrh	r3, [r3, #4]
200025da:	041b      	lsls	r3, r3, #16
200025dc:	687a      	ldr	r2, [r7, #4]
200025de:	88d2      	ldrh	r2, [r2, #6]
200025e0:	4614      	mov	r4, r2
200025e2:	4929      	ldr	r1, [pc, #164]	@ (20002688 <CAN_FilterInit+0x180>)
200025e4:	687a      	ldr	r2, [r7, #4]
200025e6:	7a92      	ldrb	r2, [r2, #10]
200025e8:	4610      	mov	r0, r2
200025ea:	ea43 0204 	orr.w	r2, r3, r4
200025ee:	f100 0348 	add.w	r3, r0, #72	@ 0x48
200025f2:	00db      	lsls	r3, r3, #3
200025f4:	440b      	add	r3, r1
200025f6:	605a      	str	r2, [r3, #4]
200025f8:	687b      	ldr	r3, [r7, #4]
200025fa:	7adb      	ldrb	r3, [r3, #11]
200025fc:	2b00      	cmp	r3, #0
200025fe:	d109      	bne.n	20002614 <CAN_FilterInit+0x10c>
20002600:	4b21      	ldr	r3, [pc, #132]	@ (20002688 <CAN_FilterInit+0x180>)
20002602:	f8d3 2204 	ldr.w	r2, [r3, #516]	@ 0x204
20002606:	68fb      	ldr	r3, [r7, #12]
20002608:	43db      	mvns	r3, r3
2000260a:	491f      	ldr	r1, [pc, #124]	@ (20002688 <CAN_FilterInit+0x180>)
2000260c:	4013      	ands	r3, r2
2000260e:	f8c1 3204 	str.w	r3, [r1, #516]	@ 0x204
20002612:	e007      	b.n	20002624 <CAN_FilterInit+0x11c>
20002614:	4b1c      	ldr	r3, [pc, #112]	@ (20002688 <CAN_FilterInit+0x180>)
20002616:	f8d3 2204 	ldr.w	r2, [r3, #516]	@ 0x204
2000261a:	491b      	ldr	r1, [pc, #108]	@ (20002688 <CAN_FilterInit+0x180>)
2000261c:	68fb      	ldr	r3, [r7, #12]
2000261e:	4313      	orrs	r3, r2
20002620:	f8c1 3204 	str.w	r3, [r1, #516]	@ 0x204
20002624:	687b      	ldr	r3, [r7, #4]
20002626:	891b      	ldrh	r3, [r3, #8]
20002628:	2b00      	cmp	r3, #0
2000262a:	d108      	bne.n	2000263e <CAN_FilterInit+0x136>
2000262c:	4b16      	ldr	r3, [pc, #88]	@ (20002688 <CAN_FilterInit+0x180>)
2000262e:	f8d3 2214 	ldr.w	r2, [r3, #532]	@ 0x214
20002632:	68fb      	ldr	r3, [r7, #12]
20002634:	43db      	mvns	r3, r3
20002636:	4914      	ldr	r1, [pc, #80]	@ (20002688 <CAN_FilterInit+0x180>)
20002638:	4013      	ands	r3, r2
2000263a:	f8c1 3214 	str.w	r3, [r1, #532]	@ 0x214
2000263e:	687b      	ldr	r3, [r7, #4]
20002640:	891b      	ldrh	r3, [r3, #8]
20002642:	2b01      	cmp	r3, #1
20002644:	d107      	bne.n	20002656 <CAN_FilterInit+0x14e>
20002646:	4b10      	ldr	r3, [pc, #64]	@ (20002688 <CAN_FilterInit+0x180>)
20002648:	f8d3 2214 	ldr.w	r2, [r3, #532]	@ 0x214
2000264c:	490e      	ldr	r1, [pc, #56]	@ (20002688 <CAN_FilterInit+0x180>)
2000264e:	68fb      	ldr	r3, [r7, #12]
20002650:	4313      	orrs	r3, r2
20002652:	f8c1 3214 	str.w	r3, [r1, #532]	@ 0x214
20002656:	687b      	ldr	r3, [r7, #4]
20002658:	7b5b      	ldrb	r3, [r3, #13]
2000265a:	2b01      	cmp	r3, #1
2000265c:	d107      	bne.n	2000266e <CAN_FilterInit+0x166>
2000265e:	4b0a      	ldr	r3, [pc, #40]	@ (20002688 <CAN_FilterInit+0x180>)
20002660:	f8d3 221c 	ldr.w	r2, [r3, #540]	@ 0x21c
20002664:	4908      	ldr	r1, [pc, #32]	@ (20002688 <CAN_FilterInit+0x180>)
20002666:	68fb      	ldr	r3, [r7, #12]
20002668:	4313      	orrs	r3, r2
2000266a:	f8c1 321c 	str.w	r3, [r1, #540]	@ 0x21c
2000266e:	4b06      	ldr	r3, [pc, #24]	@ (20002688 <CAN_FilterInit+0x180>)
20002670:	f8d3 3200 	ldr.w	r3, [r3, #512]	@ 0x200
20002674:	4a04      	ldr	r2, [pc, #16]	@ (20002688 <CAN_FilterInit+0x180>)
20002676:	f023 0301 	bic.w	r3, r3, #1
2000267a:	f8c2 3200 	str.w	r3, [r2, #512]	@ 0x200
2000267e:	bf00      	nop
20002680:	3710      	adds	r7, #16
20002682:	46bd      	mov	sp, r7
20002684:	bc90      	pop	{r4, r7}
20002686:	4770      	bx	lr
20002688:	40006400 	.word	0x40006400

2000268c <CAN_StructInit>:
2000268c:	b480      	push	{r7}
2000268e:	b083      	sub	sp, #12
20002690:	af00      	add	r7, sp, #0
20002692:	6078      	str	r0, [r7, #4]
20002694:	687b      	ldr	r3, [r7, #4]
20002696:	2200      	movs	r2, #0
20002698:	719a      	strb	r2, [r3, #6]
2000269a:	687b      	ldr	r3, [r7, #4]
2000269c:	2200      	movs	r2, #0
2000269e:	71da      	strb	r2, [r3, #7]
200026a0:	687b      	ldr	r3, [r7, #4]
200026a2:	2200      	movs	r2, #0
200026a4:	721a      	strb	r2, [r3, #8]
200026a6:	687b      	ldr	r3, [r7, #4]
200026a8:	2200      	movs	r2, #0
200026aa:	725a      	strb	r2, [r3, #9]
200026ac:	687b      	ldr	r3, [r7, #4]
200026ae:	2200      	movs	r2, #0
200026b0:	729a      	strb	r2, [r3, #10]
200026b2:	687b      	ldr	r3, [r7, #4]
200026b4:	2200      	movs	r2, #0
200026b6:	72da      	strb	r2, [r3, #11]
200026b8:	687b      	ldr	r3, [r7, #4]
200026ba:	2200      	movs	r2, #0
200026bc:	709a      	strb	r2, [r3, #2]
200026be:	687b      	ldr	r3, [r7, #4]
200026c0:	2200      	movs	r2, #0
200026c2:	70da      	strb	r2, [r3, #3]
200026c4:	687b      	ldr	r3, [r7, #4]
200026c6:	2203      	movs	r2, #3
200026c8:	711a      	strb	r2, [r3, #4]
200026ca:	687b      	ldr	r3, [r7, #4]
200026cc:	2202      	movs	r2, #2
200026ce:	715a      	strb	r2, [r3, #5]
200026d0:	687b      	ldr	r3, [r7, #4]
200026d2:	2201      	movs	r2, #1
200026d4:	801a      	strh	r2, [r3, #0]
200026d6:	bf00      	nop
200026d8:	370c      	adds	r7, #12
200026da:	46bd      	mov	sp, r7
200026dc:	bc80      	pop	{r7}
200026de:	4770      	bx	lr

200026e0 <CAN_SlaveStartBank>:
200026e0:	b480      	push	{r7}
200026e2:	b083      	sub	sp, #12
200026e4:	af00      	add	r7, sp, #0
200026e6:	4603      	mov	r3, r0
200026e8:	71fb      	strb	r3, [r7, #7]
200026ea:	4b14      	ldr	r3, [pc, #80]	@ (2000273c <CAN_SlaveStartBank+0x5c>)
200026ec:	f8d3 3200 	ldr.w	r3, [r3, #512]	@ 0x200
200026f0:	4a12      	ldr	r2, [pc, #72]	@ (2000273c <CAN_SlaveStartBank+0x5c>)
200026f2:	f043 0301 	orr.w	r3, r3, #1
200026f6:	f8c2 3200 	str.w	r3, [r2, #512]	@ 0x200
200026fa:	4b10      	ldr	r3, [pc, #64]	@ (2000273c <CAN_SlaveStartBank+0x5c>)
200026fc:	f8d3 3200 	ldr.w	r3, [r3, #512]	@ 0x200
20002700:	4a0e      	ldr	r2, [pc, #56]	@ (2000273c <CAN_SlaveStartBank+0x5c>)
20002702:	f423 537c 	bic.w	r3, r3, #16128	@ 0x3f00
20002706:	f023 030e 	bic.w	r3, r3, #14
2000270a:	f8c2 3200 	str.w	r3, [r2, #512]	@ 0x200
2000270e:	4b0b      	ldr	r3, [pc, #44]	@ (2000273c <CAN_SlaveStartBank+0x5c>)
20002710:	f8d3 2200 	ldr.w	r2, [r3, #512]	@ 0x200
20002714:	79fb      	ldrb	r3, [r7, #7]
20002716:	021b      	lsls	r3, r3, #8
20002718:	4908      	ldr	r1, [pc, #32]	@ (2000273c <CAN_SlaveStartBank+0x5c>)
2000271a:	4313      	orrs	r3, r2
2000271c:	f8c1 3200 	str.w	r3, [r1, #512]	@ 0x200
20002720:	4b06      	ldr	r3, [pc, #24]	@ (2000273c <CAN_SlaveStartBank+0x5c>)
20002722:	f8d3 3200 	ldr.w	r3, [r3, #512]	@ 0x200
20002726:	4a05      	ldr	r2, [pc, #20]	@ (2000273c <CAN_SlaveStartBank+0x5c>)
20002728:	f023 0301 	bic.w	r3, r3, #1
2000272c:	f8c2 3200 	str.w	r3, [r2, #512]	@ 0x200
20002730:	bf00      	nop
20002732:	370c      	adds	r7, #12
20002734:	46bd      	mov	sp, r7
20002736:	bc80      	pop	{r7}
20002738:	4770      	bx	lr
2000273a:	bf00      	nop
2000273c:	40006400 	.word	0x40006400

20002740 <CAN_DBGFreeze>:
20002740:	b480      	push	{r7}
20002742:	b083      	sub	sp, #12
20002744:	af00      	add	r7, sp, #0
20002746:	6078      	str	r0, [r7, #4]
20002748:	460b      	mov	r3, r1
2000274a:	70fb      	strb	r3, [r7, #3]
2000274c:	78fb      	ldrb	r3, [r7, #3]
2000274e:	2b00      	cmp	r3, #0
20002750:	d006      	beq.n	20002760 <CAN_DBGFreeze+0x20>
20002752:	687b      	ldr	r3, [r7, #4]
20002754:	681b      	ldr	r3, [r3, #0]
20002756:	f443 3280 	orr.w	r2, r3, #65536	@ 0x10000
2000275a:	687b      	ldr	r3, [r7, #4]
2000275c:	601a      	str	r2, [r3, #0]
2000275e:	e005      	b.n	2000276c <CAN_DBGFreeze+0x2c>
20002760:	687b      	ldr	r3, [r7, #4]
20002762:	681b      	ldr	r3, [r3, #0]
20002764:	f423 3280 	bic.w	r2, r3, #65536	@ 0x10000
20002768:	687b      	ldr	r3, [r7, #4]
2000276a:	601a      	str	r2, [r3, #0]
2000276c:	bf00      	nop
2000276e:	370c      	adds	r7, #12
20002770:	46bd      	mov	sp, r7
20002772:	bc80      	pop	{r7}
20002774:	4770      	bx	lr

20002776 <CAN_TTComModeCmd>:
20002776:	b480      	push	{r7}
20002778:	b083      	sub	sp, #12
2000277a:	af00      	add	r7, sp, #0
2000277c:	6078      	str	r0, [r7, #4]
2000277e:	460b      	mov	r3, r1
20002780:	70fb      	strb	r3, [r7, #3]
20002782:	78fb      	ldrb	r3, [r7, #3]
20002784:	2b00      	cmp	r3, #0
20002786:	d01e      	beq.n	200027c6 <CAN_TTComModeCmd+0x50>
20002788:	687b      	ldr	r3, [r7, #4]
2000278a:	681b      	ldr	r3, [r3, #0]
2000278c:	f043 0280 	orr.w	r2, r3, #128	@ 0x80
20002790:	687b      	ldr	r3, [r7, #4]
20002792:	601a      	str	r2, [r3, #0]
20002794:	687b      	ldr	r3, [r7, #4]
20002796:	f8d3 3184 	ldr.w	r3, [r3, #388]	@ 0x184
2000279a:	f443 7280 	orr.w	r2, r3, #256	@ 0x100
2000279e:	687b      	ldr	r3, [r7, #4]
200027a0:	f8c3 2184 	str.w	r2, [r3, #388]	@ 0x184
200027a4:	687b      	ldr	r3, [r7, #4]
200027a6:	f8d3 3194 	ldr.w	r3, [r3, #404]	@ 0x194
200027aa:	f443 7280 	orr.w	r2, r3, #256	@ 0x100
200027ae:	687b      	ldr	r3, [r7, #4]
200027b0:	f8c3 2194 	str.w	r2, [r3, #404]	@ 0x194
200027b4:	687b      	ldr	r3, [r7, #4]
200027b6:	f8d3 31a4 	ldr.w	r3, [r3, #420]	@ 0x1a4
200027ba:	f443 7280 	orr.w	r2, r3, #256	@ 0x100
200027be:	687b      	ldr	r3, [r7, #4]
200027c0:	f8c3 21a4 	str.w	r2, [r3, #420]	@ 0x1a4
200027c4:	e01d      	b.n	20002802 <CAN_TTComModeCmd+0x8c>
200027c6:	687b      	ldr	r3, [r7, #4]
200027c8:	681b      	ldr	r3, [r3, #0]
200027ca:	f023 0280 	bic.w	r2, r3, #128	@ 0x80
200027ce:	687b      	ldr	r3, [r7, #4]
200027d0:	601a      	str	r2, [r3, #0]
200027d2:	687b      	ldr	r3, [r7, #4]
200027d4:	f8d3 3184 	ldr.w	r3, [r3, #388]	@ 0x184
200027d8:	f423 7280 	bic.w	r2, r3, #256	@ 0x100
200027dc:	687b      	ldr	r3, [r7, #4]
200027de:	f8c3 2184 	str.w	r2, [r3, #388]	@ 0x184
200027e2:	687b      	ldr	r3, [r7, #4]
200027e4:	f8d3 3194 	ldr.w	r3, [r3, #404]	@ 0x194
200027e8:	f423 7280 	bic.w	r2, r3, #256	@ 0x100
200027ec:	687b      	ldr	r3, [r7, #4]
200027ee:	f8c3 2194 	str.w	r2, [r3, #404]	@ 0x194
200027f2:	687b      	ldr	r3, [r7, #4]
200027f4:	f8d3 31a4 	ldr.w	r3, [r3, #420]	@ 0x1a4
200027f8:	f423 7280 	bic.w	r2, r3, #256	@ 0x100
200027fc:	687b      	ldr	r3, [r7, #4]
200027fe:	f8c3 21a4 	str.w	r2, [r3, #420]	@ 0x1a4
20002802:	bf00      	nop
20002804:	370c      	adds	r7, #12
20002806:	46bd      	mov	sp, r7
20002808:	bc80      	pop	{r7}
2000280a:	4770      	bx	lr

2000280c <CAN_Transmit>:
2000280c:	b480      	push	{r7}
2000280e:	b085      	sub	sp, #20
20002810:	af00      	add	r7, sp, #0
20002812:	6078      	str	r0, [r7, #4]
20002814:	6039      	str	r1, [r7, #0]
20002816:	2300      	movs	r3, #0
20002818:	73fb      	strb	r3, [r7, #15]
2000281a:	687b      	ldr	r3, [r7, #4]
2000281c:	689b      	ldr	r3, [r3, #8]
2000281e:	f003 6380 	and.w	r3, r3, #67108864	@ 0x4000000
20002822:	f1b3 6f80 	cmp.w	r3, #67108864	@ 0x4000000
20002826:	d102      	bne.n	2000282e <CAN_Transmit+0x22>
20002828:	2300      	movs	r3, #0
2000282a:	73fb      	strb	r3, [r7, #15]
2000282c:	e015      	b.n	2000285a <CAN_Transmit+0x4e>
2000282e:	687b      	ldr	r3, [r7, #4]
20002830:	689b      	ldr	r3, [r3, #8]
20002832:	f003 6300 	and.w	r3, r3, #134217728	@ 0x8000000
20002836:	f1b3 6f00 	cmp.w	r3, #134217728	@ 0x8000000
2000283a:	d102      	bne.n	20002842 <CAN_Transmit+0x36>
2000283c:	2301      	movs	r3, #1
2000283e:	73fb      	strb	r3, [r7, #15]
20002840:	e00b      	b.n	2000285a <CAN_Transmit+0x4e>
20002842:	687b      	ldr	r3, [r7, #4]
20002844:	689b      	ldr	r3, [r3, #8]
20002846:	f003 5380 	and.w	r3, r3, #268435456	@ 0x10000000
2000284a:	f1b3 5f80 	cmp.w	r3, #268435456	@ 0x10000000
2000284e:	d102      	bne.n	20002856 <CAN_Transmit+0x4a>
20002850:	2302      	movs	r3, #2
20002852:	73fb      	strb	r3, [r7, #15]
20002854:	e001      	b.n	2000285a <CAN_Transmit+0x4e>
20002856:	2304      	movs	r3, #4
20002858:	73fb      	strb	r3, [r7, #15]
2000285a:	7bfb      	ldrb	r3, [r7, #15]
2000285c:	2b04      	cmp	r3, #4
2000285e:	f000 809f 	beq.w	200029a0 <CAN_Transmit+0x194>
20002862:	7bfb      	ldrb	r3, [r7, #15]
20002864:	687a      	ldr	r2, [r7, #4]
20002866:	3318      	adds	r3, #24
20002868:	011b      	lsls	r3, r3, #4
2000286a:	4413      	add	r3, r2
2000286c:	681a      	ldr	r2, [r3, #0]
2000286e:	7bfb      	ldrb	r3, [r7, #15]
20002870:	f002 0201 	and.w	r2, r2, #1
20002874:	6879      	ldr	r1, [r7, #4]
20002876:	3318      	adds	r3, #24
20002878:	011b      	lsls	r3, r3, #4
2000287a:	440b      	add	r3, r1
2000287c:	601a      	str	r2, [r3, #0]
2000287e:	683b      	ldr	r3, [r7, #0]
20002880:	7a1b      	ldrb	r3, [r3, #8]
20002882:	2b00      	cmp	r3, #0
20002884:	d113      	bne.n	200028ae <CAN_Transmit+0xa2>
20002886:	7bfb      	ldrb	r3, [r7, #15]
20002888:	687a      	ldr	r2, [r7, #4]
2000288a:	3318      	adds	r3, #24
2000288c:	011b      	lsls	r3, r3, #4
2000288e:	4413      	add	r3, r2
20002890:	6819      	ldr	r1, [r3, #0]
20002892:	683b      	ldr	r3, [r7, #0]
20002894:	681b      	ldr	r3, [r3, #0]
20002896:	055b      	lsls	r3, r3, #21
20002898:	683a      	ldr	r2, [r7, #0]
2000289a:	7a52      	ldrb	r2, [r2, #9]
2000289c:	431a      	orrs	r2, r3
2000289e:	7bfb      	ldrb	r3, [r7, #15]
200028a0:	430a      	orrs	r2, r1
200028a2:	6879      	ldr	r1, [r7, #4]
200028a4:	3318      	adds	r3, #24
200028a6:	011b      	lsls	r3, r3, #4
200028a8:	440b      	add	r3, r1
200028aa:	601a      	str	r2, [r3, #0]
200028ac:	e015      	b.n	200028da <CAN_Transmit+0xce>
200028ae:	7bfb      	ldrb	r3, [r7, #15]
200028b0:	687a      	ldr	r2, [r7, #4]
200028b2:	3318      	adds	r3, #24
200028b4:	011b      	lsls	r3, r3, #4
200028b6:	4413      	add	r3, r2
200028b8:	6819      	ldr	r1, [r3, #0]
200028ba:	683b      	ldr	r3, [r7, #0]
200028bc:	685b      	ldr	r3, [r3, #4]
200028be:	00db      	lsls	r3, r3, #3
200028c0:	683a      	ldr	r2, [r7, #0]
200028c2:	7a12      	ldrb	r2, [r2, #8]
200028c4:	4313      	orrs	r3, r2
200028c6:	683a      	ldr	r2, [r7, #0]
200028c8:	7a52      	ldrb	r2, [r2, #9]
200028ca:	431a      	orrs	r2, r3
200028cc:	7bfb      	ldrb	r3, [r7, #15]
200028ce:	430a      	orrs	r2, r1
200028d0:	6879      	ldr	r1, [r7, #4]
200028d2:	3318      	adds	r3, #24
200028d4:	011b      	lsls	r3, r3, #4
200028d6:	440b      	add	r3, r1
200028d8:	601a      	str	r2, [r3, #0]
200028da:	683b      	ldr	r3, [r7, #0]
200028dc:	7a9b      	ldrb	r3, [r3, #10]
200028de:	f003 030f 	and.w	r3, r3, #15
200028e2:	b2da      	uxtb	r2, r3
200028e4:	683b      	ldr	r3, [r7, #0]
200028e6:	729a      	strb	r2, [r3, #10]
200028e8:	7bfb      	ldrb	r3, [r7, #15]
200028ea:	687a      	ldr	r2, [r7, #4]
200028ec:	3318      	adds	r3, #24
200028ee:	011b      	lsls	r3, r3, #4
200028f0:	4413      	add	r3, r2
200028f2:	3304      	adds	r3, #4
200028f4:	681a      	ldr	r2, [r3, #0]
200028f6:	7bfb      	ldrb	r3, [r7, #15]
200028f8:	f022 020f 	bic.w	r2, r2, #15
200028fc:	6879      	ldr	r1, [r7, #4]
200028fe:	3318      	adds	r3, #24
20002900:	011b      	lsls	r3, r3, #4
20002902:	440b      	add	r3, r1
20002904:	3304      	adds	r3, #4
20002906:	601a      	str	r2, [r3, #0]
20002908:	7bfb      	ldrb	r3, [r7, #15]
2000290a:	687a      	ldr	r2, [r7, #4]
2000290c:	3318      	adds	r3, #24
2000290e:	011b      	lsls	r3, r3, #4
20002910:	4413      	add	r3, r2
20002912:	3304      	adds	r3, #4
20002914:	681a      	ldr	r2, [r3, #0]
20002916:	683b      	ldr	r3, [r7, #0]
20002918:	7a9b      	ldrb	r3, [r3, #10]
2000291a:	4619      	mov	r1, r3
2000291c:	7bfb      	ldrb	r3, [r7, #15]
2000291e:	430a      	orrs	r2, r1
20002920:	6879      	ldr	r1, [r7, #4]
20002922:	3318      	adds	r3, #24
20002924:	011b      	lsls	r3, r3, #4
20002926:	440b      	add	r3, r1
20002928:	3304      	adds	r3, #4
2000292a:	601a      	str	r2, [r3, #0]
2000292c:	683b      	ldr	r3, [r7, #0]
2000292e:	7b9b      	ldrb	r3, [r3, #14]
20002930:	061a      	lsls	r2, r3, #24
20002932:	683b      	ldr	r3, [r7, #0]
20002934:	7b5b      	ldrb	r3, [r3, #13]
20002936:	041b      	lsls	r3, r3, #16
20002938:	431a      	orrs	r2, r3
2000293a:	683b      	ldr	r3, [r7, #0]
2000293c:	7b1b      	ldrb	r3, [r3, #12]
2000293e:	021b      	lsls	r3, r3, #8
20002940:	431a      	orrs	r2, r3
20002942:	683b      	ldr	r3, [r7, #0]
20002944:	7adb      	ldrb	r3, [r3, #11]
20002946:	4619      	mov	r1, r3
20002948:	7bfb      	ldrb	r3, [r7, #15]
2000294a:	430a      	orrs	r2, r1
2000294c:	6879      	ldr	r1, [r7, #4]
2000294e:	011b      	lsls	r3, r3, #4
20002950:	440b      	add	r3, r1
20002952:	f503 73c4 	add.w	r3, r3, #392	@ 0x188
20002956:	601a      	str	r2, [r3, #0]
20002958:	683b      	ldr	r3, [r7, #0]
2000295a:	7c9b      	ldrb	r3, [r3, #18]
2000295c:	061a      	lsls	r2, r3, #24
2000295e:	683b      	ldr	r3, [r7, #0]
20002960:	7c5b      	ldrb	r3, [r3, #17]
20002962:	041b      	lsls	r3, r3, #16
20002964:	431a      	orrs	r2, r3
20002966:	683b      	ldr	r3, [r7, #0]
20002968:	7c1b      	ldrb	r3, [r3, #16]
2000296a:	021b      	lsls	r3, r3, #8
2000296c:	431a      	orrs	r2, r3
2000296e:	683b      	ldr	r3, [r7, #0]
20002970:	7bdb      	ldrb	r3, [r3, #15]
20002972:	4619      	mov	r1, r3
20002974:	7bfb      	ldrb	r3, [r7, #15]
20002976:	430a      	orrs	r2, r1
20002978:	6879      	ldr	r1, [r7, #4]
2000297a:	011b      	lsls	r3, r3, #4
2000297c:	440b      	add	r3, r1
2000297e:	f503 73c6 	add.w	r3, r3, #396	@ 0x18c
20002982:	601a      	str	r2, [r3, #0]
20002984:	7bfb      	ldrb	r3, [r7, #15]
20002986:	687a      	ldr	r2, [r7, #4]
20002988:	3318      	adds	r3, #24
2000298a:	011b      	lsls	r3, r3, #4
2000298c:	4413      	add	r3, r2
2000298e:	681a      	ldr	r2, [r3, #0]
20002990:	7bfb      	ldrb	r3, [r7, #15]
20002992:	f042 0201 	orr.w	r2, r2, #1
20002996:	6879      	ldr	r1, [r7, #4]
20002998:	3318      	adds	r3, #24
2000299a:	011b      	lsls	r3, r3, #4
2000299c:	440b      	add	r3, r1
2000299e:	601a      	str	r2, [r3, #0]
200029a0:	7bfb      	ldrb	r3, [r7, #15]
200029a2:	4618      	mov	r0, r3
200029a4:	3714      	adds	r7, #20
200029a6:	46bd      	mov	sp, r7
200029a8:	bc80      	pop	{r7}
200029aa:	4770      	bx	lr

200029ac <CAN_TransmitStatus>:
200029ac:	b480      	push	{r7}
200029ae:	b085      	sub	sp, #20
200029b0:	af00      	add	r7, sp, #0
200029b2:	6078      	str	r0, [r7, #4]
200029b4:	460b      	mov	r3, r1
200029b6:	70fb      	strb	r3, [r7, #3]
200029b8:	2300      	movs	r3, #0
200029ba:	60fb      	str	r3, [r7, #12]
200029bc:	78fb      	ldrb	r3, [r7, #3]
200029be:	2b02      	cmp	r3, #2
200029c0:	d012      	beq.n	200029e8 <CAN_TransmitStatus+0x3c>
200029c2:	2b02      	cmp	r3, #2
200029c4:	dc16      	bgt.n	200029f4 <CAN_TransmitStatus+0x48>
200029c6:	2b00      	cmp	r3, #0
200029c8:	d002      	beq.n	200029d0 <CAN_TransmitStatus+0x24>
200029ca:	2b01      	cmp	r3, #1
200029cc:	d006      	beq.n	200029dc <CAN_TransmitStatus+0x30>
200029ce:	e011      	b.n	200029f4 <CAN_TransmitStatus+0x48>
200029d0:	687b      	ldr	r3, [r7, #4]
200029d2:	689a      	ldr	r2, [r3, #8]
200029d4:	4b30      	ldr	r3, [pc, #192]	@ (20002a98 <CAN_TransmitStatus+0xec>)
200029d6:	4013      	ands	r3, r2
200029d8:	60fb      	str	r3, [r7, #12]
200029da:	e00e      	b.n	200029fa <CAN_TransmitStatus+0x4e>
200029dc:	687b      	ldr	r3, [r7, #4]
200029de:	689a      	ldr	r2, [r3, #8]
200029e0:	4b2e      	ldr	r3, [pc, #184]	@ (20002a9c <CAN_TransmitStatus+0xf0>)
200029e2:	4013      	ands	r3, r2
200029e4:	60fb      	str	r3, [r7, #12]
200029e6:	e008      	b.n	200029fa <CAN_TransmitStatus+0x4e>
200029e8:	687b      	ldr	r3, [r7, #4]
200029ea:	689a      	ldr	r2, [r3, #8]
200029ec:	4b2c      	ldr	r3, [pc, #176]	@ (20002aa0 <CAN_TransmitStatus+0xf4>)
200029ee:	4013      	ands	r3, r2
200029f0:	60fb      	str	r3, [r7, #12]
200029f2:	e002      	b.n	200029fa <CAN_TransmitStatus+0x4e>
200029f4:	2300      	movs	r3, #0
200029f6:	60fb      	str	r3, [r7, #12]
200029f8:	bf00      	nop
200029fa:	68fb      	ldr	r3, [r7, #12]
200029fc:	4a28      	ldr	r2, [pc, #160]	@ (20002aa0 <CAN_TransmitStatus+0xf4>)
200029fe:	4293      	cmp	r3, r2
20002a00:	d03d      	beq.n	20002a7e <CAN_TransmitStatus+0xd2>
20002a02:	68fb      	ldr	r3, [r7, #12]
20002a04:	4a26      	ldr	r2, [pc, #152]	@ (20002aa0 <CAN_TransmitStatus+0xf4>)
20002a06:	4293      	cmp	r3, r2
20002a08:	d83c      	bhi.n	20002a84 <CAN_TransmitStatus+0xd8>
20002a0a:	68fb      	ldr	r3, [r7, #12]
20002a0c:	4a25      	ldr	r2, [pc, #148]	@ (20002aa4 <CAN_TransmitStatus+0xf8>)
20002a0e:	4293      	cmp	r3, r2
20002a10:	d02c      	beq.n	20002a6c <CAN_TransmitStatus+0xc0>
20002a12:	68fb      	ldr	r3, [r7, #12]
20002a14:	4a23      	ldr	r2, [pc, #140]	@ (20002aa4 <CAN_TransmitStatus+0xf8>)
20002a16:	4293      	cmp	r3, r2
20002a18:	d834      	bhi.n	20002a84 <CAN_TransmitStatus+0xd8>
20002a1a:	68fb      	ldr	r3, [r7, #12]
20002a1c:	4a1f      	ldr	r2, [pc, #124]	@ (20002a9c <CAN_TransmitStatus+0xf0>)
20002a1e:	4293      	cmp	r3, r2
20002a20:	d02a      	beq.n	20002a78 <CAN_TransmitStatus+0xcc>
20002a22:	68fb      	ldr	r3, [r7, #12]
20002a24:	4a1d      	ldr	r2, [pc, #116]	@ (20002a9c <CAN_TransmitStatus+0xf0>)
20002a26:	4293      	cmp	r3, r2
20002a28:	d82c      	bhi.n	20002a84 <CAN_TransmitStatus+0xd8>
20002a2a:	68fb      	ldr	r3, [r7, #12]
20002a2c:	4a1e      	ldr	r2, [pc, #120]	@ (20002aa8 <CAN_TransmitStatus+0xfc>)
20002a2e:	4293      	cmp	r3, r2
20002a30:	d019      	beq.n	20002a66 <CAN_TransmitStatus+0xba>
20002a32:	68fb      	ldr	r3, [r7, #12]
20002a34:	4a1c      	ldr	r2, [pc, #112]	@ (20002aa8 <CAN_TransmitStatus+0xfc>)
20002a36:	4293      	cmp	r3, r2
20002a38:	d824      	bhi.n	20002a84 <CAN_TransmitStatus+0xd8>
20002a3a:	68fb      	ldr	r3, [r7, #12]
20002a3c:	4a16      	ldr	r2, [pc, #88]	@ (20002a98 <CAN_TransmitStatus+0xec>)
20002a3e:	4293      	cmp	r3, r2
20002a40:	d017      	beq.n	20002a72 <CAN_TransmitStatus+0xc6>
20002a42:	68fb      	ldr	r3, [r7, #12]
20002a44:	4a14      	ldr	r2, [pc, #80]	@ (20002a98 <CAN_TransmitStatus+0xec>)
20002a46:	4293      	cmp	r3, r2
20002a48:	d81c      	bhi.n	20002a84 <CAN_TransmitStatus+0xd8>
20002a4a:	68fb      	ldr	r3, [r7, #12]
20002a4c:	2b00      	cmp	r3, #0
20002a4e:	d004      	beq.n	20002a5a <CAN_TransmitStatus+0xae>
20002a50:	68fb      	ldr	r3, [r7, #12]
20002a52:	4a16      	ldr	r2, [pc, #88]	@ (20002aac <CAN_TransmitStatus+0x100>)
20002a54:	4293      	cmp	r3, r2
20002a56:	d003      	beq.n	20002a60 <CAN_TransmitStatus+0xb4>
20002a58:	e014      	b.n	20002a84 <CAN_TransmitStatus+0xd8>
20002a5a:	2302      	movs	r3, #2
20002a5c:	60fb      	str	r3, [r7, #12]
20002a5e:	e014      	b.n	20002a8a <CAN_TransmitStatus+0xde>
20002a60:	2300      	movs	r3, #0
20002a62:	60fb      	str	r3, [r7, #12]
20002a64:	e011      	b.n	20002a8a <CAN_TransmitStatus+0xde>
20002a66:	2300      	movs	r3, #0
20002a68:	60fb      	str	r3, [r7, #12]
20002a6a:	e00e      	b.n	20002a8a <CAN_TransmitStatus+0xde>
20002a6c:	2300      	movs	r3, #0
20002a6e:	60fb      	str	r3, [r7, #12]
20002a70:	e00b      	b.n	20002a8a <CAN_TransmitStatus+0xde>
20002a72:	2301      	movs	r3, #1
20002a74:	60fb      	str	r3, [r7, #12]
20002a76:	e008      	b.n	20002a8a <CAN_TransmitStatus+0xde>
20002a78:	2301      	movs	r3, #1
20002a7a:	60fb      	str	r3, [r7, #12]
20002a7c:	e005      	b.n	20002a8a <CAN_TransmitStatus+0xde>
20002a7e:	2301      	movs	r3, #1
20002a80:	60fb      	str	r3, [r7, #12]
20002a82:	e002      	b.n	20002a8a <CAN_TransmitStatus+0xde>
20002a84:	2300      	movs	r3, #0
20002a86:	60fb      	str	r3, [r7, #12]
20002a88:	bf00      	nop
20002a8a:	68fb      	ldr	r3, [r7, #12]
20002a8c:	b2db      	uxtb	r3, r3
20002a8e:	4618      	mov	r0, r3
20002a90:	3714      	adds	r7, #20
20002a92:	46bd      	mov	sp, r7
20002a94:	bc80      	pop	{r7}
20002a96:	4770      	bx	lr
20002a98:	04000003 	.word	0x04000003
20002a9c:	08000300 	.word	0x08000300
20002aa0:	10030000 	.word	0x10030000
20002aa4:	10010000 	.word	0x10010000
20002aa8:	08000100 	.word	0x08000100
20002aac:	04000001 	.word	0x04000001

20002ab0 <CAN_CancelTransmit>:
20002ab0:	b480      	push	{r7}
20002ab2:	b083      	sub	sp, #12
20002ab4:	af00      	add	r7, sp, #0
20002ab6:	6078      	str	r0, [r7, #4]
20002ab8:	460b      	mov	r3, r1
20002aba:	70fb      	strb	r3, [r7, #3]
20002abc:	78fb      	ldrb	r3, [r7, #3]
20002abe:	2b02      	cmp	r3, #2
20002ac0:	d014      	beq.n	20002aec <CAN_CancelTransmit+0x3c>
20002ac2:	2b02      	cmp	r3, #2
20002ac4:	dc19      	bgt.n	20002afa <CAN_CancelTransmit+0x4a>
20002ac6:	2b00      	cmp	r3, #0
20002ac8:	d002      	beq.n	20002ad0 <CAN_CancelTransmit+0x20>
20002aca:	2b01      	cmp	r3, #1
20002acc:	d007      	beq.n	20002ade <CAN_CancelTransmit+0x2e>
20002ace:	e014      	b.n	20002afa <CAN_CancelTransmit+0x4a>
20002ad0:	687b      	ldr	r3, [r7, #4]
20002ad2:	689b      	ldr	r3, [r3, #8]
20002ad4:	f043 0280 	orr.w	r2, r3, #128	@ 0x80
20002ad8:	687b      	ldr	r3, [r7, #4]
20002ada:	609a      	str	r2, [r3, #8]
20002adc:	e00e      	b.n	20002afc <CAN_CancelTransmit+0x4c>
20002ade:	687b      	ldr	r3, [r7, #4]
20002ae0:	689b      	ldr	r3, [r3, #8]
20002ae2:	f443 4200 	orr.w	r2, r3, #32768	@ 0x8000
20002ae6:	687b      	ldr	r3, [r7, #4]
20002ae8:	609a      	str	r2, [r3, #8]
20002aea:	e007      	b.n	20002afc <CAN_CancelTransmit+0x4c>
20002aec:	687b      	ldr	r3, [r7, #4]
20002aee:	689b      	ldr	r3, [r3, #8]
20002af0:	f443 0200 	orr.w	r2, r3, #8388608	@ 0x800000
20002af4:	687b      	ldr	r3, [r7, #4]
20002af6:	609a      	str	r2, [r3, #8]
20002af8:	e000      	b.n	20002afc <CAN_CancelTransmit+0x4c>
20002afa:	bf00      	nop
20002afc:	bf00      	nop
20002afe:	370c      	adds	r7, #12
20002b00:	46bd      	mov	sp, r7
20002b02:	bc80      	pop	{r7}
20002b04:	4770      	bx	lr

20002b06 <CAN_Receive>:
20002b06:	b480      	push	{r7}
20002b08:	b085      	sub	sp, #20
20002b0a:	af00      	add	r7, sp, #0
20002b0c:	60f8      	str	r0, [r7, #12]
20002b0e:	460b      	mov	r3, r1
20002b10:	607a      	str	r2, [r7, #4]
20002b12:	72fb      	strb	r3, [r7, #11]
20002b14:	7afb      	ldrb	r3, [r7, #11]
20002b16:	68fa      	ldr	r2, [r7, #12]
20002b18:	331b      	adds	r3, #27
20002b1a:	011b      	lsls	r3, r3, #4
20002b1c:	4413      	add	r3, r2
20002b1e:	681b      	ldr	r3, [r3, #0]
20002b20:	b2db      	uxtb	r3, r3
20002b22:	f003 0304 	and.w	r3, r3, #4
20002b26:	b2da      	uxtb	r2, r3
20002b28:	687b      	ldr	r3, [r7, #4]
20002b2a:	721a      	strb	r2, [r3, #8]
20002b2c:	687b      	ldr	r3, [r7, #4]
20002b2e:	7a1b      	ldrb	r3, [r3, #8]
20002b30:	2b00      	cmp	r3, #0
20002b32:	d10b      	bne.n	20002b4c <CAN_Receive+0x46>
20002b34:	7afb      	ldrb	r3, [r7, #11]
20002b36:	68fa      	ldr	r2, [r7, #12]
20002b38:	331b      	adds	r3, #27
20002b3a:	011b      	lsls	r3, r3, #4
20002b3c:	4413      	add	r3, r2
20002b3e:	681b      	ldr	r3, [r3, #0]
20002b40:	0d5b      	lsrs	r3, r3, #21
20002b42:	f3c3 020a 	ubfx	r2, r3, #0, #11
20002b46:	687b      	ldr	r3, [r7, #4]
20002b48:	601a      	str	r2, [r3, #0]
20002b4a:	e00a      	b.n	20002b62 <CAN_Receive+0x5c>
20002b4c:	7afb      	ldrb	r3, [r7, #11]
20002b4e:	68fa      	ldr	r2, [r7, #12]
20002b50:	331b      	adds	r3, #27
20002b52:	011b      	lsls	r3, r3, #4
20002b54:	4413      	add	r3, r2
20002b56:	681b      	ldr	r3, [r3, #0]
20002b58:	08db      	lsrs	r3, r3, #3
20002b5a:	f023 4260 	bic.w	r2, r3, #3758096384	@ 0xe0000000
20002b5e:	687b      	ldr	r3, [r7, #4]
20002b60:	605a      	str	r2, [r3, #4]
20002b62:	7afb      	ldrb	r3, [r7, #11]
20002b64:	68fa      	ldr	r2, [r7, #12]
20002b66:	331b      	adds	r3, #27
20002b68:	011b      	lsls	r3, r3, #4
20002b6a:	4413      	add	r3, r2
20002b6c:	681b      	ldr	r3, [r3, #0]
20002b6e:	b2db      	uxtb	r3, r3
20002b70:	f003 0302 	and.w	r3, r3, #2
20002b74:	b2da      	uxtb	r2, r3
20002b76:	687b      	ldr	r3, [r7, #4]
20002b78:	725a      	strb	r2, [r3, #9]
20002b7a:	7afb      	ldrb	r3, [r7, #11]
20002b7c:	68fa      	ldr	r2, [r7, #12]
20002b7e:	331b      	adds	r3, #27
20002b80:	011b      	lsls	r3, r3, #4
20002b82:	4413      	add	r3, r2
20002b84:	3304      	adds	r3, #4
20002b86:	681b      	ldr	r3, [r3, #0]
20002b88:	b2db      	uxtb	r3, r3
20002b8a:	f003 030f 	and.w	r3, r3, #15
20002b8e:	b2da      	uxtb	r2, r3
20002b90:	687b      	ldr	r3, [r7, #4]
20002b92:	729a      	strb	r2, [r3, #10]
20002b94:	7afb      	ldrb	r3, [r7, #11]
20002b96:	68fa      	ldr	r2, [r7, #12]
20002b98:	331b      	adds	r3, #27
20002b9a:	011b      	lsls	r3, r3, #4
20002b9c:	4413      	add	r3, r2
20002b9e:	3304      	adds	r3, #4
20002ba0:	681b      	ldr	r3, [r3, #0]
20002ba2:	0a1b      	lsrs	r3, r3, #8
20002ba4:	b2da      	uxtb	r2, r3
20002ba6:	687b      	ldr	r3, [r7, #4]
20002ba8:	74da      	strb	r2, [r3, #19]
20002baa:	7afb      	ldrb	r3, [r7, #11]
20002bac:	68fa      	ldr	r2, [r7, #12]
20002bae:	011b      	lsls	r3, r3, #4
20002bb0:	4413      	add	r3, r2
20002bb2:	f503 73dc 	add.w	r3, r3, #440	@ 0x1b8
20002bb6:	681b      	ldr	r3, [r3, #0]
20002bb8:	b2da      	uxtb	r2, r3
20002bba:	687b      	ldr	r3, [r7, #4]
20002bbc:	72da      	strb	r2, [r3, #11]
20002bbe:	7afb      	ldrb	r3, [r7, #11]
20002bc0:	68fa      	ldr	r2, [r7, #12]
20002bc2:	011b      	lsls	r3, r3, #4
20002bc4:	4413      	add	r3, r2
20002bc6:	f503 73dc 	add.w	r3, r3, #440	@ 0x1b8
20002bca:	681b      	ldr	r3, [r3, #0]
20002bcc:	0a1b      	lsrs	r3, r3, #8
20002bce:	b2da      	uxtb	r2, r3
20002bd0:	687b      	ldr	r3, [r7, #4]
20002bd2:	731a      	strb	r2, [r3, #12]
20002bd4:	7afb      	ldrb	r3, [r7, #11]
20002bd6:	68fa      	ldr	r2, [r7, #12]
20002bd8:	011b      	lsls	r3, r3, #4
20002bda:	4413      	add	r3, r2
20002bdc:	f503 73dc 	add.w	r3, r3, #440	@ 0x1b8
20002be0:	681b      	ldr	r3, [r3, #0]
20002be2:	0c1b      	lsrs	r3, r3, #16
20002be4:	b2da      	uxtb	r2, r3
20002be6:	687b      	ldr	r3, [r7, #4]
20002be8:	735a      	strb	r2, [r3, #13]
20002bea:	7afb      	ldrb	r3, [r7, #11]
20002bec:	68fa      	ldr	r2, [r7, #12]
20002bee:	011b      	lsls	r3, r3, #4
20002bf0:	4413      	add	r3, r2
20002bf2:	f503 73dc 	add.w	r3, r3, #440	@ 0x1b8
20002bf6:	681b      	ldr	r3, [r3, #0]
20002bf8:	0e1b      	lsrs	r3, r3, #24
20002bfa:	b2da      	uxtb	r2, r3
20002bfc:	687b      	ldr	r3, [r7, #4]
20002bfe:	739a      	strb	r2, [r3, #14]
20002c00:	7afb      	ldrb	r3, [r7, #11]
20002c02:	68fa      	ldr	r2, [r7, #12]
20002c04:	011b      	lsls	r3, r3, #4
20002c06:	4413      	add	r3, r2
20002c08:	f503 73de 	add.w	r3, r3, #444	@ 0x1bc
20002c0c:	681b      	ldr	r3, [r3, #0]
20002c0e:	b2da      	uxtb	r2, r3
20002c10:	687b      	ldr	r3, [r7, #4]
20002c12:	73da      	strb	r2, [r3, #15]
20002c14:	7afb      	ldrb	r3, [r7, #11]
20002c16:	68fa      	ldr	r2, [r7, #12]
20002c18:	011b      	lsls	r3, r3, #4
20002c1a:	4413      	add	r3, r2
20002c1c:	f503 73de 	add.w	r3, r3, #444	@ 0x1bc
20002c20:	681b      	ldr	r3, [r3, #0]
20002c22:	0a1b      	lsrs	r3, r3, #8
20002c24:	b2da      	uxtb	r2, r3
20002c26:	687b      	ldr	r3, [r7, #4]
20002c28:	741a      	strb	r2, [r3, #16]
20002c2a:	7afb      	ldrb	r3, [r7, #11]
20002c2c:	68fa      	ldr	r2, [r7, #12]
20002c2e:	011b      	lsls	r3, r3, #4
20002c30:	4413      	add	r3, r2
20002c32:	f503 73de 	add.w	r3, r3, #444	@ 0x1bc
20002c36:	681b      	ldr	r3, [r3, #0]
20002c38:	0c1b      	lsrs	r3, r3, #16
20002c3a:	b2da      	uxtb	r2, r3
20002c3c:	687b      	ldr	r3, [r7, #4]
20002c3e:	745a      	strb	r2, [r3, #17]
20002c40:	7afb      	ldrb	r3, [r7, #11]
20002c42:	68fa      	ldr	r2, [r7, #12]
20002c44:	011b      	lsls	r3, r3, #4
20002c46:	4413      	add	r3, r2
20002c48:	f503 73de 	add.w	r3, r3, #444	@ 0x1bc
20002c4c:	681b      	ldr	r3, [r3, #0]
20002c4e:	0e1b      	lsrs	r3, r3, #24
20002c50:	b2da      	uxtb	r2, r3
20002c52:	687b      	ldr	r3, [r7, #4]
20002c54:	749a      	strb	r2, [r3, #18]
20002c56:	7afb      	ldrb	r3, [r7, #11]
20002c58:	2b00      	cmp	r3, #0
20002c5a:	d106      	bne.n	20002c6a <CAN_Receive+0x164>
20002c5c:	68fb      	ldr	r3, [r7, #12]
20002c5e:	68db      	ldr	r3, [r3, #12]
20002c60:	f043 0220 	orr.w	r2, r3, #32
20002c64:	68fb      	ldr	r3, [r7, #12]
20002c66:	60da      	str	r2, [r3, #12]
20002c68:	e005      	b.n	20002c76 <CAN_Receive+0x170>
20002c6a:	68fb      	ldr	r3, [r7, #12]
20002c6c:	691b      	ldr	r3, [r3, #16]
20002c6e:	f043 0220 	orr.w	r2, r3, #32
20002c72:	68fb      	ldr	r3, [r7, #12]
20002c74:	611a      	str	r2, [r3, #16]
20002c76:	bf00      	nop
20002c78:	3714      	adds	r7, #20
20002c7a:	46bd      	mov	sp, r7
20002c7c:	bc80      	pop	{r7}
20002c7e:	4770      	bx	lr

20002c80 <CAN_FIFORelease>:
20002c80:	b480      	push	{r7}
20002c82:	b083      	sub	sp, #12
20002c84:	af00      	add	r7, sp, #0
20002c86:	6078      	str	r0, [r7, #4]
20002c88:	460b      	mov	r3, r1
20002c8a:	70fb      	strb	r3, [r7, #3]
20002c8c:	78fb      	ldrb	r3, [r7, #3]
20002c8e:	2b00      	cmp	r3, #0
20002c90:	d106      	bne.n	20002ca0 <CAN_FIFORelease+0x20>
20002c92:	687b      	ldr	r3, [r7, #4]
20002c94:	68db      	ldr	r3, [r3, #12]
20002c96:	f043 0220 	orr.w	r2, r3, #32
20002c9a:	687b      	ldr	r3, [r7, #4]
20002c9c:	60da      	str	r2, [r3, #12]
20002c9e:	e005      	b.n	20002cac <CAN_FIFORelease+0x2c>
20002ca0:	687b      	ldr	r3, [r7, #4]
20002ca2:	691b      	ldr	r3, [r3, #16]
20002ca4:	f043 0220 	orr.w	r2, r3, #32
20002ca8:	687b      	ldr	r3, [r7, #4]
20002caa:	611a      	str	r2, [r3, #16]
20002cac:	bf00      	nop
20002cae:	370c      	adds	r7, #12
20002cb0:	46bd      	mov	sp, r7
20002cb2:	bc80      	pop	{r7}
20002cb4:	4770      	bx	lr

20002cb6 <CAN_MessagePending>:
20002cb6:	b480      	push	{r7}
20002cb8:	b085      	sub	sp, #20
20002cba:	af00      	add	r7, sp, #0
20002cbc:	6078      	str	r0, [r7, #4]
20002cbe:	460b      	mov	r3, r1
20002cc0:	70fb      	strb	r3, [r7, #3]
20002cc2:	2300      	movs	r3, #0
20002cc4:	73fb      	strb	r3, [r7, #15]
20002cc6:	78fb      	ldrb	r3, [r7, #3]
20002cc8:	2b00      	cmp	r3, #0
20002cca:	d106      	bne.n	20002cda <CAN_MessagePending+0x24>
20002ccc:	687b      	ldr	r3, [r7, #4]
20002cce:	68db      	ldr	r3, [r3, #12]
20002cd0:	b2db      	uxtb	r3, r3
20002cd2:	f003 0303 	and.w	r3, r3, #3
20002cd6:	73fb      	strb	r3, [r7, #15]
20002cd8:	e00b      	b.n	20002cf2 <CAN_MessagePending+0x3c>
20002cda:	78fb      	ldrb	r3, [r7, #3]
20002cdc:	2b01      	cmp	r3, #1
20002cde:	d106      	bne.n	20002cee <CAN_MessagePending+0x38>
20002ce0:	687b      	ldr	r3, [r7, #4]
20002ce2:	691b      	ldr	r3, [r3, #16]
20002ce4:	b2db      	uxtb	r3, r3
20002ce6:	f003 0303 	and.w	r3, r3, #3
20002cea:	73fb      	strb	r3, [r7, #15]
20002cec:	e001      	b.n	20002cf2 <CAN_MessagePending+0x3c>
20002cee:	2300      	movs	r3, #0
20002cf0:	73fb      	strb	r3, [r7, #15]
20002cf2:	7bfb      	ldrb	r3, [r7, #15]
20002cf4:	4618      	mov	r0, r3
20002cf6:	3714      	adds	r7, #20
20002cf8:	46bd      	mov	sp, r7
20002cfa:	bc80      	pop	{r7}
20002cfc:	4770      	bx	lr

20002cfe <CAN_OperatingModeRequest>:
20002cfe:	b480      	push	{r7}
20002d00:	b085      	sub	sp, #20
20002d02:	af00      	add	r7, sp, #0
20002d04:	6078      	str	r0, [r7, #4]
20002d06:	460b      	mov	r3, r1
20002d08:	70fb      	strb	r3, [r7, #3]
20002d0a:	2300      	movs	r3, #0
20002d0c:	73fb      	strb	r3, [r7, #15]
20002d0e:	f64f 73ff 	movw	r3, #65535	@ 0xffff
20002d12:	60bb      	str	r3, [r7, #8]
20002d14:	78fb      	ldrb	r3, [r7, #3]
20002d16:	2b00      	cmp	r3, #0
20002d18:	d120      	bne.n	20002d5c <CAN_OperatingModeRequest+0x5e>
20002d1a:	687b      	ldr	r3, [r7, #4]
20002d1c:	681b      	ldr	r3, [r3, #0]
20002d1e:	f023 0303 	bic.w	r3, r3, #3
20002d22:	f043 0201 	orr.w	r2, r3, #1
20002d26:	687b      	ldr	r3, [r7, #4]
20002d28:	601a      	str	r2, [r3, #0]
20002d2a:	e002      	b.n	20002d32 <CAN_OperatingModeRequest+0x34>
20002d2c:	68bb      	ldr	r3, [r7, #8]
20002d2e:	3b01      	subs	r3, #1
20002d30:	60bb      	str	r3, [r7, #8]
20002d32:	687b      	ldr	r3, [r7, #4]
20002d34:	685b      	ldr	r3, [r3, #4]
20002d36:	f003 0303 	and.w	r3, r3, #3
20002d3a:	2b01      	cmp	r3, #1
20002d3c:	d002      	beq.n	20002d44 <CAN_OperatingModeRequest+0x46>
20002d3e:	68bb      	ldr	r3, [r7, #8]
20002d40:	2b00      	cmp	r3, #0
20002d42:	d1f3      	bne.n	20002d2c <CAN_OperatingModeRequest+0x2e>
20002d44:	687b      	ldr	r3, [r7, #4]
20002d46:	685b      	ldr	r3, [r3, #4]
20002d48:	f003 0303 	and.w	r3, r3, #3
20002d4c:	2b01      	cmp	r3, #1
20002d4e:	d002      	beq.n	20002d56 <CAN_OperatingModeRequest+0x58>
20002d50:	2300      	movs	r3, #0
20002d52:	73fb      	strb	r3, [r7, #15]
20002d54:	e04a      	b.n	20002dec <CAN_OperatingModeRequest+0xee>
20002d56:	2301      	movs	r3, #1
20002d58:	73fb      	strb	r3, [r7, #15]
20002d5a:	e047      	b.n	20002dec <CAN_OperatingModeRequest+0xee>
20002d5c:	78fb      	ldrb	r3, [r7, #3]
20002d5e:	2b01      	cmp	r3, #1
20002d60:	d11e      	bne.n	20002da0 <CAN_OperatingModeRequest+0xa2>
20002d62:	687b      	ldr	r3, [r7, #4]
20002d64:	681b      	ldr	r3, [r3, #0]
20002d66:	f023 0203 	bic.w	r2, r3, #3
20002d6a:	687b      	ldr	r3, [r7, #4]
20002d6c:	601a      	str	r2, [r3, #0]
20002d6e:	e002      	b.n	20002d76 <CAN_OperatingModeRequest+0x78>
20002d70:	68bb      	ldr	r3, [r7, #8]
20002d72:	3b01      	subs	r3, #1
20002d74:	60bb      	str	r3, [r7, #8]
20002d76:	687b      	ldr	r3, [r7, #4]
20002d78:	685b      	ldr	r3, [r3, #4]
20002d7a:	f003 0303 	and.w	r3, r3, #3
20002d7e:	2b00      	cmp	r3, #0
20002d80:	d002      	beq.n	20002d88 <CAN_OperatingModeRequest+0x8a>
20002d82:	68bb      	ldr	r3, [r7, #8]
20002d84:	2b00      	cmp	r3, #0
20002d86:	d1f3      	bne.n	20002d70 <CAN_OperatingModeRequest+0x72>
20002d88:	687b      	ldr	r3, [r7, #4]
20002d8a:	685b      	ldr	r3, [r3, #4]
20002d8c:	f003 0303 	and.w	r3, r3, #3
20002d90:	2b00      	cmp	r3, #0
20002d92:	d002      	beq.n	20002d9a <CAN_OperatingModeRequest+0x9c>
20002d94:	2300      	movs	r3, #0
20002d96:	73fb      	strb	r3, [r7, #15]
20002d98:	e028      	b.n	20002dec <CAN_OperatingModeRequest+0xee>
20002d9a:	2301      	movs	r3, #1
20002d9c:	73fb      	strb	r3, [r7, #15]
20002d9e:	e025      	b.n	20002dec <CAN_OperatingModeRequest+0xee>
20002da0:	78fb      	ldrb	r3, [r7, #3]
20002da2:	2b02      	cmp	r3, #2
20002da4:	d120      	bne.n	20002de8 <CAN_OperatingModeRequest+0xea>
20002da6:	687b      	ldr	r3, [r7, #4]
20002da8:	681b      	ldr	r3, [r3, #0]
20002daa:	f023 0303 	bic.w	r3, r3, #3
20002dae:	f043 0202 	orr.w	r2, r3, #2
20002db2:	687b      	ldr	r3, [r7, #4]
20002db4:	601a      	str	r2, [r3, #0]
20002db6:	e002      	b.n	20002dbe <CAN_OperatingModeRequest+0xc0>
20002db8:	68bb      	ldr	r3, [r7, #8]
20002dba:	3b01      	subs	r3, #1
20002dbc:	60bb      	str	r3, [r7, #8]
20002dbe:	687b      	ldr	r3, [r7, #4]
20002dc0:	685b      	ldr	r3, [r3, #4]
20002dc2:	f003 0303 	and.w	r3, r3, #3
20002dc6:	2b02      	cmp	r3, #2
20002dc8:	d002      	beq.n	20002dd0 <CAN_OperatingModeRequest+0xd2>
20002dca:	68bb      	ldr	r3, [r7, #8]
20002dcc:	2b00      	cmp	r3, #0
20002dce:	d1f3      	bne.n	20002db8 <CAN_OperatingModeRequest+0xba>
20002dd0:	687b      	ldr	r3, [r7, #4]
20002dd2:	685b      	ldr	r3, [r3, #4]
20002dd4:	f003 0303 	and.w	r3, r3, #3
20002dd8:	2b02      	cmp	r3, #2
20002dda:	d002      	beq.n	20002de2 <CAN_OperatingModeRequest+0xe4>
20002ddc:	2300      	movs	r3, #0
20002dde:	73fb      	strb	r3, [r7, #15]
20002de0:	e004      	b.n	20002dec <CAN_OperatingModeRequest+0xee>
20002de2:	2301      	movs	r3, #1
20002de4:	73fb      	strb	r3, [r7, #15]
20002de6:	e001      	b.n	20002dec <CAN_OperatingModeRequest+0xee>
20002de8:	2300      	movs	r3, #0
20002dea:	73fb      	strb	r3, [r7, #15]
20002dec:	7bfb      	ldrb	r3, [r7, #15]
20002dee:	4618      	mov	r0, r3
20002df0:	3714      	adds	r7, #20
20002df2:	46bd      	mov	sp, r7
20002df4:	bc80      	pop	{r7}
20002df6:	4770      	bx	lr

20002df8 <CAN_Sleep>:
20002df8:	b480      	push	{r7}
20002dfa:	b085      	sub	sp, #20
20002dfc:	af00      	add	r7, sp, #0
20002dfe:	6078      	str	r0, [r7, #4]
20002e00:	2300      	movs	r3, #0
20002e02:	73fb      	strb	r3, [r7, #15]
20002e04:	687b      	ldr	r3, [r7, #4]
20002e06:	681b      	ldr	r3, [r3, #0]
20002e08:	f023 0303 	bic.w	r3, r3, #3
20002e0c:	f043 0202 	orr.w	r2, r3, #2
20002e10:	687b      	ldr	r3, [r7, #4]
20002e12:	601a      	str	r2, [r3, #0]
20002e14:	687b      	ldr	r3, [r7, #4]
20002e16:	685b      	ldr	r3, [r3, #4]
20002e18:	f003 0303 	and.w	r3, r3, #3
20002e1c:	2b02      	cmp	r3, #2
20002e1e:	d101      	bne.n	20002e24 <CAN_Sleep+0x2c>
20002e20:	2301      	movs	r3, #1
20002e22:	73fb      	strb	r3, [r7, #15]
20002e24:	7bfb      	ldrb	r3, [r7, #15]
20002e26:	4618      	mov	r0, r3
20002e28:	3714      	adds	r7, #20
20002e2a:	46bd      	mov	sp, r7
20002e2c:	bc80      	pop	{r7}
20002e2e:	4770      	bx	lr

20002e30 <CAN_WakeUp>:
20002e30:	b480      	push	{r7}
20002e32:	b085      	sub	sp, #20
20002e34:	af00      	add	r7, sp, #0
20002e36:	6078      	str	r0, [r7, #4]
20002e38:	f64f 73ff 	movw	r3, #65535	@ 0xffff
20002e3c:	60fb      	str	r3, [r7, #12]
20002e3e:	2300      	movs	r3, #0
20002e40:	72fb      	strb	r3, [r7, #11]
20002e42:	687b      	ldr	r3, [r7, #4]
20002e44:	681b      	ldr	r3, [r3, #0]
20002e46:	f023 0202 	bic.w	r2, r3, #2
20002e4a:	687b      	ldr	r3, [r7, #4]
20002e4c:	601a      	str	r2, [r3, #0]
20002e4e:	e002      	b.n	20002e56 <CAN_WakeUp+0x26>
20002e50:	68fb      	ldr	r3, [r7, #12]
20002e52:	3b01      	subs	r3, #1
20002e54:	60fb      	str	r3, [r7, #12]
20002e56:	687b      	ldr	r3, [r7, #4]
20002e58:	685b      	ldr	r3, [r3, #4]
20002e5a:	f003 0302 	and.w	r3, r3, #2
20002e5e:	2b02      	cmp	r3, #2
20002e60:	d102      	bne.n	20002e68 <CAN_WakeUp+0x38>
20002e62:	68fb      	ldr	r3, [r7, #12]
20002e64:	2b00      	cmp	r3, #0
20002e66:	d1f3      	bne.n	20002e50 <CAN_WakeUp+0x20>
20002e68:	687b      	ldr	r3, [r7, #4]
20002e6a:	685b      	ldr	r3, [r3, #4]
20002e6c:	f003 0302 	and.w	r3, r3, #2
20002e70:	2b02      	cmp	r3, #2
20002e72:	d001      	beq.n	20002e78 <CAN_WakeUp+0x48>
20002e74:	2301      	movs	r3, #1
20002e76:	72fb      	strb	r3, [r7, #11]
20002e78:	7afb      	ldrb	r3, [r7, #11]
20002e7a:	4618      	mov	r0, r3
20002e7c:	3714      	adds	r7, #20
20002e7e:	46bd      	mov	sp, r7
20002e80:	bc80      	pop	{r7}
20002e82:	4770      	bx	lr

20002e84 <CAN_GetLastErrorCode>:
20002e84:	b480      	push	{r7}
20002e86:	b085      	sub	sp, #20
20002e88:	af00      	add	r7, sp, #0
20002e8a:	6078      	str	r0, [r7, #4]
20002e8c:	2300      	movs	r3, #0
20002e8e:	73fb      	strb	r3, [r7, #15]
20002e90:	687b      	ldr	r3, [r7, #4]
20002e92:	699b      	ldr	r3, [r3, #24]
20002e94:	b2db      	uxtb	r3, r3
20002e96:	f003 0370 	and.w	r3, r3, #112	@ 0x70
20002e9a:	73fb      	strb	r3, [r7, #15]
20002e9c:	7bfb      	ldrb	r3, [r7, #15]
20002e9e:	4618      	mov	r0, r3
20002ea0:	3714      	adds	r7, #20
20002ea2:	46bd      	mov	sp, r7
20002ea4:	bc80      	pop	{r7}
20002ea6:	4770      	bx	lr

20002ea8 <CAN_GetReceiveErrorCounter>:
20002ea8:	b480      	push	{r7}
20002eaa:	b085      	sub	sp, #20
20002eac:	af00      	add	r7, sp, #0
20002eae:	6078      	str	r0, [r7, #4]
20002eb0:	2300      	movs	r3, #0
20002eb2:	73fb      	strb	r3, [r7, #15]
20002eb4:	687b      	ldr	r3, [r7, #4]
20002eb6:	699b      	ldr	r3, [r3, #24]
20002eb8:	0e1b      	lsrs	r3, r3, #24
20002eba:	73fb      	strb	r3, [r7, #15]
20002ebc:	7bfb      	ldrb	r3, [r7, #15]
20002ebe:	4618      	mov	r0, r3
20002ec0:	3714      	adds	r7, #20
20002ec2:	46bd      	mov	sp, r7
20002ec4:	bc80      	pop	{r7}
20002ec6:	4770      	bx	lr

20002ec8 <CAN_GetLSBTransmitErrorCounter>:
20002ec8:	b480      	push	{r7}
20002eca:	b085      	sub	sp, #20
20002ecc:	af00      	add	r7, sp, #0
20002ece:	6078      	str	r0, [r7, #4]
20002ed0:	2300      	movs	r3, #0
20002ed2:	73fb      	strb	r3, [r7, #15]
20002ed4:	687b      	ldr	r3, [r7, #4]
20002ed6:	699b      	ldr	r3, [r3, #24]
20002ed8:	0c1b      	lsrs	r3, r3, #16
20002eda:	73fb      	strb	r3, [r7, #15]
20002edc:	7bfb      	ldrb	r3, [r7, #15]
20002ede:	4618      	mov	r0, r3
20002ee0:	3714      	adds	r7, #20
20002ee2:	46bd      	mov	sp, r7
20002ee4:	bc80      	pop	{r7}
20002ee6:	4770      	bx	lr

20002ee8 <CAN_ITConfig>:
20002ee8:	b480      	push	{r7}
20002eea:	b085      	sub	sp, #20
20002eec:	af00      	add	r7, sp, #0
20002eee:	60f8      	str	r0, [r7, #12]
20002ef0:	60b9      	str	r1, [r7, #8]
20002ef2:	4613      	mov	r3, r2
20002ef4:	71fb      	strb	r3, [r7, #7]
20002ef6:	79fb      	ldrb	r3, [r7, #7]
20002ef8:	2b00      	cmp	r3, #0
20002efa:	d006      	beq.n	20002f0a <CAN_ITConfig+0x22>
20002efc:	68fb      	ldr	r3, [r7, #12]
20002efe:	695a      	ldr	r2, [r3, #20]
20002f00:	68bb      	ldr	r3, [r7, #8]
20002f02:	431a      	orrs	r2, r3
20002f04:	68fb      	ldr	r3, [r7, #12]
20002f06:	615a      	str	r2, [r3, #20]
20002f08:	e006      	b.n	20002f18 <CAN_ITConfig+0x30>
20002f0a:	68fb      	ldr	r3, [r7, #12]
20002f0c:	695a      	ldr	r2, [r3, #20]
20002f0e:	68bb      	ldr	r3, [r7, #8]
20002f10:	43db      	mvns	r3, r3
20002f12:	401a      	ands	r2, r3
20002f14:	68fb      	ldr	r3, [r7, #12]
20002f16:	615a      	str	r2, [r3, #20]
20002f18:	bf00      	nop
20002f1a:	3714      	adds	r7, #20
20002f1c:	46bd      	mov	sp, r7
20002f1e:	bc80      	pop	{r7}
20002f20:	4770      	bx	lr

20002f22 <CAN_GetFlagStatus>:
20002f22:	b480      	push	{r7}
20002f24:	b085      	sub	sp, #20
20002f26:	af00      	add	r7, sp, #0
20002f28:	6078      	str	r0, [r7, #4]
20002f2a:	6039      	str	r1, [r7, #0]
20002f2c:	2300      	movs	r3, #0
20002f2e:	73fb      	strb	r3, [r7, #15]
20002f30:	683b      	ldr	r3, [r7, #0]
20002f32:	f403 0370 	and.w	r3, r3, #15728640	@ 0xf00000
20002f36:	2b00      	cmp	r3, #0
20002f38:	d00d      	beq.n	20002f56 <CAN_GetFlagStatus+0x34>
20002f3a:	687b      	ldr	r3, [r7, #4]
20002f3c:	699a      	ldr	r2, [r3, #24]
20002f3e:	683b      	ldr	r3, [r7, #0]
20002f40:	4013      	ands	r3, r2
20002f42:	f3c3 0313 	ubfx	r3, r3, #0, #20
20002f46:	2b00      	cmp	r3, #0
20002f48:	d002      	beq.n	20002f50 <CAN_GetFlagStatus+0x2e>
20002f4a:	2301      	movs	r3, #1
20002f4c:	73fb      	strb	r3, [r7, #15]
20002f4e:	e048      	b.n	20002fe2 <CAN_GetFlagStatus+0xc0>
20002f50:	2300      	movs	r3, #0
20002f52:	73fb      	strb	r3, [r7, #15]
20002f54:	e045      	b.n	20002fe2 <CAN_GetFlagStatus+0xc0>
20002f56:	683b      	ldr	r3, [r7, #0]
20002f58:	f003 7380 	and.w	r3, r3, #16777216	@ 0x1000000
20002f5c:	2b00      	cmp	r3, #0
20002f5e:	d00d      	beq.n	20002f7c <CAN_GetFlagStatus+0x5a>
20002f60:	687b      	ldr	r3, [r7, #4]
20002f62:	685a      	ldr	r2, [r3, #4]
20002f64:	683b      	ldr	r3, [r7, #0]
20002f66:	4013      	ands	r3, r2
20002f68:	f3c3 0313 	ubfx	r3, r3, #0, #20
20002f6c:	2b00      	cmp	r3, #0
20002f6e:	d002      	beq.n	20002f76 <CAN_GetFlagStatus+0x54>
20002f70:	2301      	movs	r3, #1
20002f72:	73fb      	strb	r3, [r7, #15]
20002f74:	e035      	b.n	20002fe2 <CAN_GetFlagStatus+0xc0>
20002f76:	2300      	movs	r3, #0
20002f78:	73fb      	strb	r3, [r7, #15]
20002f7a:	e032      	b.n	20002fe2 <CAN_GetFlagStatus+0xc0>
20002f7c:	683b      	ldr	r3, [r7, #0]
20002f7e:	f003 6300 	and.w	r3, r3, #134217728	@ 0x8000000
20002f82:	2b00      	cmp	r3, #0
20002f84:	d00d      	beq.n	20002fa2 <CAN_GetFlagStatus+0x80>
20002f86:	687b      	ldr	r3, [r7, #4]
20002f88:	689a      	ldr	r2, [r3, #8]
20002f8a:	683b      	ldr	r3, [r7, #0]
20002f8c:	4013      	ands	r3, r2
20002f8e:	f3c3 0313 	ubfx	r3, r3, #0, #20
20002f92:	2b00      	cmp	r3, #0
20002f94:	d002      	beq.n	20002f9c <CAN_GetFlagStatus+0x7a>
20002f96:	2301      	movs	r3, #1
20002f98:	73fb      	strb	r3, [r7, #15]
20002f9a:	e022      	b.n	20002fe2 <CAN_GetFlagStatus+0xc0>
20002f9c:	2300      	movs	r3, #0
20002f9e:	73fb      	strb	r3, [r7, #15]
20002fa0:	e01f      	b.n	20002fe2 <CAN_GetFlagStatus+0xc0>
20002fa2:	683b      	ldr	r3, [r7, #0]
20002fa4:	f003 7300 	and.w	r3, r3, #33554432	@ 0x2000000
20002fa8:	2b00      	cmp	r3, #0
20002faa:	d00d      	beq.n	20002fc8 <CAN_GetFlagStatus+0xa6>
20002fac:	687b      	ldr	r3, [r7, #4]
20002fae:	68da      	ldr	r2, [r3, #12]
20002fb0:	683b      	ldr	r3, [r7, #0]
20002fb2:	4013      	ands	r3, r2
20002fb4:	f3c3 0313 	ubfx	r3, r3, #0, #20
20002fb8:	2b00      	cmp	r3, #0
20002fba:	d002      	beq.n	20002fc2 <CAN_GetFlagStatus+0xa0>
20002fbc:	2301      	movs	r3, #1
20002fbe:	73fb      	strb	r3, [r7, #15]
20002fc0:	e00f      	b.n	20002fe2 <CAN_GetFlagStatus+0xc0>
20002fc2:	2300      	movs	r3, #0
20002fc4:	73fb      	strb	r3, [r7, #15]
20002fc6:	e00c      	b.n	20002fe2 <CAN_GetFlagStatus+0xc0>
20002fc8:	687b      	ldr	r3, [r7, #4]
20002fca:	691a      	ldr	r2, [r3, #16]
20002fcc:	683b      	ldr	r3, [r7, #0]
20002fce:	4013      	ands	r3, r2
20002fd0:	f3c3 0313 	ubfx	r3, r3, #0, #20
20002fd4:	2b00      	cmp	r3, #0
20002fd6:	d002      	beq.n	20002fde <CAN_GetFlagStatus+0xbc>
20002fd8:	2301      	movs	r3, #1
20002fda:	73fb      	strb	r3, [r7, #15]
20002fdc:	e001      	b.n	20002fe2 <CAN_GetFlagStatus+0xc0>
20002fde:	2300      	movs	r3, #0
20002fe0:	73fb      	strb	r3, [r7, #15]
20002fe2:	7bfb      	ldrb	r3, [r7, #15]
20002fe4:	4618      	mov	r0, r3
20002fe6:	3714      	adds	r7, #20
20002fe8:	46bd      	mov	sp, r7
20002fea:	bc80      	pop	{r7}
20002fec:	4770      	bx	lr

20002fee <CAN_ClearFlag>:
20002fee:	b480      	push	{r7}
20002ff0:	b085      	sub	sp, #20
20002ff2:	af00      	add	r7, sp, #0
20002ff4:	6078      	str	r0, [r7, #4]
20002ff6:	6039      	str	r1, [r7, #0]
20002ff8:	2300      	movs	r3, #0
20002ffa:	60fb      	str	r3, [r7, #12]
20002ffc:	683b      	ldr	r3, [r7, #0]
20002ffe:	4a17      	ldr	r2, [pc, #92]	@ (2000305c <CAN_ClearFlag+0x6e>)
20003000:	4293      	cmp	r3, r2
20003002:	d103      	bne.n	2000300c <CAN_ClearFlag+0x1e>
20003004:	687b      	ldr	r3, [r7, #4]
20003006:	2200      	movs	r2, #0
20003008:	619a      	str	r2, [r3, #24]
2000300a:	e021      	b.n	20003050 <CAN_ClearFlag+0x62>
2000300c:	683b      	ldr	r3, [r7, #0]
2000300e:	f3c3 0313 	ubfx	r3, r3, #0, #20
20003012:	60fb      	str	r3, [r7, #12]
20003014:	683b      	ldr	r3, [r7, #0]
20003016:	f003 7300 	and.w	r3, r3, #33554432	@ 0x2000000
2000301a:	2b00      	cmp	r3, #0
2000301c:	d003      	beq.n	20003026 <CAN_ClearFlag+0x38>
2000301e:	687b      	ldr	r3, [r7, #4]
20003020:	68fa      	ldr	r2, [r7, #12]
20003022:	60da      	str	r2, [r3, #12]
20003024:	e014      	b.n	20003050 <CAN_ClearFlag+0x62>
20003026:	683b      	ldr	r3, [r7, #0]
20003028:	f003 6380 	and.w	r3, r3, #67108864	@ 0x4000000
2000302c:	2b00      	cmp	r3, #0
2000302e:	d003      	beq.n	20003038 <CAN_ClearFlag+0x4a>
20003030:	687b      	ldr	r3, [r7, #4]
20003032:	68fa      	ldr	r2, [r7, #12]
20003034:	611a      	str	r2, [r3, #16]
20003036:	e00b      	b.n	20003050 <CAN_ClearFlag+0x62>
20003038:	683b      	ldr	r3, [r7, #0]
2000303a:	f003 6300 	and.w	r3, r3, #134217728	@ 0x8000000
2000303e:	2b00      	cmp	r3, #0
20003040:	d003      	beq.n	2000304a <CAN_ClearFlag+0x5c>
20003042:	687b      	ldr	r3, [r7, #4]
20003044:	68fa      	ldr	r2, [r7, #12]
20003046:	609a      	str	r2, [r3, #8]
20003048:	e002      	b.n	20003050 <CAN_ClearFlag+0x62>
2000304a:	687b      	ldr	r3, [r7, #4]
2000304c:	68fa      	ldr	r2, [r7, #12]
2000304e:	605a      	str	r2, [r3, #4]
20003050:	bf00      	nop
20003052:	3714      	adds	r7, #20
20003054:	46bd      	mov	sp, r7
20003056:	bc80      	pop	{r7}
20003058:	4770      	bx	lr
2000305a:	bf00      	nop
2000305c:	30f00070 	.word	0x30f00070

20003060 <CAN_GetITStatus>:
20003060:	b580      	push	{r7, lr}
20003062:	b084      	sub	sp, #16
20003064:	af00      	add	r7, sp, #0
20003066:	6078      	str	r0, [r7, #4]
20003068:	6039      	str	r1, [r7, #0]
2000306a:	2300      	movs	r3, #0
2000306c:	73fb      	strb	r3, [r7, #15]
2000306e:	687b      	ldr	r3, [r7, #4]
20003070:	695a      	ldr	r2, [r3, #20]
20003072:	683b      	ldr	r3, [r7, #0]
20003074:	4013      	ands	r3, r2
20003076:	2b00      	cmp	r3, #0
20003078:	f000 80f0 	beq.w	2000325c <CAN_GetITStatus+0x1fc>
2000307c:	683b      	ldr	r3, [r7, #0]
2000307e:	f5b3 3f00 	cmp.w	r3, #131072	@ 0x20000
20003082:	f000 80b2 	beq.w	200031ea <CAN_GetITStatus+0x18a>
20003086:	683b      	ldr	r3, [r7, #0]
20003088:	f5b3 3f00 	cmp.w	r3, #131072	@ 0x20000
2000308c:	f200 80e3 	bhi.w	20003256 <CAN_GetITStatus+0x1f6>
20003090:	683b      	ldr	r3, [r7, #0]
20003092:	f5b3 3f80 	cmp.w	r3, #65536	@ 0x10000
20003096:	f000 809f 	beq.w	200031d8 <CAN_GetITStatus+0x178>
2000309a:	683b      	ldr	r3, [r7, #0]
2000309c:	f5b3 3f80 	cmp.w	r3, #65536	@ 0x10000
200030a0:	f200 80d9 	bhi.w	20003256 <CAN_GetITStatus+0x1f6>
200030a4:	683b      	ldr	r3, [r7, #0]
200030a6:	f5b3 4f00 	cmp.w	r3, #32768	@ 0x8000
200030aa:	f000 80cb 	beq.w	20003244 <CAN_GetITStatus+0x1e4>
200030ae:	683b      	ldr	r3, [r7, #0]
200030b0:	f5b3 4f00 	cmp.w	r3, #32768	@ 0x8000
200030b4:	f200 80cf 	bhi.w	20003256 <CAN_GetITStatus+0x1f6>
200030b8:	683b      	ldr	r3, [r7, #0]
200030ba:	f5b3 6f00 	cmp.w	r3, #2048	@ 0x800
200030be:	f000 80b8 	beq.w	20003232 <CAN_GetITStatus+0x1d2>
200030c2:	683b      	ldr	r3, [r7, #0]
200030c4:	f5b3 6f00 	cmp.w	r3, #2048	@ 0x800
200030c8:	f200 80c5 	bhi.w	20003256 <CAN_GetITStatus+0x1f6>
200030cc:	683b      	ldr	r3, [r7, #0]
200030ce:	f5b3 6f80 	cmp.w	r3, #1024	@ 0x400
200030d2:	f000 80a5 	beq.w	20003220 <CAN_GetITStatus+0x1c0>
200030d6:	683b      	ldr	r3, [r7, #0]
200030d8:	f5b3 6f80 	cmp.w	r3, #1024	@ 0x400
200030dc:	f200 80bb 	bhi.w	20003256 <CAN_GetITStatus+0x1f6>
200030e0:	683b      	ldr	r3, [r7, #0]
200030e2:	f5b3 7f00 	cmp.w	r3, #512	@ 0x200
200030e6:	f000 8092 	beq.w	2000320e <CAN_GetITStatus+0x1ae>
200030ea:	683b      	ldr	r3, [r7, #0]
200030ec:	f5b3 7f00 	cmp.w	r3, #512	@ 0x200
200030f0:	f200 80b1 	bhi.w	20003256 <CAN_GetITStatus+0x1f6>
200030f4:	683b      	ldr	r3, [r7, #0]
200030f6:	f5b3 7f80 	cmp.w	r3, #256	@ 0x100
200030fa:	d07f      	beq.n	200031fc <CAN_GetITStatus+0x19c>
200030fc:	683b      	ldr	r3, [r7, #0]
200030fe:	f5b3 7f80 	cmp.w	r3, #256	@ 0x100
20003102:	f200 80a8 	bhi.w	20003256 <CAN_GetITStatus+0x1f6>
20003106:	683b      	ldr	r3, [r7, #0]
20003108:	2b40      	cmp	r3, #64	@ 0x40
2000310a:	d05c      	beq.n	200031c6 <CAN_GetITStatus+0x166>
2000310c:	683b      	ldr	r3, [r7, #0]
2000310e:	2b40      	cmp	r3, #64	@ 0x40
20003110:	f200 80a1 	bhi.w	20003256 <CAN_GetITStatus+0x1f6>
20003114:	683b      	ldr	r3, [r7, #0]
20003116:	2b20      	cmp	r3, #32
20003118:	d04c      	beq.n	200031b4 <CAN_GetITStatus+0x154>
2000311a:	683b      	ldr	r3, [r7, #0]
2000311c:	2b20      	cmp	r3, #32
2000311e:	f200 809a 	bhi.w	20003256 <CAN_GetITStatus+0x1f6>
20003122:	683b      	ldr	r3, [r7, #0]
20003124:	2b10      	cmp	r3, #16
20003126:	d03c      	beq.n	200031a2 <CAN_GetITStatus+0x142>
20003128:	683b      	ldr	r3, [r7, #0]
2000312a:	2b10      	cmp	r3, #16
2000312c:	f200 8093 	bhi.w	20003256 <CAN_GetITStatus+0x1f6>
20003130:	683b      	ldr	r3, [r7, #0]
20003132:	2b08      	cmp	r3, #8
20003134:	d02c      	beq.n	20003190 <CAN_GetITStatus+0x130>
20003136:	683b      	ldr	r3, [r7, #0]
20003138:	2b08      	cmp	r3, #8
2000313a:	f200 808c 	bhi.w	20003256 <CAN_GetITStatus+0x1f6>
2000313e:	683b      	ldr	r3, [r7, #0]
20003140:	2b04      	cmp	r3, #4
20003142:	d01c      	beq.n	2000317e <CAN_GetITStatus+0x11e>
20003144:	683b      	ldr	r3, [r7, #0]
20003146:	2b04      	cmp	r3, #4
20003148:	f200 8085 	bhi.w	20003256 <CAN_GetITStatus+0x1f6>
2000314c:	683b      	ldr	r3, [r7, #0]
2000314e:	2b01      	cmp	r3, #1
20003150:	d003      	beq.n	2000315a <CAN_GetITStatus+0xfa>
20003152:	683b      	ldr	r3, [r7, #0]
20003154:	2b02      	cmp	r3, #2
20003156:	d009      	beq.n	2000316c <CAN_GetITStatus+0x10c>
20003158:	e07d      	b.n	20003256 <CAN_GetITStatus+0x1f6>
2000315a:	687b      	ldr	r3, [r7, #4]
2000315c:	689b      	ldr	r3, [r3, #8]
2000315e:	4943      	ldr	r1, [pc, #268]	@ (2000326c <CAN_GetITStatus+0x20c>)
20003160:	4618      	mov	r0, r3
20003162:	f000 f919 	bl	20003398 <CheckITStatus>
20003166:	4603      	mov	r3, r0
20003168:	73fb      	strb	r3, [r7, #15]
2000316a:	e079      	b.n	20003260 <CAN_GetITStatus+0x200>
2000316c:	687b      	ldr	r3, [r7, #4]
2000316e:	68db      	ldr	r3, [r3, #12]
20003170:	2103      	movs	r1, #3
20003172:	4618      	mov	r0, r3
20003174:	f000 f910 	bl	20003398 <CheckITStatus>
20003178:	4603      	mov	r3, r0
2000317a:	73fb      	strb	r3, [r7, #15]
2000317c:	e070      	b.n	20003260 <CAN_GetITStatus+0x200>
2000317e:	687b      	ldr	r3, [r7, #4]
20003180:	68db      	ldr	r3, [r3, #12]
20003182:	2108      	movs	r1, #8
20003184:	4618      	mov	r0, r3
20003186:	f000 f907 	bl	20003398 <CheckITStatus>
2000318a:	4603      	mov	r3, r0
2000318c:	73fb      	strb	r3, [r7, #15]
2000318e:	e067      	b.n	20003260 <CAN_GetITStatus+0x200>
20003190:	687b      	ldr	r3, [r7, #4]
20003192:	68db      	ldr	r3, [r3, #12]
20003194:	2110      	movs	r1, #16
20003196:	4618      	mov	r0, r3
20003198:	f000 f8fe 	bl	20003398 <CheckITStatus>
2000319c:	4603      	mov	r3, r0
2000319e:	73fb      	strb	r3, [r7, #15]
200031a0:	e05e      	b.n	20003260 <CAN_GetITStatus+0x200>
200031a2:	687b      	ldr	r3, [r7, #4]
200031a4:	691b      	ldr	r3, [r3, #16]
200031a6:	2103      	movs	r1, #3
200031a8:	4618      	mov	r0, r3
200031aa:	f000 f8f5 	bl	20003398 <CheckITStatus>
200031ae:	4603      	mov	r3, r0
200031b0:	73fb      	strb	r3, [r7, #15]
200031b2:	e055      	b.n	20003260 <CAN_GetITStatus+0x200>
200031b4:	687b      	ldr	r3, [r7, #4]
200031b6:	691b      	ldr	r3, [r3, #16]
200031b8:	2108      	movs	r1, #8
200031ba:	4618      	mov	r0, r3
200031bc:	f000 f8ec 	bl	20003398 <CheckITStatus>
200031c0:	4603      	mov	r3, r0
200031c2:	73fb      	strb	r3, [r7, #15]
200031c4:	e04c      	b.n	20003260 <CAN_GetITStatus+0x200>
200031c6:	687b      	ldr	r3, [r7, #4]
200031c8:	691b      	ldr	r3, [r3, #16]
200031ca:	2110      	movs	r1, #16
200031cc:	4618      	mov	r0, r3
200031ce:	f000 f8e3 	bl	20003398 <CheckITStatus>
200031d2:	4603      	mov	r3, r0
200031d4:	73fb      	strb	r3, [r7, #15]
200031d6:	e043      	b.n	20003260 <CAN_GetITStatus+0x200>
200031d8:	687b      	ldr	r3, [r7, #4]
200031da:	685b      	ldr	r3, [r3, #4]
200031dc:	2108      	movs	r1, #8
200031de:	4618      	mov	r0, r3
200031e0:	f000 f8da 	bl	20003398 <CheckITStatus>
200031e4:	4603      	mov	r3, r0
200031e6:	73fb      	strb	r3, [r7, #15]
200031e8:	e03a      	b.n	20003260 <CAN_GetITStatus+0x200>
200031ea:	687b      	ldr	r3, [r7, #4]
200031ec:	685b      	ldr	r3, [r3, #4]
200031ee:	2110      	movs	r1, #16
200031f0:	4618      	mov	r0, r3
200031f2:	f000 f8d1 	bl	20003398 <CheckITStatus>
200031f6:	4603      	mov	r3, r0
200031f8:	73fb      	strb	r3, [r7, #15]
200031fa:	e031      	b.n	20003260 <CAN_GetITStatus+0x200>
200031fc:	687b      	ldr	r3, [r7, #4]
200031fe:	699b      	ldr	r3, [r3, #24]
20003200:	2101      	movs	r1, #1
20003202:	4618      	mov	r0, r3
20003204:	f000 f8c8 	bl	20003398 <CheckITStatus>
20003208:	4603      	mov	r3, r0
2000320a:	73fb      	strb	r3, [r7, #15]
2000320c:	e028      	b.n	20003260 <CAN_GetITStatus+0x200>
2000320e:	687b      	ldr	r3, [r7, #4]
20003210:	699b      	ldr	r3, [r3, #24]
20003212:	2102      	movs	r1, #2
20003214:	4618      	mov	r0, r3
20003216:	f000 f8bf 	bl	20003398 <CheckITStatus>
2000321a:	4603      	mov	r3, r0
2000321c:	73fb      	strb	r3, [r7, #15]
2000321e:	e01f      	b.n	20003260 <CAN_GetITStatus+0x200>
20003220:	687b      	ldr	r3, [r7, #4]
20003222:	699b      	ldr	r3, [r3, #24]
20003224:	2104      	movs	r1, #4
20003226:	4618      	mov	r0, r3
20003228:	f000 f8b6 	bl	20003398 <CheckITStatus>
2000322c:	4603      	mov	r3, r0
2000322e:	73fb      	strb	r3, [r7, #15]
20003230:	e016      	b.n	20003260 <CAN_GetITStatus+0x200>
20003232:	687b      	ldr	r3, [r7, #4]
20003234:	699b      	ldr	r3, [r3, #24]
20003236:	2170      	movs	r1, #112	@ 0x70
20003238:	4618      	mov	r0, r3
2000323a:	f000 f8ad 	bl	20003398 <CheckITStatus>
2000323e:	4603      	mov	r3, r0
20003240:	73fb      	strb	r3, [r7, #15]
20003242:	e00d      	b.n	20003260 <CAN_GetITStatus+0x200>
20003244:	687b      	ldr	r3, [r7, #4]
20003246:	685b      	ldr	r3, [r3, #4]
20003248:	2104      	movs	r1, #4
2000324a:	4618      	mov	r0, r3
2000324c:	f000 f8a4 	bl	20003398 <CheckITStatus>
20003250:	4603      	mov	r3, r0
20003252:	73fb      	strb	r3, [r7, #15]
20003254:	e004      	b.n	20003260 <CAN_GetITStatus+0x200>
20003256:	2300      	movs	r3, #0
20003258:	73fb      	strb	r3, [r7, #15]
2000325a:	e001      	b.n	20003260 <CAN_GetITStatus+0x200>
2000325c:	2300      	movs	r3, #0
2000325e:	73fb      	strb	r3, [r7, #15]
20003260:	7bfb      	ldrb	r3, [r7, #15]
20003262:	4618      	mov	r0, r3
20003264:	3710      	adds	r7, #16
20003266:	46bd      	mov	sp, r7
20003268:	bd80      	pop	{r7, pc}
2000326a:	bf00      	nop
2000326c:	00010101 	.word	0x00010101

20003270 <CAN_ClearITPendingBit>:
20003270:	b480      	push	{r7}
20003272:	b083      	sub	sp, #12
20003274:	af00      	add	r7, sp, #0
20003276:	6078      	str	r0, [r7, #4]
20003278:	6039      	str	r1, [r7, #0]
2000327a:	683b      	ldr	r3, [r7, #0]
2000327c:	f5b3 3f00 	cmp.w	r3, #131072	@ 0x20000
20003280:	d064      	beq.n	2000334c <CAN_ClearITPendingBit+0xdc>
20003282:	683b      	ldr	r3, [r7, #0]
20003284:	f5b3 3f00 	cmp.w	r3, #131072	@ 0x20000
20003288:	d87e      	bhi.n	20003388 <CAN_ClearITPendingBit+0x118>
2000328a:	683b      	ldr	r3, [r7, #0]
2000328c:	f5b3 3f80 	cmp.w	r3, #65536	@ 0x10000
20003290:	d058      	beq.n	20003344 <CAN_ClearITPendingBit+0xd4>
20003292:	683b      	ldr	r3, [r7, #0]
20003294:	f5b3 3f80 	cmp.w	r3, #65536	@ 0x10000
20003298:	d876      	bhi.n	20003388 <CAN_ClearITPendingBit+0x118>
2000329a:	683b      	ldr	r3, [r7, #0]
2000329c:	f5b3 4f00 	cmp.w	r3, #32768	@ 0x8000
200032a0:	d06b      	beq.n	2000337a <CAN_ClearITPendingBit+0x10a>
200032a2:	683b      	ldr	r3, [r7, #0]
200032a4:	f5b3 4f00 	cmp.w	r3, #32768	@ 0x8000
200032a8:	d86e      	bhi.n	20003388 <CAN_ClearITPendingBit+0x118>
200032aa:	683b      	ldr	r3, [r7, #0]
200032ac:	f5b3 6f00 	cmp.w	r3, #2048	@ 0x800
200032b0:	d05c      	beq.n	2000336c <CAN_ClearITPendingBit+0xfc>
200032b2:	683b      	ldr	r3, [r7, #0]
200032b4:	f5b3 6f00 	cmp.w	r3, #2048	@ 0x800
200032b8:	d866      	bhi.n	20003388 <CAN_ClearITPendingBit+0x118>
200032ba:	683b      	ldr	r3, [r7, #0]
200032bc:	f5b3 6f80 	cmp.w	r3, #1024	@ 0x400
200032c0:	d050      	beq.n	20003364 <CAN_ClearITPendingBit+0xf4>
200032c2:	683b      	ldr	r3, [r7, #0]
200032c4:	f5b3 6f80 	cmp.w	r3, #1024	@ 0x400
200032c8:	d85e      	bhi.n	20003388 <CAN_ClearITPendingBit+0x118>
200032ca:	683b      	ldr	r3, [r7, #0]
200032cc:	f5b3 7f00 	cmp.w	r3, #512	@ 0x200
200032d0:	d044      	beq.n	2000335c <CAN_ClearITPendingBit+0xec>
200032d2:	683b      	ldr	r3, [r7, #0]
200032d4:	f5b3 7f00 	cmp.w	r3, #512	@ 0x200
200032d8:	d856      	bhi.n	20003388 <CAN_ClearITPendingBit+0x118>
200032da:	683b      	ldr	r3, [r7, #0]
200032dc:	f5b3 7f80 	cmp.w	r3, #256	@ 0x100
200032e0:	d038      	beq.n	20003354 <CAN_ClearITPendingBit+0xe4>
200032e2:	683b      	ldr	r3, [r7, #0]
200032e4:	f5b3 7f80 	cmp.w	r3, #256	@ 0x100
200032e8:	d84e      	bhi.n	20003388 <CAN_ClearITPendingBit+0x118>
200032ea:	683b      	ldr	r3, [r7, #0]
200032ec:	2b40      	cmp	r3, #64	@ 0x40
200032ee:	d025      	beq.n	2000333c <CAN_ClearITPendingBit+0xcc>
200032f0:	683b      	ldr	r3, [r7, #0]
200032f2:	2b40      	cmp	r3, #64	@ 0x40
200032f4:	d848      	bhi.n	20003388 <CAN_ClearITPendingBit+0x118>
200032f6:	683b      	ldr	r3, [r7, #0]
200032f8:	2b20      	cmp	r3, #32
200032fa:	d01b      	beq.n	20003334 <CAN_ClearITPendingBit+0xc4>
200032fc:	683b      	ldr	r3, [r7, #0]
200032fe:	2b20      	cmp	r3, #32
20003300:	d842      	bhi.n	20003388 <CAN_ClearITPendingBit+0x118>
20003302:	683b      	ldr	r3, [r7, #0]
20003304:	2b08      	cmp	r3, #8
20003306:	d011      	beq.n	2000332c <CAN_ClearITPendingBit+0xbc>
20003308:	683b      	ldr	r3, [r7, #0]
2000330a:	2b08      	cmp	r3, #8
2000330c:	d83c      	bhi.n	20003388 <CAN_ClearITPendingBit+0x118>
2000330e:	683b      	ldr	r3, [r7, #0]
20003310:	2b01      	cmp	r3, #1
20003312:	d003      	beq.n	2000331c <CAN_ClearITPendingBit+0xac>
20003314:	683b      	ldr	r3, [r7, #0]
20003316:	2b04      	cmp	r3, #4
20003318:	d004      	beq.n	20003324 <CAN_ClearITPendingBit+0xb4>
2000331a:	e035      	b.n	20003388 <CAN_ClearITPendingBit+0x118>
2000331c:	687b      	ldr	r3, [r7, #4]
2000331e:	4a1d      	ldr	r2, [pc, #116]	@ (20003394 <CAN_ClearITPendingBit+0x124>)
20003320:	609a      	str	r2, [r3, #8]
20003322:	e032      	b.n	2000338a <CAN_ClearITPendingBit+0x11a>
20003324:	687b      	ldr	r3, [r7, #4]
20003326:	2208      	movs	r2, #8
20003328:	60da      	str	r2, [r3, #12]
2000332a:	e02e      	b.n	2000338a <CAN_ClearITPendingBit+0x11a>
2000332c:	687b      	ldr	r3, [r7, #4]
2000332e:	2210      	movs	r2, #16
20003330:	60da      	str	r2, [r3, #12]
20003332:	e02a      	b.n	2000338a <CAN_ClearITPendingBit+0x11a>
20003334:	687b      	ldr	r3, [r7, #4]
20003336:	2208      	movs	r2, #8
20003338:	611a      	str	r2, [r3, #16]
2000333a:	e026      	b.n	2000338a <CAN_ClearITPendingBit+0x11a>
2000333c:	687b      	ldr	r3, [r7, #4]
2000333e:	2210      	movs	r2, #16
20003340:	611a      	str	r2, [r3, #16]
20003342:	e022      	b.n	2000338a <CAN_ClearITPendingBit+0x11a>
20003344:	687b      	ldr	r3, [r7, #4]
20003346:	2208      	movs	r2, #8
20003348:	605a      	str	r2, [r3, #4]
2000334a:	e01e      	b.n	2000338a <CAN_ClearITPendingBit+0x11a>
2000334c:	687b      	ldr	r3, [r7, #4]
2000334e:	2210      	movs	r2, #16
20003350:	605a      	str	r2, [r3, #4]
20003352:	e01a      	b.n	2000338a <CAN_ClearITPendingBit+0x11a>
20003354:	687b      	ldr	r3, [r7, #4]
20003356:	2204      	movs	r2, #4
20003358:	605a      	str	r2, [r3, #4]
2000335a:	e016      	b.n	2000338a <CAN_ClearITPendingBit+0x11a>
2000335c:	687b      	ldr	r3, [r7, #4]
2000335e:	2204      	movs	r2, #4
20003360:	605a      	str	r2, [r3, #4]
20003362:	e012      	b.n	2000338a <CAN_ClearITPendingBit+0x11a>
20003364:	687b      	ldr	r3, [r7, #4]
20003366:	2204      	movs	r2, #4
20003368:	605a      	str	r2, [r3, #4]
2000336a:	e00e      	b.n	2000338a <CAN_ClearITPendingBit+0x11a>
2000336c:	687b      	ldr	r3, [r7, #4]
2000336e:	2200      	movs	r2, #0
20003370:	619a      	str	r2, [r3, #24]
20003372:	687b      	ldr	r3, [r7, #4]
20003374:	2204      	movs	r2, #4
20003376:	605a      	str	r2, [r3, #4]
20003378:	e007      	b.n	2000338a <CAN_ClearITPendingBit+0x11a>
2000337a:	687b      	ldr	r3, [r7, #4]
2000337c:	2200      	movs	r2, #0
2000337e:	619a      	str	r2, [r3, #24]
20003380:	687b      	ldr	r3, [r7, #4]
20003382:	2204      	movs	r2, #4
20003384:	605a      	str	r2, [r3, #4]
20003386:	e000      	b.n	2000338a <CAN_ClearITPendingBit+0x11a>
20003388:	bf00      	nop
2000338a:	bf00      	nop
2000338c:	370c      	adds	r7, #12
2000338e:	46bd      	mov	sp, r7
20003390:	bc80      	pop	{r7}
20003392:	4770      	bx	lr
20003394:	00010101 	.word	0x00010101

20003398 <CheckITStatus>:
20003398:	b480      	push	{r7}
2000339a:	b085      	sub	sp, #20
2000339c:	af00      	add	r7, sp, #0
2000339e:	6078      	str	r0, [r7, #4]
200033a0:	6039      	str	r1, [r7, #0]
200033a2:	2300      	movs	r3, #0
200033a4:	73fb      	strb	r3, [r7, #15]
200033a6:	687a      	ldr	r2, [r7, #4]
200033a8:	683b      	ldr	r3, [r7, #0]
200033aa:	4013      	ands	r3, r2
200033ac:	2b00      	cmp	r3, #0
200033ae:	d002      	beq.n	200033b6 <CheckITStatus+0x1e>
200033b0:	2301      	movs	r3, #1
200033b2:	73fb      	strb	r3, [r7, #15]
200033b4:	e001      	b.n	200033ba <CheckITStatus+0x22>
200033b6:	2300      	movs	r3, #0
200033b8:	73fb      	strb	r3, [r7, #15]
200033ba:	7bfb      	ldrb	r3, [r7, #15]
200033bc:	4618      	mov	r0, r3
200033be:	3714      	adds	r7, #20
200033c0:	46bd      	mov	sp, r7
200033c2:	bc80      	pop	{r7}
200033c4:	4770      	bx	lr
200033c6:	bf00      	nop

200033c8 <DAC_DeInit>:
200033c8:	b580      	push	{r7, lr}
200033ca:	af00      	add	r7, sp, #0
200033cc:	2101      	movs	r1, #1
200033ce:	f04f 5000 	mov.w	r0, #536870912	@ 0x20000000
200033d2:	f001 fa1f 	bl	20004814 <RCC_APB1PeriphResetCmd>
200033d6:	2100      	movs	r1, #0
200033d8:	f04f 5000 	mov.w	r0, #536870912	@ 0x20000000
200033dc:	f001 fa1a 	bl	20004814 <RCC_APB1PeriphResetCmd>
200033e0:	bf00      	nop
200033e2:	bd80      	pop	{r7, pc}

200033e4 <DAC_Init>:
200033e4:	b480      	push	{r7}
200033e6:	b085      	sub	sp, #20
200033e8:	af00      	add	r7, sp, #0
200033ea:	6078      	str	r0, [r7, #4]
200033ec:	6039      	str	r1, [r7, #0]
200033ee:	2300      	movs	r3, #0
200033f0:	60fb      	str	r3, [r7, #12]
200033f2:	2300      	movs	r3, #0
200033f4:	60bb      	str	r3, [r7, #8]
200033f6:	4b13      	ldr	r3, [pc, #76]	@ (20003444 <DAC_Init+0x60>)
200033f8:	681b      	ldr	r3, [r3, #0]
200033fa:	60fb      	str	r3, [r7, #12]
200033fc:	f640 72fe 	movw	r2, #4094	@ 0xffe
20003400:	687b      	ldr	r3, [r7, #4]
20003402:	fa02 f303 	lsl.w	r3, r2, r3
20003406:	43db      	mvns	r3, r3
20003408:	68fa      	ldr	r2, [r7, #12]
2000340a:	4013      	ands	r3, r2
2000340c:	60fb      	str	r3, [r7, #12]
2000340e:	683b      	ldr	r3, [r7, #0]
20003410:	681a      	ldr	r2, [r3, #0]
20003412:	683b      	ldr	r3, [r7, #0]
20003414:	685b      	ldr	r3, [r3, #4]
20003416:	431a      	orrs	r2, r3
20003418:	683b      	ldr	r3, [r7, #0]
2000341a:	689b      	ldr	r3, [r3, #8]
2000341c:	431a      	orrs	r2, r3
2000341e:	683b      	ldr	r3, [r7, #0]
20003420:	68db      	ldr	r3, [r3, #12]
20003422:	4313      	orrs	r3, r2
20003424:	60bb      	str	r3, [r7, #8]
20003426:	68ba      	ldr	r2, [r7, #8]
20003428:	687b      	ldr	r3, [r7, #4]
2000342a:	fa02 f303 	lsl.w	r3, r2, r3
2000342e:	68fa      	ldr	r2, [r7, #12]
20003430:	4313      	orrs	r3, r2
20003432:	60fb      	str	r3, [r7, #12]
20003434:	4a03      	ldr	r2, [pc, #12]	@ (20003444 <DAC_Init+0x60>)
20003436:	68fb      	ldr	r3, [r7, #12]
20003438:	6013      	str	r3, [r2, #0]
2000343a:	bf00      	nop
2000343c:	3714      	adds	r7, #20
2000343e:	46bd      	mov	sp, r7
20003440:	bc80      	pop	{r7}
20003442:	4770      	bx	lr
20003444:	40007400 	.word	0x40007400

20003448 <DAC_StructInit>:
20003448:	b480      	push	{r7}
2000344a:	b083      	sub	sp, #12
2000344c:	af00      	add	r7, sp, #0
2000344e:	6078      	str	r0, [r7, #4]
20003450:	687b      	ldr	r3, [r7, #4]
20003452:	2200      	movs	r2, #0
20003454:	601a      	str	r2, [r3, #0]
20003456:	687b      	ldr	r3, [r7, #4]
20003458:	2200      	movs	r2, #0
2000345a:	605a      	str	r2, [r3, #4]
2000345c:	687b      	ldr	r3, [r7, #4]
2000345e:	2200      	movs	r2, #0
20003460:	609a      	str	r2, [r3, #8]
20003462:	687b      	ldr	r3, [r7, #4]
20003464:	2200      	movs	r2, #0
20003466:	60da      	str	r2, [r3, #12]
20003468:	bf00      	nop
2000346a:	370c      	adds	r7, #12
2000346c:	46bd      	mov	sp, r7
2000346e:	bc80      	pop	{r7}
20003470:	4770      	bx	lr

20003472 <DAC_Cmd>:
20003472:	b480      	push	{r7}
20003474:	b083      	sub	sp, #12
20003476:	af00      	add	r7, sp, #0
20003478:	6078      	str	r0, [r7, #4]
2000347a:	460b      	mov	r3, r1
2000347c:	70fb      	strb	r3, [r7, #3]
2000347e:	78fb      	ldrb	r3, [r7, #3]
20003480:	2b00      	cmp	r3, #0
20003482:	d009      	beq.n	20003498 <DAC_Cmd+0x26>
20003484:	4b0c      	ldr	r3, [pc, #48]	@ (200034b8 <DAC_Cmd+0x46>)
20003486:	681a      	ldr	r2, [r3, #0]
20003488:	2101      	movs	r1, #1
2000348a:	687b      	ldr	r3, [r7, #4]
2000348c:	fa01 f303 	lsl.w	r3, r1, r3
20003490:	4909      	ldr	r1, [pc, #36]	@ (200034b8 <DAC_Cmd+0x46>)
20003492:	4313      	orrs	r3, r2
20003494:	600b      	str	r3, [r1, #0]
20003496:	e009      	b.n	200034ac <DAC_Cmd+0x3a>
20003498:	4b07      	ldr	r3, [pc, #28]	@ (200034b8 <DAC_Cmd+0x46>)
2000349a:	681a      	ldr	r2, [r3, #0]
2000349c:	2101      	movs	r1, #1
2000349e:	687b      	ldr	r3, [r7, #4]
200034a0:	fa01 f303 	lsl.w	r3, r1, r3
200034a4:	43db      	mvns	r3, r3
200034a6:	4904      	ldr	r1, [pc, #16]	@ (200034b8 <DAC_Cmd+0x46>)
200034a8:	4013      	ands	r3, r2
200034aa:	600b      	str	r3, [r1, #0]
200034ac:	bf00      	nop
200034ae:	370c      	adds	r7, #12
200034b0:	46bd      	mov	sp, r7
200034b2:	bc80      	pop	{r7}
200034b4:	4770      	bx	lr
200034b6:	bf00      	nop
200034b8:	40007400 	.word	0x40007400

200034bc <DAC_SoftwareTriggerCmd>:
200034bc:	b480      	push	{r7}
200034be:	b083      	sub	sp, #12
200034c0:	af00      	add	r7, sp, #0
200034c2:	6078      	str	r0, [r7, #4]
200034c4:	460b      	mov	r3, r1
200034c6:	70fb      	strb	r3, [r7, #3]
200034c8:	78fb      	ldrb	r3, [r7, #3]
200034ca:	2b00      	cmp	r3, #0
200034cc:	d00a      	beq.n	200034e4 <DAC_SoftwareTriggerCmd+0x28>
200034ce:	4b0d      	ldr	r3, [pc, #52]	@ (20003504 <DAC_SoftwareTriggerCmd+0x48>)
200034d0:	685a      	ldr	r2, [r3, #4]
200034d2:	687b      	ldr	r3, [r7, #4]
200034d4:	091b      	lsrs	r3, r3, #4
200034d6:	2101      	movs	r1, #1
200034d8:	fa01 f303 	lsl.w	r3, r1, r3
200034dc:	4909      	ldr	r1, [pc, #36]	@ (20003504 <DAC_SoftwareTriggerCmd+0x48>)
200034de:	4313      	orrs	r3, r2
200034e0:	604b      	str	r3, [r1, #4]
200034e2:	e00a      	b.n	200034fa <DAC_SoftwareTriggerCmd+0x3e>
200034e4:	4b07      	ldr	r3, [pc, #28]	@ (20003504 <DAC_SoftwareTriggerCmd+0x48>)
200034e6:	685a      	ldr	r2, [r3, #4]
200034e8:	687b      	ldr	r3, [r7, #4]
200034ea:	091b      	lsrs	r3, r3, #4
200034ec:	2101      	movs	r1, #1
200034ee:	fa01 f303 	lsl.w	r3, r1, r3
200034f2:	43db      	mvns	r3, r3
200034f4:	4903      	ldr	r1, [pc, #12]	@ (20003504 <DAC_SoftwareTriggerCmd+0x48>)
200034f6:	4013      	ands	r3, r2
200034f8:	604b      	str	r3, [r1, #4]
200034fa:	bf00      	nop
200034fc:	370c      	adds	r7, #12
200034fe:	46bd      	mov	sp, r7
20003500:	bc80      	pop	{r7}
20003502:	4770      	bx	lr
20003504:	40007400 	.word	0x40007400

20003508 <DAC_DualSoftwareTriggerCmd>:
20003508:	b480      	push	{r7}
2000350a:	b083      	sub	sp, #12
2000350c:	af00      	add	r7, sp, #0
2000350e:	4603      	mov	r3, r0
20003510:	71fb      	strb	r3, [r7, #7]
20003512:	79fb      	ldrb	r3, [r7, #7]
20003514:	2b00      	cmp	r3, #0
20003516:	d006      	beq.n	20003526 <DAC_DualSoftwareTriggerCmd+0x1e>
20003518:	4b08      	ldr	r3, [pc, #32]	@ (2000353c <DAC_DualSoftwareTriggerCmd+0x34>)
2000351a:	685b      	ldr	r3, [r3, #4]
2000351c:	4a07      	ldr	r2, [pc, #28]	@ (2000353c <DAC_DualSoftwareTriggerCmd+0x34>)
2000351e:	f043 0303 	orr.w	r3, r3, #3
20003522:	6053      	str	r3, [r2, #4]
20003524:	e005      	b.n	20003532 <DAC_DualSoftwareTriggerCmd+0x2a>
20003526:	4b05      	ldr	r3, [pc, #20]	@ (2000353c <DAC_DualSoftwareTriggerCmd+0x34>)
20003528:	685b      	ldr	r3, [r3, #4]
2000352a:	4a04      	ldr	r2, [pc, #16]	@ (2000353c <DAC_DualSoftwareTriggerCmd+0x34>)
2000352c:	f023 0303 	bic.w	r3, r3, #3
20003530:	6053      	str	r3, [r2, #4]
20003532:	bf00      	nop
20003534:	370c      	adds	r7, #12
20003536:	46bd      	mov	sp, r7
20003538:	bc80      	pop	{r7}
2000353a:	4770      	bx	lr
2000353c:	40007400 	.word	0x40007400

20003540 <DAC_WaveGenerationCmd>:
20003540:	b480      	push	{r7}
20003542:	b085      	sub	sp, #20
20003544:	af00      	add	r7, sp, #0
20003546:	60f8      	str	r0, [r7, #12]
20003548:	60b9      	str	r1, [r7, #8]
2000354a:	4613      	mov	r3, r2
2000354c:	71fb      	strb	r3, [r7, #7]
2000354e:	79fb      	ldrb	r3, [r7, #7]
20003550:	2b00      	cmp	r3, #0
20003552:	d009      	beq.n	20003568 <DAC_WaveGenerationCmd+0x28>
20003554:	4b0c      	ldr	r3, [pc, #48]	@ (20003588 <DAC_WaveGenerationCmd+0x48>)
20003556:	681a      	ldr	r2, [r3, #0]
20003558:	68b9      	ldr	r1, [r7, #8]
2000355a:	68fb      	ldr	r3, [r7, #12]
2000355c:	fa01 f303 	lsl.w	r3, r1, r3
20003560:	4909      	ldr	r1, [pc, #36]	@ (20003588 <DAC_WaveGenerationCmd+0x48>)
20003562:	4313      	orrs	r3, r2
20003564:	600b      	str	r3, [r1, #0]
20003566:	e009      	b.n	2000357c <DAC_WaveGenerationCmd+0x3c>
20003568:	4b07      	ldr	r3, [pc, #28]	@ (20003588 <DAC_WaveGenerationCmd+0x48>)
2000356a:	681a      	ldr	r2, [r3, #0]
2000356c:	68b9      	ldr	r1, [r7, #8]
2000356e:	68fb      	ldr	r3, [r7, #12]
20003570:	fa01 f303 	lsl.w	r3, r1, r3
20003574:	43db      	mvns	r3, r3
20003576:	4904      	ldr	r1, [pc, #16]	@ (20003588 <DAC_WaveGenerationCmd+0x48>)
20003578:	4013      	ands	r3, r2
2000357a:	600b      	str	r3, [r1, #0]
2000357c:	bf00      	nop
2000357e:	3714      	adds	r7, #20
20003580:	46bd      	mov	sp, r7
20003582:	bc80      	pop	{r7}
20003584:	4770      	bx	lr
20003586:	bf00      	nop
20003588:	40007400 	.word	0x40007400

2000358c <DAC_SetChannel1Data>:
2000358c:	b480      	push	{r7}
2000358e:	b085      	sub	sp, #20
20003590:	af00      	add	r7, sp, #0
20003592:	6078      	str	r0, [r7, #4]
20003594:	460b      	mov	r3, r1
20003596:	807b      	strh	r3, [r7, #2]
20003598:	2300      	movs	r3, #0
2000359a:	60fb      	str	r3, [r7, #12]
2000359c:	4b07      	ldr	r3, [pc, #28]	@ (200035bc <DAC_SetChannel1Data+0x30>)
2000359e:	60fb      	str	r3, [r7, #12]
200035a0:	68fa      	ldr	r2, [r7, #12]
200035a2:	687b      	ldr	r3, [r7, #4]
200035a4:	4413      	add	r3, r2
200035a6:	3308      	adds	r3, #8
200035a8:	60fb      	str	r3, [r7, #12]
200035aa:	68fb      	ldr	r3, [r7, #12]
200035ac:	461a      	mov	r2, r3
200035ae:	887b      	ldrh	r3, [r7, #2]
200035b0:	6013      	str	r3, [r2, #0]
200035b2:	bf00      	nop
200035b4:	3714      	adds	r7, #20
200035b6:	46bd      	mov	sp, r7
200035b8:	bc80      	pop	{r7}
200035ba:	4770      	bx	lr
200035bc:	40007400 	.word	0x40007400

200035c0 <DAC_SetChannel2Data>:
200035c0:	b480      	push	{r7}
200035c2:	b085      	sub	sp, #20
200035c4:	af00      	add	r7, sp, #0
200035c6:	6078      	str	r0, [r7, #4]
200035c8:	460b      	mov	r3, r1
200035ca:	807b      	strh	r3, [r7, #2]
200035cc:	2300      	movs	r3, #0
200035ce:	60fb      	str	r3, [r7, #12]
200035d0:	4b07      	ldr	r3, [pc, #28]	@ (200035f0 <DAC_SetChannel2Data+0x30>)
200035d2:	60fb      	str	r3, [r7, #12]
200035d4:	68fa      	ldr	r2, [r7, #12]
200035d6:	687b      	ldr	r3, [r7, #4]
200035d8:	4413      	add	r3, r2
200035da:	3314      	adds	r3, #20
200035dc:	60fb      	str	r3, [r7, #12]
200035de:	68fb      	ldr	r3, [r7, #12]
200035e0:	461a      	mov	r2, r3
200035e2:	887b      	ldrh	r3, [r7, #2]
200035e4:	6013      	str	r3, [r2, #0]
200035e6:	bf00      	nop
200035e8:	3714      	adds	r7, #20
200035ea:	46bd      	mov	sp, r7
200035ec:	bc80      	pop	{r7}
200035ee:	4770      	bx	lr
200035f0:	40007400 	.word	0x40007400

200035f4 <DAC_SetDualChannelData>:
200035f4:	b480      	push	{r7}
200035f6:	b085      	sub	sp, #20
200035f8:	af00      	add	r7, sp, #0
200035fa:	6078      	str	r0, [r7, #4]
200035fc:	460b      	mov	r3, r1
200035fe:	807b      	strh	r3, [r7, #2]
20003600:	4613      	mov	r3, r2
20003602:	803b      	strh	r3, [r7, #0]
20003604:	2300      	movs	r3, #0
20003606:	60fb      	str	r3, [r7, #12]
20003608:	2300      	movs	r3, #0
2000360a:	60bb      	str	r3, [r7, #8]
2000360c:	687b      	ldr	r3, [r7, #4]
2000360e:	2b08      	cmp	r3, #8
20003610:	d105      	bne.n	2000361e <DAC_SetDualChannelData+0x2a>
20003612:	887b      	ldrh	r3, [r7, #2]
20003614:	021a      	lsls	r2, r3, #8
20003616:	883b      	ldrh	r3, [r7, #0]
20003618:	4313      	orrs	r3, r2
2000361a:	60fb      	str	r3, [r7, #12]
2000361c:	e004      	b.n	20003628 <DAC_SetDualChannelData+0x34>
2000361e:	887b      	ldrh	r3, [r7, #2]
20003620:	041a      	lsls	r2, r3, #16
20003622:	883b      	ldrh	r3, [r7, #0]
20003624:	4313      	orrs	r3, r2
20003626:	60fb      	str	r3, [r7, #12]
20003628:	4b07      	ldr	r3, [pc, #28]	@ (20003648 <DAC_SetDualChannelData+0x54>)
2000362a:	60bb      	str	r3, [r7, #8]
2000362c:	687a      	ldr	r2, [r7, #4]
2000362e:	68bb      	ldr	r3, [r7, #8]
20003630:	4413      	add	r3, r2
20003632:	3320      	adds	r3, #32
20003634:	60bb      	str	r3, [r7, #8]
20003636:	68bb      	ldr	r3, [r7, #8]
20003638:	68fa      	ldr	r2, [r7, #12]
2000363a:	601a      	str	r2, [r3, #0]
2000363c:	bf00      	nop
2000363e:	3714      	adds	r7, #20
20003640:	46bd      	mov	sp, r7
20003642:	bc80      	pop	{r7}
20003644:	4770      	bx	lr
20003646:	bf00      	nop
20003648:	40007400 	.word	0x40007400

2000364c <DAC_GetDataOutputValue>:
2000364c:	b480      	push	{r7}
2000364e:	b085      	sub	sp, #20
20003650:	af00      	add	r7, sp, #0
20003652:	6078      	str	r0, [r7, #4]
20003654:	2300      	movs	r3, #0
20003656:	60fb      	str	r3, [r7, #12]
20003658:	4b07      	ldr	r3, [pc, #28]	@ (20003678 <DAC_GetDataOutputValue+0x2c>)
2000365a:	60fb      	str	r3, [r7, #12]
2000365c:	687b      	ldr	r3, [r7, #4]
2000365e:	089a      	lsrs	r2, r3, #2
20003660:	68fb      	ldr	r3, [r7, #12]
20003662:	4413      	add	r3, r2
20003664:	332c      	adds	r3, #44	@ 0x2c
20003666:	60fb      	str	r3, [r7, #12]
20003668:	68fb      	ldr	r3, [r7, #12]
2000366a:	681b      	ldr	r3, [r3, #0]
2000366c:	b29b      	uxth	r3, r3
2000366e:	4618      	mov	r0, r3
20003670:	3714      	adds	r7, #20
20003672:	46bd      	mov	sp, r7
20003674:	bc80      	pop	{r7}
20003676:	4770      	bx	lr
20003678:	40007400 	.word	0x40007400

2000367c <DAC_DMACmd>:
2000367c:	b480      	push	{r7}
2000367e:	b083      	sub	sp, #12
20003680:	af00      	add	r7, sp, #0
20003682:	6078      	str	r0, [r7, #4]
20003684:	460b      	mov	r3, r1
20003686:	70fb      	strb	r3, [r7, #3]
20003688:	78fb      	ldrb	r3, [r7, #3]
2000368a:	2b00      	cmp	r3, #0
2000368c:	d00a      	beq.n	200036a4 <DAC_DMACmd+0x28>
2000368e:	4b0d      	ldr	r3, [pc, #52]	@ (200036c4 <DAC_DMACmd+0x48>)
20003690:	681a      	ldr	r2, [r3, #0]
20003692:	f44f 5180 	mov.w	r1, #4096	@ 0x1000
20003696:	687b      	ldr	r3, [r7, #4]
20003698:	fa01 f303 	lsl.w	r3, r1, r3
2000369c:	4909      	ldr	r1, [pc, #36]	@ (200036c4 <DAC_DMACmd+0x48>)
2000369e:	4313      	orrs	r3, r2
200036a0:	600b      	str	r3, [r1, #0]
200036a2:	e00a      	b.n	200036ba <DAC_DMACmd+0x3e>
200036a4:	4b07      	ldr	r3, [pc, #28]	@ (200036c4 <DAC_DMACmd+0x48>)
200036a6:	681a      	ldr	r2, [r3, #0]
200036a8:	f44f 5180 	mov.w	r1, #4096	@ 0x1000
200036ac:	687b      	ldr	r3, [r7, #4]
200036ae:	fa01 f303 	lsl.w	r3, r1, r3
200036b2:	43db      	mvns	r3, r3
200036b4:	4903      	ldr	r1, [pc, #12]	@ (200036c4 <DAC_DMACmd+0x48>)
200036b6:	4013      	ands	r3, r2
200036b8:	600b      	str	r3, [r1, #0]
200036ba:	bf00      	nop
200036bc:	370c      	adds	r7, #12
200036be:	46bd      	mov	sp, r7
200036c0:	bc80      	pop	{r7}
200036c2:	4770      	bx	lr
200036c4:	40007400 	.word	0x40007400

200036c8 <DAC_ITConfig>:
200036c8:	b480      	push	{r7}
200036ca:	b085      	sub	sp, #20
200036cc:	af00      	add	r7, sp, #0
200036ce:	60f8      	str	r0, [r7, #12]
200036d0:	60b9      	str	r1, [r7, #8]
200036d2:	4613      	mov	r3, r2
200036d4:	71fb      	strb	r3, [r7, #7]
200036d6:	79fb      	ldrb	r3, [r7, #7]
200036d8:	2b00      	cmp	r3, #0
200036da:	d009      	beq.n	200036f0 <DAC_ITConfig+0x28>
200036dc:	4b0c      	ldr	r3, [pc, #48]	@ (20003710 <DAC_ITConfig+0x48>)
200036de:	681a      	ldr	r2, [r3, #0]
200036e0:	68b9      	ldr	r1, [r7, #8]
200036e2:	68fb      	ldr	r3, [r7, #12]
200036e4:	fa01 f303 	lsl.w	r3, r1, r3
200036e8:	4909      	ldr	r1, [pc, #36]	@ (20003710 <DAC_ITConfig+0x48>)
200036ea:	4313      	orrs	r3, r2
200036ec:	600b      	str	r3, [r1, #0]
200036ee:	e009      	b.n	20003704 <DAC_ITConfig+0x3c>
200036f0:	4b07      	ldr	r3, [pc, #28]	@ (20003710 <DAC_ITConfig+0x48>)
200036f2:	681a      	ldr	r2, [r3, #0]
200036f4:	68b9      	ldr	r1, [r7, #8]
200036f6:	68fb      	ldr	r3, [r7, #12]
200036f8:	fa01 f303 	lsl.w	r3, r1, r3
200036fc:	43db      	mvns	r3, r3
200036fe:	4904      	ldr	r1, [pc, #16]	@ (20003710 <DAC_ITConfig+0x48>)
20003700:	4013      	ands	r3, r2
20003702:	600b      	str	r3, [r1, #0]
20003704:	bf00      	nop
20003706:	3714      	adds	r7, #20
20003708:	46bd      	mov	sp, r7
2000370a:	bc80      	pop	{r7}
2000370c:	4770      	bx	lr
2000370e:	bf00      	nop
20003710:	40007400 	.word	0x40007400

20003714 <DAC_GetFlagStatus>:
20003714:	b480      	push	{r7}
20003716:	b085      	sub	sp, #20
20003718:	af00      	add	r7, sp, #0
2000371a:	6078      	str	r0, [r7, #4]
2000371c:	6039      	str	r1, [r7, #0]
2000371e:	2300      	movs	r3, #0
20003720:	73fb      	strb	r3, [r7, #15]
20003722:	4b0a      	ldr	r3, [pc, #40]	@ (2000374c <DAC_GetFlagStatus+0x38>)
20003724:	6b5a      	ldr	r2, [r3, #52]	@ 0x34
20003726:	6839      	ldr	r1, [r7, #0]
20003728:	687b      	ldr	r3, [r7, #4]
2000372a:	fa01 f303 	lsl.w	r3, r1, r3
2000372e:	4013      	ands	r3, r2
20003730:	2b00      	cmp	r3, #0
20003732:	d002      	beq.n	2000373a <DAC_GetFlagStatus+0x26>
20003734:	2301      	movs	r3, #1
20003736:	73fb      	strb	r3, [r7, #15]
20003738:	e001      	b.n	2000373e <DAC_GetFlagStatus+0x2a>
2000373a:	2300      	movs	r3, #0
2000373c:	73fb      	strb	r3, [r7, #15]
2000373e:	7bfb      	ldrb	r3, [r7, #15]
20003740:	4618      	mov	r0, r3
20003742:	3714      	adds	r7, #20
20003744:	46bd      	mov	sp, r7
20003746:	bc80      	pop	{r7}
20003748:	4770      	bx	lr
2000374a:	bf00      	nop
2000374c:	40007400 	.word	0x40007400

20003750 <DAC_ClearFlag>:
20003750:	b480      	push	{r7}
20003752:	b083      	sub	sp, #12
20003754:	af00      	add	r7, sp, #0
20003756:	6078      	str	r0, [r7, #4]
20003758:	6039      	str	r1, [r7, #0]
2000375a:	4905      	ldr	r1, [pc, #20]	@ (20003770 <DAC_ClearFlag+0x20>)
2000375c:	683a      	ldr	r2, [r7, #0]
2000375e:	687b      	ldr	r3, [r7, #4]
20003760:	fa02 f303 	lsl.w	r3, r2, r3
20003764:	634b      	str	r3, [r1, #52]	@ 0x34
20003766:	bf00      	nop
20003768:	370c      	adds	r7, #12
2000376a:	46bd      	mov	sp, r7
2000376c:	bc80      	pop	{r7}
2000376e:	4770      	bx	lr
20003770:	40007400 	.word	0x40007400

20003774 <DAC_GetITStatus>:
20003774:	b480      	push	{r7}
20003776:	b085      	sub	sp, #20
20003778:	af00      	add	r7, sp, #0
2000377a:	6078      	str	r0, [r7, #4]
2000377c:	6039      	str	r1, [r7, #0]
2000377e:	2300      	movs	r3, #0
20003780:	73fb      	strb	r3, [r7, #15]
20003782:	2300      	movs	r3, #0
20003784:	60bb      	str	r3, [r7, #8]
20003786:	4b0f      	ldr	r3, [pc, #60]	@ (200037c4 <DAC_GetITStatus+0x50>)
20003788:	681a      	ldr	r2, [r3, #0]
2000378a:	6839      	ldr	r1, [r7, #0]
2000378c:	687b      	ldr	r3, [r7, #4]
2000378e:	fa01 f303 	lsl.w	r3, r1, r3
20003792:	4013      	ands	r3, r2
20003794:	60bb      	str	r3, [r7, #8]
20003796:	4b0b      	ldr	r3, [pc, #44]	@ (200037c4 <DAC_GetITStatus+0x50>)
20003798:	6b5a      	ldr	r2, [r3, #52]	@ 0x34
2000379a:	6839      	ldr	r1, [r7, #0]
2000379c:	687b      	ldr	r3, [r7, #4]
2000379e:	fa01 f303 	lsl.w	r3, r1, r3
200037a2:	4013      	ands	r3, r2
200037a4:	2b00      	cmp	r3, #0
200037a6:	d005      	beq.n	200037b4 <DAC_GetITStatus+0x40>
200037a8:	68bb      	ldr	r3, [r7, #8]
200037aa:	2b00      	cmp	r3, #0
200037ac:	d002      	beq.n	200037b4 <DAC_GetITStatus+0x40>
200037ae:	2301      	movs	r3, #1
200037b0:	73fb      	strb	r3, [r7, #15]
200037b2:	e001      	b.n	200037b8 <DAC_GetITStatus+0x44>
200037b4:	2300      	movs	r3, #0
200037b6:	73fb      	strb	r3, [r7, #15]
200037b8:	7bfb      	ldrb	r3, [r7, #15]
200037ba:	4618      	mov	r0, r3
200037bc:	3714      	adds	r7, #20
200037be:	46bd      	mov	sp, r7
200037c0:	bc80      	pop	{r7}
200037c2:	4770      	bx	lr
200037c4:	40007400 	.word	0x40007400

200037c8 <DAC_ClearITPendingBit>:
200037c8:	b480      	push	{r7}
200037ca:	b083      	sub	sp, #12
200037cc:	af00      	add	r7, sp, #0
200037ce:	6078      	str	r0, [r7, #4]
200037d0:	6039      	str	r1, [r7, #0]
200037d2:	4905      	ldr	r1, [pc, #20]	@ (200037e8 <DAC_ClearITPendingBit+0x20>)
200037d4:	683a      	ldr	r2, [r7, #0]
200037d6:	687b      	ldr	r3, [r7, #4]
200037d8:	fa02 f303 	lsl.w	r3, r2, r3
200037dc:	634b      	str	r3, [r1, #52]	@ 0x34
200037de:	bf00      	nop
200037e0:	370c      	adds	r7, #12
200037e2:	46bd      	mov	sp, r7
200037e4:	bc80      	pop	{r7}
200037e6:	4770      	bx	lr
200037e8:	40007400 	.word	0x40007400

200037ec <EXTI_DeInit>:
200037ec:	b480      	push	{r7}
200037ee:	af00      	add	r7, sp, #0
200037f0:	4b09      	ldr	r3, [pc, #36]	@ (20003818 <EXTI_DeInit+0x2c>)
200037f2:	2200      	movs	r2, #0
200037f4:	601a      	str	r2, [r3, #0]
200037f6:	4b08      	ldr	r3, [pc, #32]	@ (20003818 <EXTI_DeInit+0x2c>)
200037f8:	2200      	movs	r2, #0
200037fa:	605a      	str	r2, [r3, #4]
200037fc:	4b06      	ldr	r3, [pc, #24]	@ (20003818 <EXTI_DeInit+0x2c>)
200037fe:	2200      	movs	r2, #0
20003800:	609a      	str	r2, [r3, #8]
20003802:	4b05      	ldr	r3, [pc, #20]	@ (20003818 <EXTI_DeInit+0x2c>)
20003804:	2200      	movs	r2, #0
20003806:	60da      	str	r2, [r3, #12]
20003808:	4b03      	ldr	r3, [pc, #12]	@ (20003818 <EXTI_DeInit+0x2c>)
2000380a:	4a04      	ldr	r2, [pc, #16]	@ (2000381c <EXTI_DeInit+0x30>)
2000380c:	615a      	str	r2, [r3, #20]
2000380e:	bf00      	nop
20003810:	46bd      	mov	sp, r7
20003812:	bc80      	pop	{r7}
20003814:	4770      	bx	lr
20003816:	bf00      	nop
20003818:	40013c00 	.word	0x40013c00
2000381c:	007fffff 	.word	0x007fffff

20003820 <EXTI_Init>:
20003820:	b480      	push	{r7}
20003822:	b085      	sub	sp, #20
20003824:	af00      	add	r7, sp, #0
20003826:	6078      	str	r0, [r7, #4]
20003828:	2300      	movs	r3, #0
2000382a:	60fb      	str	r3, [r7, #12]
2000382c:	4b34      	ldr	r3, [pc, #208]	@ (20003900 <EXTI_Init+0xe0>)
2000382e:	60fb      	str	r3, [r7, #12]
20003830:	687b      	ldr	r3, [r7, #4]
20003832:	799b      	ldrb	r3, [r3, #6]
20003834:	2b00      	cmp	r3, #0
20003836:	d04f      	beq.n	200038d8 <EXTI_Init+0xb8>
20003838:	4b31      	ldr	r3, [pc, #196]	@ (20003900 <EXTI_Init+0xe0>)
2000383a:	681a      	ldr	r2, [r3, #0]
2000383c:	687b      	ldr	r3, [r7, #4]
2000383e:	681b      	ldr	r3, [r3, #0]
20003840:	43db      	mvns	r3, r3
20003842:	492f      	ldr	r1, [pc, #188]	@ (20003900 <EXTI_Init+0xe0>)
20003844:	4013      	ands	r3, r2
20003846:	600b      	str	r3, [r1, #0]
20003848:	4b2d      	ldr	r3, [pc, #180]	@ (20003900 <EXTI_Init+0xe0>)
2000384a:	685a      	ldr	r2, [r3, #4]
2000384c:	687b      	ldr	r3, [r7, #4]
2000384e:	681b      	ldr	r3, [r3, #0]
20003850:	43db      	mvns	r3, r3
20003852:	492b      	ldr	r1, [pc, #172]	@ (20003900 <EXTI_Init+0xe0>)
20003854:	4013      	ands	r3, r2
20003856:	604b      	str	r3, [r1, #4]
20003858:	687b      	ldr	r3, [r7, #4]
2000385a:	791b      	ldrb	r3, [r3, #4]
2000385c:	461a      	mov	r2, r3
2000385e:	68fb      	ldr	r3, [r7, #12]
20003860:	4413      	add	r3, r2
20003862:	60fb      	str	r3, [r7, #12]
20003864:	68fb      	ldr	r3, [r7, #12]
20003866:	6819      	ldr	r1, [r3, #0]
20003868:	687b      	ldr	r3, [r7, #4]
2000386a:	681a      	ldr	r2, [r3, #0]
2000386c:	68fb      	ldr	r3, [r7, #12]
2000386e:	430a      	orrs	r2, r1
20003870:	601a      	str	r2, [r3, #0]
20003872:	4b23      	ldr	r3, [pc, #140]	@ (20003900 <EXTI_Init+0xe0>)
20003874:	689a      	ldr	r2, [r3, #8]
20003876:	687b      	ldr	r3, [r7, #4]
20003878:	681b      	ldr	r3, [r3, #0]
2000387a:	43db      	mvns	r3, r3
2000387c:	4920      	ldr	r1, [pc, #128]	@ (20003900 <EXTI_Init+0xe0>)
2000387e:	4013      	ands	r3, r2
20003880:	608b      	str	r3, [r1, #8]
20003882:	4b1f      	ldr	r3, [pc, #124]	@ (20003900 <EXTI_Init+0xe0>)
20003884:	68da      	ldr	r2, [r3, #12]
20003886:	687b      	ldr	r3, [r7, #4]
20003888:	681b      	ldr	r3, [r3, #0]
2000388a:	43db      	mvns	r3, r3
2000388c:	491c      	ldr	r1, [pc, #112]	@ (20003900 <EXTI_Init+0xe0>)
2000388e:	4013      	ands	r3, r2
20003890:	60cb      	str	r3, [r1, #12]
20003892:	687b      	ldr	r3, [r7, #4]
20003894:	795b      	ldrb	r3, [r3, #5]
20003896:	2b10      	cmp	r3, #16
20003898:	d10e      	bne.n	200038b8 <EXTI_Init+0x98>
2000389a:	4b19      	ldr	r3, [pc, #100]	@ (20003900 <EXTI_Init+0xe0>)
2000389c:	689a      	ldr	r2, [r3, #8]
2000389e:	687b      	ldr	r3, [r7, #4]
200038a0:	681b      	ldr	r3, [r3, #0]
200038a2:	4917      	ldr	r1, [pc, #92]	@ (20003900 <EXTI_Init+0xe0>)
200038a4:	4313      	orrs	r3, r2
200038a6:	608b      	str	r3, [r1, #8]
200038a8:	4b15      	ldr	r3, [pc, #84]	@ (20003900 <EXTI_Init+0xe0>)
200038aa:	68da      	ldr	r2, [r3, #12]
200038ac:	687b      	ldr	r3, [r7, #4]
200038ae:	681b      	ldr	r3, [r3, #0]
200038b0:	4913      	ldr	r1, [pc, #76]	@ (20003900 <EXTI_Init+0xe0>)
200038b2:	4313      	orrs	r3, r2
200038b4:	60cb      	str	r3, [r1, #12]
200038b6:	e01d      	b.n	200038f4 <EXTI_Init+0xd4>
200038b8:	4b11      	ldr	r3, [pc, #68]	@ (20003900 <EXTI_Init+0xe0>)
200038ba:	60fb      	str	r3, [r7, #12]
200038bc:	687b      	ldr	r3, [r7, #4]
200038be:	795b      	ldrb	r3, [r3, #5]
200038c0:	461a      	mov	r2, r3
200038c2:	68fb      	ldr	r3, [r7, #12]
200038c4:	4413      	add	r3, r2
200038c6:	60fb      	str	r3, [r7, #12]
200038c8:	68fb      	ldr	r3, [r7, #12]
200038ca:	6819      	ldr	r1, [r3, #0]
200038cc:	687b      	ldr	r3, [r7, #4]
200038ce:	681a      	ldr	r2, [r3, #0]
200038d0:	68fb      	ldr	r3, [r7, #12]
200038d2:	430a      	orrs	r2, r1
200038d4:	601a      	str	r2, [r3, #0]
200038d6:	e00d      	b.n	200038f4 <EXTI_Init+0xd4>
200038d8:	687b      	ldr	r3, [r7, #4]
200038da:	791b      	ldrb	r3, [r3, #4]
200038dc:	461a      	mov	r2, r3
200038de:	68fb      	ldr	r3, [r7, #12]
200038e0:	4413      	add	r3, r2
200038e2:	60fb      	str	r3, [r7, #12]
200038e4:	68fb      	ldr	r3, [r7, #12]
200038e6:	6819      	ldr	r1, [r3, #0]
200038e8:	687b      	ldr	r3, [r7, #4]
200038ea:	681b      	ldr	r3, [r3, #0]
200038ec:	43da      	mvns	r2, r3
200038ee:	68fb      	ldr	r3, [r7, #12]
200038f0:	400a      	ands	r2, r1
200038f2:	601a      	str	r2, [r3, #0]
200038f4:	bf00      	nop
200038f6:	3714      	adds	r7, #20
200038f8:	46bd      	mov	sp, r7
200038fa:	bc80      	pop	{r7}
200038fc:	4770      	bx	lr
200038fe:	bf00      	nop
20003900:	40013c00 	.word	0x40013c00

20003904 <EXTI_StructInit>:
20003904:	b480      	push	{r7}
20003906:	b083      	sub	sp, #12
20003908:	af00      	add	r7, sp, #0
2000390a:	6078      	str	r0, [r7, #4]
2000390c:	687b      	ldr	r3, [r7, #4]
2000390e:	2200      	movs	r2, #0
20003910:	601a      	str	r2, [r3, #0]
20003912:	687b      	ldr	r3, [r7, #4]
20003914:	2200      	movs	r2, #0
20003916:	711a      	strb	r2, [r3, #4]
20003918:	687b      	ldr	r3, [r7, #4]
2000391a:	220c      	movs	r2, #12
2000391c:	715a      	strb	r2, [r3, #5]
2000391e:	687b      	ldr	r3, [r7, #4]
20003920:	2200      	movs	r2, #0
20003922:	719a      	strb	r2, [r3, #6]
20003924:	bf00      	nop
20003926:	370c      	adds	r7, #12
20003928:	46bd      	mov	sp, r7
2000392a:	bc80      	pop	{r7}
2000392c:	4770      	bx	lr

2000392e <EXTI_GenerateSWInterrupt>:
2000392e:	b480      	push	{r7}
20003930:	b083      	sub	sp, #12
20003932:	af00      	add	r7, sp, #0
20003934:	6078      	str	r0, [r7, #4]
20003936:	4b05      	ldr	r3, [pc, #20]	@ (2000394c <EXTI_GenerateSWInterrupt+0x1e>)
20003938:	691a      	ldr	r2, [r3, #16]
2000393a:	4904      	ldr	r1, [pc, #16]	@ (2000394c <EXTI_GenerateSWInterrupt+0x1e>)
2000393c:	687b      	ldr	r3, [r7, #4]
2000393e:	4313      	orrs	r3, r2
20003940:	610b      	str	r3, [r1, #16]
20003942:	bf00      	nop
20003944:	370c      	adds	r7, #12
20003946:	46bd      	mov	sp, r7
20003948:	bc80      	pop	{r7}
2000394a:	4770      	bx	lr
2000394c:	40013c00 	.word	0x40013c00

20003950 <EXTI_GetFlagStatus>:
20003950:	b480      	push	{r7}
20003952:	b085      	sub	sp, #20
20003954:	af00      	add	r7, sp, #0
20003956:	6078      	str	r0, [r7, #4]
20003958:	2300      	movs	r3, #0
2000395a:	73fb      	strb	r3, [r7, #15]
2000395c:	4b08      	ldr	r3, [pc, #32]	@ (20003980 <EXTI_GetFlagStatus+0x30>)
2000395e:	695a      	ldr	r2, [r3, #20]
20003960:	687b      	ldr	r3, [r7, #4]
20003962:	4013      	ands	r3, r2
20003964:	2b00      	cmp	r3, #0
20003966:	d002      	beq.n	2000396e <EXTI_GetFlagStatus+0x1e>
20003968:	2301      	movs	r3, #1
2000396a:	73fb      	strb	r3, [r7, #15]
2000396c:	e001      	b.n	20003972 <EXTI_GetFlagStatus+0x22>
2000396e:	2300      	movs	r3, #0
20003970:	73fb      	strb	r3, [r7, #15]
20003972:	7bfb      	ldrb	r3, [r7, #15]
20003974:	4618      	mov	r0, r3
20003976:	3714      	adds	r7, #20
20003978:	46bd      	mov	sp, r7
2000397a:	bc80      	pop	{r7}
2000397c:	4770      	bx	lr
2000397e:	bf00      	nop
20003980:	40013c00 	.word	0x40013c00

20003984 <EXTI_ClearFlag>:
20003984:	b480      	push	{r7}
20003986:	b083      	sub	sp, #12
20003988:	af00      	add	r7, sp, #0
2000398a:	6078      	str	r0, [r7, #4]
2000398c:	4a03      	ldr	r2, [pc, #12]	@ (2000399c <EXTI_ClearFlag+0x18>)
2000398e:	687b      	ldr	r3, [r7, #4]
20003990:	6153      	str	r3, [r2, #20]
20003992:	bf00      	nop
20003994:	370c      	adds	r7, #12
20003996:	46bd      	mov	sp, r7
20003998:	bc80      	pop	{r7}
2000399a:	4770      	bx	lr
2000399c:	40013c00 	.word	0x40013c00

200039a0 <EXTI_GetITStatus>:
200039a0:	b480      	push	{r7}
200039a2:	b085      	sub	sp, #20
200039a4:	af00      	add	r7, sp, #0
200039a6:	6078      	str	r0, [r7, #4]
200039a8:	2300      	movs	r3, #0
200039aa:	73fb      	strb	r3, [r7, #15]
200039ac:	4b08      	ldr	r3, [pc, #32]	@ (200039d0 <EXTI_GetITStatus+0x30>)
200039ae:	695a      	ldr	r2, [r3, #20]
200039b0:	687b      	ldr	r3, [r7, #4]
200039b2:	4013      	ands	r3, r2
200039b4:	2b00      	cmp	r3, #0
200039b6:	d002      	beq.n	200039be <EXTI_GetITStatus+0x1e>
200039b8:	2301      	movs	r3, #1
200039ba:	73fb      	strb	r3, [r7, #15]
200039bc:	e001      	b.n	200039c2 <EXTI_GetITStatus+0x22>
200039be:	2300      	movs	r3, #0
200039c0:	73fb      	strb	r3, [r7, #15]
200039c2:	7bfb      	ldrb	r3, [r7, #15]
200039c4:	4618      	mov	r0, r3
200039c6:	3714      	adds	r7, #20
200039c8:	46bd      	mov	sp, r7
200039ca:	bc80      	pop	{r7}
200039cc:	4770      	bx	lr
200039ce:	bf00      	nop
200039d0:	40013c00 	.word	0x40013c00

200039d4 <EXTI_ClearITPendingBit>:
200039d4:	b480      	push	{r7}
200039d6:	b083      	sub	sp, #12
200039d8:	af00      	add	r7, sp, #0
200039da:	6078      	str	r0, [r7, #4]
200039dc:	4a03      	ldr	r2, [pc, #12]	@ (200039ec <EXTI_ClearITPendingBit+0x18>)
200039de:	687b      	ldr	r3, [r7, #4]
200039e0:	6153      	str	r3, [r2, #20]
200039e2:	bf00      	nop
200039e4:	370c      	adds	r7, #12
200039e6:	46bd      	mov	sp, r7
200039e8:	bc80      	pop	{r7}
200039ea:	4770      	bx	lr
200039ec:	40013c00 	.word	0x40013c00

200039f0 <GPIO_DeInit>:
200039f0:	b580      	push	{r7, lr}
200039f2:	b082      	sub	sp, #8
200039f4:	af00      	add	r7, sp, #0
200039f6:	6078      	str	r0, [r7, #4]
200039f8:	687b      	ldr	r3, [r7, #4]
200039fa:	4a4b      	ldr	r2, [pc, #300]	@ (20003b28 <GPIO_DeInit+0x138>)
200039fc:	4293      	cmp	r3, r2
200039fe:	d108      	bne.n	20003a12 <GPIO_DeInit+0x22>
20003a00:	2101      	movs	r1, #1
20003a02:	2001      	movs	r0, #1
20003a04:	f000 feac 	bl	20004760 <RCC_AHB1PeriphResetCmd>
20003a08:	2100      	movs	r1, #0
20003a0a:	2001      	movs	r0, #1
20003a0c:	f000 fea8 	bl	20004760 <RCC_AHB1PeriphResetCmd>
20003a10:	e086      	b.n	20003b20 <GPIO_DeInit+0x130>
20003a12:	687b      	ldr	r3, [r7, #4]
20003a14:	4a45      	ldr	r2, [pc, #276]	@ (20003b2c <GPIO_DeInit+0x13c>)
20003a16:	4293      	cmp	r3, r2
20003a18:	d108      	bne.n	20003a2c <GPIO_DeInit+0x3c>
20003a1a:	2101      	movs	r1, #1
20003a1c:	2002      	movs	r0, #2
20003a1e:	f000 fe9f 	bl	20004760 <RCC_AHB1PeriphResetCmd>
20003a22:	2100      	movs	r1, #0
20003a24:	2002      	movs	r0, #2
20003a26:	f000 fe9b 	bl	20004760 <RCC_AHB1PeriphResetCmd>
20003a2a:	e079      	b.n	20003b20 <GPIO_DeInit+0x130>
20003a2c:	687b      	ldr	r3, [r7, #4]
20003a2e:	4a40      	ldr	r2, [pc, #256]	@ (20003b30 <GPIO_DeInit+0x140>)
20003a30:	4293      	cmp	r3, r2
20003a32:	d108      	bne.n	20003a46 <GPIO_DeInit+0x56>
20003a34:	2101      	movs	r1, #1
20003a36:	2004      	movs	r0, #4
20003a38:	f000 fe92 	bl	20004760 <RCC_AHB1PeriphResetCmd>
20003a3c:	2100      	movs	r1, #0
20003a3e:	2004      	movs	r0, #4
20003a40:	f000 fe8e 	bl	20004760 <RCC_AHB1PeriphResetCmd>
20003a44:	e06c      	b.n	20003b20 <GPIO_DeInit+0x130>
20003a46:	687b      	ldr	r3, [r7, #4]
20003a48:	4a3a      	ldr	r2, [pc, #232]	@ (20003b34 <GPIO_DeInit+0x144>)
20003a4a:	4293      	cmp	r3, r2
20003a4c:	d108      	bne.n	20003a60 <GPIO_DeInit+0x70>
20003a4e:	2101      	movs	r1, #1
20003a50:	2008      	movs	r0, #8
20003a52:	f000 fe85 	bl	20004760 <RCC_AHB1PeriphResetCmd>
20003a56:	2100      	movs	r1, #0
20003a58:	2008      	movs	r0, #8
20003a5a:	f000 fe81 	bl	20004760 <RCC_AHB1PeriphResetCmd>
20003a5e:	e05f      	b.n	20003b20 <GPIO_DeInit+0x130>
20003a60:	687b      	ldr	r3, [r7, #4]
20003a62:	4a35      	ldr	r2, [pc, #212]	@ (20003b38 <GPIO_DeInit+0x148>)
20003a64:	4293      	cmp	r3, r2
20003a66:	d108      	bne.n	20003a7a <GPIO_DeInit+0x8a>
20003a68:	2101      	movs	r1, #1
20003a6a:	2010      	movs	r0, #16
20003a6c:	f000 fe78 	bl	20004760 <RCC_AHB1PeriphResetCmd>
20003a70:	2100      	movs	r1, #0
20003a72:	2010      	movs	r0, #16
20003a74:	f000 fe74 	bl	20004760 <RCC_AHB1PeriphResetCmd>
20003a78:	e052      	b.n	20003b20 <GPIO_DeInit+0x130>
20003a7a:	687b      	ldr	r3, [r7, #4]
20003a7c:	4a2f      	ldr	r2, [pc, #188]	@ (20003b3c <GPIO_DeInit+0x14c>)
20003a7e:	4293      	cmp	r3, r2
20003a80:	d108      	bne.n	20003a94 <GPIO_DeInit+0xa4>
20003a82:	2101      	movs	r1, #1
20003a84:	2020      	movs	r0, #32
20003a86:	f000 fe6b 	bl	20004760 <RCC_AHB1PeriphResetCmd>
20003a8a:	2100      	movs	r1, #0
20003a8c:	2020      	movs	r0, #32
20003a8e:	f000 fe67 	bl	20004760 <RCC_AHB1PeriphResetCmd>
20003a92:	e045      	b.n	20003b20 <GPIO_DeInit+0x130>
20003a94:	687b      	ldr	r3, [r7, #4]
20003a96:	4a2a      	ldr	r2, [pc, #168]	@ (20003b40 <GPIO_DeInit+0x150>)
20003a98:	4293      	cmp	r3, r2
20003a9a:	d108      	bne.n	20003aae <GPIO_DeInit+0xbe>
20003a9c:	2101      	movs	r1, #1
20003a9e:	2040      	movs	r0, #64	@ 0x40
20003aa0:	f000 fe5e 	bl	20004760 <RCC_AHB1PeriphResetCmd>
20003aa4:	2100      	movs	r1, #0
20003aa6:	2040      	movs	r0, #64	@ 0x40
20003aa8:	f000 fe5a 	bl	20004760 <RCC_AHB1PeriphResetCmd>
20003aac:	e038      	b.n	20003b20 <GPIO_DeInit+0x130>
20003aae:	687b      	ldr	r3, [r7, #4]
20003ab0:	4a24      	ldr	r2, [pc, #144]	@ (20003b44 <GPIO_DeInit+0x154>)
20003ab2:	4293      	cmp	r3, r2
20003ab4:	d108      	bne.n	20003ac8 <GPIO_DeInit+0xd8>
20003ab6:	2101      	movs	r1, #1
20003ab8:	2080      	movs	r0, #128	@ 0x80
20003aba:	f000 fe51 	bl	20004760 <RCC_AHB1PeriphResetCmd>
20003abe:	2100      	movs	r1, #0
20003ac0:	2080      	movs	r0, #128	@ 0x80
20003ac2:	f000 fe4d 	bl	20004760 <RCC_AHB1PeriphResetCmd>
20003ac6:	e02b      	b.n	20003b20 <GPIO_DeInit+0x130>
20003ac8:	687b      	ldr	r3, [r7, #4]
20003aca:	4a1f      	ldr	r2, [pc, #124]	@ (20003b48 <GPIO_DeInit+0x158>)
20003acc:	4293      	cmp	r3, r2
20003ace:	d10a      	bne.n	20003ae6 <GPIO_DeInit+0xf6>
20003ad0:	2101      	movs	r1, #1
20003ad2:	f44f 7080 	mov.w	r0, #256	@ 0x100
20003ad6:	f000 fe43 	bl	20004760 <RCC_AHB1PeriphResetCmd>
20003ada:	2100      	movs	r1, #0
20003adc:	f44f 7080 	mov.w	r0, #256	@ 0x100
20003ae0:	f000 fe3e 	bl	20004760 <RCC_AHB1PeriphResetCmd>
20003ae4:	e01c      	b.n	20003b20 <GPIO_DeInit+0x130>
20003ae6:	687b      	ldr	r3, [r7, #4]
20003ae8:	4a18      	ldr	r2, [pc, #96]	@ (20003b4c <GPIO_DeInit+0x15c>)
20003aea:	4293      	cmp	r3, r2
20003aec:	d10a      	bne.n	20003b04 <GPIO_DeInit+0x114>
20003aee:	2101      	movs	r1, #1
20003af0:	f44f 7000 	mov.w	r0, #512	@ 0x200
20003af4:	f000 fe34 	bl	20004760 <RCC_AHB1PeriphResetCmd>
20003af8:	2100      	movs	r1, #0
20003afa:	f44f 7000 	mov.w	r0, #512	@ 0x200
20003afe:	f000 fe2f 	bl	20004760 <RCC_AHB1PeriphResetCmd>
20003b02:	e00d      	b.n	20003b20 <GPIO_DeInit+0x130>
20003b04:	687b      	ldr	r3, [r7, #4]
20003b06:	4a12      	ldr	r2, [pc, #72]	@ (20003b50 <GPIO_DeInit+0x160>)
20003b08:	4293      	cmp	r3, r2
20003b0a:	d109      	bne.n	20003b20 <GPIO_DeInit+0x130>
20003b0c:	2101      	movs	r1, #1
20003b0e:	f44f 6080 	mov.w	r0, #1024	@ 0x400
20003b12:	f000 fe25 	bl	20004760 <RCC_AHB1PeriphResetCmd>
20003b16:	2100      	movs	r1, #0
20003b18:	f44f 6080 	mov.w	r0, #1024	@ 0x400
20003b1c:	f000 fe20 	bl	20004760 <RCC_AHB1PeriphResetCmd>
20003b20:	bf00      	nop
20003b22:	3708      	adds	r7, #8
20003b24:	46bd      	mov	sp, r7
20003b26:	bd80      	pop	{r7, pc}
20003b28:	40020000 	.word	0x40020000
20003b2c:	40020400 	.word	0x40020400
20003b30:	40020800 	.word	0x40020800
20003b34:	40020c00 	.word	0x40020c00
20003b38:	40021000 	.word	0x40021000
20003b3c:	40021400 	.word	0x40021400
20003b40:	40021800 	.word	0x40021800
20003b44:	40021c00 	.word	0x40021c00
20003b48:	40022000 	.word	0x40022000
20003b4c:	40022400 	.word	0x40022400
20003b50:	40022800 	.word	0x40022800

20003b54 <GPIO_Init>:
20003b54:	b480      	push	{r7}
20003b56:	b087      	sub	sp, #28
20003b58:	af00      	add	r7, sp, #0
20003b5a:	6078      	str	r0, [r7, #4]
20003b5c:	6039      	str	r1, [r7, #0]
20003b5e:	2300      	movs	r3, #0
20003b60:	617b      	str	r3, [r7, #20]
20003b62:	2300      	movs	r3, #0
20003b64:	613b      	str	r3, [r7, #16]
20003b66:	2300      	movs	r3, #0
20003b68:	60fb      	str	r3, [r7, #12]
20003b6a:	2300      	movs	r3, #0
20003b6c:	617b      	str	r3, [r7, #20]
20003b6e:	e076      	b.n	20003c5e <GPIO_Init+0x10a>
20003b70:	2201      	movs	r2, #1
20003b72:	697b      	ldr	r3, [r7, #20]
20003b74:	fa02 f303 	lsl.w	r3, r2, r3
20003b78:	613b      	str	r3, [r7, #16]
20003b7a:	683b      	ldr	r3, [r7, #0]
20003b7c:	681b      	ldr	r3, [r3, #0]
20003b7e:	693a      	ldr	r2, [r7, #16]
20003b80:	4013      	ands	r3, r2
20003b82:	60fb      	str	r3, [r7, #12]
20003b84:	68fa      	ldr	r2, [r7, #12]
20003b86:	693b      	ldr	r3, [r7, #16]
20003b88:	429a      	cmp	r2, r3
20003b8a:	d165      	bne.n	20003c58 <GPIO_Init+0x104>
20003b8c:	687b      	ldr	r3, [r7, #4]
20003b8e:	681a      	ldr	r2, [r3, #0]
20003b90:	697b      	ldr	r3, [r7, #20]
20003b92:	005b      	lsls	r3, r3, #1
20003b94:	2103      	movs	r1, #3
20003b96:	fa01 f303 	lsl.w	r3, r1, r3
20003b9a:	43db      	mvns	r3, r3
20003b9c:	401a      	ands	r2, r3
20003b9e:	687b      	ldr	r3, [r7, #4]
20003ba0:	601a      	str	r2, [r3, #0]
20003ba2:	687b      	ldr	r3, [r7, #4]
20003ba4:	681a      	ldr	r2, [r3, #0]
20003ba6:	683b      	ldr	r3, [r7, #0]
20003ba8:	791b      	ldrb	r3, [r3, #4]
20003baa:	4619      	mov	r1, r3
20003bac:	697b      	ldr	r3, [r7, #20]
20003bae:	005b      	lsls	r3, r3, #1
20003bb0:	fa01 f303 	lsl.w	r3, r1, r3
20003bb4:	431a      	orrs	r2, r3
20003bb6:	687b      	ldr	r3, [r7, #4]
20003bb8:	601a      	str	r2, [r3, #0]
20003bba:	683b      	ldr	r3, [r7, #0]
20003bbc:	791b      	ldrb	r3, [r3, #4]
20003bbe:	2b01      	cmp	r3, #1
20003bc0:	d003      	beq.n	20003bca <GPIO_Init+0x76>
20003bc2:	683b      	ldr	r3, [r7, #0]
20003bc4:	791b      	ldrb	r3, [r3, #4]
20003bc6:	2b02      	cmp	r3, #2
20003bc8:	d12e      	bne.n	20003c28 <GPIO_Init+0xd4>
20003bca:	687b      	ldr	r3, [r7, #4]
20003bcc:	689a      	ldr	r2, [r3, #8]
20003bce:	697b      	ldr	r3, [r7, #20]
20003bd0:	005b      	lsls	r3, r3, #1
20003bd2:	2103      	movs	r1, #3
20003bd4:	fa01 f303 	lsl.w	r3, r1, r3
20003bd8:	43db      	mvns	r3, r3
20003bda:	401a      	ands	r2, r3
20003bdc:	687b      	ldr	r3, [r7, #4]
20003bde:	609a      	str	r2, [r3, #8]
20003be0:	687b      	ldr	r3, [r7, #4]
20003be2:	689a      	ldr	r2, [r3, #8]
20003be4:	683b      	ldr	r3, [r7, #0]
20003be6:	795b      	ldrb	r3, [r3, #5]
20003be8:	4619      	mov	r1, r3
20003bea:	697b      	ldr	r3, [r7, #20]
20003bec:	005b      	lsls	r3, r3, #1
20003bee:	fa01 f303 	lsl.w	r3, r1, r3
20003bf2:	431a      	orrs	r2, r3
20003bf4:	687b      	ldr	r3, [r7, #4]
20003bf6:	609a      	str	r2, [r3, #8]
20003bf8:	687b      	ldr	r3, [r7, #4]
20003bfa:	685a      	ldr	r2, [r3, #4]
20003bfc:	697b      	ldr	r3, [r7, #20]
20003bfe:	b29b      	uxth	r3, r3
20003c00:	4619      	mov	r1, r3
20003c02:	2301      	movs	r3, #1
20003c04:	408b      	lsls	r3, r1
20003c06:	43db      	mvns	r3, r3
20003c08:	401a      	ands	r2, r3
20003c0a:	687b      	ldr	r3, [r7, #4]
20003c0c:	605a      	str	r2, [r3, #4]
20003c0e:	687b      	ldr	r3, [r7, #4]
20003c10:	685b      	ldr	r3, [r3, #4]
20003c12:	683a      	ldr	r2, [r7, #0]
20003c14:	7992      	ldrb	r2, [r2, #6]
20003c16:	4611      	mov	r1, r2
20003c18:	697a      	ldr	r2, [r7, #20]
20003c1a:	b292      	uxth	r2, r2
20003c1c:	fa01 f202 	lsl.w	r2, r1, r2
20003c20:	b292      	uxth	r2, r2
20003c22:	431a      	orrs	r2, r3
20003c24:	687b      	ldr	r3, [r7, #4]
20003c26:	605a      	str	r2, [r3, #4]
20003c28:	687b      	ldr	r3, [r7, #4]
20003c2a:	68da      	ldr	r2, [r3, #12]
20003c2c:	697b      	ldr	r3, [r7, #20]
20003c2e:	b29b      	uxth	r3, r3
20003c30:	005b      	lsls	r3, r3, #1
20003c32:	2103      	movs	r1, #3
20003c34:	fa01 f303 	lsl.w	r3, r1, r3
20003c38:	43db      	mvns	r3, r3
20003c3a:	401a      	ands	r2, r3
20003c3c:	687b      	ldr	r3, [r7, #4]
20003c3e:	60da      	str	r2, [r3, #12]
20003c40:	687b      	ldr	r3, [r7, #4]
20003c42:	68da      	ldr	r2, [r3, #12]
20003c44:	683b      	ldr	r3, [r7, #0]
20003c46:	79db      	ldrb	r3, [r3, #7]
20003c48:	4619      	mov	r1, r3
20003c4a:	697b      	ldr	r3, [r7, #20]
20003c4c:	005b      	lsls	r3, r3, #1
20003c4e:	fa01 f303 	lsl.w	r3, r1, r3
20003c52:	431a      	orrs	r2, r3
20003c54:	687b      	ldr	r3, [r7, #4]
20003c56:	60da      	str	r2, [r3, #12]
20003c58:	697b      	ldr	r3, [r7, #20]
20003c5a:	3301      	adds	r3, #1
20003c5c:	617b      	str	r3, [r7, #20]
20003c5e:	697b      	ldr	r3, [r7, #20]
20003c60:	2b0f      	cmp	r3, #15
20003c62:	d985      	bls.n	20003b70 <GPIO_Init+0x1c>
20003c64:	bf00      	nop
20003c66:	bf00      	nop
20003c68:	371c      	adds	r7, #28
20003c6a:	46bd      	mov	sp, r7
20003c6c:	bc80      	pop	{r7}
20003c6e:	4770      	bx	lr

20003c70 <GPIO_StructInit>:
20003c70:	b480      	push	{r7}
20003c72:	b083      	sub	sp, #12
20003c74:	af00      	add	r7, sp, #0
20003c76:	6078      	str	r0, [r7, #4]
20003c78:	687b      	ldr	r3, [r7, #4]
20003c7a:	f64f 72ff 	movw	r2, #65535	@ 0xffff
20003c7e:	601a      	str	r2, [r3, #0]
20003c80:	687b      	ldr	r3, [r7, #4]
20003c82:	2200      	movs	r2, #0
20003c84:	711a      	strb	r2, [r3, #4]
20003c86:	687b      	ldr	r3, [r7, #4]
20003c88:	2200      	movs	r2, #0
20003c8a:	715a      	strb	r2, [r3, #5]
20003c8c:	687b      	ldr	r3, [r7, #4]
20003c8e:	2200      	movs	r2, #0
20003c90:	719a      	strb	r2, [r3, #6]
20003c92:	687b      	ldr	r3, [r7, #4]
20003c94:	2200      	movs	r2, #0
20003c96:	71da      	strb	r2, [r3, #7]
20003c98:	bf00      	nop
20003c9a:	370c      	adds	r7, #12
20003c9c:	46bd      	mov	sp, r7
20003c9e:	bc80      	pop	{r7}
20003ca0:	4770      	bx	lr

20003ca2 <GPIO_PinLockConfig>:
20003ca2:	b480      	push	{r7}
20003ca4:	b085      	sub	sp, #20
20003ca6:	af00      	add	r7, sp, #0
20003ca8:	6078      	str	r0, [r7, #4]
20003caa:	460b      	mov	r3, r1
20003cac:	807b      	strh	r3, [r7, #2]
20003cae:	f44f 3380 	mov.w	r3, #65536	@ 0x10000
20003cb2:	60fb      	str	r3, [r7, #12]
20003cb4:	887a      	ldrh	r2, [r7, #2]
20003cb6:	68fb      	ldr	r3, [r7, #12]
20003cb8:	4313      	orrs	r3, r2
20003cba:	60fb      	str	r3, [r7, #12]
20003cbc:	68fa      	ldr	r2, [r7, #12]
20003cbe:	687b      	ldr	r3, [r7, #4]
20003cc0:	61da      	str	r2, [r3, #28]
20003cc2:	887a      	ldrh	r2, [r7, #2]
20003cc4:	687b      	ldr	r3, [r7, #4]
20003cc6:	61da      	str	r2, [r3, #28]
20003cc8:	68fa      	ldr	r2, [r7, #12]
20003cca:	687b      	ldr	r3, [r7, #4]
20003ccc:	61da      	str	r2, [r3, #28]
20003cce:	687b      	ldr	r3, [r7, #4]
20003cd0:	69db      	ldr	r3, [r3, #28]
20003cd2:	60fb      	str	r3, [r7, #12]
20003cd4:	687b      	ldr	r3, [r7, #4]
20003cd6:	69db      	ldr	r3, [r3, #28]
20003cd8:	60fb      	str	r3, [r7, #12]
20003cda:	bf00      	nop
20003cdc:	3714      	adds	r7, #20
20003cde:	46bd      	mov	sp, r7
20003ce0:	bc80      	pop	{r7}
20003ce2:	4770      	bx	lr

20003ce4 <GPIO_ReadInputDataBit>:
20003ce4:	b480      	push	{r7}
20003ce6:	b085      	sub	sp, #20
20003ce8:	af00      	add	r7, sp, #0
20003cea:	6078      	str	r0, [r7, #4]
20003cec:	460b      	mov	r3, r1
20003cee:	807b      	strh	r3, [r7, #2]
20003cf0:	2300      	movs	r3, #0
20003cf2:	73fb      	strb	r3, [r7, #15]
20003cf4:	687b      	ldr	r3, [r7, #4]
20003cf6:	691a      	ldr	r2, [r3, #16]
20003cf8:	887b      	ldrh	r3, [r7, #2]
20003cfa:	4013      	ands	r3, r2
20003cfc:	2b00      	cmp	r3, #0
20003cfe:	d002      	beq.n	20003d06 <GPIO_ReadInputDataBit+0x22>
20003d00:	2301      	movs	r3, #1
20003d02:	73fb      	strb	r3, [r7, #15]
20003d04:	e001      	b.n	20003d0a <GPIO_ReadInputDataBit+0x26>
20003d06:	2300      	movs	r3, #0
20003d08:	73fb      	strb	r3, [r7, #15]
20003d0a:	7bfb      	ldrb	r3, [r7, #15]
20003d0c:	4618      	mov	r0, r3
20003d0e:	3714      	adds	r7, #20
20003d10:	46bd      	mov	sp, r7
20003d12:	bc80      	pop	{r7}
20003d14:	4770      	bx	lr

20003d16 <GPIO_ReadInputData>:
20003d16:	b480      	push	{r7}
20003d18:	b083      	sub	sp, #12
20003d1a:	af00      	add	r7, sp, #0
20003d1c:	6078      	str	r0, [r7, #4]
20003d1e:	687b      	ldr	r3, [r7, #4]
20003d20:	691b      	ldr	r3, [r3, #16]
20003d22:	b29b      	uxth	r3, r3
20003d24:	4618      	mov	r0, r3
20003d26:	370c      	adds	r7, #12
20003d28:	46bd      	mov	sp, r7
20003d2a:	bc80      	pop	{r7}
20003d2c:	4770      	bx	lr

20003d2e <GPIO_ReadOutputDataBit>:
20003d2e:	b480      	push	{r7}
20003d30:	b085      	sub	sp, #20
20003d32:	af00      	add	r7, sp, #0
20003d34:	6078      	str	r0, [r7, #4]
20003d36:	460b      	mov	r3, r1
20003d38:	807b      	strh	r3, [r7, #2]
20003d3a:	2300      	movs	r3, #0
20003d3c:	73fb      	strb	r3, [r7, #15]
20003d3e:	687b      	ldr	r3, [r7, #4]
20003d40:	695a      	ldr	r2, [r3, #20]
20003d42:	887b      	ldrh	r3, [r7, #2]
20003d44:	4013      	ands	r3, r2
20003d46:	2b00      	cmp	r3, #0
20003d48:	d002      	beq.n	20003d50 <GPIO_ReadOutputDataBit+0x22>
20003d4a:	2301      	movs	r3, #1
20003d4c:	73fb      	strb	r3, [r7, #15]
20003d4e:	e001      	b.n	20003d54 <GPIO_ReadOutputDataBit+0x26>
20003d50:	2300      	movs	r3, #0
20003d52:	73fb      	strb	r3, [r7, #15]
20003d54:	7bfb      	ldrb	r3, [r7, #15]
20003d56:	4618      	mov	r0, r3
20003d58:	3714      	adds	r7, #20
20003d5a:	46bd      	mov	sp, r7
20003d5c:	bc80      	pop	{r7}
20003d5e:	4770      	bx	lr

20003d60 <GPIO_ReadOutputData>:
20003d60:	b480      	push	{r7}
20003d62:	b083      	sub	sp, #12
20003d64:	af00      	add	r7, sp, #0
20003d66:	6078      	str	r0, [r7, #4]
20003d68:	687b      	ldr	r3, [r7, #4]
20003d6a:	695b      	ldr	r3, [r3, #20]
20003d6c:	b29b      	uxth	r3, r3
20003d6e:	4618      	mov	r0, r3
20003d70:	370c      	adds	r7, #12
20003d72:	46bd      	mov	sp, r7
20003d74:	bc80      	pop	{r7}
20003d76:	4770      	bx	lr

20003d78 <GPIO_SetBits>:
20003d78:	b480      	push	{r7}
20003d7a:	b083      	sub	sp, #12
20003d7c:	af00      	add	r7, sp, #0
20003d7e:	6078      	str	r0, [r7, #4]
20003d80:	460b      	mov	r3, r1
20003d82:	807b      	strh	r3, [r7, #2]
20003d84:	687b      	ldr	r3, [r7, #4]
20003d86:	887a      	ldrh	r2, [r7, #2]
20003d88:	831a      	strh	r2, [r3, #24]
20003d8a:	bf00      	nop
20003d8c:	370c      	adds	r7, #12
20003d8e:	46bd      	mov	sp, r7
20003d90:	bc80      	pop	{r7}
20003d92:	4770      	bx	lr

20003d94 <GPIO_ResetBits>:
20003d94:	b480      	push	{r7}
20003d96:	b083      	sub	sp, #12
20003d98:	af00      	add	r7, sp, #0
20003d9a:	6078      	str	r0, [r7, #4]
20003d9c:	460b      	mov	r3, r1
20003d9e:	807b      	strh	r3, [r7, #2]
20003da0:	687b      	ldr	r3, [r7, #4]
20003da2:	887a      	ldrh	r2, [r7, #2]
20003da4:	835a      	strh	r2, [r3, #26]
20003da6:	bf00      	nop
20003da8:	370c      	adds	r7, #12
20003daa:	46bd      	mov	sp, r7
20003dac:	bc80      	pop	{r7}
20003dae:	4770      	bx	lr

20003db0 <GPIO_WriteBit>:
20003db0:	b480      	push	{r7}
20003db2:	b083      	sub	sp, #12
20003db4:	af00      	add	r7, sp, #0
20003db6:	6078      	str	r0, [r7, #4]
20003db8:	460b      	mov	r3, r1
20003dba:	807b      	strh	r3, [r7, #2]
20003dbc:	4613      	mov	r3, r2
20003dbe:	707b      	strb	r3, [r7, #1]
20003dc0:	787b      	ldrb	r3, [r7, #1]
20003dc2:	2b00      	cmp	r3, #0
20003dc4:	d003      	beq.n	20003dce <GPIO_WriteBit+0x1e>
20003dc6:	687b      	ldr	r3, [r7, #4]
20003dc8:	887a      	ldrh	r2, [r7, #2]
20003dca:	831a      	strh	r2, [r3, #24]
20003dcc:	e002      	b.n	20003dd4 <GPIO_WriteBit+0x24>
20003dce:	687b      	ldr	r3, [r7, #4]
20003dd0:	887a      	ldrh	r2, [r7, #2]
20003dd2:	835a      	strh	r2, [r3, #26]
20003dd4:	bf00      	nop
20003dd6:	370c      	adds	r7, #12
20003dd8:	46bd      	mov	sp, r7
20003dda:	bc80      	pop	{r7}
20003ddc:	4770      	bx	lr

20003dde <GPIO_Write>:
20003dde:	b480      	push	{r7}
20003de0:	b083      	sub	sp, #12
20003de2:	af00      	add	r7, sp, #0
20003de4:	6078      	str	r0, [r7, #4]
20003de6:	460b      	mov	r3, r1
20003de8:	807b      	strh	r3, [r7, #2]
20003dea:	887a      	ldrh	r2, [r7, #2]
20003dec:	687b      	ldr	r3, [r7, #4]
20003dee:	615a      	str	r2, [r3, #20]
20003df0:	bf00      	nop
20003df2:	370c      	adds	r7, #12
20003df4:	46bd      	mov	sp, r7
20003df6:	bc80      	pop	{r7}
20003df8:	4770      	bx	lr

20003dfa <GPIO_ToggleBits>:
20003dfa:	b480      	push	{r7}
20003dfc:	b083      	sub	sp, #12
20003dfe:	af00      	add	r7, sp, #0
20003e00:	6078      	str	r0, [r7, #4]
20003e02:	460b      	mov	r3, r1
20003e04:	807b      	strh	r3, [r7, #2]
20003e06:	687b      	ldr	r3, [r7, #4]
20003e08:	695a      	ldr	r2, [r3, #20]
20003e0a:	887b      	ldrh	r3, [r7, #2]
20003e0c:	405a      	eors	r2, r3
20003e0e:	687b      	ldr	r3, [r7, #4]
20003e10:	615a      	str	r2, [r3, #20]
20003e12:	bf00      	nop
20003e14:	370c      	adds	r7, #12
20003e16:	46bd      	mov	sp, r7
20003e18:	bc80      	pop	{r7}
20003e1a:	4770      	bx	lr

20003e1c <GPIO_PinAFConfig>:
20003e1c:	b480      	push	{r7}
20003e1e:	b085      	sub	sp, #20
20003e20:	af00      	add	r7, sp, #0
20003e22:	6078      	str	r0, [r7, #4]
20003e24:	460b      	mov	r3, r1
20003e26:	807b      	strh	r3, [r7, #2]
20003e28:	4613      	mov	r3, r2
20003e2a:	707b      	strb	r3, [r7, #1]
20003e2c:	2300      	movs	r3, #0
20003e2e:	60fb      	str	r3, [r7, #12]
20003e30:	2300      	movs	r3, #0
20003e32:	60bb      	str	r3, [r7, #8]
20003e34:	787a      	ldrb	r2, [r7, #1]
20003e36:	887b      	ldrh	r3, [r7, #2]
20003e38:	f003 0307 	and.w	r3, r3, #7
20003e3c:	009b      	lsls	r3, r3, #2
20003e3e:	fa02 f303 	lsl.w	r3, r2, r3
20003e42:	60fb      	str	r3, [r7, #12]
20003e44:	887b      	ldrh	r3, [r7, #2]
20003e46:	08db      	lsrs	r3, r3, #3
20003e48:	b29b      	uxth	r3, r3
20003e4a:	461a      	mov	r2, r3
20003e4c:	687b      	ldr	r3, [r7, #4]
20003e4e:	3208      	adds	r2, #8
20003e50:	f853 2022 	ldr.w	r2, [r3, r2, lsl #2]
20003e54:	887b      	ldrh	r3, [r7, #2]
20003e56:	f003 0307 	and.w	r3, r3, #7
20003e5a:	009b      	lsls	r3, r3, #2
20003e5c:	210f      	movs	r1, #15
20003e5e:	fa01 f303 	lsl.w	r3, r1, r3
20003e62:	43db      	mvns	r3, r3
20003e64:	8879      	ldrh	r1, [r7, #2]
20003e66:	08c9      	lsrs	r1, r1, #3
20003e68:	b289      	uxth	r1, r1
20003e6a:	4608      	mov	r0, r1
20003e6c:	ea02 0103 	and.w	r1, r2, r3
20003e70:	687b      	ldr	r3, [r7, #4]
20003e72:	f100 0208 	add.w	r2, r0, #8
20003e76:	f843 1022 	str.w	r1, [r3, r2, lsl #2]
20003e7a:	887b      	ldrh	r3, [r7, #2]
20003e7c:	08db      	lsrs	r3, r3, #3
20003e7e:	b29b      	uxth	r3, r3
20003e80:	461a      	mov	r2, r3
20003e82:	687b      	ldr	r3, [r7, #4]
20003e84:	3208      	adds	r2, #8
20003e86:	f853 3022 	ldr.w	r3, [r3, r2, lsl #2]
20003e8a:	68fa      	ldr	r2, [r7, #12]
20003e8c:	4313      	orrs	r3, r2
20003e8e:	60bb      	str	r3, [r7, #8]
20003e90:	887b      	ldrh	r3, [r7, #2]
20003e92:	08db      	lsrs	r3, r3, #3
20003e94:	b29b      	uxth	r3, r3
20003e96:	461a      	mov	r2, r3
20003e98:	687b      	ldr	r3, [r7, #4]
20003e9a:	3208      	adds	r2, #8
20003e9c:	68b9      	ldr	r1, [r7, #8]
20003e9e:	f843 1022 	str.w	r1, [r3, r2, lsl #2]
20003ea2:	bf00      	nop
20003ea4:	3714      	adds	r7, #20
20003ea6:	46bd      	mov	sp, r7
20003ea8:	bc80      	pop	{r7}
20003eaa:	4770      	bx	lr

20003eac <RCC_DeInit>:
20003eac:	b480      	push	{r7}
20003eae:	af00      	add	r7, sp, #0
20003eb0:	4b16      	ldr	r3, [pc, #88]	@ (20003f0c <RCC_DeInit+0x60>)
20003eb2:	681b      	ldr	r3, [r3, #0]
20003eb4:	4a15      	ldr	r2, [pc, #84]	@ (20003f0c <RCC_DeInit+0x60>)
20003eb6:	f043 0301 	orr.w	r3, r3, #1
20003eba:	6013      	str	r3, [r2, #0]
20003ebc:	4b13      	ldr	r3, [pc, #76]	@ (20003f0c <RCC_DeInit+0x60>)
20003ebe:	2200      	movs	r2, #0
20003ec0:	609a      	str	r2, [r3, #8]
20003ec2:	4b12      	ldr	r3, [pc, #72]	@ (20003f0c <RCC_DeInit+0x60>)
20003ec4:	681b      	ldr	r3, [r3, #0]
20003ec6:	4a11      	ldr	r2, [pc, #68]	@ (20003f0c <RCC_DeInit+0x60>)
20003ec8:	f023 53a8 	bic.w	r3, r3, #352321536	@ 0x15000000
20003ecc:	f423 2310 	bic.w	r3, r3, #589824	@ 0x90000
20003ed0:	6013      	str	r3, [r2, #0]
20003ed2:	4b0e      	ldr	r3, [pc, #56]	@ (20003f0c <RCC_DeInit+0x60>)
20003ed4:	4a0e      	ldr	r2, [pc, #56]	@ (20003f10 <RCC_DeInit+0x64>)
20003ed6:	605a      	str	r2, [r3, #4]
20003ed8:	4b0c      	ldr	r3, [pc, #48]	@ (20003f0c <RCC_DeInit+0x60>)
20003eda:	4a0e      	ldr	r2, [pc, #56]	@ (20003f14 <RCC_DeInit+0x68>)
20003edc:	f8c3 2084 	str.w	r2, [r3, #132]	@ 0x84
20003ee0:	4b0a      	ldr	r3, [pc, #40]	@ (20003f0c <RCC_DeInit+0x60>)
20003ee2:	4a0d      	ldr	r2, [pc, #52]	@ (20003f18 <RCC_DeInit+0x6c>)
20003ee4:	f8c3 2088 	str.w	r2, [r3, #136]	@ 0x88
20003ee8:	4b08      	ldr	r3, [pc, #32]	@ (20003f0c <RCC_DeInit+0x60>)
20003eea:	681b      	ldr	r3, [r3, #0]
20003eec:	4a07      	ldr	r2, [pc, #28]	@ (20003f0c <RCC_DeInit+0x60>)
20003eee:	f423 2380 	bic.w	r3, r3, #262144	@ 0x40000
20003ef2:	6013      	str	r3, [r2, #0]
20003ef4:	4b05      	ldr	r3, [pc, #20]	@ (20003f0c <RCC_DeInit+0x60>)
20003ef6:	2200      	movs	r2, #0
20003ef8:	60da      	str	r2, [r3, #12]
20003efa:	4b04      	ldr	r3, [pc, #16]	@ (20003f0c <RCC_DeInit+0x60>)
20003efc:	2200      	movs	r2, #0
20003efe:	f8c3 208c 	str.w	r2, [r3, #140]	@ 0x8c
20003f02:	bf00      	nop
20003f04:	46bd      	mov	sp, r7
20003f06:	bc80      	pop	{r7}
20003f08:	4770      	bx	lr
20003f0a:	bf00      	nop
20003f0c:	40023800 	.word	0x40023800
20003f10:	24003010 	.word	0x24003010
20003f14:	20003000 	.word	0x20003000
20003f18:	24003000 	.word	0x24003000

20003f1c <RCC_HSEConfig>:
20003f1c:	b480      	push	{r7}
20003f1e:	b083      	sub	sp, #12
20003f20:	af00      	add	r7, sp, #0
20003f22:	4603      	mov	r3, r0
20003f24:	71fb      	strb	r3, [r7, #7]
20003f26:	4b05      	ldr	r3, [pc, #20]	@ (20003f3c <RCC_HSEConfig+0x20>)
20003f28:	2200      	movs	r2, #0
20003f2a:	701a      	strb	r2, [r3, #0]
20003f2c:	4a03      	ldr	r2, [pc, #12]	@ (20003f3c <RCC_HSEConfig+0x20>)
20003f2e:	79fb      	ldrb	r3, [r7, #7]
20003f30:	7013      	strb	r3, [r2, #0]
20003f32:	bf00      	nop
20003f34:	370c      	adds	r7, #12
20003f36:	46bd      	mov	sp, r7
20003f38:	bc80      	pop	{r7}
20003f3a:	4770      	bx	lr
20003f3c:	40023802 	.word	0x40023802

20003f40 <RCC_WaitForHSEStartUp>:
20003f40:	b580      	push	{r7, lr}
20003f42:	b082      	sub	sp, #8
20003f44:	af00      	add	r7, sp, #0
20003f46:	2300      	movs	r3, #0
20003f48:	603b      	str	r3, [r7, #0]
20003f4a:	2300      	movs	r3, #0
20003f4c:	71fb      	strb	r3, [r7, #7]
20003f4e:	2300      	movs	r3, #0
20003f50:	71bb      	strb	r3, [r7, #6]
20003f52:	2031      	movs	r0, #49	@ 0x31
20003f54:	f000 fd56 	bl	20004a04 <RCC_GetFlagStatus>
20003f58:	4603      	mov	r3, r0
20003f5a:	71bb      	strb	r3, [r7, #6]
20003f5c:	683b      	ldr	r3, [r7, #0]
20003f5e:	3301      	adds	r3, #1
20003f60:	603b      	str	r3, [r7, #0]
20003f62:	683b      	ldr	r3, [r7, #0]
20003f64:	f5b3 4fa0 	cmp.w	r3, #20480	@ 0x5000
20003f68:	d002      	beq.n	20003f70 <RCC_WaitForHSEStartUp+0x30>
20003f6a:	79bb      	ldrb	r3, [r7, #6]
20003f6c:	2b00      	cmp	r3, #0
20003f6e:	d0f0      	beq.n	20003f52 <RCC_WaitForHSEStartUp+0x12>
20003f70:	2031      	movs	r0, #49	@ 0x31
20003f72:	f000 fd47 	bl	20004a04 <RCC_GetFlagStatus>
20003f76:	4603      	mov	r3, r0
20003f78:	2b00      	cmp	r3, #0
20003f7a:	d002      	beq.n	20003f82 <RCC_WaitForHSEStartUp+0x42>
20003f7c:	2301      	movs	r3, #1
20003f7e:	71fb      	strb	r3, [r7, #7]
20003f80:	e001      	b.n	20003f86 <RCC_WaitForHSEStartUp+0x46>
20003f82:	2300      	movs	r3, #0
20003f84:	71fb      	strb	r3, [r7, #7]
20003f86:	79fb      	ldrb	r3, [r7, #7]
20003f88:	4618      	mov	r0, r3
20003f8a:	3708      	adds	r7, #8
20003f8c:	46bd      	mov	sp, r7
20003f8e:	bd80      	pop	{r7, pc}

20003f90 <RCC_AdjustHSICalibrationValue>:
20003f90:	b480      	push	{r7}
20003f92:	b085      	sub	sp, #20
20003f94:	af00      	add	r7, sp, #0
20003f96:	4603      	mov	r3, r0
20003f98:	71fb      	strb	r3, [r7, #7]
20003f9a:	2300      	movs	r3, #0
20003f9c:	60fb      	str	r3, [r7, #12]
20003f9e:	4b0a      	ldr	r3, [pc, #40]	@ (20003fc8 <RCC_AdjustHSICalibrationValue+0x38>)
20003fa0:	681b      	ldr	r3, [r3, #0]
20003fa2:	60fb      	str	r3, [r7, #12]
20003fa4:	68fb      	ldr	r3, [r7, #12]
20003fa6:	f023 03f8 	bic.w	r3, r3, #248	@ 0xf8
20003faa:	60fb      	str	r3, [r7, #12]
20003fac:	79fb      	ldrb	r3, [r7, #7]
20003fae:	00db      	lsls	r3, r3, #3
20003fb0:	68fa      	ldr	r2, [r7, #12]
20003fb2:	4313      	orrs	r3, r2
20003fb4:	60fb      	str	r3, [r7, #12]
20003fb6:	4a04      	ldr	r2, [pc, #16]	@ (20003fc8 <RCC_AdjustHSICalibrationValue+0x38>)
20003fb8:	68fb      	ldr	r3, [r7, #12]
20003fba:	6013      	str	r3, [r2, #0]
20003fbc:	bf00      	nop
20003fbe:	3714      	adds	r7, #20
20003fc0:	46bd      	mov	sp, r7
20003fc2:	bc80      	pop	{r7}
20003fc4:	4770      	bx	lr
20003fc6:	bf00      	nop
20003fc8:	40023800 	.word	0x40023800

20003fcc <RCC_HSICmd>:
20003fcc:	b480      	push	{r7}
20003fce:	b083      	sub	sp, #12
20003fd0:	af00      	add	r7, sp, #0
20003fd2:	4603      	mov	r3, r0
20003fd4:	71fb      	strb	r3, [r7, #7]
20003fd6:	4a04      	ldr	r2, [pc, #16]	@ (20003fe8 <RCC_HSICmd+0x1c>)
20003fd8:	79fb      	ldrb	r3, [r7, #7]
20003fda:	6013      	str	r3, [r2, #0]
20003fdc:	bf00      	nop
20003fde:	370c      	adds	r7, #12
20003fe0:	46bd      	mov	sp, r7
20003fe2:	bc80      	pop	{r7}
20003fe4:	4770      	bx	lr
20003fe6:	bf00      	nop
20003fe8:	42470000 	.word	0x42470000

20003fec <RCC_LSEConfig>:
20003fec:	b480      	push	{r7}
20003fee:	b083      	sub	sp, #12
20003ff0:	af00      	add	r7, sp, #0
20003ff2:	4603      	mov	r3, r0
20003ff4:	71fb      	strb	r3, [r7, #7]
20003ff6:	4b0c      	ldr	r3, [pc, #48]	@ (20004028 <RCC_LSEConfig+0x3c>)
20003ff8:	2200      	movs	r2, #0
20003ffa:	701a      	strb	r2, [r3, #0]
20003ffc:	4b0a      	ldr	r3, [pc, #40]	@ (20004028 <RCC_LSEConfig+0x3c>)
20003ffe:	2200      	movs	r2, #0
20004000:	701a      	strb	r2, [r3, #0]
20004002:	79fb      	ldrb	r3, [r7, #7]
20004004:	2b01      	cmp	r3, #1
20004006:	d002      	beq.n	2000400e <RCC_LSEConfig+0x22>
20004008:	2b04      	cmp	r3, #4
2000400a:	d004      	beq.n	20004016 <RCC_LSEConfig+0x2a>
2000400c:	e007      	b.n	2000401e <RCC_LSEConfig+0x32>
2000400e:	4b06      	ldr	r3, [pc, #24]	@ (20004028 <RCC_LSEConfig+0x3c>)
20004010:	2201      	movs	r2, #1
20004012:	701a      	strb	r2, [r3, #0]
20004014:	e003      	b.n	2000401e <RCC_LSEConfig+0x32>
20004016:	4b04      	ldr	r3, [pc, #16]	@ (20004028 <RCC_LSEConfig+0x3c>)
20004018:	2205      	movs	r2, #5
2000401a:	701a      	strb	r2, [r3, #0]
2000401c:	bf00      	nop
2000401e:	bf00      	nop
20004020:	370c      	adds	r7, #12
20004022:	46bd      	mov	sp, r7
20004024:	bc80      	pop	{r7}
20004026:	4770      	bx	lr
20004028:	40023870 	.word	0x40023870

2000402c <RCC_LSICmd>:
2000402c:	b480      	push	{r7}
2000402e:	b083      	sub	sp, #12
20004030:	af00      	add	r7, sp, #0
20004032:	4603      	mov	r3, r0
20004034:	71fb      	strb	r3, [r7, #7]
20004036:	4a04      	ldr	r2, [pc, #16]	@ (20004048 <RCC_LSICmd+0x1c>)
20004038:	79fb      	ldrb	r3, [r7, #7]
2000403a:	6013      	str	r3, [r2, #0]
2000403c:	bf00      	nop
2000403e:	370c      	adds	r7, #12
20004040:	46bd      	mov	sp, r7
20004042:	bc80      	pop	{r7}
20004044:	4770      	bx	lr
20004046:	bf00      	nop
20004048:	42470e80 	.word	0x42470e80

2000404c <RCC_PLLConfig>:
2000404c:	b480      	push	{r7}
2000404e:	b085      	sub	sp, #20
20004050:	af00      	add	r7, sp, #0
20004052:	60f8      	str	r0, [r7, #12]
20004054:	60b9      	str	r1, [r7, #8]
20004056:	607a      	str	r2, [r7, #4]
20004058:	603b      	str	r3, [r7, #0]
2000405a:	687b      	ldr	r3, [r7, #4]
2000405c:	019a      	lsls	r2, r3, #6
2000405e:	68bb      	ldr	r3, [r7, #8]
20004060:	431a      	orrs	r2, r3
20004062:	683b      	ldr	r3, [r7, #0]
20004064:	085b      	lsrs	r3, r3, #1
20004066:	3b01      	subs	r3, #1
20004068:	041b      	lsls	r3, r3, #16
2000406a:	431a      	orrs	r2, r3
2000406c:	68fb      	ldr	r3, [r7, #12]
2000406e:	431a      	orrs	r2, r3
20004070:	69bb      	ldr	r3, [r7, #24]
20004072:	061b      	lsls	r3, r3, #24
20004074:	4903      	ldr	r1, [pc, #12]	@ (20004084 <RCC_PLLConfig+0x38>)
20004076:	4313      	orrs	r3, r2
20004078:	604b      	str	r3, [r1, #4]
2000407a:	bf00      	nop
2000407c:	3714      	adds	r7, #20
2000407e:	46bd      	mov	sp, r7
20004080:	bc80      	pop	{r7}
20004082:	4770      	bx	lr
20004084:	40023800 	.word	0x40023800

20004088 <RCC_PLLCmd>:
20004088:	b480      	push	{r7}
2000408a:	b083      	sub	sp, #12
2000408c:	af00      	add	r7, sp, #0
2000408e:	4603      	mov	r3, r0
20004090:	71fb      	strb	r3, [r7, #7]
20004092:	4a04      	ldr	r2, [pc, #16]	@ (200040a4 <RCC_PLLCmd+0x1c>)
20004094:	79fb      	ldrb	r3, [r7, #7]
20004096:	6013      	str	r3, [r2, #0]
20004098:	bf00      	nop
2000409a:	370c      	adds	r7, #12
2000409c:	46bd      	mov	sp, r7
2000409e:	bc80      	pop	{r7}
200040a0:	4770      	bx	lr
200040a2:	bf00      	nop
200040a4:	42470060 	.word	0x42470060

200040a8 <RCC_PLLI2SConfig>:
200040a8:	b480      	push	{r7}
200040aa:	b083      	sub	sp, #12
200040ac:	af00      	add	r7, sp, #0
200040ae:	6078      	str	r0, [r7, #4]
200040b0:	6039      	str	r1, [r7, #0]
200040b2:	687b      	ldr	r3, [r7, #4]
200040b4:	019a      	lsls	r2, r3, #6
200040b6:	683b      	ldr	r3, [r7, #0]
200040b8:	071b      	lsls	r3, r3, #28
200040ba:	4904      	ldr	r1, [pc, #16]	@ (200040cc <RCC_PLLI2SConfig+0x24>)
200040bc:	4313      	orrs	r3, r2
200040be:	f8c1 3084 	str.w	r3, [r1, #132]	@ 0x84
200040c2:	bf00      	nop
200040c4:	370c      	adds	r7, #12
200040c6:	46bd      	mov	sp, r7
200040c8:	bc80      	pop	{r7}
200040ca:	4770      	bx	lr
200040cc:	40023800 	.word	0x40023800

200040d0 <RCC_PLLI2SCmd>:
200040d0:	b480      	push	{r7}
200040d2:	b083      	sub	sp, #12
200040d4:	af00      	add	r7, sp, #0
200040d6:	4603      	mov	r3, r0
200040d8:	71fb      	strb	r3, [r7, #7]
200040da:	4a04      	ldr	r2, [pc, #16]	@ (200040ec <RCC_PLLI2SCmd+0x1c>)
200040dc:	79fb      	ldrb	r3, [r7, #7]
200040de:	6013      	str	r3, [r2, #0]
200040e0:	bf00      	nop
200040e2:	370c      	adds	r7, #12
200040e4:	46bd      	mov	sp, r7
200040e6:	bc80      	pop	{r7}
200040e8:	4770      	bx	lr
200040ea:	bf00      	nop
200040ec:	42470068 	.word	0x42470068

200040f0 <RCC_PLLSAIConfig>:
200040f0:	b480      	push	{r7}
200040f2:	b085      	sub	sp, #20
200040f4:	af00      	add	r7, sp, #0
200040f6:	60f8      	str	r0, [r7, #12]
200040f8:	60b9      	str	r1, [r7, #8]
200040fa:	607a      	str	r2, [r7, #4]
200040fc:	68fb      	ldr	r3, [r7, #12]
200040fe:	019a      	lsls	r2, r3, #6
20004100:	68bb      	ldr	r3, [r7, #8]
20004102:	061b      	lsls	r3, r3, #24
20004104:	431a      	orrs	r2, r3
20004106:	687b      	ldr	r3, [r7, #4]
20004108:	071b      	lsls	r3, r3, #28
2000410a:	4904      	ldr	r1, [pc, #16]	@ (2000411c <RCC_PLLSAIConfig+0x2c>)
2000410c:	4313      	orrs	r3, r2
2000410e:	f8c1 3088 	str.w	r3, [r1, #136]	@ 0x88
20004112:	bf00      	nop
20004114:	3714      	adds	r7, #20
20004116:	46bd      	mov	sp, r7
20004118:	bc80      	pop	{r7}
2000411a:	4770      	bx	lr
2000411c:	40023800 	.word	0x40023800

20004120 <RCC_PLLSAICmd>:
20004120:	b480      	push	{r7}
20004122:	b083      	sub	sp, #12
20004124:	af00      	add	r7, sp, #0
20004126:	4603      	mov	r3, r0
20004128:	71fb      	strb	r3, [r7, #7]
2000412a:	4a04      	ldr	r2, [pc, #16]	@ (2000413c <RCC_PLLSAICmd+0x1c>)
2000412c:	79fb      	ldrb	r3, [r7, #7]
2000412e:	6013      	str	r3, [r2, #0]
20004130:	bf00      	nop
20004132:	370c      	adds	r7, #12
20004134:	46bd      	mov	sp, r7
20004136:	bc80      	pop	{r7}
20004138:	4770      	bx	lr
2000413a:	bf00      	nop
2000413c:	42470070 	.word	0x42470070

20004140 <RCC_ClockSecuritySystemCmd>:
20004140:	b480      	push	{r7}
20004142:	b083      	sub	sp, #12
20004144:	af00      	add	r7, sp, #0
20004146:	4603      	mov	r3, r0
20004148:	71fb      	strb	r3, [r7, #7]
2000414a:	4a04      	ldr	r2, [pc, #16]	@ (2000415c <RCC_ClockSecuritySystemCmd+0x1c>)
2000414c:	79fb      	ldrb	r3, [r7, #7]
2000414e:	6013      	str	r3, [r2, #0]
20004150:	bf00      	nop
20004152:	370c      	adds	r7, #12
20004154:	46bd      	mov	sp, r7
20004156:	bc80      	pop	{r7}
20004158:	4770      	bx	lr
2000415a:	bf00      	nop
2000415c:	4247004c 	.word	0x4247004c

20004160 <RCC_MCO1Config>:
20004160:	b480      	push	{r7}
20004162:	b085      	sub	sp, #20
20004164:	af00      	add	r7, sp, #0
20004166:	6078      	str	r0, [r7, #4]
20004168:	6039      	str	r1, [r7, #0]
2000416a:	2300      	movs	r3, #0
2000416c:	60fb      	str	r3, [r7, #12]
2000416e:	4b0a      	ldr	r3, [pc, #40]	@ (20004198 <RCC_MCO1Config+0x38>)
20004170:	689b      	ldr	r3, [r3, #8]
20004172:	60fb      	str	r3, [r7, #12]
20004174:	68fb      	ldr	r3, [r7, #12]
20004176:	f023 63ec 	bic.w	r3, r3, #123731968	@ 0x7600000
2000417a:	60fb      	str	r3, [r7, #12]
2000417c:	687a      	ldr	r2, [r7, #4]
2000417e:	683b      	ldr	r3, [r7, #0]
20004180:	4313      	orrs	r3, r2
20004182:	68fa      	ldr	r2, [r7, #12]
20004184:	4313      	orrs	r3, r2
20004186:	60fb      	str	r3, [r7, #12]
20004188:	4a03      	ldr	r2, [pc, #12]	@ (20004198 <RCC_MCO1Config+0x38>)
2000418a:	68fb      	ldr	r3, [r7, #12]
2000418c:	6093      	str	r3, [r2, #8]
2000418e:	bf00      	nop
20004190:	3714      	adds	r7, #20
20004192:	46bd      	mov	sp, r7
20004194:	bc80      	pop	{r7}
20004196:	4770      	bx	lr
20004198:	40023800 	.word	0x40023800

2000419c <RCC_MCO2Config>:
2000419c:	b480      	push	{r7}
2000419e:	b085      	sub	sp, #20
200041a0:	af00      	add	r7, sp, #0
200041a2:	6078      	str	r0, [r7, #4]
200041a4:	6039      	str	r1, [r7, #0]
200041a6:	2300      	movs	r3, #0
200041a8:	60fb      	str	r3, [r7, #12]
200041aa:	4b0a      	ldr	r3, [pc, #40]	@ (200041d4 <RCC_MCO2Config+0x38>)
200041ac:	689b      	ldr	r3, [r3, #8]
200041ae:	60fb      	str	r3, [r7, #12]
200041b0:	68fb      	ldr	r3, [r7, #12]
200041b2:	f023 4378 	bic.w	r3, r3, #4160749568	@ 0xf8000000
200041b6:	60fb      	str	r3, [r7, #12]
200041b8:	687a      	ldr	r2, [r7, #4]
200041ba:	683b      	ldr	r3, [r7, #0]
200041bc:	4313      	orrs	r3, r2
200041be:	68fa      	ldr	r2, [r7, #12]
200041c0:	4313      	orrs	r3, r2
200041c2:	60fb      	str	r3, [r7, #12]
200041c4:	4a03      	ldr	r2, [pc, #12]	@ (200041d4 <RCC_MCO2Config+0x38>)
200041c6:	68fb      	ldr	r3, [r7, #12]
200041c8:	6093      	str	r3, [r2, #8]
200041ca:	bf00      	nop
200041cc:	3714      	adds	r7, #20
200041ce:	46bd      	mov	sp, r7
200041d0:	bc80      	pop	{r7}
200041d2:	4770      	bx	lr
200041d4:	40023800 	.word	0x40023800

200041d8 <RCC_SYSCLKConfig>:
200041d8:	b480      	push	{r7}
200041da:	b085      	sub	sp, #20
200041dc:	af00      	add	r7, sp, #0
200041de:	6078      	str	r0, [r7, #4]
200041e0:	2300      	movs	r3, #0
200041e2:	60fb      	str	r3, [r7, #12]
200041e4:	4b09      	ldr	r3, [pc, #36]	@ (2000420c <RCC_SYSCLKConfig+0x34>)
200041e6:	689b      	ldr	r3, [r3, #8]
200041e8:	60fb      	str	r3, [r7, #12]
200041ea:	68fb      	ldr	r3, [r7, #12]
200041ec:	f023 0303 	bic.w	r3, r3, #3
200041f0:	60fb      	str	r3, [r7, #12]
200041f2:	68fa      	ldr	r2, [r7, #12]
200041f4:	687b      	ldr	r3, [r7, #4]
200041f6:	4313      	orrs	r3, r2
200041f8:	60fb      	str	r3, [r7, #12]
200041fa:	4a04      	ldr	r2, [pc, #16]	@ (2000420c <RCC_SYSCLKConfig+0x34>)
200041fc:	68fb      	ldr	r3, [r7, #12]
200041fe:	6093      	str	r3, [r2, #8]
20004200:	bf00      	nop
20004202:	3714      	adds	r7, #20
20004204:	46bd      	mov	sp, r7
20004206:	bc80      	pop	{r7}
20004208:	4770      	bx	lr
2000420a:	bf00      	nop
2000420c:	40023800 	.word	0x40023800

20004210 <RCC_GetSYSCLKSource>:
20004210:	b480      	push	{r7}
20004212:	af00      	add	r7, sp, #0
20004214:	4b04      	ldr	r3, [pc, #16]	@ (20004228 <RCC_GetSYSCLKSource+0x18>)
20004216:	689b      	ldr	r3, [r3, #8]
20004218:	b2db      	uxtb	r3, r3
2000421a:	f003 030c 	and.w	r3, r3, #12
2000421e:	b2db      	uxtb	r3, r3
20004220:	4618      	mov	r0, r3
20004222:	46bd      	mov	sp, r7
20004224:	bc80      	pop	{r7}
20004226:	4770      	bx	lr
20004228:	40023800 	.word	0x40023800

2000422c <RCC_HCLKConfig>:
2000422c:	b480      	push	{r7}
2000422e:	b085      	sub	sp, #20
20004230:	af00      	add	r7, sp, #0
20004232:	6078      	str	r0, [r7, #4]
20004234:	2300      	movs	r3, #0
20004236:	60fb      	str	r3, [r7, #12]
20004238:	4b09      	ldr	r3, [pc, #36]	@ (20004260 <RCC_HCLKConfig+0x34>)
2000423a:	689b      	ldr	r3, [r3, #8]
2000423c:	60fb      	str	r3, [r7, #12]
2000423e:	68fb      	ldr	r3, [r7, #12]
20004240:	f023 03f0 	bic.w	r3, r3, #240	@ 0xf0
20004244:	60fb      	str	r3, [r7, #12]
20004246:	68fa      	ldr	r2, [r7, #12]
20004248:	687b      	ldr	r3, [r7, #4]
2000424a:	4313      	orrs	r3, r2
2000424c:	60fb      	str	r3, [r7, #12]
2000424e:	4a04      	ldr	r2, [pc, #16]	@ (20004260 <RCC_HCLKConfig+0x34>)
20004250:	68fb      	ldr	r3, [r7, #12]
20004252:	6093      	str	r3, [r2, #8]
20004254:	bf00      	nop
20004256:	3714      	adds	r7, #20
20004258:	46bd      	mov	sp, r7
2000425a:	bc80      	pop	{r7}
2000425c:	4770      	bx	lr
2000425e:	bf00      	nop
20004260:	40023800 	.word	0x40023800

20004264 <RCC_PCLK1Config>:
20004264:	b480      	push	{r7}
20004266:	b085      	sub	sp, #20
20004268:	af00      	add	r7, sp, #0
2000426a:	6078      	str	r0, [r7, #4]
2000426c:	2300      	movs	r3, #0
2000426e:	60fb      	str	r3, [r7, #12]
20004270:	4b09      	ldr	r3, [pc, #36]	@ (20004298 <RCC_PCLK1Config+0x34>)
20004272:	689b      	ldr	r3, [r3, #8]
20004274:	60fb      	str	r3, [r7, #12]
20004276:	68fb      	ldr	r3, [r7, #12]
20004278:	f423 53e0 	bic.w	r3, r3, #7168	@ 0x1c00
2000427c:	60fb      	str	r3, [r7, #12]
2000427e:	68fa      	ldr	r2, [r7, #12]
20004280:	687b      	ldr	r3, [r7, #4]
20004282:	4313      	orrs	r3, r2
20004284:	60fb      	str	r3, [r7, #12]
20004286:	4a04      	ldr	r2, [pc, #16]	@ (20004298 <RCC_PCLK1Config+0x34>)
20004288:	68fb      	ldr	r3, [r7, #12]
2000428a:	6093      	str	r3, [r2, #8]
2000428c:	bf00      	nop
2000428e:	3714      	adds	r7, #20
20004290:	46bd      	mov	sp, r7
20004292:	bc80      	pop	{r7}
20004294:	4770      	bx	lr
20004296:	bf00      	nop
20004298:	40023800 	.word	0x40023800

2000429c <RCC_PCLK2Config>:
2000429c:	b480      	push	{r7}
2000429e:	b085      	sub	sp, #20
200042a0:	af00      	add	r7, sp, #0
200042a2:	6078      	str	r0, [r7, #4]
200042a4:	2300      	movs	r3, #0
200042a6:	60fb      	str	r3, [r7, #12]
200042a8:	4b09      	ldr	r3, [pc, #36]	@ (200042d0 <RCC_PCLK2Config+0x34>)
200042aa:	689b      	ldr	r3, [r3, #8]
200042ac:	60fb      	str	r3, [r7, #12]
200042ae:	68fb      	ldr	r3, [r7, #12]
200042b0:	f423 4360 	bic.w	r3, r3, #57344	@ 0xe000
200042b4:	60fb      	str	r3, [r7, #12]
200042b6:	687b      	ldr	r3, [r7, #4]
200042b8:	00db      	lsls	r3, r3, #3
200042ba:	68fa      	ldr	r2, [r7, #12]
200042bc:	4313      	orrs	r3, r2
200042be:	60fb      	str	r3, [r7, #12]
200042c0:	4a03      	ldr	r2, [pc, #12]	@ (200042d0 <RCC_PCLK2Config+0x34>)
200042c2:	68fb      	ldr	r3, [r7, #12]
200042c4:	6093      	str	r3, [r2, #8]
200042c6:	bf00      	nop
200042c8:	3714      	adds	r7, #20
200042ca:	46bd      	mov	sp, r7
200042cc:	bc80      	pop	{r7}
200042ce:	4770      	bx	lr
200042d0:	40023800 	.word	0x40023800

200042d4 <RCC_GetClocksFreq>:
200042d4:	b480      	push	{r7}
200042d6:	b089      	sub	sp, #36	@ 0x24
200042d8:	af00      	add	r7, sp, #0
200042da:	6078      	str	r0, [r7, #4]
200042dc:	2300      	movs	r3, #0
200042de:	61bb      	str	r3, [r7, #24]
200042e0:	2300      	movs	r3, #0
200042e2:	617b      	str	r3, [r7, #20]
200042e4:	2300      	movs	r3, #0
200042e6:	61fb      	str	r3, [r7, #28]
200042e8:	2302      	movs	r3, #2
200042ea:	613b      	str	r3, [r7, #16]
200042ec:	2300      	movs	r3, #0
200042ee:	60fb      	str	r3, [r7, #12]
200042f0:	2302      	movs	r3, #2
200042f2:	60bb      	str	r3, [r7, #8]
200042f4:	4b4a      	ldr	r3, [pc, #296]	@ (20004420 <RCC_GetClocksFreq+0x14c>)
200042f6:	689b      	ldr	r3, [r3, #8]
200042f8:	f003 030c 	and.w	r3, r3, #12
200042fc:	61bb      	str	r3, [r7, #24]
200042fe:	69bb      	ldr	r3, [r7, #24]
20004300:	2b08      	cmp	r3, #8
20004302:	d011      	beq.n	20004328 <RCC_GetClocksFreq+0x54>
20004304:	69bb      	ldr	r3, [r7, #24]
20004306:	2b08      	cmp	r3, #8
20004308:	d844      	bhi.n	20004394 <RCC_GetClocksFreq+0xc0>
2000430a:	69bb      	ldr	r3, [r7, #24]
2000430c:	2b00      	cmp	r3, #0
2000430e:	d003      	beq.n	20004318 <RCC_GetClocksFreq+0x44>
20004310:	69bb      	ldr	r3, [r7, #24]
20004312:	2b04      	cmp	r3, #4
20004314:	d004      	beq.n	20004320 <RCC_GetClocksFreq+0x4c>
20004316:	e03d      	b.n	20004394 <RCC_GetClocksFreq+0xc0>
20004318:	687b      	ldr	r3, [r7, #4]
2000431a:	4a42      	ldr	r2, [pc, #264]	@ (20004424 <RCC_GetClocksFreq+0x150>)
2000431c:	601a      	str	r2, [r3, #0]
2000431e:	e03d      	b.n	2000439c <RCC_GetClocksFreq+0xc8>
20004320:	687b      	ldr	r3, [r7, #4]
20004322:	4a41      	ldr	r2, [pc, #260]	@ (20004428 <RCC_GetClocksFreq+0x154>)
20004324:	601a      	str	r2, [r3, #0]
20004326:	e039      	b.n	2000439c <RCC_GetClocksFreq+0xc8>
20004328:	4b3d      	ldr	r3, [pc, #244]	@ (20004420 <RCC_GetClocksFreq+0x14c>)
2000432a:	685b      	ldr	r3, [r3, #4]
2000432c:	0d9b      	lsrs	r3, r3, #22
2000432e:	f003 0301 	and.w	r3, r3, #1
20004332:	60fb      	str	r3, [r7, #12]
20004334:	4b3a      	ldr	r3, [pc, #232]	@ (20004420 <RCC_GetClocksFreq+0x14c>)
20004336:	685b      	ldr	r3, [r3, #4]
20004338:	f003 033f 	and.w	r3, r3, #63	@ 0x3f
2000433c:	60bb      	str	r3, [r7, #8]
2000433e:	68fb      	ldr	r3, [r7, #12]
20004340:	2b00      	cmp	r3, #0
20004342:	d00c      	beq.n	2000435e <RCC_GetClocksFreq+0x8a>
20004344:	4a38      	ldr	r2, [pc, #224]	@ (20004428 <RCC_GetClocksFreq+0x154>)
20004346:	68bb      	ldr	r3, [r7, #8]
20004348:	fbb2 f3f3 	udiv	r3, r2, r3
2000434c:	4a34      	ldr	r2, [pc, #208]	@ (20004420 <RCC_GetClocksFreq+0x14c>)
2000434e:	6852      	ldr	r2, [r2, #4]
20004350:	0992      	lsrs	r2, r2, #6
20004352:	f3c2 0208 	ubfx	r2, r2, #0, #9
20004356:	fb02 f303 	mul.w	r3, r2, r3
2000435a:	61fb      	str	r3, [r7, #28]
2000435c:	e00b      	b.n	20004376 <RCC_GetClocksFreq+0xa2>
2000435e:	4a31      	ldr	r2, [pc, #196]	@ (20004424 <RCC_GetClocksFreq+0x150>)
20004360:	68bb      	ldr	r3, [r7, #8]
20004362:	fbb2 f3f3 	udiv	r3, r2, r3
20004366:	4a2e      	ldr	r2, [pc, #184]	@ (20004420 <RCC_GetClocksFreq+0x14c>)
20004368:	6852      	ldr	r2, [r2, #4]
2000436a:	0992      	lsrs	r2, r2, #6
2000436c:	f3c2 0208 	ubfx	r2, r2, #0, #9
20004370:	fb02 f303 	mul.w	r3, r2, r3
20004374:	61fb      	str	r3, [r7, #28]
20004376:	4b2a      	ldr	r3, [pc, #168]	@ (20004420 <RCC_GetClocksFreq+0x14c>)
20004378:	685b      	ldr	r3, [r3, #4]
2000437a:	0c1b      	lsrs	r3, r3, #16
2000437c:	f003 0303 	and.w	r3, r3, #3
20004380:	3301      	adds	r3, #1
20004382:	005b      	lsls	r3, r3, #1
20004384:	613b      	str	r3, [r7, #16]
20004386:	69fa      	ldr	r2, [r7, #28]
20004388:	693b      	ldr	r3, [r7, #16]
2000438a:	fbb2 f2f3 	udiv	r2, r2, r3
2000438e:	687b      	ldr	r3, [r7, #4]
20004390:	601a      	str	r2, [r3, #0]
20004392:	e003      	b.n	2000439c <RCC_GetClocksFreq+0xc8>
20004394:	687b      	ldr	r3, [r7, #4]
20004396:	4a23      	ldr	r2, [pc, #140]	@ (20004424 <RCC_GetClocksFreq+0x150>)
20004398:	601a      	str	r2, [r3, #0]
2000439a:	bf00      	nop
2000439c:	4b20      	ldr	r3, [pc, #128]	@ (20004420 <RCC_GetClocksFreq+0x14c>)
2000439e:	689b      	ldr	r3, [r3, #8]
200043a0:	f003 03f0 	and.w	r3, r3, #240	@ 0xf0
200043a4:	61bb      	str	r3, [r7, #24]
200043a6:	69bb      	ldr	r3, [r7, #24]
200043a8:	091b      	lsrs	r3, r3, #4
200043aa:	61bb      	str	r3, [r7, #24]
200043ac:	4a1f      	ldr	r2, [pc, #124]	@ (2000442c <RCC_GetClocksFreq+0x158>)
200043ae:	69bb      	ldr	r3, [r7, #24]
200043b0:	4413      	add	r3, r2
200043b2:	781b      	ldrb	r3, [r3, #0]
200043b4:	b2db      	uxtb	r3, r3
200043b6:	617b      	str	r3, [r7, #20]
200043b8:	687b      	ldr	r3, [r7, #4]
200043ba:	681a      	ldr	r2, [r3, #0]
200043bc:	697b      	ldr	r3, [r7, #20]
200043be:	40da      	lsrs	r2, r3
200043c0:	687b      	ldr	r3, [r7, #4]
200043c2:	605a      	str	r2, [r3, #4]
200043c4:	4b16      	ldr	r3, [pc, #88]	@ (20004420 <RCC_GetClocksFreq+0x14c>)
200043c6:	689b      	ldr	r3, [r3, #8]
200043c8:	f403 53e0 	and.w	r3, r3, #7168	@ 0x1c00
200043cc:	61bb      	str	r3, [r7, #24]
200043ce:	69bb      	ldr	r3, [r7, #24]
200043d0:	0a9b      	lsrs	r3, r3, #10
200043d2:	61bb      	str	r3, [r7, #24]
200043d4:	4a15      	ldr	r2, [pc, #84]	@ (2000442c <RCC_GetClocksFreq+0x158>)
200043d6:	69bb      	ldr	r3, [r7, #24]
200043d8:	4413      	add	r3, r2
200043da:	781b      	ldrb	r3, [r3, #0]
200043dc:	b2db      	uxtb	r3, r3
200043de:	617b      	str	r3, [r7, #20]
200043e0:	687b      	ldr	r3, [r7, #4]
200043e2:	685a      	ldr	r2, [r3, #4]
200043e4:	697b      	ldr	r3, [r7, #20]
200043e6:	40da      	lsrs	r2, r3
200043e8:	687b      	ldr	r3, [r7, #4]
200043ea:	609a      	str	r2, [r3, #8]
200043ec:	4b0c      	ldr	r3, [pc, #48]	@ (20004420 <RCC_GetClocksFreq+0x14c>)
200043ee:	689b      	ldr	r3, [r3, #8]
200043f0:	f403 4360 	and.w	r3, r3, #57344	@ 0xe000
200043f4:	61bb      	str	r3, [r7, #24]
200043f6:	69bb      	ldr	r3, [r7, #24]
200043f8:	0b5b      	lsrs	r3, r3, #13
200043fa:	61bb      	str	r3, [r7, #24]
200043fc:	4a0b      	ldr	r2, [pc, #44]	@ (2000442c <RCC_GetClocksFreq+0x158>)
200043fe:	69bb      	ldr	r3, [r7, #24]
20004400:	4413      	add	r3, r2
20004402:	781b      	ldrb	r3, [r3, #0]
20004404:	b2db      	uxtb	r3, r3
20004406:	617b      	str	r3, [r7, #20]
20004408:	687b      	ldr	r3, [r7, #4]
2000440a:	685a      	ldr	r2, [r3, #4]
2000440c:	697b      	ldr	r3, [r7, #20]
2000440e:	40da      	lsrs	r2, r3
20004410:	687b      	ldr	r3, [r7, #4]
20004412:	60da      	str	r2, [r3, #12]
20004414:	bf00      	nop
20004416:	3724      	adds	r7, #36	@ 0x24
20004418:	46bd      	mov	sp, r7
2000441a:	bc80      	pop	{r7}
2000441c:	4770      	bx	lr
2000441e:	bf00      	nop
20004420:	40023800 	.word	0x40023800
20004424:	00f42400 	.word	0x00f42400
20004428:	007a1200 	.word	0x007a1200
2000442c:	20007fec 	.word	0x20007fec

20004430 <RCC_RTCCLKConfig>:
20004430:	b480      	push	{r7}
20004432:	b085      	sub	sp, #20
20004434:	af00      	add	r7, sp, #0
20004436:	6078      	str	r0, [r7, #4]
20004438:	2300      	movs	r3, #0
2000443a:	60fb      	str	r3, [r7, #12]
2000443c:	687b      	ldr	r3, [r7, #4]
2000443e:	f403 7340 	and.w	r3, r3, #768	@ 0x300
20004442:	f5b3 7f40 	cmp.w	r3, #768	@ 0x300
20004446:	d111      	bne.n	2000446c <RCC_RTCCLKConfig+0x3c>
20004448:	4b0f      	ldr	r3, [pc, #60]	@ (20004488 <RCC_RTCCLKConfig+0x58>)
2000444a:	689b      	ldr	r3, [r3, #8]
2000444c:	60fb      	str	r3, [r7, #12]
2000444e:	68fb      	ldr	r3, [r7, #12]
20004450:	f423 13f8 	bic.w	r3, r3, #2031616	@ 0x1f0000
20004454:	60fb      	str	r3, [r7, #12]
20004456:	687b      	ldr	r3, [r7, #4]
20004458:	f023 4370 	bic.w	r3, r3, #4026531840	@ 0xf0000000
2000445c:	f423 7340 	bic.w	r3, r3, #768	@ 0x300
20004460:	68fa      	ldr	r2, [r7, #12]
20004462:	4313      	orrs	r3, r2
20004464:	60fb      	str	r3, [r7, #12]
20004466:	4a08      	ldr	r2, [pc, #32]	@ (20004488 <RCC_RTCCLKConfig+0x58>)
20004468:	68fb      	ldr	r3, [r7, #12]
2000446a:	6093      	str	r3, [r2, #8]
2000446c:	4b06      	ldr	r3, [pc, #24]	@ (20004488 <RCC_RTCCLKConfig+0x58>)
2000446e:	6f1a      	ldr	r2, [r3, #112]	@ 0x70
20004470:	687b      	ldr	r3, [r7, #4]
20004472:	f3c3 030b 	ubfx	r3, r3, #0, #12
20004476:	4904      	ldr	r1, [pc, #16]	@ (20004488 <RCC_RTCCLKConfig+0x58>)
20004478:	4313      	orrs	r3, r2
2000447a:	670b      	str	r3, [r1, #112]	@ 0x70
2000447c:	bf00      	nop
2000447e:	3714      	adds	r7, #20
20004480:	46bd      	mov	sp, r7
20004482:	bc80      	pop	{r7}
20004484:	4770      	bx	lr
20004486:	bf00      	nop
20004488:	40023800 	.word	0x40023800

2000448c <RCC_RTCCLKCmd>:
2000448c:	b480      	push	{r7}
2000448e:	b083      	sub	sp, #12
20004490:	af00      	add	r7, sp, #0
20004492:	4603      	mov	r3, r0
20004494:	71fb      	strb	r3, [r7, #7]
20004496:	4a04      	ldr	r2, [pc, #16]	@ (200044a8 <RCC_RTCCLKCmd+0x1c>)
20004498:	79fb      	ldrb	r3, [r7, #7]
2000449a:	6013      	str	r3, [r2, #0]
2000449c:	bf00      	nop
2000449e:	370c      	adds	r7, #12
200044a0:	46bd      	mov	sp, r7
200044a2:	bc80      	pop	{r7}
200044a4:	4770      	bx	lr
200044a6:	bf00      	nop
200044a8:	42470e3c 	.word	0x42470e3c

200044ac <RCC_BackupResetCmd>:
200044ac:	b480      	push	{r7}
200044ae:	b083      	sub	sp, #12
200044b0:	af00      	add	r7, sp, #0
200044b2:	4603      	mov	r3, r0
200044b4:	71fb      	strb	r3, [r7, #7]
200044b6:	4a04      	ldr	r2, [pc, #16]	@ (200044c8 <RCC_BackupResetCmd+0x1c>)
200044b8:	79fb      	ldrb	r3, [r7, #7]
200044ba:	6013      	str	r3, [r2, #0]
200044bc:	bf00      	nop
200044be:	370c      	adds	r7, #12
200044c0:	46bd      	mov	sp, r7
200044c2:	bc80      	pop	{r7}
200044c4:	4770      	bx	lr
200044c6:	bf00      	nop
200044c8:	42470e40 	.word	0x42470e40

200044cc <RCC_I2SCLKConfig>:
200044cc:	b480      	push	{r7}
200044ce:	b083      	sub	sp, #12
200044d0:	af00      	add	r7, sp, #0
200044d2:	6078      	str	r0, [r7, #4]
200044d4:	4a03      	ldr	r2, [pc, #12]	@ (200044e4 <RCC_I2SCLKConfig+0x18>)
200044d6:	687b      	ldr	r3, [r7, #4]
200044d8:	6013      	str	r3, [r2, #0]
200044da:	bf00      	nop
200044dc:	370c      	adds	r7, #12
200044de:	46bd      	mov	sp, r7
200044e0:	bc80      	pop	{r7}
200044e2:	4770      	bx	lr
200044e4:	4247015c 	.word	0x4247015c

200044e8 <RCC_SAIPLLI2SClkDivConfig>:
200044e8:	b480      	push	{r7}
200044ea:	b085      	sub	sp, #20
200044ec:	af00      	add	r7, sp, #0
200044ee:	6078      	str	r0, [r7, #4]
200044f0:	2300      	movs	r3, #0
200044f2:	60fb      	str	r3, [r7, #12]
200044f4:	4b0a      	ldr	r3, [pc, #40]	@ (20004520 <RCC_SAIPLLI2SClkDivConfig+0x38>)
200044f6:	f8d3 308c 	ldr.w	r3, [r3, #140]	@ 0x8c
200044fa:	60fb      	str	r3, [r7, #12]
200044fc:	68fb      	ldr	r3, [r7, #12]
200044fe:	f023 031f 	bic.w	r3, r3, #31
20004502:	60fb      	str	r3, [r7, #12]
20004504:	687b      	ldr	r3, [r7, #4]
20004506:	3b01      	subs	r3, #1
20004508:	68fa      	ldr	r2, [r7, #12]
2000450a:	4313      	orrs	r3, r2
2000450c:	60fb      	str	r3, [r7, #12]
2000450e:	4a04      	ldr	r2, [pc, #16]	@ (20004520 <RCC_SAIPLLI2SClkDivConfig+0x38>)
20004510:	68fb      	ldr	r3, [r7, #12]
20004512:	f8c2 308c 	str.w	r3, [r2, #140]	@ 0x8c
20004516:	bf00      	nop
20004518:	3714      	adds	r7, #20
2000451a:	46bd      	mov	sp, r7
2000451c:	bc80      	pop	{r7}
2000451e:	4770      	bx	lr
20004520:	40023800 	.word	0x40023800

20004524 <RCC_SAIPLLSAIClkDivConfig>:
20004524:	b480      	push	{r7}
20004526:	b085      	sub	sp, #20
20004528:	af00      	add	r7, sp, #0
2000452a:	6078      	str	r0, [r7, #4]
2000452c:	2300      	movs	r3, #0
2000452e:	60fb      	str	r3, [r7, #12]
20004530:	4b0b      	ldr	r3, [pc, #44]	@ (20004560 <RCC_SAIPLLSAIClkDivConfig+0x3c>)
20004532:	f8d3 308c 	ldr.w	r3, [r3, #140]	@ 0x8c
20004536:	60fb      	str	r3, [r7, #12]
20004538:	68fb      	ldr	r3, [r7, #12]
2000453a:	f423 53f8 	bic.w	r3, r3, #7936	@ 0x1f00
2000453e:	60fb      	str	r3, [r7, #12]
20004540:	687b      	ldr	r3, [r7, #4]
20004542:	3b01      	subs	r3, #1
20004544:	021b      	lsls	r3, r3, #8
20004546:	68fa      	ldr	r2, [r7, #12]
20004548:	4313      	orrs	r3, r2
2000454a:	60fb      	str	r3, [r7, #12]
2000454c:	4a04      	ldr	r2, [pc, #16]	@ (20004560 <RCC_SAIPLLSAIClkDivConfig+0x3c>)
2000454e:	68fb      	ldr	r3, [r7, #12]
20004550:	f8c2 308c 	str.w	r3, [r2, #140]	@ 0x8c
20004554:	bf00      	nop
20004556:	3714      	adds	r7, #20
20004558:	46bd      	mov	sp, r7
2000455a:	bc80      	pop	{r7}
2000455c:	4770      	bx	lr
2000455e:	bf00      	nop
20004560:	40023800 	.word	0x40023800

20004564 <RCC_SAIBlockACLKConfig>:
20004564:	b480      	push	{r7}
20004566:	b085      	sub	sp, #20
20004568:	af00      	add	r7, sp, #0
2000456a:	6078      	str	r0, [r7, #4]
2000456c:	2300      	movs	r3, #0
2000456e:	60fb      	str	r3, [r7, #12]
20004570:	4b0a      	ldr	r3, [pc, #40]	@ (2000459c <RCC_SAIBlockACLKConfig+0x38>)
20004572:	f8d3 308c 	ldr.w	r3, [r3, #140]	@ 0x8c
20004576:	60fb      	str	r3, [r7, #12]
20004578:	68fb      	ldr	r3, [r7, #12]
2000457a:	f423 1340 	bic.w	r3, r3, #3145728	@ 0x300000
2000457e:	60fb      	str	r3, [r7, #12]
20004580:	68fa      	ldr	r2, [r7, #12]
20004582:	687b      	ldr	r3, [r7, #4]
20004584:	4313      	orrs	r3, r2
20004586:	60fb      	str	r3, [r7, #12]
20004588:	4a04      	ldr	r2, [pc, #16]	@ (2000459c <RCC_SAIBlockACLKConfig+0x38>)
2000458a:	68fb      	ldr	r3, [r7, #12]
2000458c:	f8c2 308c 	str.w	r3, [r2, #140]	@ 0x8c
20004590:	bf00      	nop
20004592:	3714      	adds	r7, #20
20004594:	46bd      	mov	sp, r7
20004596:	bc80      	pop	{r7}
20004598:	4770      	bx	lr
2000459a:	bf00      	nop
2000459c:	40023800 	.word	0x40023800

200045a0 <RCC_SAIBlockBCLKConfig>:
200045a0:	b480      	push	{r7}
200045a2:	b085      	sub	sp, #20
200045a4:	af00      	add	r7, sp, #0
200045a6:	6078      	str	r0, [r7, #4]
200045a8:	2300      	movs	r3, #0
200045aa:	60fb      	str	r3, [r7, #12]
200045ac:	4b0a      	ldr	r3, [pc, #40]	@ (200045d8 <RCC_SAIBlockBCLKConfig+0x38>)
200045ae:	f8d3 308c 	ldr.w	r3, [r3, #140]	@ 0x8c
200045b2:	60fb      	str	r3, [r7, #12]
200045b4:	68fb      	ldr	r3, [r7, #12]
200045b6:	f423 0340 	bic.w	r3, r3, #12582912	@ 0xc00000
200045ba:	60fb      	str	r3, [r7, #12]
200045bc:	68fa      	ldr	r2, [r7, #12]
200045be:	687b      	ldr	r3, [r7, #4]
200045c0:	4313      	orrs	r3, r2
200045c2:	60fb      	str	r3, [r7, #12]
200045c4:	4a04      	ldr	r2, [pc, #16]	@ (200045d8 <RCC_SAIBlockBCLKConfig+0x38>)
200045c6:	68fb      	ldr	r3, [r7, #12]
200045c8:	f8c2 308c 	str.w	r3, [r2, #140]	@ 0x8c
200045cc:	bf00      	nop
200045ce:	3714      	adds	r7, #20
200045d0:	46bd      	mov	sp, r7
200045d2:	bc80      	pop	{r7}
200045d4:	4770      	bx	lr
200045d6:	bf00      	nop
200045d8:	40023800 	.word	0x40023800

200045dc <RCC_LTDCCLKDivConfig>:
200045dc:	b480      	push	{r7}
200045de:	b085      	sub	sp, #20
200045e0:	af00      	add	r7, sp, #0
200045e2:	6078      	str	r0, [r7, #4]
200045e4:	2300      	movs	r3, #0
200045e6:	60fb      	str	r3, [r7, #12]
200045e8:	4b0a      	ldr	r3, [pc, #40]	@ (20004614 <RCC_LTDCCLKDivConfig+0x38>)
200045ea:	f8d3 308c 	ldr.w	r3, [r3, #140]	@ 0x8c
200045ee:	60fb      	str	r3, [r7, #12]
200045f0:	68fb      	ldr	r3, [r7, #12]
200045f2:	f423 3340 	bic.w	r3, r3, #196608	@ 0x30000
200045f6:	60fb      	str	r3, [r7, #12]
200045f8:	68fa      	ldr	r2, [r7, #12]
200045fa:	687b      	ldr	r3, [r7, #4]
200045fc:	4313      	orrs	r3, r2
200045fe:	60fb      	str	r3, [r7, #12]
20004600:	4a04      	ldr	r2, [pc, #16]	@ (20004614 <RCC_LTDCCLKDivConfig+0x38>)
20004602:	68fb      	ldr	r3, [r7, #12]
20004604:	f8c2 308c 	str.w	r3, [r2, #140]	@ 0x8c
20004608:	bf00      	nop
2000460a:	3714      	adds	r7, #20
2000460c:	46bd      	mov	sp, r7
2000460e:	bc80      	pop	{r7}
20004610:	4770      	bx	lr
20004612:	bf00      	nop
20004614:	40023800 	.word	0x40023800

20004618 <RCC_TIMCLKPresConfig>:
20004618:	b480      	push	{r7}
2000461a:	b083      	sub	sp, #12
2000461c:	af00      	add	r7, sp, #0
2000461e:	6078      	str	r0, [r7, #4]
20004620:	4a03      	ldr	r2, [pc, #12]	@ (20004630 <RCC_TIMCLKPresConfig+0x18>)
20004622:	687b      	ldr	r3, [r7, #4]
20004624:	6013      	str	r3, [r2, #0]
20004626:	bf00      	nop
20004628:	370c      	adds	r7, #12
2000462a:	46bd      	mov	sp, r7
2000462c:	bc80      	pop	{r7}
2000462e:	4770      	bx	lr
20004630:	424711e0 	.word	0x424711e0

20004634 <RCC_AHB1PeriphClockCmd>:
20004634:	b480      	push	{r7}
20004636:	b083      	sub	sp, #12
20004638:	af00      	add	r7, sp, #0
2000463a:	6078      	str	r0, [r7, #4]
2000463c:	460b      	mov	r3, r1
2000463e:	70fb      	strb	r3, [r7, #3]
20004640:	78fb      	ldrb	r3, [r7, #3]
20004642:	2b00      	cmp	r3, #0
20004644:	d006      	beq.n	20004654 <RCC_AHB1PeriphClockCmd+0x20>
20004646:	4b09      	ldr	r3, [pc, #36]	@ (2000466c <RCC_AHB1PeriphClockCmd+0x38>)
20004648:	6b1a      	ldr	r2, [r3, #48]	@ 0x30
2000464a:	4908      	ldr	r1, [pc, #32]	@ (2000466c <RCC_AHB1PeriphClockCmd+0x38>)
2000464c:	687b      	ldr	r3, [r7, #4]
2000464e:	4313      	orrs	r3, r2
20004650:	630b      	str	r3, [r1, #48]	@ 0x30
20004652:	e006      	b.n	20004662 <RCC_AHB1PeriphClockCmd+0x2e>
20004654:	4b05      	ldr	r3, [pc, #20]	@ (2000466c <RCC_AHB1PeriphClockCmd+0x38>)
20004656:	6b1a      	ldr	r2, [r3, #48]	@ 0x30
20004658:	687b      	ldr	r3, [r7, #4]
2000465a:	43db      	mvns	r3, r3
2000465c:	4903      	ldr	r1, [pc, #12]	@ (2000466c <RCC_AHB1PeriphClockCmd+0x38>)
2000465e:	4013      	ands	r3, r2
20004660:	630b      	str	r3, [r1, #48]	@ 0x30
20004662:	bf00      	nop
20004664:	370c      	adds	r7, #12
20004666:	46bd      	mov	sp, r7
20004668:	bc80      	pop	{r7}
2000466a:	4770      	bx	lr
2000466c:	40023800 	.word	0x40023800

20004670 <RCC_AHB2PeriphClockCmd>:
20004670:	b480      	push	{r7}
20004672:	b083      	sub	sp, #12
20004674:	af00      	add	r7, sp, #0
20004676:	6078      	str	r0, [r7, #4]
20004678:	460b      	mov	r3, r1
2000467a:	70fb      	strb	r3, [r7, #3]
2000467c:	78fb      	ldrb	r3, [r7, #3]
2000467e:	2b00      	cmp	r3, #0
20004680:	d006      	beq.n	20004690 <RCC_AHB2PeriphClockCmd+0x20>
20004682:	4b09      	ldr	r3, [pc, #36]	@ (200046a8 <RCC_AHB2PeriphClockCmd+0x38>)
20004684:	6b5a      	ldr	r2, [r3, #52]	@ 0x34
20004686:	4908      	ldr	r1, [pc, #32]	@ (200046a8 <RCC_AHB2PeriphClockCmd+0x38>)
20004688:	687b      	ldr	r3, [r7, #4]
2000468a:	4313      	orrs	r3, r2
2000468c:	634b      	str	r3, [r1, #52]	@ 0x34
2000468e:	e006      	b.n	2000469e <RCC_AHB2PeriphClockCmd+0x2e>
20004690:	4b05      	ldr	r3, [pc, #20]	@ (200046a8 <RCC_AHB2PeriphClockCmd+0x38>)
20004692:	6b5a      	ldr	r2, [r3, #52]	@ 0x34
20004694:	687b      	ldr	r3, [r7, #4]
20004696:	43db      	mvns	r3, r3
20004698:	4903      	ldr	r1, [pc, #12]	@ (200046a8 <RCC_AHB2PeriphClockCmd+0x38>)
2000469a:	4013      	ands	r3, r2
2000469c:	634b      	str	r3, [r1, #52]	@ 0x34
2000469e:	bf00      	nop
200046a0:	370c      	adds	r7, #12
200046a2:	46bd      	mov	sp, r7
200046a4:	bc80      	pop	{r7}
200046a6:	4770      	bx	lr
200046a8:	40023800 	.word	0x40023800

200046ac <RCC_AHB3PeriphClockCmd>:
200046ac:	b480      	push	{r7}
200046ae:	b083      	sub	sp, #12
200046b0:	af00      	add	r7, sp, #0
200046b2:	6078      	str	r0, [r7, #4]
200046b4:	460b      	mov	r3, r1
200046b6:	70fb      	strb	r3, [r7, #3]
200046b8:	78fb      	ldrb	r3, [r7, #3]
200046ba:	2b00      	cmp	r3, #0
200046bc:	d006      	beq.n	200046cc <RCC_AHB3PeriphClockCmd+0x20>
200046be:	4b09      	ldr	r3, [pc, #36]	@ (200046e4 <RCC_AHB3PeriphClockCmd+0x38>)
200046c0:	6b9a      	ldr	r2, [r3, #56]	@ 0x38
200046c2:	4908      	ldr	r1, [pc, #32]	@ (200046e4 <RCC_AHB3PeriphClockCmd+0x38>)
200046c4:	687b      	ldr	r3, [r7, #4]
200046c6:	4313      	orrs	r3, r2
200046c8:	638b      	str	r3, [r1, #56]	@ 0x38
200046ca:	e006      	b.n	200046da <RCC_AHB3PeriphClockCmd+0x2e>
200046cc:	4b05      	ldr	r3, [pc, #20]	@ (200046e4 <RCC_AHB3PeriphClockCmd+0x38>)
200046ce:	6b9a      	ldr	r2, [r3, #56]	@ 0x38
200046d0:	687b      	ldr	r3, [r7, #4]
200046d2:	43db      	mvns	r3, r3
200046d4:	4903      	ldr	r1, [pc, #12]	@ (200046e4 <RCC_AHB3PeriphClockCmd+0x38>)
200046d6:	4013      	ands	r3, r2
200046d8:	638b      	str	r3, [r1, #56]	@ 0x38
200046da:	bf00      	nop
200046dc:	370c      	adds	r7, #12
200046de:	46bd      	mov	sp, r7
200046e0:	bc80      	pop	{r7}
200046e2:	4770      	bx	lr
200046e4:	40023800 	.word	0x40023800

200046e8 <RCC_APB1PeriphClockCmd>:
200046e8:	b480      	push	{r7}
200046ea:	b083      	sub	sp, #12
200046ec:	af00      	add	r7, sp, #0
200046ee:	6078      	str	r0, [r7, #4]
200046f0:	460b      	mov	r3, r1
200046f2:	70fb      	strb	r3, [r7, #3]
200046f4:	78fb      	ldrb	r3, [r7, #3]
200046f6:	2b00      	cmp	r3, #0
200046f8:	d006      	beq.n	20004708 <RCC_APB1PeriphClockCmd+0x20>
200046fa:	4b09      	ldr	r3, [pc, #36]	@ (20004720 <RCC_APB1PeriphClockCmd+0x38>)
200046fc:	6c1a      	ldr	r2, [r3, #64]	@ 0x40
200046fe:	4908      	ldr	r1, [pc, #32]	@ (20004720 <RCC_APB1PeriphClockCmd+0x38>)
20004700:	687b      	ldr	r3, [r7, #4]
20004702:	4313      	orrs	r3, r2
20004704:	640b      	str	r3, [r1, #64]	@ 0x40
20004706:	e006      	b.n	20004716 <RCC_APB1PeriphClockCmd+0x2e>
20004708:	4b05      	ldr	r3, [pc, #20]	@ (20004720 <RCC_APB1PeriphClockCmd+0x38>)
2000470a:	6c1a      	ldr	r2, [r3, #64]	@ 0x40
2000470c:	687b      	ldr	r3, [r7, #4]
2000470e:	43db      	mvns	r3, r3
20004710:	4903      	ldr	r1, [pc, #12]	@ (20004720 <RCC_APB1PeriphClockCmd+0x38>)
20004712:	4013      	ands	r3, r2
20004714:	640b      	str	r3, [r1, #64]	@ 0x40
20004716:	bf00      	nop
20004718:	370c      	adds	r7, #12
2000471a:	46bd      	mov	sp, r7
2000471c:	bc80      	pop	{r7}
2000471e:	4770      	bx	lr
20004720:	40023800 	.word	0x40023800

20004724 <RCC_APB2PeriphClockCmd>:
20004724:	b480      	push	{r7}
20004726:	b083      	sub	sp, #12
20004728:	af00      	add	r7, sp, #0
2000472a:	6078      	str	r0, [r7, #4]
2000472c:	460b      	mov	r3, r1
2000472e:	70fb      	strb	r3, [r7, #3]
20004730:	78fb      	ldrb	r3, [r7, #3]
20004732:	2b00      	cmp	r3, #0
20004734:	d006      	beq.n	20004744 <RCC_APB2PeriphClockCmd+0x20>
20004736:	4b09      	ldr	r3, [pc, #36]	@ (2000475c <RCC_APB2PeriphClockCmd+0x38>)
20004738:	6c5a      	ldr	r2, [r3, #68]	@ 0x44
2000473a:	4908      	ldr	r1, [pc, #32]	@ (2000475c <RCC_APB2PeriphClockCmd+0x38>)
2000473c:	687b      	ldr	r3, [r7, #4]
2000473e:	4313      	orrs	r3, r2
20004740:	644b      	str	r3, [r1, #68]	@ 0x44
20004742:	e006      	b.n	20004752 <RCC_APB2PeriphClockCmd+0x2e>
20004744:	4b05      	ldr	r3, [pc, #20]	@ (2000475c <RCC_APB2PeriphClockCmd+0x38>)
20004746:	6c5a      	ldr	r2, [r3, #68]	@ 0x44
20004748:	687b      	ldr	r3, [r7, #4]
2000474a:	43db      	mvns	r3, r3
2000474c:	4903      	ldr	r1, [pc, #12]	@ (2000475c <RCC_APB2PeriphClockCmd+0x38>)
2000474e:	4013      	ands	r3, r2
20004750:	644b      	str	r3, [r1, #68]	@ 0x44
20004752:	bf00      	nop
20004754:	370c      	adds	r7, #12
20004756:	46bd      	mov	sp, r7
20004758:	bc80      	pop	{r7}
2000475a:	4770      	bx	lr
2000475c:	40023800 	.word	0x40023800

20004760 <RCC_AHB1PeriphResetCmd>:
20004760:	b480      	push	{r7}
20004762:	b083      	sub	sp, #12
20004764:	af00      	add	r7, sp, #0
20004766:	6078      	str	r0, [r7, #4]
20004768:	460b      	mov	r3, r1
2000476a:	70fb      	strb	r3, [r7, #3]
2000476c:	78fb      	ldrb	r3, [r7, #3]
2000476e:	2b00      	cmp	r3, #0
20004770:	d006      	beq.n	20004780 <RCC_AHB1PeriphResetCmd+0x20>
20004772:	4b09      	ldr	r3, [pc, #36]	@ (20004798 <RCC_AHB1PeriphResetCmd+0x38>)
20004774:	691a      	ldr	r2, [r3, #16]
20004776:	4908      	ldr	r1, [pc, #32]	@ (20004798 <RCC_AHB1PeriphResetCmd+0x38>)
20004778:	687b      	ldr	r3, [r7, #4]
2000477a:	4313      	orrs	r3, r2
2000477c:	610b      	str	r3, [r1, #16]
2000477e:	e006      	b.n	2000478e <RCC_AHB1PeriphResetCmd+0x2e>
20004780:	4b05      	ldr	r3, [pc, #20]	@ (20004798 <RCC_AHB1PeriphResetCmd+0x38>)
20004782:	691a      	ldr	r2, [r3, #16]
20004784:	687b      	ldr	r3, [r7, #4]
20004786:	43db      	mvns	r3, r3
20004788:	4903      	ldr	r1, [pc, #12]	@ (20004798 <RCC_AHB1PeriphResetCmd+0x38>)
2000478a:	4013      	ands	r3, r2
2000478c:	610b      	str	r3, [r1, #16]
2000478e:	bf00      	nop
20004790:	370c      	adds	r7, #12
20004792:	46bd      	mov	sp, r7
20004794:	bc80      	pop	{r7}
20004796:	4770      	bx	lr
20004798:	40023800 	.word	0x40023800

2000479c <RCC_AHB2PeriphResetCmd>:
2000479c:	b480      	push	{r7}
2000479e:	b083      	sub	sp, #12
200047a0:	af00      	add	r7, sp, #0
200047a2:	6078      	str	r0, [r7, #4]
200047a4:	460b      	mov	r3, r1
200047a6:	70fb      	strb	r3, [r7, #3]
200047a8:	78fb      	ldrb	r3, [r7, #3]
200047aa:	2b00      	cmp	r3, #0
200047ac:	d006      	beq.n	200047bc <RCC_AHB2PeriphResetCmd+0x20>
200047ae:	4b09      	ldr	r3, [pc, #36]	@ (200047d4 <RCC_AHB2PeriphResetCmd+0x38>)
200047b0:	695a      	ldr	r2, [r3, #20]
200047b2:	4908      	ldr	r1, [pc, #32]	@ (200047d4 <RCC_AHB2PeriphResetCmd+0x38>)
200047b4:	687b      	ldr	r3, [r7, #4]
200047b6:	4313      	orrs	r3, r2
200047b8:	614b      	str	r3, [r1, #20]
200047ba:	e006      	b.n	200047ca <RCC_AHB2PeriphResetCmd+0x2e>
200047bc:	4b05      	ldr	r3, [pc, #20]	@ (200047d4 <RCC_AHB2PeriphResetCmd+0x38>)
200047be:	695a      	ldr	r2, [r3, #20]
200047c0:	687b      	ldr	r3, [r7, #4]
200047c2:	43db      	mvns	r3, r3
200047c4:	4903      	ldr	r1, [pc, #12]	@ (200047d4 <RCC_AHB2PeriphResetCmd+0x38>)
200047c6:	4013      	ands	r3, r2
200047c8:	614b      	str	r3, [r1, #20]
200047ca:	bf00      	nop
200047cc:	370c      	adds	r7, #12
200047ce:	46bd      	mov	sp, r7
200047d0:	bc80      	pop	{r7}
200047d2:	4770      	bx	lr
200047d4:	40023800 	.word	0x40023800

200047d8 <RCC_AHB3PeriphResetCmd>:
200047d8:	b480      	push	{r7}
200047da:	b083      	sub	sp, #12
200047dc:	af00      	add	r7, sp, #0
200047de:	6078      	str	r0, [r7, #4]
200047e0:	460b      	mov	r3, r1
200047e2:	70fb      	strb	r3, [r7, #3]
200047e4:	78fb      	ldrb	r3, [r7, #3]
200047e6:	2b00      	cmp	r3, #0
200047e8:	d006      	beq.n	200047f8 <RCC_AHB3PeriphResetCmd+0x20>
200047ea:	4b09      	ldr	r3, [pc, #36]	@ (20004810 <RCC_AHB3PeriphResetCmd+0x38>)
200047ec:	699a      	ldr	r2, [r3, #24]
200047ee:	4908      	ldr	r1, [pc, #32]	@ (20004810 <RCC_AHB3PeriphResetCmd+0x38>)
200047f0:	687b      	ldr	r3, [r7, #4]
200047f2:	4313      	orrs	r3, r2
200047f4:	618b      	str	r3, [r1, #24]
200047f6:	e006      	b.n	20004806 <RCC_AHB3PeriphResetCmd+0x2e>
200047f8:	4b05      	ldr	r3, [pc, #20]	@ (20004810 <RCC_AHB3PeriphResetCmd+0x38>)
200047fa:	699a      	ldr	r2, [r3, #24]
200047fc:	687b      	ldr	r3, [r7, #4]
200047fe:	43db      	mvns	r3, r3
20004800:	4903      	ldr	r1, [pc, #12]	@ (20004810 <RCC_AHB3PeriphResetCmd+0x38>)
20004802:	4013      	ands	r3, r2
20004804:	618b      	str	r3, [r1, #24]
20004806:	bf00      	nop
20004808:	370c      	adds	r7, #12
2000480a:	46bd      	mov	sp, r7
2000480c:	bc80      	pop	{r7}
2000480e:	4770      	bx	lr
20004810:	40023800 	.word	0x40023800

20004814 <RCC_APB1PeriphResetCmd>:
20004814:	b480      	push	{r7}
20004816:	b083      	sub	sp, #12
20004818:	af00      	add	r7, sp, #0
2000481a:	6078      	str	r0, [r7, #4]
2000481c:	460b      	mov	r3, r1
2000481e:	70fb      	strb	r3, [r7, #3]
20004820:	78fb      	ldrb	r3, [r7, #3]
20004822:	2b00      	cmp	r3, #0
20004824:	d006      	beq.n	20004834 <RCC_APB1PeriphResetCmd+0x20>
20004826:	4b09      	ldr	r3, [pc, #36]	@ (2000484c <RCC_APB1PeriphResetCmd+0x38>)
20004828:	6a1a      	ldr	r2, [r3, #32]
2000482a:	4908      	ldr	r1, [pc, #32]	@ (2000484c <RCC_APB1PeriphResetCmd+0x38>)
2000482c:	687b      	ldr	r3, [r7, #4]
2000482e:	4313      	orrs	r3, r2
20004830:	620b      	str	r3, [r1, #32]
20004832:	e006      	b.n	20004842 <RCC_APB1PeriphResetCmd+0x2e>
20004834:	4b05      	ldr	r3, [pc, #20]	@ (2000484c <RCC_APB1PeriphResetCmd+0x38>)
20004836:	6a1a      	ldr	r2, [r3, #32]
20004838:	687b      	ldr	r3, [r7, #4]
2000483a:	43db      	mvns	r3, r3
2000483c:	4903      	ldr	r1, [pc, #12]	@ (2000484c <RCC_APB1PeriphResetCmd+0x38>)
2000483e:	4013      	ands	r3, r2
20004840:	620b      	str	r3, [r1, #32]
20004842:	bf00      	nop
20004844:	370c      	adds	r7, #12
20004846:	46bd      	mov	sp, r7
20004848:	bc80      	pop	{r7}
2000484a:	4770      	bx	lr
2000484c:	40023800 	.word	0x40023800

20004850 <RCC_APB2PeriphResetCmd>:
20004850:	b480      	push	{r7}
20004852:	b083      	sub	sp, #12
20004854:	af00      	add	r7, sp, #0
20004856:	6078      	str	r0, [r7, #4]
20004858:	460b      	mov	r3, r1
2000485a:	70fb      	strb	r3, [r7, #3]
2000485c:	78fb      	ldrb	r3, [r7, #3]
2000485e:	2b00      	cmp	r3, #0
20004860:	d006      	beq.n	20004870 <RCC_APB2PeriphResetCmd+0x20>
20004862:	4b09      	ldr	r3, [pc, #36]	@ (20004888 <RCC_APB2PeriphResetCmd+0x38>)
20004864:	6a5a      	ldr	r2, [r3, #36]	@ 0x24
20004866:	4908      	ldr	r1, [pc, #32]	@ (20004888 <RCC_APB2PeriphResetCmd+0x38>)
20004868:	687b      	ldr	r3, [r7, #4]
2000486a:	4313      	orrs	r3, r2
2000486c:	624b      	str	r3, [r1, #36]	@ 0x24
2000486e:	e006      	b.n	2000487e <RCC_APB2PeriphResetCmd+0x2e>
20004870:	4b05      	ldr	r3, [pc, #20]	@ (20004888 <RCC_APB2PeriphResetCmd+0x38>)
20004872:	6a5a      	ldr	r2, [r3, #36]	@ 0x24
20004874:	687b      	ldr	r3, [r7, #4]
20004876:	43db      	mvns	r3, r3
20004878:	4903      	ldr	r1, [pc, #12]	@ (20004888 <RCC_APB2PeriphResetCmd+0x38>)
2000487a:	4013      	ands	r3, r2
2000487c:	624b      	str	r3, [r1, #36]	@ 0x24
2000487e:	bf00      	nop
20004880:	370c      	adds	r7, #12
20004882:	46bd      	mov	sp, r7
20004884:	bc80      	pop	{r7}
20004886:	4770      	bx	lr
20004888:	40023800 	.word	0x40023800

2000488c <RCC_AHB1PeriphClockLPModeCmd>:
2000488c:	b480      	push	{r7}
2000488e:	b083      	sub	sp, #12
20004890:	af00      	add	r7, sp, #0
20004892:	6078      	str	r0, [r7, #4]
20004894:	460b      	mov	r3, r1
20004896:	70fb      	strb	r3, [r7, #3]
20004898:	78fb      	ldrb	r3, [r7, #3]
2000489a:	2b00      	cmp	r3, #0
2000489c:	d006      	beq.n	200048ac <RCC_AHB1PeriphClockLPModeCmd+0x20>
2000489e:	4b09      	ldr	r3, [pc, #36]	@ (200048c4 <RCC_AHB1PeriphClockLPModeCmd+0x38>)
200048a0:	6d1a      	ldr	r2, [r3, #80]	@ 0x50
200048a2:	4908      	ldr	r1, [pc, #32]	@ (200048c4 <RCC_AHB1PeriphClockLPModeCmd+0x38>)
200048a4:	687b      	ldr	r3, [r7, #4]
200048a6:	4313      	orrs	r3, r2
200048a8:	650b      	str	r3, [r1, #80]	@ 0x50
200048aa:	e006      	b.n	200048ba <RCC_AHB1PeriphClockLPModeCmd+0x2e>
200048ac:	4b05      	ldr	r3, [pc, #20]	@ (200048c4 <RCC_AHB1PeriphClockLPModeCmd+0x38>)
200048ae:	6d1a      	ldr	r2, [r3, #80]	@ 0x50
200048b0:	687b      	ldr	r3, [r7, #4]
200048b2:	43db      	mvns	r3, r3
200048b4:	4903      	ldr	r1, [pc, #12]	@ (200048c4 <RCC_AHB1PeriphClockLPModeCmd+0x38>)
200048b6:	4013      	ands	r3, r2
200048b8:	650b      	str	r3, [r1, #80]	@ 0x50
200048ba:	bf00      	nop
200048bc:	370c      	adds	r7, #12
200048be:	46bd      	mov	sp, r7
200048c0:	bc80      	pop	{r7}
200048c2:	4770      	bx	lr
200048c4:	40023800 	.word	0x40023800

200048c8 <RCC_AHB2PeriphClockLPModeCmd>:
200048c8:	b480      	push	{r7}
200048ca:	b083      	sub	sp, #12
200048cc:	af00      	add	r7, sp, #0
200048ce:	6078      	str	r0, [r7, #4]
200048d0:	460b      	mov	r3, r1
200048d2:	70fb      	strb	r3, [r7, #3]
200048d4:	78fb      	ldrb	r3, [r7, #3]
200048d6:	2b00      	cmp	r3, #0
200048d8:	d006      	beq.n	200048e8 <RCC_AHB2PeriphClockLPModeCmd+0x20>
200048da:	4b09      	ldr	r3, [pc, #36]	@ (20004900 <RCC_AHB2PeriphClockLPModeCmd+0x38>)
200048dc:	6d5a      	ldr	r2, [r3, #84]	@ 0x54
200048de:	4908      	ldr	r1, [pc, #32]	@ (20004900 <RCC_AHB2PeriphClockLPModeCmd+0x38>)
200048e0:	687b      	ldr	r3, [r7, #4]
200048e2:	4313      	orrs	r3, r2
200048e4:	654b      	str	r3, [r1, #84]	@ 0x54
200048e6:	e006      	b.n	200048f6 <RCC_AHB2PeriphClockLPModeCmd+0x2e>
200048e8:	4b05      	ldr	r3, [pc, #20]	@ (20004900 <RCC_AHB2PeriphClockLPModeCmd+0x38>)
200048ea:	6d5a      	ldr	r2, [r3, #84]	@ 0x54
200048ec:	687b      	ldr	r3, [r7, #4]
200048ee:	43db      	mvns	r3, r3
200048f0:	4903      	ldr	r1, [pc, #12]	@ (20004900 <RCC_AHB2PeriphClockLPModeCmd+0x38>)
200048f2:	4013      	ands	r3, r2
200048f4:	654b      	str	r3, [r1, #84]	@ 0x54
200048f6:	bf00      	nop
200048f8:	370c      	adds	r7, #12
200048fa:	46bd      	mov	sp, r7
200048fc:	bc80      	pop	{r7}
200048fe:	4770      	bx	lr
20004900:	40023800 	.word	0x40023800

20004904 <RCC_AHB3PeriphClockLPModeCmd>:
20004904:	b480      	push	{r7}
20004906:	b083      	sub	sp, #12
20004908:	af00      	add	r7, sp, #0
2000490a:	6078      	str	r0, [r7, #4]
2000490c:	460b      	mov	r3, r1
2000490e:	70fb      	strb	r3, [r7, #3]
20004910:	78fb      	ldrb	r3, [r7, #3]
20004912:	2b00      	cmp	r3, #0
20004914:	d006      	beq.n	20004924 <RCC_AHB3PeriphClockLPModeCmd+0x20>
20004916:	4b09      	ldr	r3, [pc, #36]	@ (2000493c <RCC_AHB3PeriphClockLPModeCmd+0x38>)
20004918:	6d9a      	ldr	r2, [r3, #88]	@ 0x58
2000491a:	4908      	ldr	r1, [pc, #32]	@ (2000493c <RCC_AHB3PeriphClockLPModeCmd+0x38>)
2000491c:	687b      	ldr	r3, [r7, #4]
2000491e:	4313      	orrs	r3, r2
20004920:	658b      	str	r3, [r1, #88]	@ 0x58
20004922:	e006      	b.n	20004932 <RCC_AHB3PeriphClockLPModeCmd+0x2e>
20004924:	4b05      	ldr	r3, [pc, #20]	@ (2000493c <RCC_AHB3PeriphClockLPModeCmd+0x38>)
20004926:	6d9a      	ldr	r2, [r3, #88]	@ 0x58
20004928:	687b      	ldr	r3, [r7, #4]
2000492a:	43db      	mvns	r3, r3
2000492c:	4903      	ldr	r1, [pc, #12]	@ (2000493c <RCC_AHB3PeriphClockLPModeCmd+0x38>)
2000492e:	4013      	ands	r3, r2
20004930:	658b      	str	r3, [r1, #88]	@ 0x58
20004932:	bf00      	nop
20004934:	370c      	adds	r7, #12
20004936:	46bd      	mov	sp, r7
20004938:	bc80      	pop	{r7}
2000493a:	4770      	bx	lr
2000493c:	40023800 	.word	0x40023800

20004940 <RCC_APB1PeriphClockLPModeCmd>:
20004940:	b480      	push	{r7}
20004942:	b083      	sub	sp, #12
20004944:	af00      	add	r7, sp, #0
20004946:	6078      	str	r0, [r7, #4]
20004948:	460b      	mov	r3, r1
2000494a:	70fb      	strb	r3, [r7, #3]
2000494c:	78fb      	ldrb	r3, [r7, #3]
2000494e:	2b00      	cmp	r3, #0
20004950:	d006      	beq.n	20004960 <RCC_APB1PeriphClockLPModeCmd+0x20>
20004952:	4b09      	ldr	r3, [pc, #36]	@ (20004978 <RCC_APB1PeriphClockLPModeCmd+0x38>)
20004954:	6e1a      	ldr	r2, [r3, #96]	@ 0x60
20004956:	4908      	ldr	r1, [pc, #32]	@ (20004978 <RCC_APB1PeriphClockLPModeCmd+0x38>)
20004958:	687b      	ldr	r3, [r7, #4]
2000495a:	4313      	orrs	r3, r2
2000495c:	660b      	str	r3, [r1, #96]	@ 0x60
2000495e:	e006      	b.n	2000496e <RCC_APB1PeriphClockLPModeCmd+0x2e>
20004960:	4b05      	ldr	r3, [pc, #20]	@ (20004978 <RCC_APB1PeriphClockLPModeCmd+0x38>)
20004962:	6e1a      	ldr	r2, [r3, #96]	@ 0x60
20004964:	687b      	ldr	r3, [r7, #4]
20004966:	43db      	mvns	r3, r3
20004968:	4903      	ldr	r1, [pc, #12]	@ (20004978 <RCC_APB1PeriphClockLPModeCmd+0x38>)
2000496a:	4013      	ands	r3, r2
2000496c:	660b      	str	r3, [r1, #96]	@ 0x60
2000496e:	bf00      	nop
20004970:	370c      	adds	r7, #12
20004972:	46bd      	mov	sp, r7
20004974:	bc80      	pop	{r7}
20004976:	4770      	bx	lr
20004978:	40023800 	.word	0x40023800

2000497c <RCC_APB2PeriphClockLPModeCmd>:
2000497c:	b480      	push	{r7}
2000497e:	b083      	sub	sp, #12
20004980:	af00      	add	r7, sp, #0
20004982:	6078      	str	r0, [r7, #4]
20004984:	460b      	mov	r3, r1
20004986:	70fb      	strb	r3, [r7, #3]
20004988:	78fb      	ldrb	r3, [r7, #3]
2000498a:	2b00      	cmp	r3, #0
2000498c:	d006      	beq.n	2000499c <RCC_APB2PeriphClockLPModeCmd+0x20>
2000498e:	4b09      	ldr	r3, [pc, #36]	@ (200049b4 <RCC_APB2PeriphClockLPModeCmd+0x38>)
20004990:	6e5a      	ldr	r2, [r3, #100]	@ 0x64
20004992:	4908      	ldr	r1, [pc, #32]	@ (200049b4 <RCC_APB2PeriphClockLPModeCmd+0x38>)
20004994:	687b      	ldr	r3, [r7, #4]
20004996:	4313      	orrs	r3, r2
20004998:	664b      	str	r3, [r1, #100]	@ 0x64
2000499a:	e006      	b.n	200049aa <RCC_APB2PeriphClockLPModeCmd+0x2e>
2000499c:	4b05      	ldr	r3, [pc, #20]	@ (200049b4 <RCC_APB2PeriphClockLPModeCmd+0x38>)
2000499e:	6e5a      	ldr	r2, [r3, #100]	@ 0x64
200049a0:	687b      	ldr	r3, [r7, #4]
200049a2:	43db      	mvns	r3, r3
200049a4:	4903      	ldr	r1, [pc, #12]	@ (200049b4 <RCC_APB2PeriphClockLPModeCmd+0x38>)
200049a6:	4013      	ands	r3, r2
200049a8:	664b      	str	r3, [r1, #100]	@ 0x64
200049aa:	bf00      	nop
200049ac:	370c      	adds	r7, #12
200049ae:	46bd      	mov	sp, r7
200049b0:	bc80      	pop	{r7}
200049b2:	4770      	bx	lr
200049b4:	40023800 	.word	0x40023800

200049b8 <RCC_ITConfig>:
200049b8:	b480      	push	{r7}
200049ba:	b083      	sub	sp, #12
200049bc:	af00      	add	r7, sp, #0
200049be:	4603      	mov	r3, r0
200049c0:	460a      	mov	r2, r1
200049c2:	71fb      	strb	r3, [r7, #7]
200049c4:	4613      	mov	r3, r2
200049c6:	71bb      	strb	r3, [r7, #6]
200049c8:	79bb      	ldrb	r3, [r7, #6]
200049ca:	2b00      	cmp	r3, #0
200049cc:	d008      	beq.n	200049e0 <RCC_ITConfig+0x28>
200049ce:	4b0c      	ldr	r3, [pc, #48]	@ (20004a00 <RCC_ITConfig+0x48>)
200049d0:	781b      	ldrb	r3, [r3, #0]
200049d2:	b2da      	uxtb	r2, r3
200049d4:	490a      	ldr	r1, [pc, #40]	@ (20004a00 <RCC_ITConfig+0x48>)
200049d6:	79fb      	ldrb	r3, [r7, #7]
200049d8:	4313      	orrs	r3, r2
200049da:	b2db      	uxtb	r3, r3
200049dc:	700b      	strb	r3, [r1, #0]
200049de:	e009      	b.n	200049f4 <RCC_ITConfig+0x3c>
200049e0:	4b07      	ldr	r3, [pc, #28]	@ (20004a00 <RCC_ITConfig+0x48>)
200049e2:	781b      	ldrb	r3, [r3, #0]
200049e4:	b2da      	uxtb	r2, r3
200049e6:	79fb      	ldrb	r3, [r7, #7]
200049e8:	43db      	mvns	r3, r3
200049ea:	b2db      	uxtb	r3, r3
200049ec:	4904      	ldr	r1, [pc, #16]	@ (20004a00 <RCC_ITConfig+0x48>)
200049ee:	4013      	ands	r3, r2
200049f0:	b2db      	uxtb	r3, r3
200049f2:	700b      	strb	r3, [r1, #0]
200049f4:	bf00      	nop
200049f6:	370c      	adds	r7, #12
200049f8:	46bd      	mov	sp, r7
200049fa:	bc80      	pop	{r7}
200049fc:	4770      	bx	lr
200049fe:	bf00      	nop
20004a00:	4002380d 	.word	0x4002380d

20004a04 <RCC_GetFlagStatus>:
20004a04:	b480      	push	{r7}
20004a06:	b087      	sub	sp, #28
20004a08:	af00      	add	r7, sp, #0
20004a0a:	4603      	mov	r3, r0
20004a0c:	71fb      	strb	r3, [r7, #7]
20004a0e:	2300      	movs	r3, #0
20004a10:	60fb      	str	r3, [r7, #12]
20004a12:	2300      	movs	r3, #0
20004a14:	617b      	str	r3, [r7, #20]
20004a16:	2300      	movs	r3, #0
20004a18:	74fb      	strb	r3, [r7, #19]
20004a1a:	79fb      	ldrb	r3, [r7, #7]
20004a1c:	095b      	lsrs	r3, r3, #5
20004a1e:	b2db      	uxtb	r3, r3
20004a20:	60fb      	str	r3, [r7, #12]
20004a22:	68fb      	ldr	r3, [r7, #12]
20004a24:	2b01      	cmp	r3, #1
20004a26:	d103      	bne.n	20004a30 <RCC_GetFlagStatus+0x2c>
20004a28:	4b12      	ldr	r3, [pc, #72]	@ (20004a74 <RCC_GetFlagStatus+0x70>)
20004a2a:	681b      	ldr	r3, [r3, #0]
20004a2c:	617b      	str	r3, [r7, #20]
20004a2e:	e009      	b.n	20004a44 <RCC_GetFlagStatus+0x40>
20004a30:	68fb      	ldr	r3, [r7, #12]
20004a32:	2b02      	cmp	r3, #2
20004a34:	d103      	bne.n	20004a3e <RCC_GetFlagStatus+0x3a>
20004a36:	4b0f      	ldr	r3, [pc, #60]	@ (20004a74 <RCC_GetFlagStatus+0x70>)
20004a38:	6f1b      	ldr	r3, [r3, #112]	@ 0x70
20004a3a:	617b      	str	r3, [r7, #20]
20004a3c:	e002      	b.n	20004a44 <RCC_GetFlagStatus+0x40>
20004a3e:	4b0d      	ldr	r3, [pc, #52]	@ (20004a74 <RCC_GetFlagStatus+0x70>)
20004a40:	6f5b      	ldr	r3, [r3, #116]	@ 0x74
20004a42:	617b      	str	r3, [r7, #20]
20004a44:	79fb      	ldrb	r3, [r7, #7]
20004a46:	f003 031f 	and.w	r3, r3, #31
20004a4a:	60fb      	str	r3, [r7, #12]
20004a4c:	697a      	ldr	r2, [r7, #20]
20004a4e:	68fb      	ldr	r3, [r7, #12]
20004a50:	fa22 f303 	lsr.w	r3, r2, r3
20004a54:	f003 0301 	and.w	r3, r3, #1
20004a58:	2b00      	cmp	r3, #0
20004a5a:	d002      	beq.n	20004a62 <RCC_GetFlagStatus+0x5e>
20004a5c:	2301      	movs	r3, #1
20004a5e:	74fb      	strb	r3, [r7, #19]
20004a60:	e001      	b.n	20004a66 <RCC_GetFlagStatus+0x62>
20004a62:	2300      	movs	r3, #0
20004a64:	74fb      	strb	r3, [r7, #19]
20004a66:	7cfb      	ldrb	r3, [r7, #19]
20004a68:	4618      	mov	r0, r3
20004a6a:	371c      	adds	r7, #28
20004a6c:	46bd      	mov	sp, r7
20004a6e:	bc80      	pop	{r7}
20004a70:	4770      	bx	lr
20004a72:	bf00      	nop
20004a74:	40023800 	.word	0x40023800

20004a78 <RCC_ClearFlag>:
20004a78:	b480      	push	{r7}
20004a7a:	af00      	add	r7, sp, #0
20004a7c:	4b04      	ldr	r3, [pc, #16]	@ (20004a90 <RCC_ClearFlag+0x18>)
20004a7e:	6f5b      	ldr	r3, [r3, #116]	@ 0x74
20004a80:	4a03      	ldr	r2, [pc, #12]	@ (20004a90 <RCC_ClearFlag+0x18>)
20004a82:	f043 7380 	orr.w	r3, r3, #16777216	@ 0x1000000
20004a86:	6753      	str	r3, [r2, #116]	@ 0x74
20004a88:	bf00      	nop
20004a8a:	46bd      	mov	sp, r7
20004a8c:	bc80      	pop	{r7}
20004a8e:	4770      	bx	lr
20004a90:	40023800 	.word	0x40023800

20004a94 <RCC_GetITStatus>:
20004a94:	b480      	push	{r7}
20004a96:	b085      	sub	sp, #20
20004a98:	af00      	add	r7, sp, #0
20004a9a:	4603      	mov	r3, r0
20004a9c:	71fb      	strb	r3, [r7, #7]
20004a9e:	2300      	movs	r3, #0
20004aa0:	73fb      	strb	r3, [r7, #15]
20004aa2:	4b08      	ldr	r3, [pc, #32]	@ (20004ac4 <RCC_GetITStatus+0x30>)
20004aa4:	68da      	ldr	r2, [r3, #12]
20004aa6:	79fb      	ldrb	r3, [r7, #7]
20004aa8:	4013      	ands	r3, r2
20004aaa:	2b00      	cmp	r3, #0
20004aac:	d002      	beq.n	20004ab4 <RCC_GetITStatus+0x20>
20004aae:	2301      	movs	r3, #1
20004ab0:	73fb      	strb	r3, [r7, #15]
20004ab2:	e001      	b.n	20004ab8 <RCC_GetITStatus+0x24>
20004ab4:	2300      	movs	r3, #0
20004ab6:	73fb      	strb	r3, [r7, #15]
20004ab8:	7bfb      	ldrb	r3, [r7, #15]
20004aba:	4618      	mov	r0, r3
20004abc:	3714      	adds	r7, #20
20004abe:	46bd      	mov	sp, r7
20004ac0:	bc80      	pop	{r7}
20004ac2:	4770      	bx	lr
20004ac4:	40023800 	.word	0x40023800

20004ac8 <RCC_ClearITPendingBit>:
20004ac8:	b480      	push	{r7}
20004aca:	b083      	sub	sp, #12
20004acc:	af00      	add	r7, sp, #0
20004ace:	4603      	mov	r3, r0
20004ad0:	71fb      	strb	r3, [r7, #7]
20004ad2:	4a04      	ldr	r2, [pc, #16]	@ (20004ae4 <RCC_ClearITPendingBit+0x1c>)
20004ad4:	79fb      	ldrb	r3, [r7, #7]
20004ad6:	7013      	strb	r3, [r2, #0]
20004ad8:	bf00      	nop
20004ada:	370c      	adds	r7, #12
20004adc:	46bd      	mov	sp, r7
20004ade:	bc80      	pop	{r7}
20004ae0:	4770      	bx	lr
20004ae2:	bf00      	nop
20004ae4:	4002380e 	.word	0x4002380e

20004ae8 <SYSCFG_DeInit>:
20004ae8:	b580      	push	{r7, lr}
20004aea:	af00      	add	r7, sp, #0
20004aec:	2101      	movs	r1, #1
20004aee:	f44f 4080 	mov.w	r0, #16384	@ 0x4000
20004af2:	f7ff fead 	bl	20004850 <RCC_APB2PeriphResetCmd>
20004af6:	2100      	movs	r1, #0
20004af8:	f44f 4080 	mov.w	r0, #16384	@ 0x4000
20004afc:	f7ff fea8 	bl	20004850 <RCC_APB2PeriphResetCmd>
20004b00:	bf00      	nop
20004b02:	bd80      	pop	{r7, pc}

20004b04 <SYSCFG_MemoryRemapConfig>:
20004b04:	b480      	push	{r7}
20004b06:	b083      	sub	sp, #12
20004b08:	af00      	add	r7, sp, #0
20004b0a:	4603      	mov	r3, r0
20004b0c:	71fb      	strb	r3, [r7, #7]
20004b0e:	4a04      	ldr	r2, [pc, #16]	@ (20004b20 <SYSCFG_MemoryRemapConfig+0x1c>)
20004b10:	79fb      	ldrb	r3, [r7, #7]
20004b12:	6013      	str	r3, [r2, #0]
20004b14:	bf00      	nop
20004b16:	370c      	adds	r7, #12
20004b18:	46bd      	mov	sp, r7
20004b1a:	bc80      	pop	{r7}
20004b1c:	4770      	bx	lr
20004b1e:	bf00      	nop
20004b20:	40013800 	.word	0x40013800

20004b24 <SYSCFG_MemorySwappingBank>:
20004b24:	b480      	push	{r7}
20004b26:	b083      	sub	sp, #12
20004b28:	af00      	add	r7, sp, #0
20004b2a:	4603      	mov	r3, r0
20004b2c:	71fb      	strb	r3, [r7, #7]
20004b2e:	4a04      	ldr	r2, [pc, #16]	@ (20004b40 <SYSCFG_MemorySwappingBank+0x1c>)
20004b30:	79fb      	ldrb	r3, [r7, #7]
20004b32:	6013      	str	r3, [r2, #0]
20004b34:	bf00      	nop
20004b36:	370c      	adds	r7, #12
20004b38:	46bd      	mov	sp, r7
20004b3a:	bc80      	pop	{r7}
20004b3c:	4770      	bx	lr
20004b3e:	bf00      	nop
20004b40:	42270020 	.word	0x42270020

20004b44 <SYSCFG_EXTILineConfig>:
20004b44:	b480      	push	{r7}
20004b46:	b085      	sub	sp, #20
20004b48:	af00      	add	r7, sp, #0
20004b4a:	4603      	mov	r3, r0
20004b4c:	460a      	mov	r2, r1
20004b4e:	71fb      	strb	r3, [r7, #7]
20004b50:	4613      	mov	r3, r2
20004b52:	71bb      	strb	r3, [r7, #6]
20004b54:	2300      	movs	r3, #0
20004b56:	60fb      	str	r3, [r7, #12]
20004b58:	79bb      	ldrb	r3, [r7, #6]
20004b5a:	f003 0303 	and.w	r3, r3, #3
20004b5e:	009b      	lsls	r3, r3, #2
20004b60:	220f      	movs	r2, #15
20004b62:	fa02 f303 	lsl.w	r3, r2, r3
20004b66:	60fb      	str	r3, [r7, #12]
20004b68:	4a15      	ldr	r2, [pc, #84]	@ (20004bc0 <SYSCFG_EXTILineConfig+0x7c>)
20004b6a:	79bb      	ldrb	r3, [r7, #6]
20004b6c:	089b      	lsrs	r3, r3, #2
20004b6e:	b2db      	uxtb	r3, r3
20004b70:	3302      	adds	r3, #2
20004b72:	f852 2023 	ldr.w	r2, [r2, r3, lsl #2]
20004b76:	68fb      	ldr	r3, [r7, #12]
20004b78:	43db      	mvns	r3, r3
20004b7a:	4811      	ldr	r0, [pc, #68]	@ (20004bc0 <SYSCFG_EXTILineConfig+0x7c>)
20004b7c:	79b9      	ldrb	r1, [r7, #6]
20004b7e:	0889      	lsrs	r1, r1, #2
20004b80:	b2c9      	uxtb	r1, r1
20004b82:	401a      	ands	r2, r3
20004b84:	1c8b      	adds	r3, r1, #2
20004b86:	f840 2023 	str.w	r2, [r0, r3, lsl #2]
20004b8a:	4a0d      	ldr	r2, [pc, #52]	@ (20004bc0 <SYSCFG_EXTILineConfig+0x7c>)
20004b8c:	79bb      	ldrb	r3, [r7, #6]
20004b8e:	089b      	lsrs	r3, r3, #2
20004b90:	b2db      	uxtb	r3, r3
20004b92:	3302      	adds	r3, #2
20004b94:	f852 2023 	ldr.w	r2, [r2, r3, lsl #2]
20004b98:	79f9      	ldrb	r1, [r7, #7]
20004b9a:	79bb      	ldrb	r3, [r7, #6]
20004b9c:	f003 0303 	and.w	r3, r3, #3
20004ba0:	009b      	lsls	r3, r3, #2
20004ba2:	fa01 f303 	lsl.w	r3, r1, r3
20004ba6:	4806      	ldr	r0, [pc, #24]	@ (20004bc0 <SYSCFG_EXTILineConfig+0x7c>)
20004ba8:	79b9      	ldrb	r1, [r7, #6]
20004baa:	0889      	lsrs	r1, r1, #2
20004bac:	b2c9      	uxtb	r1, r1
20004bae:	431a      	orrs	r2, r3
20004bb0:	1c8b      	adds	r3, r1, #2
20004bb2:	f840 2023 	str.w	r2, [r0, r3, lsl #2]
20004bb6:	bf00      	nop
20004bb8:	3714      	adds	r7, #20
20004bba:	46bd      	mov	sp, r7
20004bbc:	bc80      	pop	{r7}
20004bbe:	4770      	bx	lr
20004bc0:	40013800 	.word	0x40013800

20004bc4 <SYSCFG_ETH_MediaInterfaceConfig>:
20004bc4:	b480      	push	{r7}
20004bc6:	b083      	sub	sp, #12
20004bc8:	af00      	add	r7, sp, #0
20004bca:	6078      	str	r0, [r7, #4]
20004bcc:	4a03      	ldr	r2, [pc, #12]	@ (20004bdc <SYSCFG_ETH_MediaInterfaceConfig+0x18>)
20004bce:	687b      	ldr	r3, [r7, #4]
20004bd0:	6013      	str	r3, [r2, #0]
20004bd2:	bf00      	nop
20004bd4:	370c      	adds	r7, #12
20004bd6:	46bd      	mov	sp, r7
20004bd8:	bc80      	pop	{r7}
20004bda:	4770      	bx	lr
20004bdc:	422700dc 	.word	0x422700dc

20004be0 <SYSCFG_CompensationCellCmd>:
20004be0:	b480      	push	{r7}
20004be2:	b083      	sub	sp, #12
20004be4:	af00      	add	r7, sp, #0
20004be6:	4603      	mov	r3, r0
20004be8:	71fb      	strb	r3, [r7, #7]
20004bea:	4a04      	ldr	r2, [pc, #16]	@ (20004bfc <SYSCFG_CompensationCellCmd+0x1c>)
20004bec:	79fb      	ldrb	r3, [r7, #7]
20004bee:	6013      	str	r3, [r2, #0]
20004bf0:	bf00      	nop
20004bf2:	370c      	adds	r7, #12
20004bf4:	46bd      	mov	sp, r7
20004bf6:	bc80      	pop	{r7}
20004bf8:	4770      	bx	lr
20004bfa:	bf00      	nop
20004bfc:	42270400 	.word	0x42270400

20004c00 <SYSCFG_GetCompensationCellStatus>:
20004c00:	b480      	push	{r7}
20004c02:	b083      	sub	sp, #12
20004c04:	af00      	add	r7, sp, #0
20004c06:	2300      	movs	r3, #0
20004c08:	71fb      	strb	r3, [r7, #7]
20004c0a:	4b08      	ldr	r3, [pc, #32]	@ (20004c2c <SYSCFG_GetCompensationCellStatus+0x2c>)
20004c0c:	6a1b      	ldr	r3, [r3, #32]
20004c0e:	f403 7380 	and.w	r3, r3, #256	@ 0x100
20004c12:	2b00      	cmp	r3, #0
20004c14:	d002      	beq.n	20004c1c <SYSCFG_GetCompensationCellStatus+0x1c>
20004c16:	2301      	movs	r3, #1
20004c18:	71fb      	strb	r3, [r7, #7]
20004c1a:	e001      	b.n	20004c20 <SYSCFG_GetCompensationCellStatus+0x20>
20004c1c:	2300      	movs	r3, #0
20004c1e:	71fb      	strb	r3, [r7, #7]
20004c20:	79fb      	ldrb	r3, [r7, #7]
20004c22:	4618      	mov	r0, r3
20004c24:	370c      	adds	r7, #12
20004c26:	46bd      	mov	sp, r7
20004c28:	bc80      	pop	{r7}
20004c2a:	4770      	bx	lr
20004c2c:	40013800 	.word	0x40013800

20004c30 <TIM_DeInit>:
20004c30:	b580      	push	{r7, lr}
20004c32:	b082      	sub	sp, #8
20004c34:	af00      	add	r7, sp, #0
20004c36:	6078      	str	r0, [r7, #4]
20004c38:	687b      	ldr	r3, [r7, #4]
20004c3a:	4a60      	ldr	r2, [pc, #384]	@ (20004dbc <TIM_DeInit+0x18c>)
20004c3c:	4293      	cmp	r3, r2
20004c3e:	d108      	bne.n	20004c52 <TIM_DeInit+0x22>
20004c40:	2101      	movs	r1, #1
20004c42:	2001      	movs	r0, #1
20004c44:	f7ff fe04 	bl	20004850 <RCC_APB2PeriphResetCmd>
20004c48:	2100      	movs	r1, #0
20004c4a:	2001      	movs	r0, #1
20004c4c:	f7ff fe00 	bl	20004850 <RCC_APB2PeriphResetCmd>
20004c50:	e0af      	b.n	20004db2 <TIM_DeInit+0x182>
20004c52:	687b      	ldr	r3, [r7, #4]
20004c54:	f1b3 4f80 	cmp.w	r3, #1073741824	@ 0x40000000
20004c58:	d108      	bne.n	20004c6c <TIM_DeInit+0x3c>
20004c5a:	2101      	movs	r1, #1
20004c5c:	2001      	movs	r0, #1
20004c5e:	f7ff fdd9 	bl	20004814 <RCC_APB1PeriphResetCmd>
20004c62:	2100      	movs	r1, #0
20004c64:	2001      	movs	r0, #1
20004c66:	f7ff fdd5 	bl	20004814 <RCC_APB1PeriphResetCmd>
20004c6a:	e0a2      	b.n	20004db2 <TIM_DeInit+0x182>
20004c6c:	687b      	ldr	r3, [r7, #4]
20004c6e:	4a54      	ldr	r2, [pc, #336]	@ (20004dc0 <TIM_DeInit+0x190>)
20004c70:	4293      	cmp	r3, r2
20004c72:	d108      	bne.n	20004c86 <TIM_DeInit+0x56>
20004c74:	2101      	movs	r1, #1
20004c76:	2002      	movs	r0, #2
20004c78:	f7ff fdcc 	bl	20004814 <RCC_APB1PeriphResetCmd>
20004c7c:	2100      	movs	r1, #0
20004c7e:	2002      	movs	r0, #2
20004c80:	f7ff fdc8 	bl	20004814 <RCC_APB1PeriphResetCmd>
20004c84:	e095      	b.n	20004db2 <TIM_DeInit+0x182>
20004c86:	687b      	ldr	r3, [r7, #4]
20004c88:	4a4e      	ldr	r2, [pc, #312]	@ (20004dc4 <TIM_DeInit+0x194>)
20004c8a:	4293      	cmp	r3, r2
20004c8c:	d108      	bne.n	20004ca0 <TIM_DeInit+0x70>
20004c8e:	2101      	movs	r1, #1
20004c90:	2004      	movs	r0, #4
20004c92:	f7ff fdbf 	bl	20004814 <RCC_APB1PeriphResetCmd>
20004c96:	2100      	movs	r1, #0
20004c98:	2004      	movs	r0, #4
20004c9a:	f7ff fdbb 	bl	20004814 <RCC_APB1PeriphResetCmd>
20004c9e:	e088      	b.n	20004db2 <TIM_DeInit+0x182>
20004ca0:	687b      	ldr	r3, [r7, #4]
20004ca2:	4a49      	ldr	r2, [pc, #292]	@ (20004dc8 <TIM_DeInit+0x198>)
20004ca4:	4293      	cmp	r3, r2
20004ca6:	d108      	bne.n	20004cba <TIM_DeInit+0x8a>
20004ca8:	2101      	movs	r1, #1
20004caa:	2008      	movs	r0, #8
20004cac:	f7ff fdb2 	bl	20004814 <RCC_APB1PeriphResetCmd>
20004cb0:	2100      	movs	r1, #0
20004cb2:	2008      	movs	r0, #8
20004cb4:	f7ff fdae 	bl	20004814 <RCC_APB1PeriphResetCmd>
20004cb8:	e07b      	b.n	20004db2 <TIM_DeInit+0x182>
20004cba:	687b      	ldr	r3, [r7, #4]
20004cbc:	4a43      	ldr	r2, [pc, #268]	@ (20004dcc <TIM_DeInit+0x19c>)
20004cbe:	4293      	cmp	r3, r2
20004cc0:	d108      	bne.n	20004cd4 <TIM_DeInit+0xa4>
20004cc2:	2101      	movs	r1, #1
20004cc4:	2010      	movs	r0, #16
20004cc6:	f7ff fda5 	bl	20004814 <RCC_APB1PeriphResetCmd>
20004cca:	2100      	movs	r1, #0
20004ccc:	2010      	movs	r0, #16
20004cce:	f7ff fda1 	bl	20004814 <RCC_APB1PeriphResetCmd>
20004cd2:	e06e      	b.n	20004db2 <TIM_DeInit+0x182>
20004cd4:	687b      	ldr	r3, [r7, #4]
20004cd6:	4a3e      	ldr	r2, [pc, #248]	@ (20004dd0 <TIM_DeInit+0x1a0>)
20004cd8:	4293      	cmp	r3, r2
20004cda:	d108      	bne.n	20004cee <TIM_DeInit+0xbe>
20004cdc:	2101      	movs	r1, #1
20004cde:	2020      	movs	r0, #32
20004ce0:	f7ff fd98 	bl	20004814 <RCC_APB1PeriphResetCmd>
20004ce4:	2100      	movs	r1, #0
20004ce6:	2020      	movs	r0, #32
20004ce8:	f7ff fd94 	bl	20004814 <RCC_APB1PeriphResetCmd>
20004cec:	e061      	b.n	20004db2 <TIM_DeInit+0x182>
20004cee:	687b      	ldr	r3, [r7, #4]
20004cf0:	4a38      	ldr	r2, [pc, #224]	@ (20004dd4 <TIM_DeInit+0x1a4>)
20004cf2:	4293      	cmp	r3, r2
20004cf4:	d108      	bne.n	20004d08 <TIM_DeInit+0xd8>
20004cf6:	2101      	movs	r1, #1
20004cf8:	2002      	movs	r0, #2
20004cfa:	f7ff fda9 	bl	20004850 <RCC_APB2PeriphResetCmd>
20004cfe:	2100      	movs	r1, #0
20004d00:	2002      	movs	r0, #2
20004d02:	f7ff fda5 	bl	20004850 <RCC_APB2PeriphResetCmd>
20004d06:	e054      	b.n	20004db2 <TIM_DeInit+0x182>
20004d08:	687b      	ldr	r3, [r7, #4]
20004d0a:	4a33      	ldr	r2, [pc, #204]	@ (20004dd8 <TIM_DeInit+0x1a8>)
20004d0c:	4293      	cmp	r3, r2
20004d0e:	d10a      	bne.n	20004d26 <TIM_DeInit+0xf6>
20004d10:	2101      	movs	r1, #1
20004d12:	f44f 3080 	mov.w	r0, #65536	@ 0x10000
20004d16:	f7ff fd9b 	bl	20004850 <RCC_APB2PeriphResetCmd>
20004d1a:	2100      	movs	r1, #0
20004d1c:	f44f 3080 	mov.w	r0, #65536	@ 0x10000
20004d20:	f7ff fd96 	bl	20004850 <RCC_APB2PeriphResetCmd>
20004d24:	e045      	b.n	20004db2 <TIM_DeInit+0x182>
20004d26:	687b      	ldr	r3, [r7, #4]
20004d28:	4a2c      	ldr	r2, [pc, #176]	@ (20004ddc <TIM_DeInit+0x1ac>)
20004d2a:	4293      	cmp	r3, r2
20004d2c:	d10a      	bne.n	20004d44 <TIM_DeInit+0x114>
20004d2e:	2101      	movs	r1, #1
20004d30:	f44f 3000 	mov.w	r0, #131072	@ 0x20000
20004d34:	f7ff fd8c 	bl	20004850 <RCC_APB2PeriphResetCmd>
20004d38:	2100      	movs	r1, #0
20004d3a:	f44f 3000 	mov.w	r0, #131072	@ 0x20000
20004d3e:	f7ff fd87 	bl	20004850 <RCC_APB2PeriphResetCmd>
20004d42:	e036      	b.n	20004db2 <TIM_DeInit+0x182>
20004d44:	687b      	ldr	r3, [r7, #4]
20004d46:	4a26      	ldr	r2, [pc, #152]	@ (20004de0 <TIM_DeInit+0x1b0>)
20004d48:	4293      	cmp	r3, r2
20004d4a:	d10a      	bne.n	20004d62 <TIM_DeInit+0x132>
20004d4c:	2101      	movs	r1, #1
20004d4e:	f44f 2080 	mov.w	r0, #262144	@ 0x40000
20004d52:	f7ff fd7d 	bl	20004850 <RCC_APB2PeriphResetCmd>
20004d56:	2100      	movs	r1, #0
20004d58:	f44f 2080 	mov.w	r0, #262144	@ 0x40000
20004d5c:	f7ff fd78 	bl	20004850 <RCC_APB2PeriphResetCmd>
20004d60:	e027      	b.n	20004db2 <TIM_DeInit+0x182>
20004d62:	687b      	ldr	r3, [r7, #4]
20004d64:	4a1f      	ldr	r2, [pc, #124]	@ (20004de4 <TIM_DeInit+0x1b4>)
20004d66:	4293      	cmp	r3, r2
20004d68:	d108      	bne.n	20004d7c <TIM_DeInit+0x14c>
20004d6a:	2101      	movs	r1, #1
20004d6c:	2040      	movs	r0, #64	@ 0x40
20004d6e:	f7ff fd51 	bl	20004814 <RCC_APB1PeriphResetCmd>
20004d72:	2100      	movs	r1, #0
20004d74:	2040      	movs	r0, #64	@ 0x40
20004d76:	f7ff fd4d 	bl	20004814 <RCC_APB1PeriphResetCmd>
20004d7a:	e01a      	b.n	20004db2 <TIM_DeInit+0x182>
20004d7c:	687b      	ldr	r3, [r7, #4]
20004d7e:	4a1a      	ldr	r2, [pc, #104]	@ (20004de8 <TIM_DeInit+0x1b8>)
20004d80:	4293      	cmp	r3, r2
20004d82:	d108      	bne.n	20004d96 <TIM_DeInit+0x166>
20004d84:	2101      	movs	r1, #1
20004d86:	2080      	movs	r0, #128	@ 0x80
20004d88:	f7ff fd44 	bl	20004814 <RCC_APB1PeriphResetCmd>
20004d8c:	2100      	movs	r1, #0
20004d8e:	2080      	movs	r0, #128	@ 0x80
20004d90:	f7ff fd40 	bl	20004814 <RCC_APB1PeriphResetCmd>
20004d94:	e00d      	b.n	20004db2 <TIM_DeInit+0x182>
20004d96:	687b      	ldr	r3, [r7, #4]
20004d98:	4a14      	ldr	r2, [pc, #80]	@ (20004dec <TIM_DeInit+0x1bc>)
20004d9a:	4293      	cmp	r3, r2
20004d9c:	d109      	bne.n	20004db2 <TIM_DeInit+0x182>
20004d9e:	2101      	movs	r1, #1
20004da0:	f44f 7080 	mov.w	r0, #256	@ 0x100
20004da4:	f7ff fd36 	bl	20004814 <RCC_APB1PeriphResetCmd>
20004da8:	2100      	movs	r1, #0
20004daa:	f44f 7080 	mov.w	r0, #256	@ 0x100
20004dae:	f7ff fd31 	bl	20004814 <RCC_APB1PeriphResetCmd>
20004db2:	bf00      	nop
20004db4:	3708      	adds	r7, #8
20004db6:	46bd      	mov	sp, r7
20004db8:	bd80      	pop	{r7, pc}
20004dba:	bf00      	nop
20004dbc:	40010000 	.word	0x40010000
20004dc0:	40000400 	.word	0x40000400
20004dc4:	40000800 	.word	0x40000800
20004dc8:	40000c00 	.word	0x40000c00
20004dcc:	40001000 	.word	0x40001000
20004dd0:	40001400 	.word	0x40001400
20004dd4:	40010400 	.word	0x40010400
20004dd8:	40014000 	.word	0x40014000
20004ddc:	40014400 	.word	0x40014400
20004de0:	40014800 	.word	0x40014800
20004de4:	40001800 	.word	0x40001800
20004de8:	40001c00 	.word	0x40001c00
20004dec:	40002000 	.word	0x40002000

20004df0 <TIM_TimeBaseInit>:
20004df0:	b480      	push	{r7}
20004df2:	b085      	sub	sp, #20
20004df4:	af00      	add	r7, sp, #0
20004df6:	6078      	str	r0, [r7, #4]
20004df8:	6039      	str	r1, [r7, #0]
20004dfa:	2300      	movs	r3, #0
20004dfc:	81fb      	strh	r3, [r7, #14]
20004dfe:	687b      	ldr	r3, [r7, #4]
20004e00:	881b      	ldrh	r3, [r3, #0]
20004e02:	81fb      	strh	r3, [r7, #14]
20004e04:	687b      	ldr	r3, [r7, #4]
20004e06:	4a28      	ldr	r2, [pc, #160]	@ (20004ea8 <TIM_TimeBaseInit+0xb8>)
20004e08:	4293      	cmp	r3, r2
20004e0a:	d013      	beq.n	20004e34 <TIM_TimeBaseInit+0x44>
20004e0c:	687b      	ldr	r3, [r7, #4]
20004e0e:	4a27      	ldr	r2, [pc, #156]	@ (20004eac <TIM_TimeBaseInit+0xbc>)
20004e10:	4293      	cmp	r3, r2
20004e12:	d00f      	beq.n	20004e34 <TIM_TimeBaseInit+0x44>
20004e14:	687b      	ldr	r3, [r7, #4]
20004e16:	f1b3 4f80 	cmp.w	r3, #1073741824	@ 0x40000000
20004e1a:	d00b      	beq.n	20004e34 <TIM_TimeBaseInit+0x44>
20004e1c:	687b      	ldr	r3, [r7, #4]
20004e1e:	4a24      	ldr	r2, [pc, #144]	@ (20004eb0 <TIM_TimeBaseInit+0xc0>)
20004e20:	4293      	cmp	r3, r2
20004e22:	d007      	beq.n	20004e34 <TIM_TimeBaseInit+0x44>
20004e24:	687b      	ldr	r3, [r7, #4]
20004e26:	4a23      	ldr	r2, [pc, #140]	@ (20004eb4 <TIM_TimeBaseInit+0xc4>)
20004e28:	4293      	cmp	r3, r2
20004e2a:	d003      	beq.n	20004e34 <TIM_TimeBaseInit+0x44>
20004e2c:	687b      	ldr	r3, [r7, #4]
20004e2e:	4a22      	ldr	r2, [pc, #136]	@ (20004eb8 <TIM_TimeBaseInit+0xc8>)
20004e30:	4293      	cmp	r3, r2
20004e32:	d108      	bne.n	20004e46 <TIM_TimeBaseInit+0x56>
20004e34:	89fb      	ldrh	r3, [r7, #14]
20004e36:	f023 0370 	bic.w	r3, r3, #112	@ 0x70
20004e3a:	81fb      	strh	r3, [r7, #14]
20004e3c:	683b      	ldr	r3, [r7, #0]
20004e3e:	885a      	ldrh	r2, [r3, #2]
20004e40:	89fb      	ldrh	r3, [r7, #14]
20004e42:	4313      	orrs	r3, r2
20004e44:	81fb      	strh	r3, [r7, #14]
20004e46:	687b      	ldr	r3, [r7, #4]
20004e48:	4a1c      	ldr	r2, [pc, #112]	@ (20004ebc <TIM_TimeBaseInit+0xcc>)
20004e4a:	4293      	cmp	r3, r2
20004e4c:	d00c      	beq.n	20004e68 <TIM_TimeBaseInit+0x78>
20004e4e:	687b      	ldr	r3, [r7, #4]
20004e50:	4a1b      	ldr	r2, [pc, #108]	@ (20004ec0 <TIM_TimeBaseInit+0xd0>)
20004e52:	4293      	cmp	r3, r2
20004e54:	d008      	beq.n	20004e68 <TIM_TimeBaseInit+0x78>
20004e56:	89fb      	ldrh	r3, [r7, #14]
20004e58:	f423 7340 	bic.w	r3, r3, #768	@ 0x300
20004e5c:	81fb      	strh	r3, [r7, #14]
20004e5e:	683b      	ldr	r3, [r7, #0]
20004e60:	891a      	ldrh	r2, [r3, #8]
20004e62:	89fb      	ldrh	r3, [r7, #14]
20004e64:	4313      	orrs	r3, r2
20004e66:	81fb      	strh	r3, [r7, #14]
20004e68:	687b      	ldr	r3, [r7, #4]
20004e6a:	89fa      	ldrh	r2, [r7, #14]
20004e6c:	801a      	strh	r2, [r3, #0]
20004e6e:	683b      	ldr	r3, [r7, #0]
20004e70:	685a      	ldr	r2, [r3, #4]
20004e72:	687b      	ldr	r3, [r7, #4]
20004e74:	62da      	str	r2, [r3, #44]	@ 0x2c
20004e76:	683b      	ldr	r3, [r7, #0]
20004e78:	881a      	ldrh	r2, [r3, #0]
20004e7a:	687b      	ldr	r3, [r7, #4]
20004e7c:	851a      	strh	r2, [r3, #40]	@ 0x28
20004e7e:	687b      	ldr	r3, [r7, #4]
20004e80:	4a09      	ldr	r2, [pc, #36]	@ (20004ea8 <TIM_TimeBaseInit+0xb8>)
20004e82:	4293      	cmp	r3, r2
20004e84:	d003      	beq.n	20004e8e <TIM_TimeBaseInit+0x9e>
20004e86:	687b      	ldr	r3, [r7, #4]
20004e88:	4a08      	ldr	r2, [pc, #32]	@ (20004eac <TIM_TimeBaseInit+0xbc>)
20004e8a:	4293      	cmp	r3, r2
20004e8c:	d104      	bne.n	20004e98 <TIM_TimeBaseInit+0xa8>
20004e8e:	683b      	ldr	r3, [r7, #0]
20004e90:	7a9b      	ldrb	r3, [r3, #10]
20004e92:	461a      	mov	r2, r3
20004e94:	687b      	ldr	r3, [r7, #4]
20004e96:	861a      	strh	r2, [r3, #48]	@ 0x30
20004e98:	687b      	ldr	r3, [r7, #4]
20004e9a:	2201      	movs	r2, #1
20004e9c:	829a      	strh	r2, [r3, #20]
20004e9e:	bf00      	nop
20004ea0:	3714      	adds	r7, #20
20004ea2:	46bd      	mov	sp, r7
20004ea4:	bc80      	pop	{r7}
20004ea6:	4770      	bx	lr
20004ea8:	40010000 	.word	0x40010000
20004eac:	40010400 	.word	0x40010400
20004eb0:	40000400 	.word	0x40000400
20004eb4:	40000800 	.word	0x40000800
20004eb8:	40000c00 	.word	0x40000c00
20004ebc:	40001000 	.word	0x40001000
20004ec0:	40001400 	.word	0x40001400

20004ec4 <TIM_TimeBaseStructInit>:
20004ec4:	b480      	push	{r7}
20004ec6:	b083      	sub	sp, #12
20004ec8:	af00      	add	r7, sp, #0
20004eca:	6078      	str	r0, [r7, #4]
20004ecc:	687b      	ldr	r3, [r7, #4]
20004ece:	f04f 32ff 	mov.w	r2, #4294967295	@ 0xffffffff
20004ed2:	605a      	str	r2, [r3, #4]
20004ed4:	687b      	ldr	r3, [r7, #4]
20004ed6:	2200      	movs	r2, #0
20004ed8:	801a      	strh	r2, [r3, #0]
20004eda:	687b      	ldr	r3, [r7, #4]
20004edc:	2200      	movs	r2, #0
20004ede:	811a      	strh	r2, [r3, #8]
20004ee0:	687b      	ldr	r3, [r7, #4]
20004ee2:	2200      	movs	r2, #0
20004ee4:	805a      	strh	r2, [r3, #2]
20004ee6:	687b      	ldr	r3, [r7, #4]
20004ee8:	2200      	movs	r2, #0
20004eea:	729a      	strb	r2, [r3, #10]
20004eec:	bf00      	nop
20004eee:	370c      	adds	r7, #12
20004ef0:	46bd      	mov	sp, r7
20004ef2:	bc80      	pop	{r7}
20004ef4:	4770      	bx	lr

20004ef6 <TIM_PrescalerConfig>:
20004ef6:	b480      	push	{r7}
20004ef8:	b083      	sub	sp, #12
20004efa:	af00      	add	r7, sp, #0
20004efc:	6078      	str	r0, [r7, #4]
20004efe:	460b      	mov	r3, r1
20004f00:	807b      	strh	r3, [r7, #2]
20004f02:	4613      	mov	r3, r2
20004f04:	803b      	strh	r3, [r7, #0]
20004f06:	687b      	ldr	r3, [r7, #4]
20004f08:	887a      	ldrh	r2, [r7, #2]
20004f0a:	851a      	strh	r2, [r3, #40]	@ 0x28
20004f0c:	687b      	ldr	r3, [r7, #4]
20004f0e:	883a      	ldrh	r2, [r7, #0]
20004f10:	829a      	strh	r2, [r3, #20]
20004f12:	bf00      	nop
20004f14:	370c      	adds	r7, #12
20004f16:	46bd      	mov	sp, r7
20004f18:	bc80      	pop	{r7}
20004f1a:	4770      	bx	lr

20004f1c <TIM_CounterModeConfig>:
20004f1c:	b480      	push	{r7}
20004f1e:	b085      	sub	sp, #20
20004f20:	af00      	add	r7, sp, #0
20004f22:	6078      	str	r0, [r7, #4]
20004f24:	460b      	mov	r3, r1
20004f26:	807b      	strh	r3, [r7, #2]
20004f28:	2300      	movs	r3, #0
20004f2a:	81fb      	strh	r3, [r7, #14]
20004f2c:	687b      	ldr	r3, [r7, #4]
20004f2e:	881b      	ldrh	r3, [r3, #0]
20004f30:	81fb      	strh	r3, [r7, #14]
20004f32:	89fb      	ldrh	r3, [r7, #14]
20004f34:	f023 0370 	bic.w	r3, r3, #112	@ 0x70
20004f38:	81fb      	strh	r3, [r7, #14]
20004f3a:	89fa      	ldrh	r2, [r7, #14]
20004f3c:	887b      	ldrh	r3, [r7, #2]
20004f3e:	4313      	orrs	r3, r2
20004f40:	81fb      	strh	r3, [r7, #14]
20004f42:	687b      	ldr	r3, [r7, #4]
20004f44:	89fa      	ldrh	r2, [r7, #14]
20004f46:	801a      	strh	r2, [r3, #0]
20004f48:	bf00      	nop
20004f4a:	3714      	adds	r7, #20
20004f4c:	46bd      	mov	sp, r7
20004f4e:	bc80      	pop	{r7}
20004f50:	4770      	bx	lr

20004f52 <TIM_SetCounter>:
20004f52:	b480      	push	{r7}
20004f54:	b083      	sub	sp, #12
20004f56:	af00      	add	r7, sp, #0
20004f58:	6078      	str	r0, [r7, #4]
20004f5a:	6039      	str	r1, [r7, #0]
20004f5c:	687b      	ldr	r3, [r7, #4]
20004f5e:	683a      	ldr	r2, [r7, #0]
20004f60:	625a      	str	r2, [r3, #36]	@ 0x24
20004f62:	bf00      	nop
20004f64:	370c      	adds	r7, #12
20004f66:	46bd      	mov	sp, r7
20004f68:	bc80      	pop	{r7}
20004f6a:	4770      	bx	lr

20004f6c <TIM_SetAutoreload>:
20004f6c:	b480      	push	{r7}
20004f6e:	b083      	sub	sp, #12
20004f70:	af00      	add	r7, sp, #0
20004f72:	6078      	str	r0, [r7, #4]
20004f74:	6039      	str	r1, [r7, #0]
20004f76:	687b      	ldr	r3, [r7, #4]
20004f78:	683a      	ldr	r2, [r7, #0]
20004f7a:	62da      	str	r2, [r3, #44]	@ 0x2c
20004f7c:	bf00      	nop
20004f7e:	370c      	adds	r7, #12
20004f80:	46bd      	mov	sp, r7
20004f82:	bc80      	pop	{r7}
20004f84:	4770      	bx	lr

20004f86 <TIM_GetCounter>:
20004f86:	b480      	push	{r7}
20004f88:	b083      	sub	sp, #12
20004f8a:	af00      	add	r7, sp, #0
20004f8c:	6078      	str	r0, [r7, #4]
20004f8e:	687b      	ldr	r3, [r7, #4]
20004f90:	6a5b      	ldr	r3, [r3, #36]	@ 0x24
20004f92:	4618      	mov	r0, r3
20004f94:	370c      	adds	r7, #12
20004f96:	46bd      	mov	sp, r7
20004f98:	bc80      	pop	{r7}
20004f9a:	4770      	bx	lr

20004f9c <TIM_GetPrescaler>:
20004f9c:	b480      	push	{r7}
20004f9e:	b083      	sub	sp, #12
20004fa0:	af00      	add	r7, sp, #0
20004fa2:	6078      	str	r0, [r7, #4]
20004fa4:	687b      	ldr	r3, [r7, #4]
20004fa6:	8d1b      	ldrh	r3, [r3, #40]	@ 0x28
20004fa8:	b29b      	uxth	r3, r3
20004faa:	4618      	mov	r0, r3
20004fac:	370c      	adds	r7, #12
20004fae:	46bd      	mov	sp, r7
20004fb0:	bc80      	pop	{r7}
20004fb2:	4770      	bx	lr

20004fb4 <TIM_UpdateDisableConfig>:
20004fb4:	b480      	push	{r7}
20004fb6:	b083      	sub	sp, #12
20004fb8:	af00      	add	r7, sp, #0
20004fba:	6078      	str	r0, [r7, #4]
20004fbc:	460b      	mov	r3, r1
20004fbe:	70fb      	strb	r3, [r7, #3]
20004fc0:	78fb      	ldrb	r3, [r7, #3]
20004fc2:	2b00      	cmp	r3, #0
20004fc4:	d008      	beq.n	20004fd8 <TIM_UpdateDisableConfig+0x24>
20004fc6:	687b      	ldr	r3, [r7, #4]
20004fc8:	881b      	ldrh	r3, [r3, #0]
20004fca:	b29b      	uxth	r3, r3
20004fcc:	f043 0302 	orr.w	r3, r3, #2
20004fd0:	b29a      	uxth	r2, r3
20004fd2:	687b      	ldr	r3, [r7, #4]
20004fd4:	801a      	strh	r2, [r3, #0]
20004fd6:	e007      	b.n	20004fe8 <TIM_UpdateDisableConfig+0x34>
20004fd8:	687b      	ldr	r3, [r7, #4]
20004fda:	881b      	ldrh	r3, [r3, #0]
20004fdc:	b29b      	uxth	r3, r3
20004fde:	f023 0302 	bic.w	r3, r3, #2
20004fe2:	b29a      	uxth	r2, r3
20004fe4:	687b      	ldr	r3, [r7, #4]
20004fe6:	801a      	strh	r2, [r3, #0]
20004fe8:	bf00      	nop
20004fea:	370c      	adds	r7, #12
20004fec:	46bd      	mov	sp, r7
20004fee:	bc80      	pop	{r7}
20004ff0:	4770      	bx	lr

20004ff2 <TIM_UpdateRequestConfig>:
20004ff2:	b480      	push	{r7}
20004ff4:	b083      	sub	sp, #12
20004ff6:	af00      	add	r7, sp, #0
20004ff8:	6078      	str	r0, [r7, #4]
20004ffa:	460b      	mov	r3, r1
20004ffc:	807b      	strh	r3, [r7, #2]
20004ffe:	887b      	ldrh	r3, [r7, #2]
20005000:	2b00      	cmp	r3, #0
20005002:	d008      	beq.n	20005016 <TIM_UpdateRequestConfig+0x24>
20005004:	687b      	ldr	r3, [r7, #4]
20005006:	881b      	ldrh	r3, [r3, #0]
20005008:	b29b      	uxth	r3, r3
2000500a:	f043 0304 	orr.w	r3, r3, #4
2000500e:	b29a      	uxth	r2, r3
20005010:	687b      	ldr	r3, [r7, #4]
20005012:	801a      	strh	r2, [r3, #0]
20005014:	e007      	b.n	20005026 <TIM_UpdateRequestConfig+0x34>
20005016:	687b      	ldr	r3, [r7, #4]
20005018:	881b      	ldrh	r3, [r3, #0]
2000501a:	b29b      	uxth	r3, r3
2000501c:	f023 0304 	bic.w	r3, r3, #4
20005020:	b29a      	uxth	r2, r3
20005022:	687b      	ldr	r3, [r7, #4]
20005024:	801a      	strh	r2, [r3, #0]
20005026:	bf00      	nop
20005028:	370c      	adds	r7, #12
2000502a:	46bd      	mov	sp, r7
2000502c:	bc80      	pop	{r7}
2000502e:	4770      	bx	lr

20005030 <TIM_ARRPreloadConfig>:
20005030:	b480      	push	{r7}
20005032:	b083      	sub	sp, #12
20005034:	af00      	add	r7, sp, #0
20005036:	6078      	str	r0, [r7, #4]
20005038:	460b      	mov	r3, r1
2000503a:	70fb      	strb	r3, [r7, #3]
2000503c:	78fb      	ldrb	r3, [r7, #3]
2000503e:	2b00      	cmp	r3, #0
20005040:	d008      	beq.n	20005054 <TIM_ARRPreloadConfig+0x24>
20005042:	687b      	ldr	r3, [r7, #4]
20005044:	881b      	ldrh	r3, [r3, #0]
20005046:	b29b      	uxth	r3, r3
20005048:	f043 0380 	orr.w	r3, r3, #128	@ 0x80
2000504c:	b29a      	uxth	r2, r3
2000504e:	687b      	ldr	r3, [r7, #4]
20005050:	801a      	strh	r2, [r3, #0]
20005052:	e007      	b.n	20005064 <TIM_ARRPreloadConfig+0x34>
20005054:	687b      	ldr	r3, [r7, #4]
20005056:	881b      	ldrh	r3, [r3, #0]
20005058:	b29b      	uxth	r3, r3
2000505a:	f023 0380 	bic.w	r3, r3, #128	@ 0x80
2000505e:	b29a      	uxth	r2, r3
20005060:	687b      	ldr	r3, [r7, #4]
20005062:	801a      	strh	r2, [r3, #0]
20005064:	bf00      	nop
20005066:	370c      	adds	r7, #12
20005068:	46bd      	mov	sp, r7
2000506a:	bc80      	pop	{r7}
2000506c:	4770      	bx	lr

2000506e <TIM_SelectOnePulseMode>:
2000506e:	b480      	push	{r7}
20005070:	b083      	sub	sp, #12
20005072:	af00      	add	r7, sp, #0
20005074:	6078      	str	r0, [r7, #4]
20005076:	460b      	mov	r3, r1
20005078:	807b      	strh	r3, [r7, #2]
2000507a:	687b      	ldr	r3, [r7, #4]
2000507c:	881b      	ldrh	r3, [r3, #0]
2000507e:	b29b      	uxth	r3, r3
20005080:	f023 0308 	bic.w	r3, r3, #8
20005084:	b29a      	uxth	r2, r3
20005086:	687b      	ldr	r3, [r7, #4]
20005088:	801a      	strh	r2, [r3, #0]
2000508a:	687b      	ldr	r3, [r7, #4]
2000508c:	881b      	ldrh	r3, [r3, #0]
2000508e:	b29a      	uxth	r2, r3
20005090:	887b      	ldrh	r3, [r7, #2]
20005092:	4313      	orrs	r3, r2
20005094:	b29a      	uxth	r2, r3
20005096:	687b      	ldr	r3, [r7, #4]
20005098:	801a      	strh	r2, [r3, #0]
2000509a:	bf00      	nop
2000509c:	370c      	adds	r7, #12
2000509e:	46bd      	mov	sp, r7
200050a0:	bc80      	pop	{r7}
200050a2:	4770      	bx	lr

200050a4 <TIM_SetClockDivision>:
200050a4:	b480      	push	{r7}
200050a6:	b083      	sub	sp, #12
200050a8:	af00      	add	r7, sp, #0
200050aa:	6078      	str	r0, [r7, #4]
200050ac:	460b      	mov	r3, r1
200050ae:	807b      	strh	r3, [r7, #2]
200050b0:	687b      	ldr	r3, [r7, #4]
200050b2:	881b      	ldrh	r3, [r3, #0]
200050b4:	b29b      	uxth	r3, r3
200050b6:	f423 7340 	bic.w	r3, r3, #768	@ 0x300
200050ba:	b29a      	uxth	r2, r3
200050bc:	687b      	ldr	r3, [r7, #4]
200050be:	801a      	strh	r2, [r3, #0]
200050c0:	687b      	ldr	r3, [r7, #4]
200050c2:	881b      	ldrh	r3, [r3, #0]
200050c4:	b29a      	uxth	r2, r3
200050c6:	887b      	ldrh	r3, [r7, #2]
200050c8:	4313      	orrs	r3, r2
200050ca:	b29a      	uxth	r2, r3
200050cc:	687b      	ldr	r3, [r7, #4]
200050ce:	801a      	strh	r2, [r3, #0]
200050d0:	bf00      	nop
200050d2:	370c      	adds	r7, #12
200050d4:	46bd      	mov	sp, r7
200050d6:	bc80      	pop	{r7}
200050d8:	4770      	bx	lr

200050da <TIM_Cmd>:
200050da:	b480      	push	{r7}
200050dc:	b083      	sub	sp, #12
200050de:	af00      	add	r7, sp, #0
200050e0:	6078      	str	r0, [r7, #4]
200050e2:	460b      	mov	r3, r1
200050e4:	70fb      	strb	r3, [r7, #3]
200050e6:	78fb      	ldrb	r3, [r7, #3]
200050e8:	2b00      	cmp	r3, #0
200050ea:	d008      	beq.n	200050fe <TIM_Cmd+0x24>
200050ec:	687b      	ldr	r3, [r7, #4]
200050ee:	881b      	ldrh	r3, [r3, #0]
200050f0:	b29b      	uxth	r3, r3
200050f2:	f043 0301 	orr.w	r3, r3, #1
200050f6:	b29a      	uxth	r2, r3
200050f8:	687b      	ldr	r3, [r7, #4]
200050fa:	801a      	strh	r2, [r3, #0]
200050fc:	e007      	b.n	2000510e <TIM_Cmd+0x34>
200050fe:	687b      	ldr	r3, [r7, #4]
20005100:	881b      	ldrh	r3, [r3, #0]
20005102:	b29b      	uxth	r3, r3
20005104:	f023 0301 	bic.w	r3, r3, #1
20005108:	b29a      	uxth	r2, r3
2000510a:	687b      	ldr	r3, [r7, #4]
2000510c:	801a      	strh	r2, [r3, #0]
2000510e:	bf00      	nop
20005110:	370c      	adds	r7, #12
20005112:	46bd      	mov	sp, r7
20005114:	bc80      	pop	{r7}
20005116:	4770      	bx	lr

20005118 <TIM_OC1Init>:
20005118:	b480      	push	{r7}
2000511a:	b085      	sub	sp, #20
2000511c:	af00      	add	r7, sp, #0
2000511e:	6078      	str	r0, [r7, #4]
20005120:	6039      	str	r1, [r7, #0]
20005122:	2300      	movs	r3, #0
20005124:	817b      	strh	r3, [r7, #10]
20005126:	2300      	movs	r3, #0
20005128:	81fb      	strh	r3, [r7, #14]
2000512a:	2300      	movs	r3, #0
2000512c:	81bb      	strh	r3, [r7, #12]
2000512e:	687b      	ldr	r3, [r7, #4]
20005130:	8c1b      	ldrh	r3, [r3, #32]
20005132:	b29b      	uxth	r3, r3
20005134:	f023 0301 	bic.w	r3, r3, #1
20005138:	b29a      	uxth	r2, r3
2000513a:	687b      	ldr	r3, [r7, #4]
2000513c:	841a      	strh	r2, [r3, #32]
2000513e:	687b      	ldr	r3, [r7, #4]
20005140:	8c1b      	ldrh	r3, [r3, #32]
20005142:	81fb      	strh	r3, [r7, #14]
20005144:	687b      	ldr	r3, [r7, #4]
20005146:	889b      	ldrh	r3, [r3, #4]
20005148:	81bb      	strh	r3, [r7, #12]
2000514a:	687b      	ldr	r3, [r7, #4]
2000514c:	8b1b      	ldrh	r3, [r3, #24]
2000514e:	817b      	strh	r3, [r7, #10]
20005150:	897b      	ldrh	r3, [r7, #10]
20005152:	f023 0370 	bic.w	r3, r3, #112	@ 0x70
20005156:	817b      	strh	r3, [r7, #10]
20005158:	897b      	ldrh	r3, [r7, #10]
2000515a:	f023 0303 	bic.w	r3, r3, #3
2000515e:	817b      	strh	r3, [r7, #10]
20005160:	683b      	ldr	r3, [r7, #0]
20005162:	881a      	ldrh	r2, [r3, #0]
20005164:	897b      	ldrh	r3, [r7, #10]
20005166:	4313      	orrs	r3, r2
20005168:	817b      	strh	r3, [r7, #10]
2000516a:	89fb      	ldrh	r3, [r7, #14]
2000516c:	f023 0302 	bic.w	r3, r3, #2
20005170:	81fb      	strh	r3, [r7, #14]
20005172:	683b      	ldr	r3, [r7, #0]
20005174:	899a      	ldrh	r2, [r3, #12]
20005176:	89fb      	ldrh	r3, [r7, #14]
20005178:	4313      	orrs	r3, r2
2000517a:	81fb      	strh	r3, [r7, #14]
2000517c:	683b      	ldr	r3, [r7, #0]
2000517e:	885a      	ldrh	r2, [r3, #2]
20005180:	89fb      	ldrh	r3, [r7, #14]
20005182:	4313      	orrs	r3, r2
20005184:	81fb      	strh	r3, [r7, #14]
20005186:	687b      	ldr	r3, [r7, #4]
20005188:	4a1e      	ldr	r2, [pc, #120]	@ (20005204 <TIM_OC1Init+0xec>)
2000518a:	4293      	cmp	r3, r2
2000518c:	d003      	beq.n	20005196 <TIM_OC1Init+0x7e>
2000518e:	687b      	ldr	r3, [r7, #4]
20005190:	4a1d      	ldr	r2, [pc, #116]	@ (20005208 <TIM_OC1Init+0xf0>)
20005192:	4293      	cmp	r3, r2
20005194:	d123      	bne.n	200051de <TIM_OC1Init+0xc6>
20005196:	89fb      	ldrh	r3, [r7, #14]
20005198:	f023 0308 	bic.w	r3, r3, #8
2000519c:	81fb      	strh	r3, [r7, #14]
2000519e:	683b      	ldr	r3, [r7, #0]
200051a0:	89da      	ldrh	r2, [r3, #14]
200051a2:	89fb      	ldrh	r3, [r7, #14]
200051a4:	4313      	orrs	r3, r2
200051a6:	81fb      	strh	r3, [r7, #14]
200051a8:	89fb      	ldrh	r3, [r7, #14]
200051aa:	f023 0304 	bic.w	r3, r3, #4
200051ae:	81fb      	strh	r3, [r7, #14]
200051b0:	683b      	ldr	r3, [r7, #0]
200051b2:	889a      	ldrh	r2, [r3, #4]
200051b4:	89fb      	ldrh	r3, [r7, #14]
200051b6:	4313      	orrs	r3, r2
200051b8:	81fb      	strh	r3, [r7, #14]
200051ba:	89bb      	ldrh	r3, [r7, #12]
200051bc:	f423 7380 	bic.w	r3, r3, #256	@ 0x100
200051c0:	81bb      	strh	r3, [r7, #12]
200051c2:	89bb      	ldrh	r3, [r7, #12]
200051c4:	f423 7300 	bic.w	r3, r3, #512	@ 0x200
200051c8:	81bb      	strh	r3, [r7, #12]
200051ca:	683b      	ldr	r3, [r7, #0]
200051cc:	8a1a      	ldrh	r2, [r3, #16]
200051ce:	89bb      	ldrh	r3, [r7, #12]
200051d0:	4313      	orrs	r3, r2
200051d2:	81bb      	strh	r3, [r7, #12]
200051d4:	683b      	ldr	r3, [r7, #0]
200051d6:	8a5a      	ldrh	r2, [r3, #18]
200051d8:	89bb      	ldrh	r3, [r7, #12]
200051da:	4313      	orrs	r3, r2
200051dc:	81bb      	strh	r3, [r7, #12]
200051de:	687b      	ldr	r3, [r7, #4]
200051e0:	89ba      	ldrh	r2, [r7, #12]
200051e2:	809a      	strh	r2, [r3, #4]
200051e4:	687b      	ldr	r3, [r7, #4]
200051e6:	897a      	ldrh	r2, [r7, #10]
200051e8:	831a      	strh	r2, [r3, #24]
200051ea:	683b      	ldr	r3, [r7, #0]
200051ec:	689a      	ldr	r2, [r3, #8]
200051ee:	687b      	ldr	r3, [r7, #4]
200051f0:	635a      	str	r2, [r3, #52]	@ 0x34
200051f2:	687b      	ldr	r3, [r7, #4]
200051f4:	89fa      	ldrh	r2, [r7, #14]
200051f6:	841a      	strh	r2, [r3, #32]
200051f8:	bf00      	nop
200051fa:	3714      	adds	r7, #20
200051fc:	46bd      	mov	sp, r7
200051fe:	bc80      	pop	{r7}
20005200:	4770      	bx	lr
20005202:	bf00      	nop
20005204:	40010000 	.word	0x40010000
20005208:	40010400 	.word	0x40010400

2000520c <TIM_OC2Init>:
2000520c:	b480      	push	{r7}
2000520e:	b085      	sub	sp, #20
20005210:	af00      	add	r7, sp, #0
20005212:	6078      	str	r0, [r7, #4]
20005214:	6039      	str	r1, [r7, #0]
20005216:	2300      	movs	r3, #0
20005218:	817b      	strh	r3, [r7, #10]
2000521a:	2300      	movs	r3, #0
2000521c:	81fb      	strh	r3, [r7, #14]
2000521e:	2300      	movs	r3, #0
20005220:	81bb      	strh	r3, [r7, #12]
20005222:	687b      	ldr	r3, [r7, #4]
20005224:	8c1b      	ldrh	r3, [r3, #32]
20005226:	b29b      	uxth	r3, r3
20005228:	f023 0310 	bic.w	r3, r3, #16
2000522c:	b29a      	uxth	r2, r3
2000522e:	687b      	ldr	r3, [r7, #4]
20005230:	841a      	strh	r2, [r3, #32]
20005232:	687b      	ldr	r3, [r7, #4]
20005234:	8c1b      	ldrh	r3, [r3, #32]
20005236:	81fb      	strh	r3, [r7, #14]
20005238:	687b      	ldr	r3, [r7, #4]
2000523a:	889b      	ldrh	r3, [r3, #4]
2000523c:	81bb      	strh	r3, [r7, #12]
2000523e:	687b      	ldr	r3, [r7, #4]
20005240:	8b1b      	ldrh	r3, [r3, #24]
20005242:	817b      	strh	r3, [r7, #10]
20005244:	897b      	ldrh	r3, [r7, #10]
20005246:	f423 43e0 	bic.w	r3, r3, #28672	@ 0x7000
2000524a:	817b      	strh	r3, [r7, #10]
2000524c:	897b      	ldrh	r3, [r7, #10]
2000524e:	f423 7340 	bic.w	r3, r3, #768	@ 0x300
20005252:	817b      	strh	r3, [r7, #10]
20005254:	683b      	ldr	r3, [r7, #0]
20005256:	881b      	ldrh	r3, [r3, #0]
20005258:	021b      	lsls	r3, r3, #8
2000525a:	b29a      	uxth	r2, r3
2000525c:	897b      	ldrh	r3, [r7, #10]
2000525e:	4313      	orrs	r3, r2
20005260:	817b      	strh	r3, [r7, #10]
20005262:	89fb      	ldrh	r3, [r7, #14]
20005264:	f023 0320 	bic.w	r3, r3, #32
20005268:	81fb      	strh	r3, [r7, #14]
2000526a:	683b      	ldr	r3, [r7, #0]
2000526c:	899b      	ldrh	r3, [r3, #12]
2000526e:	011b      	lsls	r3, r3, #4
20005270:	b29a      	uxth	r2, r3
20005272:	89fb      	ldrh	r3, [r7, #14]
20005274:	4313      	orrs	r3, r2
20005276:	81fb      	strh	r3, [r7, #14]
20005278:	683b      	ldr	r3, [r7, #0]
2000527a:	885b      	ldrh	r3, [r3, #2]
2000527c:	011b      	lsls	r3, r3, #4
2000527e:	b29a      	uxth	r2, r3
20005280:	89fb      	ldrh	r3, [r7, #14]
20005282:	4313      	orrs	r3, r2
20005284:	81fb      	strh	r3, [r7, #14]
20005286:	687b      	ldr	r3, [r7, #4]
20005288:	4a22      	ldr	r2, [pc, #136]	@ (20005314 <TIM_OC2Init+0x108>)
2000528a:	4293      	cmp	r3, r2
2000528c:	d003      	beq.n	20005296 <TIM_OC2Init+0x8a>
2000528e:	687b      	ldr	r3, [r7, #4]
20005290:	4a21      	ldr	r2, [pc, #132]	@ (20005318 <TIM_OC2Init+0x10c>)
20005292:	4293      	cmp	r3, r2
20005294:	d12b      	bne.n	200052ee <TIM_OC2Init+0xe2>
20005296:	89fb      	ldrh	r3, [r7, #14]
20005298:	f023 0380 	bic.w	r3, r3, #128	@ 0x80
2000529c:	81fb      	strh	r3, [r7, #14]
2000529e:	683b      	ldr	r3, [r7, #0]
200052a0:	89db      	ldrh	r3, [r3, #14]
200052a2:	011b      	lsls	r3, r3, #4
200052a4:	b29a      	uxth	r2, r3
200052a6:	89fb      	ldrh	r3, [r7, #14]
200052a8:	4313      	orrs	r3, r2
200052aa:	81fb      	strh	r3, [r7, #14]
200052ac:	89fb      	ldrh	r3, [r7, #14]
200052ae:	f023 0340 	bic.w	r3, r3, #64	@ 0x40
200052b2:	81fb      	strh	r3, [r7, #14]
200052b4:	683b      	ldr	r3, [r7, #0]
200052b6:	889b      	ldrh	r3, [r3, #4]
200052b8:	011b      	lsls	r3, r3, #4
200052ba:	b29a      	uxth	r2, r3
200052bc:	89fb      	ldrh	r3, [r7, #14]
200052be:	4313      	orrs	r3, r2
200052c0:	81fb      	strh	r3, [r7, #14]
200052c2:	89bb      	ldrh	r3, [r7, #12]
200052c4:	f423 6380 	bic.w	r3, r3, #1024	@ 0x400
200052c8:	81bb      	strh	r3, [r7, #12]
200052ca:	89bb      	ldrh	r3, [r7, #12]
200052cc:	f423 6300 	bic.w	r3, r3, #2048	@ 0x800
200052d0:	81bb      	strh	r3, [r7, #12]
200052d2:	683b      	ldr	r3, [r7, #0]
200052d4:	8a1b      	ldrh	r3, [r3, #16]
200052d6:	009b      	lsls	r3, r3, #2
200052d8:	b29a      	uxth	r2, r3
200052da:	89bb      	ldrh	r3, [r7, #12]
200052dc:	4313      	orrs	r3, r2
200052de:	81bb      	strh	r3, [r7, #12]
200052e0:	683b      	ldr	r3, [r7, #0]
200052e2:	8a5b      	ldrh	r3, [r3, #18]
200052e4:	009b      	lsls	r3, r3, #2
200052e6:	b29a      	uxth	r2, r3
200052e8:	89bb      	ldrh	r3, [r7, #12]
200052ea:	4313      	orrs	r3, r2
200052ec:	81bb      	strh	r3, [r7, #12]
200052ee:	687b      	ldr	r3, [r7, #4]
200052f0:	89ba      	ldrh	r2, [r7, #12]
200052f2:	809a      	strh	r2, [r3, #4]
200052f4:	687b      	ldr	r3, [r7, #4]
200052f6:	897a      	ldrh	r2, [r7, #10]
200052f8:	831a      	strh	r2, [r3, #24]
200052fa:	683b      	ldr	r3, [r7, #0]
200052fc:	689a      	ldr	r2, [r3, #8]
200052fe:	687b      	ldr	r3, [r7, #4]
20005300:	639a      	str	r2, [r3, #56]	@ 0x38
20005302:	687b      	ldr	r3, [r7, #4]
20005304:	89fa      	ldrh	r2, [r7, #14]
20005306:	841a      	strh	r2, [r3, #32]
20005308:	bf00      	nop
2000530a:	3714      	adds	r7, #20
2000530c:	46bd      	mov	sp, r7
2000530e:	bc80      	pop	{r7}
20005310:	4770      	bx	lr
20005312:	bf00      	nop
20005314:	40010000 	.word	0x40010000
20005318:	40010400 	.word	0x40010400

2000531c <TIM_OC3Init>:
2000531c:	b480      	push	{r7}
2000531e:	b085      	sub	sp, #20
20005320:	af00      	add	r7, sp, #0
20005322:	6078      	str	r0, [r7, #4]
20005324:	6039      	str	r1, [r7, #0]
20005326:	2300      	movs	r3, #0
20005328:	817b      	strh	r3, [r7, #10]
2000532a:	2300      	movs	r3, #0
2000532c:	81fb      	strh	r3, [r7, #14]
2000532e:	2300      	movs	r3, #0
20005330:	81bb      	strh	r3, [r7, #12]
20005332:	687b      	ldr	r3, [r7, #4]
20005334:	8c1b      	ldrh	r3, [r3, #32]
20005336:	b29b      	uxth	r3, r3
20005338:	f423 7380 	bic.w	r3, r3, #256	@ 0x100
2000533c:	b29a      	uxth	r2, r3
2000533e:	687b      	ldr	r3, [r7, #4]
20005340:	841a      	strh	r2, [r3, #32]
20005342:	687b      	ldr	r3, [r7, #4]
20005344:	8c1b      	ldrh	r3, [r3, #32]
20005346:	81fb      	strh	r3, [r7, #14]
20005348:	687b      	ldr	r3, [r7, #4]
2000534a:	889b      	ldrh	r3, [r3, #4]
2000534c:	81bb      	strh	r3, [r7, #12]
2000534e:	687b      	ldr	r3, [r7, #4]
20005350:	8b9b      	ldrh	r3, [r3, #28]
20005352:	817b      	strh	r3, [r7, #10]
20005354:	897b      	ldrh	r3, [r7, #10]
20005356:	f023 0370 	bic.w	r3, r3, #112	@ 0x70
2000535a:	817b      	strh	r3, [r7, #10]
2000535c:	897b      	ldrh	r3, [r7, #10]
2000535e:	f023 0303 	bic.w	r3, r3, #3
20005362:	817b      	strh	r3, [r7, #10]
20005364:	683b      	ldr	r3, [r7, #0]
20005366:	881a      	ldrh	r2, [r3, #0]
20005368:	897b      	ldrh	r3, [r7, #10]
2000536a:	4313      	orrs	r3, r2
2000536c:	817b      	strh	r3, [r7, #10]
2000536e:	89fb      	ldrh	r3, [r7, #14]
20005370:	f423 7300 	bic.w	r3, r3, #512	@ 0x200
20005374:	81fb      	strh	r3, [r7, #14]
20005376:	683b      	ldr	r3, [r7, #0]
20005378:	899b      	ldrh	r3, [r3, #12]
2000537a:	021b      	lsls	r3, r3, #8
2000537c:	b29a      	uxth	r2, r3
2000537e:	89fb      	ldrh	r3, [r7, #14]
20005380:	4313      	orrs	r3, r2
20005382:	81fb      	strh	r3, [r7, #14]
20005384:	683b      	ldr	r3, [r7, #0]
20005386:	885b      	ldrh	r3, [r3, #2]
20005388:	021b      	lsls	r3, r3, #8
2000538a:	b29a      	uxth	r2, r3
2000538c:	89fb      	ldrh	r3, [r7, #14]
2000538e:	4313      	orrs	r3, r2
20005390:	81fb      	strh	r3, [r7, #14]
20005392:	687b      	ldr	r3, [r7, #4]
20005394:	4a22      	ldr	r2, [pc, #136]	@ (20005420 <TIM_OC3Init+0x104>)
20005396:	4293      	cmp	r3, r2
20005398:	d003      	beq.n	200053a2 <TIM_OC3Init+0x86>
2000539a:	687b      	ldr	r3, [r7, #4]
2000539c:	4a21      	ldr	r2, [pc, #132]	@ (20005424 <TIM_OC3Init+0x108>)
2000539e:	4293      	cmp	r3, r2
200053a0:	d12b      	bne.n	200053fa <TIM_OC3Init+0xde>
200053a2:	89fb      	ldrh	r3, [r7, #14]
200053a4:	f423 6300 	bic.w	r3, r3, #2048	@ 0x800
200053a8:	81fb      	strh	r3, [r7, #14]
200053aa:	683b      	ldr	r3, [r7, #0]
200053ac:	89db      	ldrh	r3, [r3, #14]
200053ae:	021b      	lsls	r3, r3, #8
200053b0:	b29a      	uxth	r2, r3
200053b2:	89fb      	ldrh	r3, [r7, #14]
200053b4:	4313      	orrs	r3, r2
200053b6:	81fb      	strh	r3, [r7, #14]
200053b8:	89fb      	ldrh	r3, [r7, #14]
200053ba:	f423 6380 	bic.w	r3, r3, #1024	@ 0x400
200053be:	81fb      	strh	r3, [r7, #14]
200053c0:	683b      	ldr	r3, [r7, #0]
200053c2:	889b      	ldrh	r3, [r3, #4]
200053c4:	021b      	lsls	r3, r3, #8
200053c6:	b29a      	uxth	r2, r3
200053c8:	89fb      	ldrh	r3, [r7, #14]
200053ca:	4313      	orrs	r3, r2
200053cc:	81fb      	strh	r3, [r7, #14]
200053ce:	89bb      	ldrh	r3, [r7, #12]
200053d0:	f423 5380 	bic.w	r3, r3, #4096	@ 0x1000
200053d4:	81bb      	strh	r3, [r7, #12]
200053d6:	89bb      	ldrh	r3, [r7, #12]
200053d8:	f423 5300 	bic.w	r3, r3, #8192	@ 0x2000
200053dc:	81bb      	strh	r3, [r7, #12]
200053de:	683b      	ldr	r3, [r7, #0]
200053e0:	8a1b      	ldrh	r3, [r3, #16]
200053e2:	011b      	lsls	r3, r3, #4
200053e4:	b29a      	uxth	r2, r3
200053e6:	89bb      	ldrh	r3, [r7, #12]
200053e8:	4313      	orrs	r3, r2
200053ea:	81bb      	strh	r3, [r7, #12]
200053ec:	683b      	ldr	r3, [r7, #0]
200053ee:	8a5b      	ldrh	r3, [r3, #18]
200053f0:	011b      	lsls	r3, r3, #4
200053f2:	b29a      	uxth	r2, r3
200053f4:	89bb      	ldrh	r3, [r7, #12]
200053f6:	4313      	orrs	r3, r2
200053f8:	81bb      	strh	r3, [r7, #12]
200053fa:	687b      	ldr	r3, [r7, #4]
200053fc:	89ba      	ldrh	r2, [r7, #12]
200053fe:	809a      	strh	r2, [r3, #4]
20005400:	687b      	ldr	r3, [r7, #4]
20005402:	897a      	ldrh	r2, [r7, #10]
20005404:	839a      	strh	r2, [r3, #28]
20005406:	683b      	ldr	r3, [r7, #0]
20005408:	689a      	ldr	r2, [r3, #8]
2000540a:	687b      	ldr	r3, [r7, #4]
2000540c:	63da      	str	r2, [r3, #60]	@ 0x3c
2000540e:	687b      	ldr	r3, [r7, #4]
20005410:	89fa      	ldrh	r2, [r7, #14]
20005412:	841a      	strh	r2, [r3, #32]
20005414:	bf00      	nop
20005416:	3714      	adds	r7, #20
20005418:	46bd      	mov	sp, r7
2000541a:	bc80      	pop	{r7}
2000541c:	4770      	bx	lr
2000541e:	bf00      	nop
20005420:	40010000 	.word	0x40010000
20005424:	40010400 	.word	0x40010400

20005428 <TIM_OC4Init>:
20005428:	b480      	push	{r7}
2000542a:	b085      	sub	sp, #20
2000542c:	af00      	add	r7, sp, #0
2000542e:	6078      	str	r0, [r7, #4]
20005430:	6039      	str	r1, [r7, #0]
20005432:	2300      	movs	r3, #0
20005434:	81bb      	strh	r3, [r7, #12]
20005436:	2300      	movs	r3, #0
20005438:	817b      	strh	r3, [r7, #10]
2000543a:	2300      	movs	r3, #0
2000543c:	81fb      	strh	r3, [r7, #14]
2000543e:	687b      	ldr	r3, [r7, #4]
20005440:	8c1b      	ldrh	r3, [r3, #32]
20005442:	b29b      	uxth	r3, r3
20005444:	f423 5380 	bic.w	r3, r3, #4096	@ 0x1000
20005448:	b29a      	uxth	r2, r3
2000544a:	687b      	ldr	r3, [r7, #4]
2000544c:	841a      	strh	r2, [r3, #32]
2000544e:	687b      	ldr	r3, [r7, #4]
20005450:	8c1b      	ldrh	r3, [r3, #32]
20005452:	817b      	strh	r3, [r7, #10]
20005454:	687b      	ldr	r3, [r7, #4]
20005456:	889b      	ldrh	r3, [r3, #4]
20005458:	81fb      	strh	r3, [r7, #14]
2000545a:	687b      	ldr	r3, [r7, #4]
2000545c:	8b9b      	ldrh	r3, [r3, #28]
2000545e:	81bb      	strh	r3, [r7, #12]
20005460:	89bb      	ldrh	r3, [r7, #12]
20005462:	f423 43e0 	bic.w	r3, r3, #28672	@ 0x7000
20005466:	81bb      	strh	r3, [r7, #12]
20005468:	89bb      	ldrh	r3, [r7, #12]
2000546a:	f423 7340 	bic.w	r3, r3, #768	@ 0x300
2000546e:	81bb      	strh	r3, [r7, #12]
20005470:	683b      	ldr	r3, [r7, #0]
20005472:	881b      	ldrh	r3, [r3, #0]
20005474:	021b      	lsls	r3, r3, #8
20005476:	b29a      	uxth	r2, r3
20005478:	89bb      	ldrh	r3, [r7, #12]
2000547a:	4313      	orrs	r3, r2
2000547c:	81bb      	strh	r3, [r7, #12]
2000547e:	897b      	ldrh	r3, [r7, #10]
20005480:	f423 5300 	bic.w	r3, r3, #8192	@ 0x2000
20005484:	817b      	strh	r3, [r7, #10]
20005486:	683b      	ldr	r3, [r7, #0]
20005488:	899b      	ldrh	r3, [r3, #12]
2000548a:	031b      	lsls	r3, r3, #12
2000548c:	b29a      	uxth	r2, r3
2000548e:	897b      	ldrh	r3, [r7, #10]
20005490:	4313      	orrs	r3, r2
20005492:	817b      	strh	r3, [r7, #10]
20005494:	683b      	ldr	r3, [r7, #0]
20005496:	885b      	ldrh	r3, [r3, #2]
20005498:	031b      	lsls	r3, r3, #12
2000549a:	b29a      	uxth	r2, r3
2000549c:	897b      	ldrh	r3, [r7, #10]
2000549e:	4313      	orrs	r3, r2
200054a0:	817b      	strh	r3, [r7, #10]
200054a2:	687b      	ldr	r3, [r7, #4]
200054a4:	4a11      	ldr	r2, [pc, #68]	@ (200054ec <TIM_OC4Init+0xc4>)
200054a6:	4293      	cmp	r3, r2
200054a8:	d003      	beq.n	200054b2 <TIM_OC4Init+0x8a>
200054aa:	687b      	ldr	r3, [r7, #4]
200054ac:	4a10      	ldr	r2, [pc, #64]	@ (200054f0 <TIM_OC4Init+0xc8>)
200054ae:	4293      	cmp	r3, r2
200054b0:	d10a      	bne.n	200054c8 <TIM_OC4Init+0xa0>
200054b2:	89fb      	ldrh	r3, [r7, #14]
200054b4:	f423 4380 	bic.w	r3, r3, #16384	@ 0x4000
200054b8:	81fb      	strh	r3, [r7, #14]
200054ba:	683b      	ldr	r3, [r7, #0]
200054bc:	8a1b      	ldrh	r3, [r3, #16]
200054be:	019b      	lsls	r3, r3, #6
200054c0:	b29a      	uxth	r2, r3
200054c2:	89fb      	ldrh	r3, [r7, #14]
200054c4:	4313      	orrs	r3, r2
200054c6:	81fb      	strh	r3, [r7, #14]
200054c8:	687b      	ldr	r3, [r7, #4]
200054ca:	89fa      	ldrh	r2, [r7, #14]
200054cc:	809a      	strh	r2, [r3, #4]
200054ce:	687b      	ldr	r3, [r7, #4]
200054d0:	89ba      	ldrh	r2, [r7, #12]
200054d2:	839a      	strh	r2, [r3, #28]
200054d4:	683b      	ldr	r3, [r7, #0]
200054d6:	689a      	ldr	r2, [r3, #8]
200054d8:	687b      	ldr	r3, [r7, #4]
200054da:	641a      	str	r2, [r3, #64]	@ 0x40
200054dc:	687b      	ldr	r3, [r7, #4]
200054de:	897a      	ldrh	r2, [r7, #10]
200054e0:	841a      	strh	r2, [r3, #32]
200054e2:	bf00      	nop
200054e4:	3714      	adds	r7, #20
200054e6:	46bd      	mov	sp, r7
200054e8:	bc80      	pop	{r7}
200054ea:	4770      	bx	lr
200054ec:	40010000 	.word	0x40010000
200054f0:	40010400 	.word	0x40010400

200054f4 <TIM_OCStructInit>:
200054f4:	b480      	push	{r7}
200054f6:	b083      	sub	sp, #12
200054f8:	af00      	add	r7, sp, #0
200054fa:	6078      	str	r0, [r7, #4]
200054fc:	687b      	ldr	r3, [r7, #4]
200054fe:	2200      	movs	r2, #0
20005500:	801a      	strh	r2, [r3, #0]
20005502:	687b      	ldr	r3, [r7, #4]
20005504:	2200      	movs	r2, #0
20005506:	805a      	strh	r2, [r3, #2]
20005508:	687b      	ldr	r3, [r7, #4]
2000550a:	2200      	movs	r2, #0
2000550c:	809a      	strh	r2, [r3, #4]
2000550e:	687b      	ldr	r3, [r7, #4]
20005510:	2200      	movs	r2, #0
20005512:	609a      	str	r2, [r3, #8]
20005514:	687b      	ldr	r3, [r7, #4]
20005516:	2200      	movs	r2, #0
20005518:	819a      	strh	r2, [r3, #12]
2000551a:	687b      	ldr	r3, [r7, #4]
2000551c:	2200      	movs	r2, #0
2000551e:	81da      	strh	r2, [r3, #14]
20005520:	687b      	ldr	r3, [r7, #4]
20005522:	2200      	movs	r2, #0
20005524:	821a      	strh	r2, [r3, #16]
20005526:	687b      	ldr	r3, [r7, #4]
20005528:	2200      	movs	r2, #0
2000552a:	825a      	strh	r2, [r3, #18]
2000552c:	bf00      	nop
2000552e:	370c      	adds	r7, #12
20005530:	46bd      	mov	sp, r7
20005532:	bc80      	pop	{r7}
20005534:	4770      	bx	lr

20005536 <TIM_SelectOCxM>:
20005536:	b480      	push	{r7}
20005538:	b085      	sub	sp, #20
2000553a:	af00      	add	r7, sp, #0
2000553c:	6078      	str	r0, [r7, #4]
2000553e:	460b      	mov	r3, r1
20005540:	807b      	strh	r3, [r7, #2]
20005542:	4613      	mov	r3, r2
20005544:	803b      	strh	r3, [r7, #0]
20005546:	2300      	movs	r3, #0
20005548:	60fb      	str	r3, [r7, #12]
2000554a:	2300      	movs	r3, #0
2000554c:	817b      	strh	r3, [r7, #10]
2000554e:	687b      	ldr	r3, [r7, #4]
20005550:	60fb      	str	r3, [r7, #12]
20005552:	68fb      	ldr	r3, [r7, #12]
20005554:	3318      	adds	r3, #24
20005556:	60fb      	str	r3, [r7, #12]
20005558:	887b      	ldrh	r3, [r7, #2]
2000555a:	2201      	movs	r2, #1
2000555c:	fa02 f303 	lsl.w	r3, r2, r3
20005560:	817b      	strh	r3, [r7, #10]
20005562:	687b      	ldr	r3, [r7, #4]
20005564:	8c1b      	ldrh	r3, [r3, #32]
20005566:	b29a      	uxth	r2, r3
20005568:	897b      	ldrh	r3, [r7, #10]
2000556a:	43db      	mvns	r3, r3
2000556c:	b29b      	uxth	r3, r3
2000556e:	4013      	ands	r3, r2
20005570:	b29a      	uxth	r2, r3
20005572:	687b      	ldr	r3, [r7, #4]
20005574:	841a      	strh	r2, [r3, #32]
20005576:	887b      	ldrh	r3, [r7, #2]
20005578:	2b00      	cmp	r3, #0
2000557a:	d002      	beq.n	20005582 <TIM_SelectOCxM+0x4c>
2000557c:	887b      	ldrh	r3, [r7, #2]
2000557e:	2b08      	cmp	r3, #8
20005580:	d114      	bne.n	200055ac <TIM_SelectOCxM+0x76>
20005582:	887b      	ldrh	r3, [r7, #2]
20005584:	085b      	lsrs	r3, r3, #1
20005586:	b29b      	uxth	r3, r3
20005588:	461a      	mov	r2, r3
2000558a:	68fb      	ldr	r3, [r7, #12]
2000558c:	4413      	add	r3, r2
2000558e:	60fb      	str	r3, [r7, #12]
20005590:	68fb      	ldr	r3, [r7, #12]
20005592:	6819      	ldr	r1, [r3, #0]
20005594:	68fa      	ldr	r2, [r7, #12]
20005596:	f64f 738f 	movw	r3, #65423	@ 0xff8f
2000559a:	400b      	ands	r3, r1
2000559c:	6013      	str	r3, [r2, #0]
2000559e:	68fb      	ldr	r3, [r7, #12]
200055a0:	6819      	ldr	r1, [r3, #0]
200055a2:	883a      	ldrh	r2, [r7, #0]
200055a4:	68fb      	ldr	r3, [r7, #12]
200055a6:	430a      	orrs	r2, r1
200055a8:	601a      	str	r2, [r3, #0]
200055aa:	e019      	b.n	200055e0 <TIM_SelectOCxM+0xaa>
200055ac:	887b      	ldrh	r3, [r7, #2]
200055ae:	3b04      	subs	r3, #4
200055b0:	b29b      	uxth	r3, r3
200055b2:	085b      	lsrs	r3, r3, #1
200055b4:	b29b      	uxth	r3, r3
200055b6:	461a      	mov	r2, r3
200055b8:	68fb      	ldr	r3, [r7, #12]
200055ba:	4413      	add	r3, r2
200055bc:	60fb      	str	r3, [r7, #12]
200055be:	68fb      	ldr	r3, [r7, #12]
200055c0:	6819      	ldr	r1, [r3, #0]
200055c2:	68fa      	ldr	r2, [r7, #12]
200055c4:	f648 73ff 	movw	r3, #36863	@ 0x8fff
200055c8:	400b      	ands	r3, r1
200055ca:	6013      	str	r3, [r2, #0]
200055cc:	68fb      	ldr	r3, [r7, #12]
200055ce:	681a      	ldr	r2, [r3, #0]
200055d0:	883b      	ldrh	r3, [r7, #0]
200055d2:	021b      	lsls	r3, r3, #8
200055d4:	b29b      	uxth	r3, r3
200055d6:	4619      	mov	r1, r3
200055d8:	68fb      	ldr	r3, [r7, #12]
200055da:	430a      	orrs	r2, r1
200055dc:	601a      	str	r2, [r3, #0]
200055de:	bf00      	nop
200055e0:	bf00      	nop
200055e2:	3714      	adds	r7, #20
200055e4:	46bd      	mov	sp, r7
200055e6:	bc80      	pop	{r7}
200055e8:	4770      	bx	lr

200055ea <TIM_SetCompare1>:
200055ea:	b480      	push	{r7}
200055ec:	b083      	sub	sp, #12
200055ee:	af00      	add	r7, sp, #0
200055f0:	6078      	str	r0, [r7, #4]
200055f2:	6039      	str	r1, [r7, #0]
200055f4:	687b      	ldr	r3, [r7, #4]
200055f6:	683a      	ldr	r2, [r7, #0]
200055f8:	635a      	str	r2, [r3, #52]	@ 0x34
200055fa:	bf00      	nop
200055fc:	370c      	adds	r7, #12
200055fe:	46bd      	mov	sp, r7
20005600:	bc80      	pop	{r7}
20005602:	4770      	bx	lr

20005604 <TIM_SetCompare2>:
20005604:	b480      	push	{r7}
20005606:	b083      	sub	sp, #12
20005608:	af00      	add	r7, sp, #0
2000560a:	6078      	str	r0, [r7, #4]
2000560c:	6039      	str	r1, [r7, #0]
2000560e:	687b      	ldr	r3, [r7, #4]
20005610:	683a      	ldr	r2, [r7, #0]
20005612:	639a      	str	r2, [r3, #56]	@ 0x38
20005614:	bf00      	nop
20005616:	370c      	adds	r7, #12
20005618:	46bd      	mov	sp, r7
2000561a:	bc80      	pop	{r7}
2000561c:	4770      	bx	lr

2000561e <TIM_SetCompare3>:
2000561e:	b480      	push	{r7}
20005620:	b083      	sub	sp, #12
20005622:	af00      	add	r7, sp, #0
20005624:	6078      	str	r0, [r7, #4]
20005626:	6039      	str	r1, [r7, #0]
20005628:	687b      	ldr	r3, [r7, #4]
2000562a:	683a      	ldr	r2, [r7, #0]
2000562c:	63da      	str	r2, [r3, #60]	@ 0x3c
2000562e:	bf00      	nop
20005630:	370c      	adds	r7, #12
20005632:	46bd      	mov	sp, r7
20005634:	bc80      	pop	{r7}
20005636:	4770      	bx	lr

20005638 <TIM_SetCompare4>:
20005638:	b480      	push	{r7}
2000563a:	b083      	sub	sp, #12
2000563c:	af00      	add	r7, sp, #0
2000563e:	6078      	str	r0, [r7, #4]
20005640:	6039      	str	r1, [r7, #0]
20005642:	687b      	ldr	r3, [r7, #4]
20005644:	683a      	ldr	r2, [r7, #0]
20005646:	641a      	str	r2, [r3, #64]	@ 0x40
20005648:	bf00      	nop
2000564a:	370c      	adds	r7, #12
2000564c:	46bd      	mov	sp, r7
2000564e:	bc80      	pop	{r7}
20005650:	4770      	bx	lr

20005652 <TIM_ForcedOC1Config>:
20005652:	b480      	push	{r7}
20005654:	b085      	sub	sp, #20
20005656:	af00      	add	r7, sp, #0
20005658:	6078      	str	r0, [r7, #4]
2000565a:	460b      	mov	r3, r1
2000565c:	807b      	strh	r3, [r7, #2]
2000565e:	2300      	movs	r3, #0
20005660:	81fb      	strh	r3, [r7, #14]
20005662:	687b      	ldr	r3, [r7, #4]
20005664:	8b1b      	ldrh	r3, [r3, #24]
20005666:	81fb      	strh	r3, [r7, #14]
20005668:	89fb      	ldrh	r3, [r7, #14]
2000566a:	f023 0370 	bic.w	r3, r3, #112	@ 0x70
2000566e:	81fb      	strh	r3, [r7, #14]
20005670:	89fa      	ldrh	r2, [r7, #14]
20005672:	887b      	ldrh	r3, [r7, #2]
20005674:	4313      	orrs	r3, r2
20005676:	81fb      	strh	r3, [r7, #14]
20005678:	687b      	ldr	r3, [r7, #4]
2000567a:	89fa      	ldrh	r2, [r7, #14]
2000567c:	831a      	strh	r2, [r3, #24]
2000567e:	bf00      	nop
20005680:	3714      	adds	r7, #20
20005682:	46bd      	mov	sp, r7
20005684:	bc80      	pop	{r7}
20005686:	4770      	bx	lr

20005688 <TIM_ForcedOC2Config>:
20005688:	b480      	push	{r7}
2000568a:	b085      	sub	sp, #20
2000568c:	af00      	add	r7, sp, #0
2000568e:	6078      	str	r0, [r7, #4]
20005690:	460b      	mov	r3, r1
20005692:	807b      	strh	r3, [r7, #2]
20005694:	2300      	movs	r3, #0
20005696:	81fb      	strh	r3, [r7, #14]
20005698:	687b      	ldr	r3, [r7, #4]
2000569a:	8b1b      	ldrh	r3, [r3, #24]
2000569c:	81fb      	strh	r3, [r7, #14]
2000569e:	89fb      	ldrh	r3, [r7, #14]
200056a0:	f423 43e0 	bic.w	r3, r3, #28672	@ 0x7000
200056a4:	81fb      	strh	r3, [r7, #14]
200056a6:	887b      	ldrh	r3, [r7, #2]
200056a8:	021b      	lsls	r3, r3, #8
200056aa:	b29a      	uxth	r2, r3
200056ac:	89fb      	ldrh	r3, [r7, #14]
200056ae:	4313      	orrs	r3, r2
200056b0:	81fb      	strh	r3, [r7, #14]
200056b2:	687b      	ldr	r3, [r7, #4]
200056b4:	89fa      	ldrh	r2, [r7, #14]
200056b6:	831a      	strh	r2, [r3, #24]
200056b8:	bf00      	nop
200056ba:	3714      	adds	r7, #20
200056bc:	46bd      	mov	sp, r7
200056be:	bc80      	pop	{r7}
200056c0:	4770      	bx	lr

200056c2 <TIM_ForcedOC3Config>:
200056c2:	b480      	push	{r7}
200056c4:	b085      	sub	sp, #20
200056c6:	af00      	add	r7, sp, #0
200056c8:	6078      	str	r0, [r7, #4]
200056ca:	460b      	mov	r3, r1
200056cc:	807b      	strh	r3, [r7, #2]
200056ce:	2300      	movs	r3, #0
200056d0:	81fb      	strh	r3, [r7, #14]
200056d2:	687b      	ldr	r3, [r7, #4]
200056d4:	8b9b      	ldrh	r3, [r3, #28]
200056d6:	81fb      	strh	r3, [r7, #14]
200056d8:	89fb      	ldrh	r3, [r7, #14]
200056da:	f023 0370 	bic.w	r3, r3, #112	@ 0x70
200056de:	81fb      	strh	r3, [r7, #14]
200056e0:	89fa      	ldrh	r2, [r7, #14]
200056e2:	887b      	ldrh	r3, [r7, #2]
200056e4:	4313      	orrs	r3, r2
200056e6:	81fb      	strh	r3, [r7, #14]
200056e8:	687b      	ldr	r3, [r7, #4]
200056ea:	89fa      	ldrh	r2, [r7, #14]
200056ec:	839a      	strh	r2, [r3, #28]
200056ee:	bf00      	nop
200056f0:	3714      	adds	r7, #20
200056f2:	46bd      	mov	sp, r7
200056f4:	bc80      	pop	{r7}
200056f6:	4770      	bx	lr

200056f8 <TIM_ForcedOC4Config>:
200056f8:	b480      	push	{r7}
200056fa:	b085      	sub	sp, #20
200056fc:	af00      	add	r7, sp, #0
200056fe:	6078      	str	r0, [r7, #4]
20005700:	460b      	mov	r3, r1
20005702:	807b      	strh	r3, [r7, #2]
20005704:	2300      	movs	r3, #0
20005706:	81fb      	strh	r3, [r7, #14]
20005708:	687b      	ldr	r3, [r7, #4]
2000570a:	8b9b      	ldrh	r3, [r3, #28]
2000570c:	81fb      	strh	r3, [r7, #14]
2000570e:	89fb      	ldrh	r3, [r7, #14]
20005710:	f423 43e0 	bic.w	r3, r3, #28672	@ 0x7000
20005714:	81fb      	strh	r3, [r7, #14]
20005716:	887b      	ldrh	r3, [r7, #2]
20005718:	021b      	lsls	r3, r3, #8
2000571a:	b29a      	uxth	r2, r3
2000571c:	89fb      	ldrh	r3, [r7, #14]
2000571e:	4313      	orrs	r3, r2
20005720:	81fb      	strh	r3, [r7, #14]
20005722:	687b      	ldr	r3, [r7, #4]
20005724:	89fa      	ldrh	r2, [r7, #14]
20005726:	839a      	strh	r2, [r3, #28]
20005728:	bf00      	nop
2000572a:	3714      	adds	r7, #20
2000572c:	46bd      	mov	sp, r7
2000572e:	bc80      	pop	{r7}
20005730:	4770      	bx	lr

20005732 <TIM_OC1PreloadConfig>:
20005732:	b480      	push	{r7}
20005734:	b085      	sub	sp, #20
20005736:	af00      	add	r7, sp, #0
20005738:	6078      	str	r0, [r7, #4]
2000573a:	460b      	mov	r3, r1
2000573c:	807b      	strh	r3, [r7, #2]
2000573e:	2300      	movs	r3, #0
20005740:	81fb      	strh	r3, [r7, #14]
20005742:	687b      	ldr	r3, [r7, #4]
20005744:	8b1b      	ldrh	r3, [r3, #24]
20005746:	81fb      	strh	r3, [r7, #14]
20005748:	89fb      	ldrh	r3, [r7, #14]
2000574a:	f023 0308 	bic.w	r3, r3, #8
2000574e:	81fb      	strh	r3, [r7, #14]
20005750:	89fa      	ldrh	r2, [r7, #14]
20005752:	887b      	ldrh	r3, [r7, #2]
20005754:	4313      	orrs	r3, r2
20005756:	81fb      	strh	r3, [r7, #14]
20005758:	687b      	ldr	r3, [r7, #4]
2000575a:	89fa      	ldrh	r2, [r7, #14]
2000575c:	831a      	strh	r2, [r3, #24]
2000575e:	bf00      	nop
20005760:	3714      	adds	r7, #20
20005762:	46bd      	mov	sp, r7
20005764:	bc80      	pop	{r7}
20005766:	4770      	bx	lr

20005768 <TIM_OC2PreloadConfig>:
20005768:	b480      	push	{r7}
2000576a:	b085      	sub	sp, #20
2000576c:	af00      	add	r7, sp, #0
2000576e:	6078      	str	r0, [r7, #4]
20005770:	460b      	mov	r3, r1
20005772:	807b      	strh	r3, [r7, #2]
20005774:	2300      	movs	r3, #0
20005776:	81fb      	strh	r3, [r7, #14]
20005778:	687b      	ldr	r3, [r7, #4]
2000577a:	8b1b      	ldrh	r3, [r3, #24]
2000577c:	81fb      	strh	r3, [r7, #14]
2000577e:	89fb      	ldrh	r3, [r7, #14]
20005780:	f423 6300 	bic.w	r3, r3, #2048	@ 0x800
20005784:	81fb      	strh	r3, [r7, #14]
20005786:	887b      	ldrh	r3, [r7, #2]
20005788:	021b      	lsls	r3, r3, #8
2000578a:	b29a      	uxth	r2, r3
2000578c:	89fb      	ldrh	r3, [r7, #14]
2000578e:	4313      	orrs	r3, r2
20005790:	81fb      	strh	r3, [r7, #14]
20005792:	687b      	ldr	r3, [r7, #4]
20005794:	89fa      	ldrh	r2, [r7, #14]
20005796:	831a      	strh	r2, [r3, #24]
20005798:	bf00      	nop
2000579a:	3714      	adds	r7, #20
2000579c:	46bd      	mov	sp, r7
2000579e:	bc80      	pop	{r7}
200057a0:	4770      	bx	lr

200057a2 <TIM_OC3PreloadConfig>:
200057a2:	b480      	push	{r7}
200057a4:	b085      	sub	sp, #20
200057a6:	af00      	add	r7, sp, #0
200057a8:	6078      	str	r0, [r7, #4]
200057aa:	460b      	mov	r3, r1
200057ac:	807b      	strh	r3, [r7, #2]
200057ae:	2300      	movs	r3, #0
200057b0:	81fb      	strh	r3, [r7, #14]
200057b2:	687b      	ldr	r3, [r7, #4]
200057b4:	8b9b      	ldrh	r3, [r3, #28]
200057b6:	81fb      	strh	r3, [r7, #14]
200057b8:	89fb      	ldrh	r3, [r7, #14]
200057ba:	f023 0308 	bic.w	r3, r3, #8
200057be:	81fb      	strh	r3, [r7, #14]
200057c0:	89fa      	ldrh	r2, [r7, #14]
200057c2:	887b      	ldrh	r3, [r7, #2]
200057c4:	4313      	orrs	r3, r2
200057c6:	81fb      	strh	r3, [r7, #14]
200057c8:	687b      	ldr	r3, [r7, #4]
200057ca:	89fa      	ldrh	r2, [r7, #14]
200057cc:	839a      	strh	r2, [r3, #28]
200057ce:	bf00      	nop
200057d0:	3714      	adds	r7, #20
200057d2:	46bd      	mov	sp, r7
200057d4:	bc80      	pop	{r7}
200057d6:	4770      	bx	lr

200057d8 <TIM_OC4PreloadConfig>:
200057d8:	b480      	push	{r7}
200057da:	b085      	sub	sp, #20
200057dc:	af00      	add	r7, sp, #0
200057de:	6078      	str	r0, [r7, #4]
200057e0:	460b      	mov	r3, r1
200057e2:	807b      	strh	r3, [r7, #2]
200057e4:	2300      	movs	r3, #0
200057e6:	81fb      	strh	r3, [r7, #14]
200057e8:	687b      	ldr	r3, [r7, #4]
200057ea:	8b9b      	ldrh	r3, [r3, #28]
200057ec:	81fb      	strh	r3, [r7, #14]
200057ee:	89fb      	ldrh	r3, [r7, #14]
200057f0:	f423 6300 	bic.w	r3, r3, #2048	@ 0x800
200057f4:	81fb      	strh	r3, [r7, #14]
200057f6:	887b      	ldrh	r3, [r7, #2]
200057f8:	021b      	lsls	r3, r3, #8
200057fa:	b29a      	uxth	r2, r3
200057fc:	89fb      	ldrh	r3, [r7, #14]
200057fe:	4313      	orrs	r3, r2
20005800:	81fb      	strh	r3, [r7, #14]
20005802:	687b      	ldr	r3, [r7, #4]
20005804:	89fa      	ldrh	r2, [r7, #14]
20005806:	839a      	strh	r2, [r3, #28]
20005808:	bf00      	nop
2000580a:	3714      	adds	r7, #20
2000580c:	46bd      	mov	sp, r7
2000580e:	bc80      	pop	{r7}
20005810:	4770      	bx	lr

20005812 <TIM_OC1FastConfig>:
20005812:	b480      	push	{r7}
20005814:	b085      	sub	sp, #20
20005816:	af00      	add	r7, sp, #0
20005818:	6078      	str	r0, [r7, #4]
2000581a:	460b      	mov	r3, r1
2000581c:	807b      	strh	r3, [r7, #2]
2000581e:	2300      	movs	r3, #0
20005820:	81fb      	strh	r3, [r7, #14]
20005822:	687b      	ldr	r3, [r7, #4]
20005824:	8b1b      	ldrh	r3, [r3, #24]
20005826:	81fb      	strh	r3, [r7, #14]
20005828:	89fb      	ldrh	r3, [r7, #14]
2000582a:	f023 0304 	bic.w	r3, r3, #4
2000582e:	81fb      	strh	r3, [r7, #14]
20005830:	89fa      	ldrh	r2, [r7, #14]
20005832:	887b      	ldrh	r3, [r7, #2]
20005834:	4313      	orrs	r3, r2
20005836:	81fb      	strh	r3, [r7, #14]
20005838:	687b      	ldr	r3, [r7, #4]
2000583a:	89fa      	ldrh	r2, [r7, #14]
2000583c:	831a      	strh	r2, [r3, #24]
2000583e:	bf00      	nop
20005840:	3714      	adds	r7, #20
20005842:	46bd      	mov	sp, r7
20005844:	bc80      	pop	{r7}
20005846:	4770      	bx	lr

20005848 <TIM_OC2FastConfig>:
20005848:	b480      	push	{r7}
2000584a:	b085      	sub	sp, #20
2000584c:	af00      	add	r7, sp, #0
2000584e:	6078      	str	r0, [r7, #4]
20005850:	460b      	mov	r3, r1
20005852:	807b      	strh	r3, [r7, #2]
20005854:	2300      	movs	r3, #0
20005856:	81fb      	strh	r3, [r7, #14]
20005858:	687b      	ldr	r3, [r7, #4]
2000585a:	8b1b      	ldrh	r3, [r3, #24]
2000585c:	81fb      	strh	r3, [r7, #14]
2000585e:	89fb      	ldrh	r3, [r7, #14]
20005860:	f423 6380 	bic.w	r3, r3, #1024	@ 0x400
20005864:	81fb      	strh	r3, [r7, #14]
20005866:	887b      	ldrh	r3, [r7, #2]
20005868:	021b      	lsls	r3, r3, #8
2000586a:	b29a      	uxth	r2, r3
2000586c:	89fb      	ldrh	r3, [r7, #14]
2000586e:	4313      	orrs	r3, r2
20005870:	81fb      	strh	r3, [r7, #14]
20005872:	687b      	ldr	r3, [r7, #4]
20005874:	89fa      	ldrh	r2, [r7, #14]
20005876:	831a      	strh	r2, [r3, #24]
20005878:	bf00      	nop
2000587a:	3714      	adds	r7, #20
2000587c:	46bd      	mov	sp, r7
2000587e:	bc80      	pop	{r7}
20005880:	4770      	bx	lr

20005882 <TIM_OC3FastConfig>:
20005882:	b480      	push	{r7}
20005884:	b085      	sub	sp, #20
20005886:	af00      	add	r7, sp, #0
20005888:	6078      	str	r0, [r7, #4]
2000588a:	460b      	mov	r3, r1
2000588c:	807b      	strh	r3, [r7, #2]
2000588e:	2300      	movs	r3, #0
20005890:	81fb      	strh	r3, [r7, #14]
20005892:	687b      	ldr	r3, [r7, #4]
20005894:	8b9b      	ldrh	r3, [r3, #28]
20005896:	81fb      	strh	r3, [r7, #14]
20005898:	89fb      	ldrh	r3, [r7, #14]
2000589a:	f023 0304 	bic.w	r3, r3, #4
2000589e:	81fb      	strh	r3, [r7, #14]
200058a0:	89fa      	ldrh	r2, [r7, #14]
200058a2:	887b      	ldrh	r3, [r7, #2]
200058a4:	4313      	orrs	r3, r2
200058a6:	81fb      	strh	r3, [r7, #14]
200058a8:	687b      	ldr	r3, [r7, #4]
200058aa:	89fa      	ldrh	r2, [r7, #14]
200058ac:	839a      	strh	r2, [r3, #28]
200058ae:	bf00      	nop
200058b0:	3714      	adds	r7, #20
200058b2:	46bd      	mov	sp, r7
200058b4:	bc80      	pop	{r7}
200058b6:	4770      	bx	lr

200058b8 <TIM_OC4FastConfig>:
200058b8:	b480      	push	{r7}
200058ba:	b085      	sub	sp, #20
200058bc:	af00      	add	r7, sp, #0
200058be:	6078      	str	r0, [r7, #4]
200058c0:	460b      	mov	r3, r1
200058c2:	807b      	strh	r3, [r7, #2]
200058c4:	2300      	movs	r3, #0
200058c6:	81fb      	strh	r3, [r7, #14]
200058c8:	687b      	ldr	r3, [r7, #4]
200058ca:	8b9b      	ldrh	r3, [r3, #28]
200058cc:	81fb      	strh	r3, [r7, #14]
200058ce:	89fb      	ldrh	r3, [r7, #14]
200058d0:	f423 6380 	bic.w	r3, r3, #1024	@ 0x400
200058d4:	81fb      	strh	r3, [r7, #14]
200058d6:	887b      	ldrh	r3, [r7, #2]
200058d8:	021b      	lsls	r3, r3, #8
200058da:	b29a      	uxth	r2, r3
200058dc:	89fb      	ldrh	r3, [r7, #14]
200058de:	4313      	orrs	r3, r2
200058e0:	81fb      	strh	r3, [r7, #14]
200058e2:	687b      	ldr	r3, [r7, #4]
200058e4:	89fa      	ldrh	r2, [r7, #14]
200058e6:	839a      	strh	r2, [r3, #28]
200058e8:	bf00      	nop
200058ea:	3714      	adds	r7, #20
200058ec:	46bd      	mov	sp, r7
200058ee:	bc80      	pop	{r7}
200058f0:	4770      	bx	lr

200058f2 <TIM_ClearOC1Ref>:
200058f2:	b480      	push	{r7}
200058f4:	b085      	sub	sp, #20
200058f6:	af00      	add	r7, sp, #0
200058f8:	6078      	str	r0, [r7, #4]
200058fa:	460b      	mov	r3, r1
200058fc:	807b      	strh	r3, [r7, #2]
200058fe:	2300      	movs	r3, #0
20005900:	81fb      	strh	r3, [r7, #14]
20005902:	687b      	ldr	r3, [r7, #4]
20005904:	8b1b      	ldrh	r3, [r3, #24]
20005906:	81fb      	strh	r3, [r7, #14]
20005908:	89fb      	ldrh	r3, [r7, #14]
2000590a:	f023 0380 	bic.w	r3, r3, #128	@ 0x80
2000590e:	81fb      	strh	r3, [r7, #14]
20005910:	89fa      	ldrh	r2, [r7, #14]
20005912:	887b      	ldrh	r3, [r7, #2]
20005914:	4313      	orrs	r3, r2
20005916:	81fb      	strh	r3, [r7, #14]
20005918:	687b      	ldr	r3, [r7, #4]
2000591a:	89fa      	ldrh	r2, [r7, #14]
2000591c:	831a      	strh	r2, [r3, #24]
2000591e:	bf00      	nop
20005920:	3714      	adds	r7, #20
20005922:	46bd      	mov	sp, r7
20005924:	bc80      	pop	{r7}
20005926:	4770      	bx	lr

20005928 <TIM_ClearOC2Ref>:
20005928:	b480      	push	{r7}
2000592a:	b085      	sub	sp, #20
2000592c:	af00      	add	r7, sp, #0
2000592e:	6078      	str	r0, [r7, #4]
20005930:	460b      	mov	r3, r1
20005932:	807b      	strh	r3, [r7, #2]
20005934:	2300      	movs	r3, #0
20005936:	81fb      	strh	r3, [r7, #14]
20005938:	687b      	ldr	r3, [r7, #4]
2000593a:	8b1b      	ldrh	r3, [r3, #24]
2000593c:	81fb      	strh	r3, [r7, #14]
2000593e:	89fb      	ldrh	r3, [r7, #14]
20005940:	f3c3 030e 	ubfx	r3, r3, #0, #15
20005944:	81fb      	strh	r3, [r7, #14]
20005946:	887b      	ldrh	r3, [r7, #2]
20005948:	021b      	lsls	r3, r3, #8
2000594a:	b29a      	uxth	r2, r3
2000594c:	89fb      	ldrh	r3, [r7, #14]
2000594e:	4313      	orrs	r3, r2
20005950:	81fb      	strh	r3, [r7, #14]
20005952:	687b      	ldr	r3, [r7, #4]
20005954:	89fa      	ldrh	r2, [r7, #14]
20005956:	831a      	strh	r2, [r3, #24]
20005958:	bf00      	nop
2000595a:	3714      	adds	r7, #20
2000595c:	46bd      	mov	sp, r7
2000595e:	bc80      	pop	{r7}
20005960:	4770      	bx	lr

20005962 <TIM_ClearOC3Ref>:
20005962:	b480      	push	{r7}
20005964:	b085      	sub	sp, #20
20005966:	af00      	add	r7, sp, #0
20005968:	6078      	str	r0, [r7, #4]
2000596a:	460b      	mov	r3, r1
2000596c:	807b      	strh	r3, [r7, #2]
2000596e:	2300      	movs	r3, #0
20005970:	81fb      	strh	r3, [r7, #14]
20005972:	687b      	ldr	r3, [r7, #4]
20005974:	8b9b      	ldrh	r3, [r3, #28]
20005976:	81fb      	strh	r3, [r7, #14]
20005978:	89fb      	ldrh	r3, [r7, #14]
2000597a:	f023 0380 	bic.w	r3, r3, #128	@ 0x80
2000597e:	81fb      	strh	r3, [r7, #14]
20005980:	89fa      	ldrh	r2, [r7, #14]
20005982:	887b      	ldrh	r3, [r7, #2]
20005984:	4313      	orrs	r3, r2
20005986:	81fb      	strh	r3, [r7, #14]
20005988:	687b      	ldr	r3, [r7, #4]
2000598a:	89fa      	ldrh	r2, [r7, #14]
2000598c:	839a      	strh	r2, [r3, #28]
2000598e:	bf00      	nop
20005990:	3714      	adds	r7, #20
20005992:	46bd      	mov	sp, r7
20005994:	bc80      	pop	{r7}
20005996:	4770      	bx	lr

20005998 <TIM_ClearOC4Ref>:
20005998:	b480      	push	{r7}
2000599a:	b085      	sub	sp, #20
2000599c:	af00      	add	r7, sp, #0
2000599e:	6078      	str	r0, [r7, #4]
200059a0:	460b      	mov	r3, r1
200059a2:	807b      	strh	r3, [r7, #2]
200059a4:	2300      	movs	r3, #0
200059a6:	81fb      	strh	r3, [r7, #14]
200059a8:	687b      	ldr	r3, [r7, #4]
200059aa:	8b9b      	ldrh	r3, [r3, #28]
200059ac:	81fb      	strh	r3, [r7, #14]
200059ae:	89fb      	ldrh	r3, [r7, #14]
200059b0:	f3c3 030e 	ubfx	r3, r3, #0, #15
200059b4:	81fb      	strh	r3, [r7, #14]
200059b6:	887b      	ldrh	r3, [r7, #2]
200059b8:	021b      	lsls	r3, r3, #8
200059ba:	b29a      	uxth	r2, r3
200059bc:	89fb      	ldrh	r3, [r7, #14]
200059be:	4313      	orrs	r3, r2
200059c0:	81fb      	strh	r3, [r7, #14]
200059c2:	687b      	ldr	r3, [r7, #4]
200059c4:	89fa      	ldrh	r2, [r7, #14]
200059c6:	839a      	strh	r2, [r3, #28]
200059c8:	bf00      	nop
200059ca:	3714      	adds	r7, #20
200059cc:	46bd      	mov	sp, r7
200059ce:	bc80      	pop	{r7}
200059d0:	4770      	bx	lr

200059d2 <TIM_OC1PolarityConfig>:
200059d2:	b480      	push	{r7}
200059d4:	b085      	sub	sp, #20
200059d6:	af00      	add	r7, sp, #0
200059d8:	6078      	str	r0, [r7, #4]
200059da:	460b      	mov	r3, r1
200059dc:	807b      	strh	r3, [r7, #2]
200059de:	2300      	movs	r3, #0
200059e0:	81fb      	strh	r3, [r7, #14]
200059e2:	687b      	ldr	r3, [r7, #4]
200059e4:	8c1b      	ldrh	r3, [r3, #32]
200059e6:	81fb      	strh	r3, [r7, #14]
200059e8:	89fb      	ldrh	r3, [r7, #14]
200059ea:	f023 0302 	bic.w	r3, r3, #2
200059ee:	81fb      	strh	r3, [r7, #14]
200059f0:	89fa      	ldrh	r2, [r7, #14]
200059f2:	887b      	ldrh	r3, [r7, #2]
200059f4:	4313      	orrs	r3, r2
200059f6:	81fb      	strh	r3, [r7, #14]
200059f8:	687b      	ldr	r3, [r7, #4]
200059fa:	89fa      	ldrh	r2, [r7, #14]
200059fc:	841a      	strh	r2, [r3, #32]
200059fe:	bf00      	nop
20005a00:	3714      	adds	r7, #20
20005a02:	46bd      	mov	sp, r7
20005a04:	bc80      	pop	{r7}
20005a06:	4770      	bx	lr

20005a08 <TIM_OC1NPolarityConfig>:
20005a08:	b480      	push	{r7}
20005a0a:	b085      	sub	sp, #20
20005a0c:	af00      	add	r7, sp, #0
20005a0e:	6078      	str	r0, [r7, #4]
20005a10:	460b      	mov	r3, r1
20005a12:	807b      	strh	r3, [r7, #2]
20005a14:	2300      	movs	r3, #0
20005a16:	81fb      	strh	r3, [r7, #14]
20005a18:	687b      	ldr	r3, [r7, #4]
20005a1a:	8c1b      	ldrh	r3, [r3, #32]
20005a1c:	81fb      	strh	r3, [r7, #14]
20005a1e:	89fb      	ldrh	r3, [r7, #14]
20005a20:	f023 0308 	bic.w	r3, r3, #8
20005a24:	81fb      	strh	r3, [r7, #14]
20005a26:	89fa      	ldrh	r2, [r7, #14]
20005a28:	887b      	ldrh	r3, [r7, #2]
20005a2a:	4313      	orrs	r3, r2
20005a2c:	81fb      	strh	r3, [r7, #14]
20005a2e:	687b      	ldr	r3, [r7, #4]
20005a30:	89fa      	ldrh	r2, [r7, #14]
20005a32:	841a      	strh	r2, [r3, #32]
20005a34:	bf00      	nop
20005a36:	3714      	adds	r7, #20
20005a38:	46bd      	mov	sp, r7
20005a3a:	bc80      	pop	{r7}
20005a3c:	4770      	bx	lr

20005a3e <TIM_OC2PolarityConfig>:
20005a3e:	b480      	push	{r7}
20005a40:	b085      	sub	sp, #20
20005a42:	af00      	add	r7, sp, #0
20005a44:	6078      	str	r0, [r7, #4]
20005a46:	460b      	mov	r3, r1
20005a48:	807b      	strh	r3, [r7, #2]
20005a4a:	2300      	movs	r3, #0
20005a4c:	81fb      	strh	r3, [r7, #14]
20005a4e:	687b      	ldr	r3, [r7, #4]
20005a50:	8c1b      	ldrh	r3, [r3, #32]
20005a52:	81fb      	strh	r3, [r7, #14]
20005a54:	89fb      	ldrh	r3, [r7, #14]
20005a56:	f023 0320 	bic.w	r3, r3, #32
20005a5a:	81fb      	strh	r3, [r7, #14]
20005a5c:	887b      	ldrh	r3, [r7, #2]
20005a5e:	011b      	lsls	r3, r3, #4
20005a60:	b29a      	uxth	r2, r3
20005a62:	89fb      	ldrh	r3, [r7, #14]
20005a64:	4313      	orrs	r3, r2
20005a66:	81fb      	strh	r3, [r7, #14]
20005a68:	687b      	ldr	r3, [r7, #4]
20005a6a:	89fa      	ldrh	r2, [r7, #14]
20005a6c:	841a      	strh	r2, [r3, #32]
20005a6e:	bf00      	nop
20005a70:	3714      	adds	r7, #20
20005a72:	46bd      	mov	sp, r7
20005a74:	bc80      	pop	{r7}
20005a76:	4770      	bx	lr

20005a78 <TIM_OC2NPolarityConfig>:
20005a78:	b480      	push	{r7}
20005a7a:	b085      	sub	sp, #20
20005a7c:	af00      	add	r7, sp, #0
20005a7e:	6078      	str	r0, [r7, #4]
20005a80:	460b      	mov	r3, r1
20005a82:	807b      	strh	r3, [r7, #2]
20005a84:	2300      	movs	r3, #0
20005a86:	81fb      	strh	r3, [r7, #14]
20005a88:	687b      	ldr	r3, [r7, #4]
20005a8a:	8c1b      	ldrh	r3, [r3, #32]
20005a8c:	81fb      	strh	r3, [r7, #14]
20005a8e:	89fb      	ldrh	r3, [r7, #14]
20005a90:	f023 0380 	bic.w	r3, r3, #128	@ 0x80
20005a94:	81fb      	strh	r3, [r7, #14]
20005a96:	887b      	ldrh	r3, [r7, #2]
20005a98:	011b      	lsls	r3, r3, #4
20005a9a:	b29a      	uxth	r2, r3
20005a9c:	89fb      	ldrh	r3, [r7, #14]
20005a9e:	4313      	orrs	r3, r2
20005aa0:	81fb      	strh	r3, [r7, #14]
20005aa2:	687b      	ldr	r3, [r7, #4]
20005aa4:	89fa      	ldrh	r2, [r7, #14]
20005aa6:	841a      	strh	r2, [r3, #32]
20005aa8:	bf00      	nop
20005aaa:	3714      	adds	r7, #20
20005aac:	46bd      	mov	sp, r7
20005aae:	bc80      	pop	{r7}
20005ab0:	4770      	bx	lr

20005ab2 <TIM_OC3PolarityConfig>:
20005ab2:	b480      	push	{r7}
20005ab4:	b085      	sub	sp, #20
20005ab6:	af00      	add	r7, sp, #0
20005ab8:	6078      	str	r0, [r7, #4]
20005aba:	460b      	mov	r3, r1
20005abc:	807b      	strh	r3, [r7, #2]
20005abe:	2300      	movs	r3, #0
20005ac0:	81fb      	strh	r3, [r7, #14]
20005ac2:	687b      	ldr	r3, [r7, #4]
20005ac4:	8c1b      	ldrh	r3, [r3, #32]
20005ac6:	81fb      	strh	r3, [r7, #14]
20005ac8:	89fb      	ldrh	r3, [r7, #14]
20005aca:	f423 7300 	bic.w	r3, r3, #512	@ 0x200
20005ace:	81fb      	strh	r3, [r7, #14]
20005ad0:	887b      	ldrh	r3, [r7, #2]
20005ad2:	021b      	lsls	r3, r3, #8
20005ad4:	b29a      	uxth	r2, r3
20005ad6:	89fb      	ldrh	r3, [r7, #14]
20005ad8:	4313      	orrs	r3, r2
20005ada:	81fb      	strh	r3, [r7, #14]
20005adc:	687b      	ldr	r3, [r7, #4]
20005ade:	89fa      	ldrh	r2, [r7, #14]
20005ae0:	841a      	strh	r2, [r3, #32]
20005ae2:	bf00      	nop
20005ae4:	3714      	adds	r7, #20
20005ae6:	46bd      	mov	sp, r7
20005ae8:	bc80      	pop	{r7}
20005aea:	4770      	bx	lr

20005aec <TIM_OC3NPolarityConfig>:
20005aec:	b480      	push	{r7}
20005aee:	b085      	sub	sp, #20
20005af0:	af00      	add	r7, sp, #0
20005af2:	6078      	str	r0, [r7, #4]
20005af4:	460b      	mov	r3, r1
20005af6:	807b      	strh	r3, [r7, #2]
20005af8:	2300      	movs	r3, #0
20005afa:	81fb      	strh	r3, [r7, #14]
20005afc:	687b      	ldr	r3, [r7, #4]
20005afe:	8c1b      	ldrh	r3, [r3, #32]
20005b00:	81fb      	strh	r3, [r7, #14]
20005b02:	89fb      	ldrh	r3, [r7, #14]
20005b04:	f423 6300 	bic.w	r3, r3, #2048	@ 0x800
20005b08:	81fb      	strh	r3, [r7, #14]
20005b0a:	887b      	ldrh	r3, [r7, #2]
20005b0c:	021b      	lsls	r3, r3, #8
20005b0e:	b29a      	uxth	r2, r3
20005b10:	89fb      	ldrh	r3, [r7, #14]
20005b12:	4313      	orrs	r3, r2
20005b14:	81fb      	strh	r3, [r7, #14]
20005b16:	687b      	ldr	r3, [r7, #4]
20005b18:	89fa      	ldrh	r2, [r7, #14]
20005b1a:	841a      	strh	r2, [r3, #32]
20005b1c:	bf00      	nop
20005b1e:	3714      	adds	r7, #20
20005b20:	46bd      	mov	sp, r7
20005b22:	bc80      	pop	{r7}
20005b24:	4770      	bx	lr

20005b26 <TIM_OC4PolarityConfig>:
20005b26:	b480      	push	{r7}
20005b28:	b085      	sub	sp, #20
20005b2a:	af00      	add	r7, sp, #0
20005b2c:	6078      	str	r0, [r7, #4]
20005b2e:	460b      	mov	r3, r1
20005b30:	807b      	strh	r3, [r7, #2]
20005b32:	2300      	movs	r3, #0
20005b34:	81fb      	strh	r3, [r7, #14]
20005b36:	687b      	ldr	r3, [r7, #4]
20005b38:	8c1b      	ldrh	r3, [r3, #32]
20005b3a:	81fb      	strh	r3, [r7, #14]
20005b3c:	89fb      	ldrh	r3, [r7, #14]
20005b3e:	f423 5300 	bic.w	r3, r3, #8192	@ 0x2000
20005b42:	81fb      	strh	r3, [r7, #14]
20005b44:	887b      	ldrh	r3, [r7, #2]
20005b46:	031b      	lsls	r3, r3, #12
20005b48:	b29a      	uxth	r2, r3
20005b4a:	89fb      	ldrh	r3, [r7, #14]
20005b4c:	4313      	orrs	r3, r2
20005b4e:	81fb      	strh	r3, [r7, #14]
20005b50:	687b      	ldr	r3, [r7, #4]
20005b52:	89fa      	ldrh	r2, [r7, #14]
20005b54:	841a      	strh	r2, [r3, #32]
20005b56:	bf00      	nop
20005b58:	3714      	adds	r7, #20
20005b5a:	46bd      	mov	sp, r7
20005b5c:	bc80      	pop	{r7}
20005b5e:	4770      	bx	lr

20005b60 <TIM_CCxCmd>:
20005b60:	b480      	push	{r7}
20005b62:	b085      	sub	sp, #20
20005b64:	af00      	add	r7, sp, #0
20005b66:	6078      	str	r0, [r7, #4]
20005b68:	460b      	mov	r3, r1
20005b6a:	807b      	strh	r3, [r7, #2]
20005b6c:	4613      	mov	r3, r2
20005b6e:	803b      	strh	r3, [r7, #0]
20005b70:	2300      	movs	r3, #0
20005b72:	81fb      	strh	r3, [r7, #14]
20005b74:	887b      	ldrh	r3, [r7, #2]
20005b76:	2201      	movs	r2, #1
20005b78:	fa02 f303 	lsl.w	r3, r2, r3
20005b7c:	81fb      	strh	r3, [r7, #14]
20005b7e:	687b      	ldr	r3, [r7, #4]
20005b80:	8c1b      	ldrh	r3, [r3, #32]
20005b82:	b29a      	uxth	r2, r3
20005b84:	89fb      	ldrh	r3, [r7, #14]
20005b86:	43db      	mvns	r3, r3
20005b88:	b29b      	uxth	r3, r3
20005b8a:	4013      	ands	r3, r2
20005b8c:	b29a      	uxth	r2, r3
20005b8e:	687b      	ldr	r3, [r7, #4]
20005b90:	841a      	strh	r2, [r3, #32]
20005b92:	687b      	ldr	r3, [r7, #4]
20005b94:	8c1b      	ldrh	r3, [r3, #32]
20005b96:	b29a      	uxth	r2, r3
20005b98:	8839      	ldrh	r1, [r7, #0]
20005b9a:	887b      	ldrh	r3, [r7, #2]
20005b9c:	fa01 f303 	lsl.w	r3, r1, r3
20005ba0:	b29b      	uxth	r3, r3
20005ba2:	4313      	orrs	r3, r2
20005ba4:	b29a      	uxth	r2, r3
20005ba6:	687b      	ldr	r3, [r7, #4]
20005ba8:	841a      	strh	r2, [r3, #32]
20005baa:	bf00      	nop
20005bac:	3714      	adds	r7, #20
20005bae:	46bd      	mov	sp, r7
20005bb0:	bc80      	pop	{r7}
20005bb2:	4770      	bx	lr

20005bb4 <TIM_CCxNCmd>:
20005bb4:	b480      	push	{r7}
20005bb6:	b085      	sub	sp, #20
20005bb8:	af00      	add	r7, sp, #0
20005bba:	6078      	str	r0, [r7, #4]
20005bbc:	460b      	mov	r3, r1
20005bbe:	807b      	strh	r3, [r7, #2]
20005bc0:	4613      	mov	r3, r2
20005bc2:	803b      	strh	r3, [r7, #0]
20005bc4:	2300      	movs	r3, #0
20005bc6:	81fb      	strh	r3, [r7, #14]
20005bc8:	887b      	ldrh	r3, [r7, #2]
20005bca:	2204      	movs	r2, #4
20005bcc:	fa02 f303 	lsl.w	r3, r2, r3
20005bd0:	81fb      	strh	r3, [r7, #14]
20005bd2:	687b      	ldr	r3, [r7, #4]
20005bd4:	8c1b      	ldrh	r3, [r3, #32]
20005bd6:	b29a      	uxth	r2, r3
20005bd8:	89fb      	ldrh	r3, [r7, #14]
20005bda:	43db      	mvns	r3, r3
20005bdc:	b29b      	uxth	r3, r3
20005bde:	4013      	ands	r3, r2
20005be0:	b29a      	uxth	r2, r3
20005be2:	687b      	ldr	r3, [r7, #4]
20005be4:	841a      	strh	r2, [r3, #32]
20005be6:	687b      	ldr	r3, [r7, #4]
20005be8:	8c1b      	ldrh	r3, [r3, #32]
20005bea:	b29a      	uxth	r2, r3
20005bec:	8839      	ldrh	r1, [r7, #0]
20005bee:	887b      	ldrh	r3, [r7, #2]
20005bf0:	fa01 f303 	lsl.w	r3, r1, r3
20005bf4:	b29b      	uxth	r3, r3
20005bf6:	4313      	orrs	r3, r2
20005bf8:	b29a      	uxth	r2, r3
20005bfa:	687b      	ldr	r3, [r7, #4]
20005bfc:	841a      	strh	r2, [r3, #32]
20005bfe:	bf00      	nop
20005c00:	3714      	adds	r7, #20
20005c02:	46bd      	mov	sp, r7
20005c04:	bc80      	pop	{r7}
20005c06:	4770      	bx	lr

20005c08 <TIM_ICInit>:
20005c08:	b580      	push	{r7, lr}
20005c0a:	b082      	sub	sp, #8
20005c0c:	af00      	add	r7, sp, #0
20005c0e:	6078      	str	r0, [r7, #4]
20005c10:	6039      	str	r1, [r7, #0]
20005c12:	683b      	ldr	r3, [r7, #0]
20005c14:	881b      	ldrh	r3, [r3, #0]
20005c16:	2b00      	cmp	r3, #0
20005c18:	d10f      	bne.n	20005c3a <TIM_ICInit+0x32>
20005c1a:	683b      	ldr	r3, [r7, #0]
20005c1c:	8859      	ldrh	r1, [r3, #2]
20005c1e:	683b      	ldr	r3, [r7, #0]
20005c20:	889a      	ldrh	r2, [r3, #4]
20005c22:	683b      	ldr	r3, [r7, #0]
20005c24:	891b      	ldrh	r3, [r3, #8]
20005c26:	6878      	ldr	r0, [r7, #4]
20005c28:	f000 fc97 	bl	2000655a <TI1_Config>
20005c2c:	683b      	ldr	r3, [r7, #0]
20005c2e:	88db      	ldrh	r3, [r3, #6]
20005c30:	4619      	mov	r1, r3
20005c32:	6878      	ldr	r0, [r7, #4]
20005c34:	f000 f8dc 	bl	20005df0 <TIM_SetIC1Prescaler>
20005c38:	e036      	b.n	20005ca8 <TIM_ICInit+0xa0>
20005c3a:	683b      	ldr	r3, [r7, #0]
20005c3c:	881b      	ldrh	r3, [r3, #0]
20005c3e:	2b04      	cmp	r3, #4
20005c40:	d10f      	bne.n	20005c62 <TIM_ICInit+0x5a>
20005c42:	683b      	ldr	r3, [r7, #0]
20005c44:	8859      	ldrh	r1, [r3, #2]
20005c46:	683b      	ldr	r3, [r7, #0]
20005c48:	889a      	ldrh	r2, [r3, #4]
20005c4a:	683b      	ldr	r3, [r7, #0]
20005c4c:	891b      	ldrh	r3, [r3, #8]
20005c4e:	6878      	ldr	r0, [r7, #4]
20005c50:	f000 fcc5 	bl	200065de <TI2_Config>
20005c54:	683b      	ldr	r3, [r7, #0]
20005c56:	88db      	ldrh	r3, [r3, #6]
20005c58:	4619      	mov	r1, r3
20005c5a:	6878      	ldr	r0, [r7, #4]
20005c5c:	f000 f8e3 	bl	20005e26 <TIM_SetIC2Prescaler>
20005c60:	e022      	b.n	20005ca8 <TIM_ICInit+0xa0>
20005c62:	683b      	ldr	r3, [r7, #0]
20005c64:	881b      	ldrh	r3, [r3, #0]
20005c66:	2b08      	cmp	r3, #8
20005c68:	d10f      	bne.n	20005c8a <TIM_ICInit+0x82>
20005c6a:	683b      	ldr	r3, [r7, #0]
20005c6c:	8859      	ldrh	r1, [r3, #2]
20005c6e:	683b      	ldr	r3, [r7, #0]
20005c70:	889a      	ldrh	r2, [r3, #4]
20005c72:	683b      	ldr	r3, [r7, #0]
20005c74:	891b      	ldrh	r3, [r3, #8]
20005c76:	6878      	ldr	r0, [r7, #4]
20005c78:	f000 fcfd 	bl	20006676 <TI3_Config>
20005c7c:	683b      	ldr	r3, [r7, #0]
20005c7e:	88db      	ldrh	r3, [r3, #6]
20005c80:	4619      	mov	r1, r3
20005c82:	6878      	ldr	r0, [r7, #4]
20005c84:	f000 f8ec 	bl	20005e60 <TIM_SetIC3Prescaler>
20005c88:	e00e      	b.n	20005ca8 <TIM_ICInit+0xa0>
20005c8a:	683b      	ldr	r3, [r7, #0]
20005c8c:	8859      	ldrh	r1, [r3, #2]
20005c8e:	683b      	ldr	r3, [r7, #0]
20005c90:	889a      	ldrh	r2, [r3, #4]
20005c92:	683b      	ldr	r3, [r7, #0]
20005c94:	891b      	ldrh	r3, [r3, #8]
20005c96:	6878      	ldr	r0, [r7, #4]
20005c98:	f000 fd34 	bl	20006704 <TI4_Config>
20005c9c:	683b      	ldr	r3, [r7, #0]
20005c9e:	88db      	ldrh	r3, [r3, #6]
20005ca0:	4619      	mov	r1, r3
20005ca2:	6878      	ldr	r0, [r7, #4]
20005ca4:	f000 f8f7 	bl	20005e96 <TIM_SetIC4Prescaler>
20005ca8:	bf00      	nop
20005caa:	3708      	adds	r7, #8
20005cac:	46bd      	mov	sp, r7
20005cae:	bd80      	pop	{r7, pc}

20005cb0 <TIM_ICStructInit>:
20005cb0:	b480      	push	{r7}
20005cb2:	b083      	sub	sp, #12
20005cb4:	af00      	add	r7, sp, #0
20005cb6:	6078      	str	r0, [r7, #4]
20005cb8:	687b      	ldr	r3, [r7, #4]
20005cba:	2200      	movs	r2, #0
20005cbc:	801a      	strh	r2, [r3, #0]
20005cbe:	687b      	ldr	r3, [r7, #4]
20005cc0:	2200      	movs	r2, #0
20005cc2:	805a      	strh	r2, [r3, #2]
20005cc4:	687b      	ldr	r3, [r7, #4]
20005cc6:	2201      	movs	r2, #1
20005cc8:	809a      	strh	r2, [r3, #4]
20005cca:	687b      	ldr	r3, [r7, #4]
20005ccc:	2200      	movs	r2, #0
20005cce:	80da      	strh	r2, [r3, #6]
20005cd0:	687b      	ldr	r3, [r7, #4]
20005cd2:	2200      	movs	r2, #0
20005cd4:	811a      	strh	r2, [r3, #8]
20005cd6:	bf00      	nop
20005cd8:	370c      	adds	r7, #12
20005cda:	46bd      	mov	sp, r7
20005cdc:	bc80      	pop	{r7}
20005cde:	4770      	bx	lr

20005ce0 <TIM_PWMIConfig>:
20005ce0:	b580      	push	{r7, lr}
20005ce2:	b084      	sub	sp, #16
20005ce4:	af00      	add	r7, sp, #0
20005ce6:	6078      	str	r0, [r7, #4]
20005ce8:	6039      	str	r1, [r7, #0]
20005cea:	2300      	movs	r3, #0
20005cec:	81fb      	strh	r3, [r7, #14]
20005cee:	2301      	movs	r3, #1
20005cf0:	81bb      	strh	r3, [r7, #12]
20005cf2:	683b      	ldr	r3, [r7, #0]
20005cf4:	885b      	ldrh	r3, [r3, #2]
20005cf6:	2b00      	cmp	r3, #0
20005cf8:	d102      	bne.n	20005d00 <TIM_PWMIConfig+0x20>
20005cfa:	2302      	movs	r3, #2
20005cfc:	81fb      	strh	r3, [r7, #14]
20005cfe:	e001      	b.n	20005d04 <TIM_PWMIConfig+0x24>
20005d00:	2300      	movs	r3, #0
20005d02:	81fb      	strh	r3, [r7, #14]
20005d04:	683b      	ldr	r3, [r7, #0]
20005d06:	889b      	ldrh	r3, [r3, #4]
20005d08:	2b01      	cmp	r3, #1
20005d0a:	d102      	bne.n	20005d12 <TIM_PWMIConfig+0x32>
20005d0c:	2302      	movs	r3, #2
20005d0e:	81bb      	strh	r3, [r7, #12]
20005d10:	e001      	b.n	20005d16 <TIM_PWMIConfig+0x36>
20005d12:	2301      	movs	r3, #1
20005d14:	81bb      	strh	r3, [r7, #12]
20005d16:	683b      	ldr	r3, [r7, #0]
20005d18:	881b      	ldrh	r3, [r3, #0]
20005d1a:	2b00      	cmp	r3, #0
20005d1c:	d11c      	bne.n	20005d58 <TIM_PWMIConfig+0x78>
20005d1e:	683b      	ldr	r3, [r7, #0]
20005d20:	8859      	ldrh	r1, [r3, #2]
20005d22:	683b      	ldr	r3, [r7, #0]
20005d24:	889a      	ldrh	r2, [r3, #4]
20005d26:	683b      	ldr	r3, [r7, #0]
20005d28:	891b      	ldrh	r3, [r3, #8]
20005d2a:	6878      	ldr	r0, [r7, #4]
20005d2c:	f000 fc15 	bl	2000655a <TI1_Config>
20005d30:	683b      	ldr	r3, [r7, #0]
20005d32:	88db      	ldrh	r3, [r3, #6]
20005d34:	4619      	mov	r1, r3
20005d36:	6878      	ldr	r0, [r7, #4]
20005d38:	f000 f85a 	bl	20005df0 <TIM_SetIC1Prescaler>
20005d3c:	683b      	ldr	r3, [r7, #0]
20005d3e:	891b      	ldrh	r3, [r3, #8]
20005d40:	89ba      	ldrh	r2, [r7, #12]
20005d42:	89f9      	ldrh	r1, [r7, #14]
20005d44:	6878      	ldr	r0, [r7, #4]
20005d46:	f000 fc4a 	bl	200065de <TI2_Config>
20005d4a:	683b      	ldr	r3, [r7, #0]
20005d4c:	88db      	ldrh	r3, [r3, #6]
20005d4e:	4619      	mov	r1, r3
20005d50:	6878      	ldr	r0, [r7, #4]
20005d52:	f000 f868 	bl	20005e26 <TIM_SetIC2Prescaler>
20005d56:	e01b      	b.n	20005d90 <TIM_PWMIConfig+0xb0>
20005d58:	683b      	ldr	r3, [r7, #0]
20005d5a:	8859      	ldrh	r1, [r3, #2]
20005d5c:	683b      	ldr	r3, [r7, #0]
20005d5e:	889a      	ldrh	r2, [r3, #4]
20005d60:	683b      	ldr	r3, [r7, #0]
20005d62:	891b      	ldrh	r3, [r3, #8]
20005d64:	6878      	ldr	r0, [r7, #4]
20005d66:	f000 fc3a 	bl	200065de <TI2_Config>
20005d6a:	683b      	ldr	r3, [r7, #0]
20005d6c:	88db      	ldrh	r3, [r3, #6]
20005d6e:	4619      	mov	r1, r3
20005d70:	6878      	ldr	r0, [r7, #4]
20005d72:	f000 f858 	bl	20005e26 <TIM_SetIC2Prescaler>
20005d76:	683b      	ldr	r3, [r7, #0]
20005d78:	891b      	ldrh	r3, [r3, #8]
20005d7a:	89ba      	ldrh	r2, [r7, #12]
20005d7c:	89f9      	ldrh	r1, [r7, #14]
20005d7e:	6878      	ldr	r0, [r7, #4]
20005d80:	f000 fbeb 	bl	2000655a <TI1_Config>
20005d84:	683b      	ldr	r3, [r7, #0]
20005d86:	88db      	ldrh	r3, [r3, #6]
20005d88:	4619      	mov	r1, r3
20005d8a:	6878      	ldr	r0, [r7, #4]
20005d8c:	f000 f830 	bl	20005df0 <TIM_SetIC1Prescaler>
20005d90:	bf00      	nop
20005d92:	3710      	adds	r7, #16
20005d94:	46bd      	mov	sp, r7
20005d96:	bd80      	pop	{r7, pc}

20005d98 <TIM_GetCapture1>:
20005d98:	b480      	push	{r7}
20005d9a:	b083      	sub	sp, #12
20005d9c:	af00      	add	r7, sp, #0
20005d9e:	6078      	str	r0, [r7, #4]
20005da0:	687b      	ldr	r3, [r7, #4]
20005da2:	6b5b      	ldr	r3, [r3, #52]	@ 0x34
20005da4:	4618      	mov	r0, r3
20005da6:	370c      	adds	r7, #12
20005da8:	46bd      	mov	sp, r7
20005daa:	bc80      	pop	{r7}
20005dac:	4770      	bx	lr

20005dae <TIM_GetCapture2>:
20005dae:	b480      	push	{r7}
20005db0:	b083      	sub	sp, #12
20005db2:	af00      	add	r7, sp, #0
20005db4:	6078      	str	r0, [r7, #4]
20005db6:	687b      	ldr	r3, [r7, #4]
20005db8:	6b9b      	ldr	r3, [r3, #56]	@ 0x38
20005dba:	4618      	mov	r0, r3
20005dbc:	370c      	adds	r7, #12
20005dbe:	46bd      	mov	sp, r7
20005dc0:	bc80      	pop	{r7}
20005dc2:	4770      	bx	lr

20005dc4 <TIM_GetCapture3>:
20005dc4:	b480      	push	{r7}
20005dc6:	b083      	sub	sp, #12
20005dc8:	af00      	add	r7, sp, #0
20005dca:	6078      	str	r0, [r7, #4]
20005dcc:	687b      	ldr	r3, [r7, #4]
20005dce:	6bdb      	ldr	r3, [r3, #60]	@ 0x3c
20005dd0:	4618      	mov	r0, r3
20005dd2:	370c      	adds	r7, #12
20005dd4:	46bd      	mov	sp, r7
20005dd6:	bc80      	pop	{r7}
20005dd8:	4770      	bx	lr

20005dda <TIM_GetCapture4>:
20005dda:	b480      	push	{r7}
20005ddc:	b083      	sub	sp, #12
20005dde:	af00      	add	r7, sp, #0
20005de0:	6078      	str	r0, [r7, #4]
20005de2:	687b      	ldr	r3, [r7, #4]
20005de4:	6c1b      	ldr	r3, [r3, #64]	@ 0x40
20005de6:	4618      	mov	r0, r3
20005de8:	370c      	adds	r7, #12
20005dea:	46bd      	mov	sp, r7
20005dec:	bc80      	pop	{r7}
20005dee:	4770      	bx	lr

20005df0 <TIM_SetIC1Prescaler>:
20005df0:	b480      	push	{r7}
20005df2:	b083      	sub	sp, #12
20005df4:	af00      	add	r7, sp, #0
20005df6:	6078      	str	r0, [r7, #4]
20005df8:	460b      	mov	r3, r1
20005dfa:	807b      	strh	r3, [r7, #2]
20005dfc:	687b      	ldr	r3, [r7, #4]
20005dfe:	8b1b      	ldrh	r3, [r3, #24]
20005e00:	b29b      	uxth	r3, r3
20005e02:	f023 030c 	bic.w	r3, r3, #12
20005e06:	b29a      	uxth	r2, r3
20005e08:	687b      	ldr	r3, [r7, #4]
20005e0a:	831a      	strh	r2, [r3, #24]
20005e0c:	687b      	ldr	r3, [r7, #4]
20005e0e:	8b1b      	ldrh	r3, [r3, #24]
20005e10:	b29a      	uxth	r2, r3
20005e12:	887b      	ldrh	r3, [r7, #2]
20005e14:	4313      	orrs	r3, r2
20005e16:	b29a      	uxth	r2, r3
20005e18:	687b      	ldr	r3, [r7, #4]
20005e1a:	831a      	strh	r2, [r3, #24]
20005e1c:	bf00      	nop
20005e1e:	370c      	adds	r7, #12
20005e20:	46bd      	mov	sp, r7
20005e22:	bc80      	pop	{r7}
20005e24:	4770      	bx	lr

20005e26 <TIM_SetIC2Prescaler>:
20005e26:	b480      	push	{r7}
20005e28:	b083      	sub	sp, #12
20005e2a:	af00      	add	r7, sp, #0
20005e2c:	6078      	str	r0, [r7, #4]
20005e2e:	460b      	mov	r3, r1
20005e30:	807b      	strh	r3, [r7, #2]
20005e32:	687b      	ldr	r3, [r7, #4]
20005e34:	8b1b      	ldrh	r3, [r3, #24]
20005e36:	b29b      	uxth	r3, r3
20005e38:	f423 6340 	bic.w	r3, r3, #3072	@ 0xc00
20005e3c:	b29a      	uxth	r2, r3
20005e3e:	687b      	ldr	r3, [r7, #4]
20005e40:	831a      	strh	r2, [r3, #24]
20005e42:	687b      	ldr	r3, [r7, #4]
20005e44:	8b1b      	ldrh	r3, [r3, #24]
20005e46:	b29a      	uxth	r2, r3
20005e48:	887b      	ldrh	r3, [r7, #2]
20005e4a:	021b      	lsls	r3, r3, #8
20005e4c:	b29b      	uxth	r3, r3
20005e4e:	4313      	orrs	r3, r2
20005e50:	b29a      	uxth	r2, r3
20005e52:	687b      	ldr	r3, [r7, #4]
20005e54:	831a      	strh	r2, [r3, #24]
20005e56:	bf00      	nop
20005e58:	370c      	adds	r7, #12
20005e5a:	46bd      	mov	sp, r7
20005e5c:	bc80      	pop	{r7}
20005e5e:	4770      	bx	lr

20005e60 <TIM_SetIC3Prescaler>:
20005e60:	b480      	push	{r7}
20005e62:	b083      	sub	sp, #12
20005e64:	af00      	add	r7, sp, #0
20005e66:	6078      	str	r0, [r7, #4]
20005e68:	460b      	mov	r3, r1
20005e6a:	807b      	strh	r3, [r7, #2]
20005e6c:	687b      	ldr	r3, [r7, #4]
20005e6e:	8b9b      	ldrh	r3, [r3, #28]
20005e70:	b29b      	uxth	r3, r3
20005e72:	f023 030c 	bic.w	r3, r3, #12
20005e76:	b29a      	uxth	r2, r3
20005e78:	687b      	ldr	r3, [r7, #4]
20005e7a:	839a      	strh	r2, [r3, #28]
20005e7c:	687b      	ldr	r3, [r7, #4]
20005e7e:	8b9b      	ldrh	r3, [r3, #28]
20005e80:	b29a      	uxth	r2, r3
20005e82:	887b      	ldrh	r3, [r7, #2]
20005e84:	4313      	orrs	r3, r2
20005e86:	b29a      	uxth	r2, r3
20005e88:	687b      	ldr	r3, [r7, #4]
20005e8a:	839a      	strh	r2, [r3, #28]
20005e8c:	bf00      	nop
20005e8e:	370c      	adds	r7, #12
20005e90:	46bd      	mov	sp, r7
20005e92:	bc80      	pop	{r7}
20005e94:	4770      	bx	lr

20005e96 <TIM_SetIC4Prescaler>:
20005e96:	b480      	push	{r7}
20005e98:	b083      	sub	sp, #12
20005e9a:	af00      	add	r7, sp, #0
20005e9c:	6078      	str	r0, [r7, #4]
20005e9e:	460b      	mov	r3, r1
20005ea0:	807b      	strh	r3, [r7, #2]
20005ea2:	687b      	ldr	r3, [r7, #4]
20005ea4:	8b9b      	ldrh	r3, [r3, #28]
20005ea6:	b29b      	uxth	r3, r3
20005ea8:	f423 6340 	bic.w	r3, r3, #3072	@ 0xc00
20005eac:	b29a      	uxth	r2, r3
20005eae:	687b      	ldr	r3, [r7, #4]
20005eb0:	839a      	strh	r2, [r3, #28]
20005eb2:	687b      	ldr	r3, [r7, #4]
20005eb4:	8b9b      	ldrh	r3, [r3, #28]
20005eb6:	b29a      	uxth	r2, r3
20005eb8:	887b      	ldrh	r3, [r7, #2]
20005eba:	021b      	lsls	r3, r3, #8
20005ebc:	b29b      	uxth	r3, r3
20005ebe:	4313      	orrs	r3, r2
20005ec0:	b29a      	uxth	r2, r3
20005ec2:	687b      	ldr	r3, [r7, #4]
20005ec4:	839a      	strh	r2, [r3, #28]
20005ec6:	bf00      	nop
20005ec8:	370c      	adds	r7, #12
20005eca:	46bd      	mov	sp, r7
20005ecc:	bc80      	pop	{r7}
20005ece:	4770      	bx	lr

20005ed0 <TIM_BDTRConfig>:
20005ed0:	b480      	push	{r7}
20005ed2:	b083      	sub	sp, #12
20005ed4:	af00      	add	r7, sp, #0
20005ed6:	6078      	str	r0, [r7, #4]
20005ed8:	6039      	str	r1, [r7, #0]
20005eda:	683b      	ldr	r3, [r7, #0]
20005edc:	881a      	ldrh	r2, [r3, #0]
20005ede:	683b      	ldr	r3, [r7, #0]
20005ee0:	885b      	ldrh	r3, [r3, #2]
20005ee2:	4313      	orrs	r3, r2
20005ee4:	b29a      	uxth	r2, r3
20005ee6:	683b      	ldr	r3, [r7, #0]
20005ee8:	889b      	ldrh	r3, [r3, #4]
20005eea:	4313      	orrs	r3, r2
20005eec:	b29a      	uxth	r2, r3
20005eee:	683b      	ldr	r3, [r7, #0]
20005ef0:	88db      	ldrh	r3, [r3, #6]
20005ef2:	4313      	orrs	r3, r2
20005ef4:	b29a      	uxth	r2, r3
20005ef6:	683b      	ldr	r3, [r7, #0]
20005ef8:	891b      	ldrh	r3, [r3, #8]
20005efa:	4313      	orrs	r3, r2
20005efc:	b29a      	uxth	r2, r3
20005efe:	683b      	ldr	r3, [r7, #0]
20005f00:	895b      	ldrh	r3, [r3, #10]
20005f02:	4313      	orrs	r3, r2
20005f04:	b29a      	uxth	r2, r3
20005f06:	683b      	ldr	r3, [r7, #0]
20005f08:	899b      	ldrh	r3, [r3, #12]
20005f0a:	4313      	orrs	r3, r2
20005f0c:	b29a      	uxth	r2, r3
20005f0e:	687b      	ldr	r3, [r7, #4]
20005f10:	f8a3 2044 	strh.w	r2, [r3, #68]	@ 0x44
20005f14:	bf00      	nop
20005f16:	370c      	adds	r7, #12
20005f18:	46bd      	mov	sp, r7
20005f1a:	bc80      	pop	{r7}
20005f1c:	4770      	bx	lr

20005f1e <TIM_BDTRStructInit>:
20005f1e:	b480      	push	{r7}
20005f20:	b083      	sub	sp, #12
20005f22:	af00      	add	r7, sp, #0
20005f24:	6078      	str	r0, [r7, #4]
20005f26:	687b      	ldr	r3, [r7, #4]
20005f28:	2200      	movs	r2, #0
20005f2a:	801a      	strh	r2, [r3, #0]
20005f2c:	687b      	ldr	r3, [r7, #4]
20005f2e:	2200      	movs	r2, #0
20005f30:	805a      	strh	r2, [r3, #2]
20005f32:	687b      	ldr	r3, [r7, #4]
20005f34:	2200      	movs	r2, #0
20005f36:	809a      	strh	r2, [r3, #4]
20005f38:	687b      	ldr	r3, [r7, #4]
20005f3a:	2200      	movs	r2, #0
20005f3c:	80da      	strh	r2, [r3, #6]
20005f3e:	687b      	ldr	r3, [r7, #4]
20005f40:	2200      	movs	r2, #0
20005f42:	811a      	strh	r2, [r3, #8]
20005f44:	687b      	ldr	r3, [r7, #4]
20005f46:	2200      	movs	r2, #0
20005f48:	815a      	strh	r2, [r3, #10]
20005f4a:	687b      	ldr	r3, [r7, #4]
20005f4c:	2200      	movs	r2, #0
20005f4e:	819a      	strh	r2, [r3, #12]
20005f50:	bf00      	nop
20005f52:	370c      	adds	r7, #12
20005f54:	46bd      	mov	sp, r7
20005f56:	bc80      	pop	{r7}
20005f58:	4770      	bx	lr

20005f5a <TIM_CtrlPWMOutputs>:
20005f5a:	b480      	push	{r7}
20005f5c:	b083      	sub	sp, #12
20005f5e:	af00      	add	r7, sp, #0
20005f60:	6078      	str	r0, [r7, #4]
20005f62:	460b      	mov	r3, r1
20005f64:	70fb      	strb	r3, [r7, #3]
20005f66:	78fb      	ldrb	r3, [r7, #3]
20005f68:	2b00      	cmp	r3, #0
20005f6a:	d00c      	beq.n	20005f86 <TIM_CtrlPWMOutputs+0x2c>
20005f6c:	687b      	ldr	r3, [r7, #4]
20005f6e:	f8b3 3044 	ldrh.w	r3, [r3, #68]	@ 0x44
20005f72:	b29b      	uxth	r3, r3
20005f74:	ea6f 4343 	mvn.w	r3, r3, lsl #17
20005f78:	ea6f 4353 	mvn.w	r3, r3, lsr #17
20005f7c:	b29a      	uxth	r2, r3
20005f7e:	687b      	ldr	r3, [r7, #4]
20005f80:	f8a3 2044 	strh.w	r2, [r3, #68]	@ 0x44
20005f84:	e009      	b.n	20005f9a <TIM_CtrlPWMOutputs+0x40>
20005f86:	687b      	ldr	r3, [r7, #4]
20005f88:	f8b3 3044 	ldrh.w	r3, [r3, #68]	@ 0x44
20005f8c:	b29b      	uxth	r3, r3
20005f8e:	f3c3 030e 	ubfx	r3, r3, #0, #15
20005f92:	b29a      	uxth	r2, r3
20005f94:	687b      	ldr	r3, [r7, #4]
20005f96:	f8a3 2044 	strh.w	r2, [r3, #68]	@ 0x44
20005f9a:	bf00      	nop
20005f9c:	370c      	adds	r7, #12
20005f9e:	46bd      	mov	sp, r7
20005fa0:	bc80      	pop	{r7}
20005fa2:	4770      	bx	lr

20005fa4 <TIM_SelectCOM>:
20005fa4:	b480      	push	{r7}
20005fa6:	b083      	sub	sp, #12
20005fa8:	af00      	add	r7, sp, #0
20005faa:	6078      	str	r0, [r7, #4]
20005fac:	460b      	mov	r3, r1
20005fae:	70fb      	strb	r3, [r7, #3]
20005fb0:	78fb      	ldrb	r3, [r7, #3]
20005fb2:	2b00      	cmp	r3, #0
20005fb4:	d008      	beq.n	20005fc8 <TIM_SelectCOM+0x24>
20005fb6:	687b      	ldr	r3, [r7, #4]
20005fb8:	889b      	ldrh	r3, [r3, #4]
20005fba:	b29b      	uxth	r3, r3
20005fbc:	f043 0304 	orr.w	r3, r3, #4
20005fc0:	b29a      	uxth	r2, r3
20005fc2:	687b      	ldr	r3, [r7, #4]
20005fc4:	809a      	strh	r2, [r3, #4]
20005fc6:	e007      	b.n	20005fd8 <TIM_SelectCOM+0x34>
20005fc8:	687b      	ldr	r3, [r7, #4]
20005fca:	889b      	ldrh	r3, [r3, #4]
20005fcc:	b29b      	uxth	r3, r3
20005fce:	f023 0304 	bic.w	r3, r3, #4
20005fd2:	b29a      	uxth	r2, r3
20005fd4:	687b      	ldr	r3, [r7, #4]
20005fd6:	809a      	strh	r2, [r3, #4]
20005fd8:	bf00      	nop
20005fda:	370c      	adds	r7, #12
20005fdc:	46bd      	mov	sp, r7
20005fde:	bc80      	pop	{r7}
20005fe0:	4770      	bx	lr

20005fe2 <TIM_CCPreloadControl>:
20005fe2:	b480      	push	{r7}
20005fe4:	b083      	sub	sp, #12
20005fe6:	af00      	add	r7, sp, #0
20005fe8:	6078      	str	r0, [r7, #4]
20005fea:	460b      	mov	r3, r1
20005fec:	70fb      	strb	r3, [r7, #3]
20005fee:	78fb      	ldrb	r3, [r7, #3]
20005ff0:	2b00      	cmp	r3, #0
20005ff2:	d008      	beq.n	20006006 <TIM_CCPreloadControl+0x24>
20005ff4:	687b      	ldr	r3, [r7, #4]
20005ff6:	889b      	ldrh	r3, [r3, #4]
20005ff8:	b29b      	uxth	r3, r3
20005ffa:	f043 0301 	orr.w	r3, r3, #1
20005ffe:	b29a      	uxth	r2, r3
20006000:	687b      	ldr	r3, [r7, #4]
20006002:	809a      	strh	r2, [r3, #4]
20006004:	e007      	b.n	20006016 <TIM_CCPreloadControl+0x34>
20006006:	687b      	ldr	r3, [r7, #4]
20006008:	889b      	ldrh	r3, [r3, #4]
2000600a:	b29b      	uxth	r3, r3
2000600c:	f023 0301 	bic.w	r3, r3, #1
20006010:	b29a      	uxth	r2, r3
20006012:	687b      	ldr	r3, [r7, #4]
20006014:	809a      	strh	r2, [r3, #4]
20006016:	bf00      	nop
20006018:	370c      	adds	r7, #12
2000601a:	46bd      	mov	sp, r7
2000601c:	bc80      	pop	{r7}
2000601e:	4770      	bx	lr

20006020 <TIM_ITConfig>:
20006020:	b480      	push	{r7}
20006022:	b083      	sub	sp, #12
20006024:	af00      	add	r7, sp, #0
20006026:	6078      	str	r0, [r7, #4]
20006028:	460b      	mov	r3, r1
2000602a:	807b      	strh	r3, [r7, #2]
2000602c:	4613      	mov	r3, r2
2000602e:	707b      	strb	r3, [r7, #1]
20006030:	787b      	ldrb	r3, [r7, #1]
20006032:	2b00      	cmp	r3, #0
20006034:	d008      	beq.n	20006048 <TIM_ITConfig+0x28>
20006036:	687b      	ldr	r3, [r7, #4]
20006038:	899b      	ldrh	r3, [r3, #12]
2000603a:	b29a      	uxth	r2, r3
2000603c:	887b      	ldrh	r3, [r7, #2]
2000603e:	4313      	orrs	r3, r2
20006040:	b29a      	uxth	r2, r3
20006042:	687b      	ldr	r3, [r7, #4]
20006044:	819a      	strh	r2, [r3, #12]
20006046:	e009      	b.n	2000605c <TIM_ITConfig+0x3c>
20006048:	687b      	ldr	r3, [r7, #4]
2000604a:	899b      	ldrh	r3, [r3, #12]
2000604c:	b29a      	uxth	r2, r3
2000604e:	887b      	ldrh	r3, [r7, #2]
20006050:	43db      	mvns	r3, r3
20006052:	b29b      	uxth	r3, r3
20006054:	4013      	ands	r3, r2
20006056:	b29a      	uxth	r2, r3
20006058:	687b      	ldr	r3, [r7, #4]
2000605a:	819a      	strh	r2, [r3, #12]
2000605c:	bf00      	nop
2000605e:	370c      	adds	r7, #12
20006060:	46bd      	mov	sp, r7
20006062:	bc80      	pop	{r7}
20006064:	4770      	bx	lr

20006066 <TIM_GenerateEvent>:
20006066:	b480      	push	{r7}
20006068:	b083      	sub	sp, #12
2000606a:	af00      	add	r7, sp, #0
2000606c:	6078      	str	r0, [r7, #4]
2000606e:	460b      	mov	r3, r1
20006070:	807b      	strh	r3, [r7, #2]
20006072:	687b      	ldr	r3, [r7, #4]
20006074:	887a      	ldrh	r2, [r7, #2]
20006076:	829a      	strh	r2, [r3, #20]
20006078:	bf00      	nop
2000607a:	370c      	adds	r7, #12
2000607c:	46bd      	mov	sp, r7
2000607e:	bc80      	pop	{r7}
20006080:	4770      	bx	lr

20006082 <TIM_GetFlagStatus>:
20006082:	b480      	push	{r7}
20006084:	b085      	sub	sp, #20
20006086:	af00      	add	r7, sp, #0
20006088:	6078      	str	r0, [r7, #4]
2000608a:	460b      	mov	r3, r1
2000608c:	807b      	strh	r3, [r7, #2]
2000608e:	2300      	movs	r3, #0
20006090:	73fb      	strb	r3, [r7, #15]
20006092:	687b      	ldr	r3, [r7, #4]
20006094:	8a1b      	ldrh	r3, [r3, #16]
20006096:	b29a      	uxth	r2, r3
20006098:	887b      	ldrh	r3, [r7, #2]
2000609a:	4013      	ands	r3, r2
2000609c:	b29b      	uxth	r3, r3
2000609e:	2b00      	cmp	r3, #0
200060a0:	d002      	beq.n	200060a8 <TIM_GetFlagStatus+0x26>
200060a2:	2301      	movs	r3, #1
200060a4:	73fb      	strb	r3, [r7, #15]
200060a6:	e001      	b.n	200060ac <TIM_GetFlagStatus+0x2a>
200060a8:	2300      	movs	r3, #0
200060aa:	73fb      	strb	r3, [r7, #15]
200060ac:	7bfb      	ldrb	r3, [r7, #15]
200060ae:	4618      	mov	r0, r3
200060b0:	3714      	adds	r7, #20
200060b2:	46bd      	mov	sp, r7
200060b4:	bc80      	pop	{r7}
200060b6:	4770      	bx	lr

200060b8 <TIM_ClearFlag>:
200060b8:	b480      	push	{r7}
200060ba:	b083      	sub	sp, #12
200060bc:	af00      	add	r7, sp, #0
200060be:	6078      	str	r0, [r7, #4]
200060c0:	460b      	mov	r3, r1
200060c2:	807b      	strh	r3, [r7, #2]
200060c4:	887b      	ldrh	r3, [r7, #2]
200060c6:	43db      	mvns	r3, r3
200060c8:	b29a      	uxth	r2, r3
200060ca:	687b      	ldr	r3, [r7, #4]
200060cc:	821a      	strh	r2, [r3, #16]
200060ce:	bf00      	nop
200060d0:	370c      	adds	r7, #12
200060d2:	46bd      	mov	sp, r7
200060d4:	bc80      	pop	{r7}
200060d6:	4770      	bx	lr

200060d8 <TIM_GetITStatus>:
200060d8:	b480      	push	{r7}
200060da:	b085      	sub	sp, #20
200060dc:	af00      	add	r7, sp, #0
200060de:	6078      	str	r0, [r7, #4]
200060e0:	460b      	mov	r3, r1
200060e2:	807b      	strh	r3, [r7, #2]
200060e4:	2300      	movs	r3, #0
200060e6:	73fb      	strb	r3, [r7, #15]
200060e8:	2300      	movs	r3, #0
200060ea:	81bb      	strh	r3, [r7, #12]
200060ec:	2300      	movs	r3, #0
200060ee:	817b      	strh	r3, [r7, #10]
200060f0:	687b      	ldr	r3, [r7, #4]
200060f2:	8a1b      	ldrh	r3, [r3, #16]
200060f4:	b29a      	uxth	r2, r3
200060f6:	887b      	ldrh	r3, [r7, #2]
200060f8:	4013      	ands	r3, r2
200060fa:	81bb      	strh	r3, [r7, #12]
200060fc:	687b      	ldr	r3, [r7, #4]
200060fe:	899b      	ldrh	r3, [r3, #12]
20006100:	b29a      	uxth	r2, r3
20006102:	887b      	ldrh	r3, [r7, #2]
20006104:	4013      	ands	r3, r2
20006106:	817b      	strh	r3, [r7, #10]
20006108:	89bb      	ldrh	r3, [r7, #12]
2000610a:	2b00      	cmp	r3, #0
2000610c:	d005      	beq.n	2000611a <TIM_GetITStatus+0x42>
2000610e:	897b      	ldrh	r3, [r7, #10]
20006110:	2b00      	cmp	r3, #0
20006112:	d002      	beq.n	2000611a <TIM_GetITStatus+0x42>
20006114:	2301      	movs	r3, #1
20006116:	73fb      	strb	r3, [r7, #15]
20006118:	e001      	b.n	2000611e <TIM_GetITStatus+0x46>
2000611a:	2300      	movs	r3, #0
2000611c:	73fb      	strb	r3, [r7, #15]
2000611e:	7bfb      	ldrb	r3, [r7, #15]
20006120:	4618      	mov	r0, r3
20006122:	3714      	adds	r7, #20
20006124:	46bd      	mov	sp, r7
20006126:	bc80      	pop	{r7}
20006128:	4770      	bx	lr

2000612a <TIM_ClearITPendingBit>:
2000612a:	b480      	push	{r7}
2000612c:	b083      	sub	sp, #12
2000612e:	af00      	add	r7, sp, #0
20006130:	6078      	str	r0, [r7, #4]
20006132:	460b      	mov	r3, r1
20006134:	807b      	strh	r3, [r7, #2]
20006136:	887b      	ldrh	r3, [r7, #2]
20006138:	43db      	mvns	r3, r3
2000613a:	b29a      	uxth	r2, r3
2000613c:	687b      	ldr	r3, [r7, #4]
2000613e:	821a      	strh	r2, [r3, #16]
20006140:	bf00      	nop
20006142:	370c      	adds	r7, #12
20006144:	46bd      	mov	sp, r7
20006146:	bc80      	pop	{r7}
20006148:	4770      	bx	lr

2000614a <TIM_DMAConfig>:
2000614a:	b480      	push	{r7}
2000614c:	b083      	sub	sp, #12
2000614e:	af00      	add	r7, sp, #0
20006150:	6078      	str	r0, [r7, #4]
20006152:	460b      	mov	r3, r1
20006154:	807b      	strh	r3, [r7, #2]
20006156:	4613      	mov	r3, r2
20006158:	803b      	strh	r3, [r7, #0]
2000615a:	887a      	ldrh	r2, [r7, #2]
2000615c:	883b      	ldrh	r3, [r7, #0]
2000615e:	4313      	orrs	r3, r2
20006160:	b29a      	uxth	r2, r3
20006162:	687b      	ldr	r3, [r7, #4]
20006164:	f8a3 2048 	strh.w	r2, [r3, #72]	@ 0x48
20006168:	bf00      	nop
2000616a:	370c      	adds	r7, #12
2000616c:	46bd      	mov	sp, r7
2000616e:	bc80      	pop	{r7}
20006170:	4770      	bx	lr

20006172 <TIM_DMACmd>:
20006172:	b480      	push	{r7}
20006174:	b083      	sub	sp, #12
20006176:	af00      	add	r7, sp, #0
20006178:	6078      	str	r0, [r7, #4]
2000617a:	460b      	mov	r3, r1
2000617c:	807b      	strh	r3, [r7, #2]
2000617e:	4613      	mov	r3, r2
20006180:	707b      	strb	r3, [r7, #1]
20006182:	787b      	ldrb	r3, [r7, #1]
20006184:	2b00      	cmp	r3, #0
20006186:	d008      	beq.n	2000619a <TIM_DMACmd+0x28>
20006188:	687b      	ldr	r3, [r7, #4]
2000618a:	899b      	ldrh	r3, [r3, #12]
2000618c:	b29a      	uxth	r2, r3
2000618e:	887b      	ldrh	r3, [r7, #2]
20006190:	4313      	orrs	r3, r2
20006192:	b29a      	uxth	r2, r3
20006194:	687b      	ldr	r3, [r7, #4]
20006196:	819a      	strh	r2, [r3, #12]
20006198:	e009      	b.n	200061ae <TIM_DMACmd+0x3c>
2000619a:	687b      	ldr	r3, [r7, #4]
2000619c:	899b      	ldrh	r3, [r3, #12]
2000619e:	b29a      	uxth	r2, r3
200061a0:	887b      	ldrh	r3, [r7, #2]
200061a2:	43db      	mvns	r3, r3
200061a4:	b29b      	uxth	r3, r3
200061a6:	4013      	ands	r3, r2
200061a8:	b29a      	uxth	r2, r3
200061aa:	687b      	ldr	r3, [r7, #4]
200061ac:	819a      	strh	r2, [r3, #12]
200061ae:	bf00      	nop
200061b0:	370c      	adds	r7, #12
200061b2:	46bd      	mov	sp, r7
200061b4:	bc80      	pop	{r7}
200061b6:	4770      	bx	lr

200061b8 <TIM_SelectCCDMA>:
200061b8:	b480      	push	{r7}
200061ba:	b083      	sub	sp, #12
200061bc:	af00      	add	r7, sp, #0
200061be:	6078      	str	r0, [r7, #4]
200061c0:	460b      	mov	r3, r1
200061c2:	70fb      	strb	r3, [r7, #3]
200061c4:	78fb      	ldrb	r3, [r7, #3]
200061c6:	2b00      	cmp	r3, #0
200061c8:	d008      	beq.n	200061dc <TIM_SelectCCDMA+0x24>
200061ca:	687b      	ldr	r3, [r7, #4]
200061cc:	889b      	ldrh	r3, [r3, #4]
200061ce:	b29b      	uxth	r3, r3
200061d0:	f043 0308 	orr.w	r3, r3, #8
200061d4:	b29a      	uxth	r2, r3
200061d6:	687b      	ldr	r3, [r7, #4]
200061d8:	809a      	strh	r2, [r3, #4]
200061da:	e007      	b.n	200061ec <TIM_SelectCCDMA+0x34>
200061dc:	687b      	ldr	r3, [r7, #4]
200061de:	889b      	ldrh	r3, [r3, #4]
200061e0:	b29b      	uxth	r3, r3
200061e2:	f023 0308 	bic.w	r3, r3, #8
200061e6:	b29a      	uxth	r2, r3
200061e8:	687b      	ldr	r3, [r7, #4]
200061ea:	809a      	strh	r2, [r3, #4]
200061ec:	bf00      	nop
200061ee:	370c      	adds	r7, #12
200061f0:	46bd      	mov	sp, r7
200061f2:	bc80      	pop	{r7}
200061f4:	4770      	bx	lr

200061f6 <TIM_InternalClockConfig>:
200061f6:	b480      	push	{r7}
200061f8:	b083      	sub	sp, #12
200061fa:	af00      	add	r7, sp, #0
200061fc:	6078      	str	r0, [r7, #4]
200061fe:	687b      	ldr	r3, [r7, #4]
20006200:	891b      	ldrh	r3, [r3, #8]
20006202:	b29b      	uxth	r3, r3
20006204:	f023 0307 	bic.w	r3, r3, #7
20006208:	b29a      	uxth	r2, r3
2000620a:	687b      	ldr	r3, [r7, #4]
2000620c:	811a      	strh	r2, [r3, #8]
2000620e:	bf00      	nop
20006210:	370c      	adds	r7, #12
20006212:	46bd      	mov	sp, r7
20006214:	bc80      	pop	{r7}
20006216:	4770      	bx	lr

20006218 <TIM_ITRxExternalClockConfig>:
20006218:	b580      	push	{r7, lr}
2000621a:	b082      	sub	sp, #8
2000621c:	af00      	add	r7, sp, #0
2000621e:	6078      	str	r0, [r7, #4]
20006220:	460b      	mov	r3, r1
20006222:	807b      	strh	r3, [r7, #2]
20006224:	887b      	ldrh	r3, [r7, #2]
20006226:	4619      	mov	r1, r3
20006228:	6878      	ldr	r0, [r7, #4]
2000622a:	f000 f888 	bl	2000633e <TIM_SelectInputTrigger>
2000622e:	687b      	ldr	r3, [r7, #4]
20006230:	891b      	ldrh	r3, [r3, #8]
20006232:	b29b      	uxth	r3, r3
20006234:	f043 0307 	orr.w	r3, r3, #7
20006238:	b29a      	uxth	r2, r3
2000623a:	687b      	ldr	r3, [r7, #4]
2000623c:	811a      	strh	r2, [r3, #8]
2000623e:	bf00      	nop
20006240:	3708      	adds	r7, #8
20006242:	46bd      	mov	sp, r7
20006244:	bd80      	pop	{r7, pc}

20006246 <TIM_TIxExternalClockConfig>:
20006246:	b580      	push	{r7, lr}
20006248:	b084      	sub	sp, #16
2000624a:	af00      	add	r7, sp, #0
2000624c:	60f8      	str	r0, [r7, #12]
2000624e:	4608      	mov	r0, r1
20006250:	4611      	mov	r1, r2
20006252:	461a      	mov	r2, r3
20006254:	4603      	mov	r3, r0
20006256:	817b      	strh	r3, [r7, #10]
20006258:	460b      	mov	r3, r1
2000625a:	813b      	strh	r3, [r7, #8]
2000625c:	4613      	mov	r3, r2
2000625e:	80fb      	strh	r3, [r7, #6]
20006260:	897b      	ldrh	r3, [r7, #10]
20006262:	2b60      	cmp	r3, #96	@ 0x60
20006264:	d106      	bne.n	20006274 <TIM_TIxExternalClockConfig+0x2e>
20006266:	88fb      	ldrh	r3, [r7, #6]
20006268:	8939      	ldrh	r1, [r7, #8]
2000626a:	2201      	movs	r2, #1
2000626c:	68f8      	ldr	r0, [r7, #12]
2000626e:	f000 f9b6 	bl	200065de <TI2_Config>
20006272:	e005      	b.n	20006280 <TIM_TIxExternalClockConfig+0x3a>
20006274:	88fb      	ldrh	r3, [r7, #6]
20006276:	8939      	ldrh	r1, [r7, #8]
20006278:	2201      	movs	r2, #1
2000627a:	68f8      	ldr	r0, [r7, #12]
2000627c:	f000 f96d 	bl	2000655a <TI1_Config>
20006280:	897b      	ldrh	r3, [r7, #10]
20006282:	4619      	mov	r1, r3
20006284:	68f8      	ldr	r0, [r7, #12]
20006286:	f000 f85a 	bl	2000633e <TIM_SelectInputTrigger>
2000628a:	68fb      	ldr	r3, [r7, #12]
2000628c:	891b      	ldrh	r3, [r3, #8]
2000628e:	b29b      	uxth	r3, r3
20006290:	f043 0307 	orr.w	r3, r3, #7
20006294:	b29a      	uxth	r2, r3
20006296:	68fb      	ldr	r3, [r7, #12]
20006298:	811a      	strh	r2, [r3, #8]
2000629a:	bf00      	nop
2000629c:	3710      	adds	r7, #16
2000629e:	46bd      	mov	sp, r7
200062a0:	bd80      	pop	{r7, pc}

200062a2 <TIM_ETRClockMode1Config>:
200062a2:	b580      	push	{r7, lr}
200062a4:	b086      	sub	sp, #24
200062a6:	af00      	add	r7, sp, #0
200062a8:	60f8      	str	r0, [r7, #12]
200062aa:	4608      	mov	r0, r1
200062ac:	4611      	mov	r1, r2
200062ae:	461a      	mov	r2, r3
200062b0:	4603      	mov	r3, r0
200062b2:	817b      	strh	r3, [r7, #10]
200062b4:	460b      	mov	r3, r1
200062b6:	813b      	strh	r3, [r7, #8]
200062b8:	4613      	mov	r3, r2
200062ba:	80fb      	strh	r3, [r7, #6]
200062bc:	2300      	movs	r3, #0
200062be:	82fb      	strh	r3, [r7, #22]
200062c0:	88fb      	ldrh	r3, [r7, #6]
200062c2:	893a      	ldrh	r2, [r7, #8]
200062c4:	8979      	ldrh	r1, [r7, #10]
200062c6:	68f8      	ldr	r0, [r7, #12]
200062c8:	f000 f8a5 	bl	20006416 <TIM_ETRConfig>
200062cc:	68fb      	ldr	r3, [r7, #12]
200062ce:	891b      	ldrh	r3, [r3, #8]
200062d0:	82fb      	strh	r3, [r7, #22]
200062d2:	8afb      	ldrh	r3, [r7, #22]
200062d4:	f023 0307 	bic.w	r3, r3, #7
200062d8:	82fb      	strh	r3, [r7, #22]
200062da:	8afb      	ldrh	r3, [r7, #22]
200062dc:	f043 0307 	orr.w	r3, r3, #7
200062e0:	82fb      	strh	r3, [r7, #22]
200062e2:	8afb      	ldrh	r3, [r7, #22]
200062e4:	f023 0370 	bic.w	r3, r3, #112	@ 0x70
200062e8:	82fb      	strh	r3, [r7, #22]
200062ea:	8afb      	ldrh	r3, [r7, #22]
200062ec:	f043 0370 	orr.w	r3, r3, #112	@ 0x70
200062f0:	82fb      	strh	r3, [r7, #22]
200062f2:	68fb      	ldr	r3, [r7, #12]
200062f4:	8afa      	ldrh	r2, [r7, #22]
200062f6:	811a      	strh	r2, [r3, #8]
200062f8:	bf00      	nop
200062fa:	3718      	adds	r7, #24
200062fc:	46bd      	mov	sp, r7
200062fe:	bd80      	pop	{r7, pc}

20006300 <TIM_ETRClockMode2Config>:
20006300:	b580      	push	{r7, lr}
20006302:	b084      	sub	sp, #16
20006304:	af00      	add	r7, sp, #0
20006306:	60f8      	str	r0, [r7, #12]
20006308:	4608      	mov	r0, r1
2000630a:	4611      	mov	r1, r2
2000630c:	461a      	mov	r2, r3
2000630e:	4603      	mov	r3, r0
20006310:	817b      	strh	r3, [r7, #10]
20006312:	460b      	mov	r3, r1
20006314:	813b      	strh	r3, [r7, #8]
20006316:	4613      	mov	r3, r2
20006318:	80fb      	strh	r3, [r7, #6]
2000631a:	88fb      	ldrh	r3, [r7, #6]
2000631c:	893a      	ldrh	r2, [r7, #8]
2000631e:	8979      	ldrh	r1, [r7, #10]
20006320:	68f8      	ldr	r0, [r7, #12]
20006322:	f000 f878 	bl	20006416 <TIM_ETRConfig>
20006326:	68fb      	ldr	r3, [r7, #12]
20006328:	891b      	ldrh	r3, [r3, #8]
2000632a:	b29b      	uxth	r3, r3
2000632c:	f443 4380 	orr.w	r3, r3, #16384	@ 0x4000
20006330:	b29a      	uxth	r2, r3
20006332:	68fb      	ldr	r3, [r7, #12]
20006334:	811a      	strh	r2, [r3, #8]
20006336:	bf00      	nop
20006338:	3710      	adds	r7, #16
2000633a:	46bd      	mov	sp, r7
2000633c:	bd80      	pop	{r7, pc}

2000633e <TIM_SelectInputTrigger>:
2000633e:	b480      	push	{r7}
20006340:	b085      	sub	sp, #20
20006342:	af00      	add	r7, sp, #0
20006344:	6078      	str	r0, [r7, #4]
20006346:	460b      	mov	r3, r1
20006348:	807b      	strh	r3, [r7, #2]
2000634a:	2300      	movs	r3, #0
2000634c:	81fb      	strh	r3, [r7, #14]
2000634e:	687b      	ldr	r3, [r7, #4]
20006350:	891b      	ldrh	r3, [r3, #8]
20006352:	81fb      	strh	r3, [r7, #14]
20006354:	89fb      	ldrh	r3, [r7, #14]
20006356:	f023 0370 	bic.w	r3, r3, #112	@ 0x70
2000635a:	81fb      	strh	r3, [r7, #14]
2000635c:	89fa      	ldrh	r2, [r7, #14]
2000635e:	887b      	ldrh	r3, [r7, #2]
20006360:	4313      	orrs	r3, r2
20006362:	81fb      	strh	r3, [r7, #14]
20006364:	687b      	ldr	r3, [r7, #4]
20006366:	89fa      	ldrh	r2, [r7, #14]
20006368:	811a      	strh	r2, [r3, #8]
2000636a:	bf00      	nop
2000636c:	3714      	adds	r7, #20
2000636e:	46bd      	mov	sp, r7
20006370:	bc80      	pop	{r7}
20006372:	4770      	bx	lr

20006374 <TIM_SelectOutputTrigger>:
20006374:	b480      	push	{r7}
20006376:	b083      	sub	sp, #12
20006378:	af00      	add	r7, sp, #0
2000637a:	6078      	str	r0, [r7, #4]
2000637c:	460b      	mov	r3, r1
2000637e:	807b      	strh	r3, [r7, #2]
20006380:	687b      	ldr	r3, [r7, #4]
20006382:	889b      	ldrh	r3, [r3, #4]
20006384:	b29b      	uxth	r3, r3
20006386:	f023 0370 	bic.w	r3, r3, #112	@ 0x70
2000638a:	b29a      	uxth	r2, r3
2000638c:	687b      	ldr	r3, [r7, #4]
2000638e:	809a      	strh	r2, [r3, #4]
20006390:	687b      	ldr	r3, [r7, #4]
20006392:	889b      	ldrh	r3, [r3, #4]
20006394:	b29a      	uxth	r2, r3
20006396:	887b      	ldrh	r3, [r7, #2]
20006398:	4313      	orrs	r3, r2
2000639a:	b29a      	uxth	r2, r3
2000639c:	687b      	ldr	r3, [r7, #4]
2000639e:	809a      	strh	r2, [r3, #4]
200063a0:	bf00      	nop
200063a2:	370c      	adds	r7, #12
200063a4:	46bd      	mov	sp, r7
200063a6:	bc80      	pop	{r7}
200063a8:	4770      	bx	lr

200063aa <TIM_SelectSlaveMode>:
200063aa:	b480      	push	{r7}
200063ac:	b083      	sub	sp, #12
200063ae:	af00      	add	r7, sp, #0
200063b0:	6078      	str	r0, [r7, #4]
200063b2:	460b      	mov	r3, r1
200063b4:	807b      	strh	r3, [r7, #2]
200063b6:	687b      	ldr	r3, [r7, #4]
200063b8:	891b      	ldrh	r3, [r3, #8]
200063ba:	b29b      	uxth	r3, r3
200063bc:	f023 0307 	bic.w	r3, r3, #7
200063c0:	b29a      	uxth	r2, r3
200063c2:	687b      	ldr	r3, [r7, #4]
200063c4:	811a      	strh	r2, [r3, #8]
200063c6:	687b      	ldr	r3, [r7, #4]
200063c8:	891b      	ldrh	r3, [r3, #8]
200063ca:	b29a      	uxth	r2, r3
200063cc:	887b      	ldrh	r3, [r7, #2]
200063ce:	4313      	orrs	r3, r2
200063d0:	b29a      	uxth	r2, r3
200063d2:	687b      	ldr	r3, [r7, #4]
200063d4:	811a      	strh	r2, [r3, #8]
200063d6:	bf00      	nop
200063d8:	370c      	adds	r7, #12
200063da:	46bd      	mov	sp, r7
200063dc:	bc80      	pop	{r7}
200063de:	4770      	bx	lr

200063e0 <TIM_SelectMasterSlaveMode>:
200063e0:	b480      	push	{r7}
200063e2:	b083      	sub	sp, #12
200063e4:	af00      	add	r7, sp, #0
200063e6:	6078      	str	r0, [r7, #4]
200063e8:	460b      	mov	r3, r1
200063ea:	807b      	strh	r3, [r7, #2]
200063ec:	687b      	ldr	r3, [r7, #4]
200063ee:	891b      	ldrh	r3, [r3, #8]
200063f0:	b29b      	uxth	r3, r3
200063f2:	f023 0380 	bic.w	r3, r3, #128	@ 0x80
200063f6:	b29a      	uxth	r2, r3
200063f8:	687b      	ldr	r3, [r7, #4]
200063fa:	811a      	strh	r2, [r3, #8]
200063fc:	687b      	ldr	r3, [r7, #4]
200063fe:	891b      	ldrh	r3, [r3, #8]
20006400:	b29a      	uxth	r2, r3
20006402:	887b      	ldrh	r3, [r7, #2]
20006404:	4313      	orrs	r3, r2
20006406:	b29a      	uxth	r2, r3
20006408:	687b      	ldr	r3, [r7, #4]
2000640a:	811a      	strh	r2, [r3, #8]
2000640c:	bf00      	nop
2000640e:	370c      	adds	r7, #12
20006410:	46bd      	mov	sp, r7
20006412:	bc80      	pop	{r7}
20006414:	4770      	bx	lr

20006416 <TIM_ETRConfig>:
20006416:	b480      	push	{r7}
20006418:	b087      	sub	sp, #28
2000641a:	af00      	add	r7, sp, #0
2000641c:	60f8      	str	r0, [r7, #12]
2000641e:	4608      	mov	r0, r1
20006420:	4611      	mov	r1, r2
20006422:	461a      	mov	r2, r3
20006424:	4603      	mov	r3, r0
20006426:	817b      	strh	r3, [r7, #10]
20006428:	460b      	mov	r3, r1
2000642a:	813b      	strh	r3, [r7, #8]
2000642c:	4613      	mov	r3, r2
2000642e:	80fb      	strh	r3, [r7, #6]
20006430:	2300      	movs	r3, #0
20006432:	82fb      	strh	r3, [r7, #22]
20006434:	68fb      	ldr	r3, [r7, #12]
20006436:	891b      	ldrh	r3, [r3, #8]
20006438:	82fb      	strh	r3, [r7, #22]
2000643a:	8afb      	ldrh	r3, [r7, #22]
2000643c:	b2db      	uxtb	r3, r3
2000643e:	82fb      	strh	r3, [r7, #22]
20006440:	88fb      	ldrh	r3, [r7, #6]
20006442:	021b      	lsls	r3, r3, #8
20006444:	b29a      	uxth	r2, r3
20006446:	893b      	ldrh	r3, [r7, #8]
20006448:	4313      	orrs	r3, r2
2000644a:	b29a      	uxth	r2, r3
2000644c:	897b      	ldrh	r3, [r7, #10]
2000644e:	4313      	orrs	r3, r2
20006450:	b29a      	uxth	r2, r3
20006452:	8afb      	ldrh	r3, [r7, #22]
20006454:	4313      	orrs	r3, r2
20006456:	82fb      	strh	r3, [r7, #22]
20006458:	68fb      	ldr	r3, [r7, #12]
2000645a:	8afa      	ldrh	r2, [r7, #22]
2000645c:	811a      	strh	r2, [r3, #8]
2000645e:	bf00      	nop
20006460:	371c      	adds	r7, #28
20006462:	46bd      	mov	sp, r7
20006464:	bc80      	pop	{r7}
20006466:	4770      	bx	lr

20006468 <TIM_EncoderInterfaceConfig>:
20006468:	b480      	push	{r7}
2000646a:	b087      	sub	sp, #28
2000646c:	af00      	add	r7, sp, #0
2000646e:	60f8      	str	r0, [r7, #12]
20006470:	4608      	mov	r0, r1
20006472:	4611      	mov	r1, r2
20006474:	461a      	mov	r2, r3
20006476:	4603      	mov	r3, r0
20006478:	817b      	strh	r3, [r7, #10]
2000647a:	460b      	mov	r3, r1
2000647c:	813b      	strh	r3, [r7, #8]
2000647e:	4613      	mov	r3, r2
20006480:	80fb      	strh	r3, [r7, #6]
20006482:	2300      	movs	r3, #0
20006484:	82fb      	strh	r3, [r7, #22]
20006486:	2300      	movs	r3, #0
20006488:	82bb      	strh	r3, [r7, #20]
2000648a:	2300      	movs	r3, #0
2000648c:	827b      	strh	r3, [r7, #18]
2000648e:	68fb      	ldr	r3, [r7, #12]
20006490:	891b      	ldrh	r3, [r3, #8]
20006492:	82fb      	strh	r3, [r7, #22]
20006494:	68fb      	ldr	r3, [r7, #12]
20006496:	8b1b      	ldrh	r3, [r3, #24]
20006498:	82bb      	strh	r3, [r7, #20]
2000649a:	68fb      	ldr	r3, [r7, #12]
2000649c:	8c1b      	ldrh	r3, [r3, #32]
2000649e:	827b      	strh	r3, [r7, #18]
200064a0:	8afb      	ldrh	r3, [r7, #22]
200064a2:	f023 0307 	bic.w	r3, r3, #7
200064a6:	82fb      	strh	r3, [r7, #22]
200064a8:	8afa      	ldrh	r2, [r7, #22]
200064aa:	897b      	ldrh	r3, [r7, #10]
200064ac:	4313      	orrs	r3, r2
200064ae:	82fb      	strh	r3, [r7, #22]
200064b0:	8abb      	ldrh	r3, [r7, #20]
200064b2:	f423 7340 	bic.w	r3, r3, #768	@ 0x300
200064b6:	f023 0303 	bic.w	r3, r3, #3
200064ba:	82bb      	strh	r3, [r7, #20]
200064bc:	8abb      	ldrh	r3, [r7, #20]
200064be:	f443 7380 	orr.w	r3, r3, #256	@ 0x100
200064c2:	f043 0301 	orr.w	r3, r3, #1
200064c6:	82bb      	strh	r3, [r7, #20]
200064c8:	8a7b      	ldrh	r3, [r7, #18]
200064ca:	f023 0322 	bic.w	r3, r3, #34	@ 0x22
200064ce:	827b      	strh	r3, [r7, #18]
200064d0:	88fb      	ldrh	r3, [r7, #6]
200064d2:	011b      	lsls	r3, r3, #4
200064d4:	b29a      	uxth	r2, r3
200064d6:	893b      	ldrh	r3, [r7, #8]
200064d8:	4313      	orrs	r3, r2
200064da:	b29a      	uxth	r2, r3
200064dc:	8a7b      	ldrh	r3, [r7, #18]
200064de:	4313      	orrs	r3, r2
200064e0:	827b      	strh	r3, [r7, #18]
200064e2:	68fb      	ldr	r3, [r7, #12]
200064e4:	8afa      	ldrh	r2, [r7, #22]
200064e6:	811a      	strh	r2, [r3, #8]
200064e8:	68fb      	ldr	r3, [r7, #12]
200064ea:	8aba      	ldrh	r2, [r7, #20]
200064ec:	831a      	strh	r2, [r3, #24]
200064ee:	68fb      	ldr	r3, [r7, #12]
200064f0:	8a7a      	ldrh	r2, [r7, #18]
200064f2:	841a      	strh	r2, [r3, #32]
200064f4:	bf00      	nop
200064f6:	371c      	adds	r7, #28
200064f8:	46bd      	mov	sp, r7
200064fa:	bc80      	pop	{r7}
200064fc:	4770      	bx	lr

200064fe <TIM_SelectHallSensor>:
200064fe:	b480      	push	{r7}
20006500:	b083      	sub	sp, #12
20006502:	af00      	add	r7, sp, #0
20006504:	6078      	str	r0, [r7, #4]
20006506:	460b      	mov	r3, r1
20006508:	70fb      	strb	r3, [r7, #3]
2000650a:	78fb      	ldrb	r3, [r7, #3]
2000650c:	2b00      	cmp	r3, #0
2000650e:	d008      	beq.n	20006522 <TIM_SelectHallSensor+0x24>
20006510:	687b      	ldr	r3, [r7, #4]
20006512:	889b      	ldrh	r3, [r3, #4]
20006514:	b29b      	uxth	r3, r3
20006516:	f043 0380 	orr.w	r3, r3, #128	@ 0x80
2000651a:	b29a      	uxth	r2, r3
2000651c:	687b      	ldr	r3, [r7, #4]
2000651e:	809a      	strh	r2, [r3, #4]
20006520:	e007      	b.n	20006532 <TIM_SelectHallSensor+0x34>
20006522:	687b      	ldr	r3, [r7, #4]
20006524:	889b      	ldrh	r3, [r3, #4]
20006526:	b29b      	uxth	r3, r3
20006528:	f023 0380 	bic.w	r3, r3, #128	@ 0x80
2000652c:	b29a      	uxth	r2, r3
2000652e:	687b      	ldr	r3, [r7, #4]
20006530:	809a      	strh	r2, [r3, #4]
20006532:	bf00      	nop
20006534:	370c      	adds	r7, #12
20006536:	46bd      	mov	sp, r7
20006538:	bc80      	pop	{r7}
2000653a:	4770      	bx	lr

2000653c <TIM_RemapConfig>:
2000653c:	b480      	push	{r7}
2000653e:	b083      	sub	sp, #12
20006540:	af00      	add	r7, sp, #0
20006542:	6078      	str	r0, [r7, #4]
20006544:	460b      	mov	r3, r1
20006546:	807b      	strh	r3, [r7, #2]
20006548:	687b      	ldr	r3, [r7, #4]
2000654a:	887a      	ldrh	r2, [r7, #2]
2000654c:	f8a3 2050 	strh.w	r2, [r3, #80]	@ 0x50
20006550:	bf00      	nop
20006552:	370c      	adds	r7, #12
20006554:	46bd      	mov	sp, r7
20006556:	bc80      	pop	{r7}
20006558:	4770      	bx	lr

2000655a <TI1_Config>:
2000655a:	b480      	push	{r7}
2000655c:	b087      	sub	sp, #28
2000655e:	af00      	add	r7, sp, #0
20006560:	60f8      	str	r0, [r7, #12]
20006562:	4608      	mov	r0, r1
20006564:	4611      	mov	r1, r2
20006566:	461a      	mov	r2, r3
20006568:	4603      	mov	r3, r0
2000656a:	817b      	strh	r3, [r7, #10]
2000656c:	460b      	mov	r3, r1
2000656e:	813b      	strh	r3, [r7, #8]
20006570:	4613      	mov	r3, r2
20006572:	80fb      	strh	r3, [r7, #6]
20006574:	2300      	movs	r3, #0
20006576:	82fb      	strh	r3, [r7, #22]
20006578:	2300      	movs	r3, #0
2000657a:	82bb      	strh	r3, [r7, #20]
2000657c:	68fb      	ldr	r3, [r7, #12]
2000657e:	8c1b      	ldrh	r3, [r3, #32]
20006580:	b29b      	uxth	r3, r3
20006582:	f023 0301 	bic.w	r3, r3, #1
20006586:	b29a      	uxth	r2, r3
20006588:	68fb      	ldr	r3, [r7, #12]
2000658a:	841a      	strh	r2, [r3, #32]
2000658c:	68fb      	ldr	r3, [r7, #12]
2000658e:	8b1b      	ldrh	r3, [r3, #24]
20006590:	82fb      	strh	r3, [r7, #22]
20006592:	68fb      	ldr	r3, [r7, #12]
20006594:	8c1b      	ldrh	r3, [r3, #32]
20006596:	82bb      	strh	r3, [r7, #20]
20006598:	8afb      	ldrh	r3, [r7, #22]
2000659a:	f023 03f3 	bic.w	r3, r3, #243	@ 0xf3
2000659e:	82fb      	strh	r3, [r7, #22]
200065a0:	88fb      	ldrh	r3, [r7, #6]
200065a2:	011b      	lsls	r3, r3, #4
200065a4:	b29a      	uxth	r2, r3
200065a6:	893b      	ldrh	r3, [r7, #8]
200065a8:	4313      	orrs	r3, r2
200065aa:	b29a      	uxth	r2, r3
200065ac:	8afb      	ldrh	r3, [r7, #22]
200065ae:	4313      	orrs	r3, r2
200065b0:	82fb      	strh	r3, [r7, #22]
200065b2:	8abb      	ldrh	r3, [r7, #20]
200065b4:	f023 030a 	bic.w	r3, r3, #10
200065b8:	82bb      	strh	r3, [r7, #20]
200065ba:	897a      	ldrh	r2, [r7, #10]
200065bc:	8abb      	ldrh	r3, [r7, #20]
200065be:	4313      	orrs	r3, r2
200065c0:	b29b      	uxth	r3, r3
200065c2:	f043 0301 	orr.w	r3, r3, #1
200065c6:	82bb      	strh	r3, [r7, #20]
200065c8:	68fb      	ldr	r3, [r7, #12]
200065ca:	8afa      	ldrh	r2, [r7, #22]
200065cc:	831a      	strh	r2, [r3, #24]
200065ce:	68fb      	ldr	r3, [r7, #12]
200065d0:	8aba      	ldrh	r2, [r7, #20]
200065d2:	841a      	strh	r2, [r3, #32]
200065d4:	bf00      	nop
200065d6:	371c      	adds	r7, #28
200065d8:	46bd      	mov	sp, r7
200065da:	bc80      	pop	{r7}
200065dc:	4770      	bx	lr

200065de <TI2_Config>:
200065de:	b480      	push	{r7}
200065e0:	b087      	sub	sp, #28
200065e2:	af00      	add	r7, sp, #0
200065e4:	60f8      	str	r0, [r7, #12]
200065e6:	4608      	mov	r0, r1
200065e8:	4611      	mov	r1, r2
200065ea:	461a      	mov	r2, r3
200065ec:	4603      	mov	r3, r0
200065ee:	817b      	strh	r3, [r7, #10]
200065f0:	460b      	mov	r3, r1
200065f2:	813b      	strh	r3, [r7, #8]
200065f4:	4613      	mov	r3, r2
200065f6:	80fb      	strh	r3, [r7, #6]
200065f8:	2300      	movs	r3, #0
200065fa:	82fb      	strh	r3, [r7, #22]
200065fc:	2300      	movs	r3, #0
200065fe:	82bb      	strh	r3, [r7, #20]
20006600:	2300      	movs	r3, #0
20006602:	827b      	strh	r3, [r7, #18]
20006604:	68fb      	ldr	r3, [r7, #12]
20006606:	8c1b      	ldrh	r3, [r3, #32]
20006608:	b29b      	uxth	r3, r3
2000660a:	f023 0310 	bic.w	r3, r3, #16
2000660e:	b29a      	uxth	r2, r3
20006610:	68fb      	ldr	r3, [r7, #12]
20006612:	841a      	strh	r2, [r3, #32]
20006614:	68fb      	ldr	r3, [r7, #12]
20006616:	8b1b      	ldrh	r3, [r3, #24]
20006618:	82fb      	strh	r3, [r7, #22]
2000661a:	68fb      	ldr	r3, [r7, #12]
2000661c:	8c1b      	ldrh	r3, [r3, #32]
2000661e:	82bb      	strh	r3, [r7, #20]
20006620:	897b      	ldrh	r3, [r7, #10]
20006622:	011b      	lsls	r3, r3, #4
20006624:	827b      	strh	r3, [r7, #18]
20006626:	8afb      	ldrh	r3, [r7, #22]
20006628:	f423 7340 	bic.w	r3, r3, #768	@ 0x300
2000662c:	051b      	lsls	r3, r3, #20
2000662e:	0d1b      	lsrs	r3, r3, #20
20006630:	82fb      	strh	r3, [r7, #22]
20006632:	88fb      	ldrh	r3, [r7, #6]
20006634:	031b      	lsls	r3, r3, #12
20006636:	b29a      	uxth	r2, r3
20006638:	8afb      	ldrh	r3, [r7, #22]
2000663a:	4313      	orrs	r3, r2
2000663c:	82fb      	strh	r3, [r7, #22]
2000663e:	893b      	ldrh	r3, [r7, #8]
20006640:	021b      	lsls	r3, r3, #8
20006642:	b29a      	uxth	r2, r3
20006644:	8afb      	ldrh	r3, [r7, #22]
20006646:	4313      	orrs	r3, r2
20006648:	82fb      	strh	r3, [r7, #22]
2000664a:	8abb      	ldrh	r3, [r7, #20]
2000664c:	f023 03a0 	bic.w	r3, r3, #160	@ 0xa0
20006650:	82bb      	strh	r3, [r7, #20]
20006652:	8a7a      	ldrh	r2, [r7, #18]
20006654:	8abb      	ldrh	r3, [r7, #20]
20006656:	4313      	orrs	r3, r2
20006658:	b29b      	uxth	r3, r3
2000665a:	f043 0310 	orr.w	r3, r3, #16
2000665e:	82bb      	strh	r3, [r7, #20]
20006660:	68fb      	ldr	r3, [r7, #12]
20006662:	8afa      	ldrh	r2, [r7, #22]
20006664:	831a      	strh	r2, [r3, #24]
20006666:	68fb      	ldr	r3, [r7, #12]
20006668:	8aba      	ldrh	r2, [r7, #20]
2000666a:	841a      	strh	r2, [r3, #32]
2000666c:	bf00      	nop
2000666e:	371c      	adds	r7, #28
20006670:	46bd      	mov	sp, r7
20006672:	bc80      	pop	{r7}
20006674:	4770      	bx	lr

20006676 <TI3_Config>:
20006676:	b480      	push	{r7}
20006678:	b087      	sub	sp, #28
2000667a:	af00      	add	r7, sp, #0
2000667c:	60f8      	str	r0, [r7, #12]
2000667e:	4608      	mov	r0, r1
20006680:	4611      	mov	r1, r2
20006682:	461a      	mov	r2, r3
20006684:	4603      	mov	r3, r0
20006686:	817b      	strh	r3, [r7, #10]
20006688:	460b      	mov	r3, r1
2000668a:	813b      	strh	r3, [r7, #8]
2000668c:	4613      	mov	r3, r2
2000668e:	80fb      	strh	r3, [r7, #6]
20006690:	2300      	movs	r3, #0
20006692:	82fb      	strh	r3, [r7, #22]
20006694:	2300      	movs	r3, #0
20006696:	82bb      	strh	r3, [r7, #20]
20006698:	2300      	movs	r3, #0
2000669a:	827b      	strh	r3, [r7, #18]
2000669c:	68fb      	ldr	r3, [r7, #12]
2000669e:	8c1b      	ldrh	r3, [r3, #32]
200066a0:	b29b      	uxth	r3, r3
200066a2:	f423 7380 	bic.w	r3, r3, #256	@ 0x100
200066a6:	b29a      	uxth	r2, r3
200066a8:	68fb      	ldr	r3, [r7, #12]
200066aa:	841a      	strh	r2, [r3, #32]
200066ac:	68fb      	ldr	r3, [r7, #12]
200066ae:	8b9b      	ldrh	r3, [r3, #28]
200066b0:	82fb      	strh	r3, [r7, #22]
200066b2:	68fb      	ldr	r3, [r7, #12]
200066b4:	8c1b      	ldrh	r3, [r3, #32]
200066b6:	82bb      	strh	r3, [r7, #20]
200066b8:	897b      	ldrh	r3, [r7, #10]
200066ba:	021b      	lsls	r3, r3, #8
200066bc:	827b      	strh	r3, [r7, #18]
200066be:	8afb      	ldrh	r3, [r7, #22]
200066c0:	f023 03f3 	bic.w	r3, r3, #243	@ 0xf3
200066c4:	82fb      	strh	r3, [r7, #22]
200066c6:	88fb      	ldrh	r3, [r7, #6]
200066c8:	011b      	lsls	r3, r3, #4
200066ca:	b29a      	uxth	r2, r3
200066cc:	893b      	ldrh	r3, [r7, #8]
200066ce:	4313      	orrs	r3, r2
200066d0:	b29a      	uxth	r2, r3
200066d2:	8afb      	ldrh	r3, [r7, #22]
200066d4:	4313      	orrs	r3, r2
200066d6:	82fb      	strh	r3, [r7, #22]
200066d8:	8abb      	ldrh	r3, [r7, #20]
200066da:	f423 6320 	bic.w	r3, r3, #2560	@ 0xa00
200066de:	82bb      	strh	r3, [r7, #20]
200066e0:	8a7a      	ldrh	r2, [r7, #18]
200066e2:	8abb      	ldrh	r3, [r7, #20]
200066e4:	4313      	orrs	r3, r2
200066e6:	b29b      	uxth	r3, r3
200066e8:	f443 7380 	orr.w	r3, r3, #256	@ 0x100
200066ec:	82bb      	strh	r3, [r7, #20]
200066ee:	68fb      	ldr	r3, [r7, #12]
200066f0:	8afa      	ldrh	r2, [r7, #22]
200066f2:	839a      	strh	r2, [r3, #28]
200066f4:	68fb      	ldr	r3, [r7, #12]
200066f6:	8aba      	ldrh	r2, [r7, #20]
200066f8:	841a      	strh	r2, [r3, #32]
200066fa:	bf00      	nop
200066fc:	371c      	adds	r7, #28
200066fe:	46bd      	mov	sp, r7
20006700:	bc80      	pop	{r7}
20006702:	4770      	bx	lr

20006704 <TI4_Config>:
20006704:	b480      	push	{r7}
20006706:	b087      	sub	sp, #28
20006708:	af00      	add	r7, sp, #0
2000670a:	60f8      	str	r0, [r7, #12]
2000670c:	4608      	mov	r0, r1
2000670e:	4611      	mov	r1, r2
20006710:	461a      	mov	r2, r3
20006712:	4603      	mov	r3, r0
20006714:	817b      	strh	r3, [r7, #10]
20006716:	460b      	mov	r3, r1
20006718:	813b      	strh	r3, [r7, #8]
2000671a:	4613      	mov	r3, r2
2000671c:	80fb      	strh	r3, [r7, #6]
2000671e:	2300      	movs	r3, #0
20006720:	82fb      	strh	r3, [r7, #22]
20006722:	2300      	movs	r3, #0
20006724:	82bb      	strh	r3, [r7, #20]
20006726:	2300      	movs	r3, #0
20006728:	827b      	strh	r3, [r7, #18]
2000672a:	68fb      	ldr	r3, [r7, #12]
2000672c:	8c1b      	ldrh	r3, [r3, #32]
2000672e:	b29b      	uxth	r3, r3
20006730:	f423 5380 	bic.w	r3, r3, #4096	@ 0x1000
20006734:	b29a      	uxth	r2, r3
20006736:	68fb      	ldr	r3, [r7, #12]
20006738:	841a      	strh	r2, [r3, #32]
2000673a:	68fb      	ldr	r3, [r7, #12]
2000673c:	8b9b      	ldrh	r3, [r3, #28]
2000673e:	82fb      	strh	r3, [r7, #22]
20006740:	68fb      	ldr	r3, [r7, #12]
20006742:	8c1b      	ldrh	r3, [r3, #32]
20006744:	82bb      	strh	r3, [r7, #20]
20006746:	897b      	ldrh	r3, [r7, #10]
20006748:	031b      	lsls	r3, r3, #12
2000674a:	827b      	strh	r3, [r7, #18]
2000674c:	8afb      	ldrh	r3, [r7, #22]
2000674e:	f423 7340 	bic.w	r3, r3, #768	@ 0x300
20006752:	051b      	lsls	r3, r3, #20
20006754:	0d1b      	lsrs	r3, r3, #20
20006756:	82fb      	strh	r3, [r7, #22]
20006758:	893b      	ldrh	r3, [r7, #8]
2000675a:	021b      	lsls	r3, r3, #8
2000675c:	b29a      	uxth	r2, r3
2000675e:	8afb      	ldrh	r3, [r7, #22]
20006760:	4313      	orrs	r3, r2
20006762:	82fb      	strh	r3, [r7, #22]
20006764:	88fb      	ldrh	r3, [r7, #6]
20006766:	031b      	lsls	r3, r3, #12
20006768:	b29a      	uxth	r2, r3
2000676a:	8afb      	ldrh	r3, [r7, #22]
2000676c:	4313      	orrs	r3, r2
2000676e:	82fb      	strh	r3, [r7, #22]
20006770:	8abb      	ldrh	r3, [r7, #20]
20006772:	f423 5300 	bic.w	r3, r3, #8192	@ 0x2000
20006776:	045b      	lsls	r3, r3, #17
20006778:	0c5b      	lsrs	r3, r3, #17
2000677a:	82bb      	strh	r3, [r7, #20]
2000677c:	8a7a      	ldrh	r2, [r7, #18]
2000677e:	8abb      	ldrh	r3, [r7, #20]
20006780:	4313      	orrs	r3, r2
20006782:	b29b      	uxth	r3, r3
20006784:	f443 5380 	orr.w	r3, r3, #4096	@ 0x1000
20006788:	82bb      	strh	r3, [r7, #20]
2000678a:	68fb      	ldr	r3, [r7, #12]
2000678c:	8afa      	ldrh	r2, [r7, #22]
2000678e:	839a      	strh	r2, [r3, #28]
20006790:	68fb      	ldr	r3, [r7, #12]
20006792:	8aba      	ldrh	r2, [r7, #20]
20006794:	841a      	strh	r2, [r3, #32]
20006796:	bf00      	nop
20006798:	371c      	adds	r7, #28
2000679a:	46bd      	mov	sp, r7
2000679c:	bc80      	pop	{r7}
2000679e:	4770      	bx	lr

200067a0 <USART_DeInit>:
200067a0:	b580      	push	{r7, lr}
200067a2:	b082      	sub	sp, #8
200067a4:	af00      	add	r7, sp, #0
200067a6:	6078      	str	r0, [r7, #4]
200067a8:	687b      	ldr	r3, [r7, #4]
200067aa:	4a3b      	ldr	r2, [pc, #236]	@ (20006898 <USART_DeInit+0xf8>)
200067ac:	4293      	cmp	r3, r2
200067ae:	d108      	bne.n	200067c2 <USART_DeInit+0x22>
200067b0:	2101      	movs	r1, #1
200067b2:	2010      	movs	r0, #16
200067b4:	f7fe f84c 	bl	20004850 <RCC_APB2PeriphResetCmd>
200067b8:	2100      	movs	r1, #0
200067ba:	2010      	movs	r0, #16
200067bc:	f7fe f848 	bl	20004850 <RCC_APB2PeriphResetCmd>
200067c0:	e065      	b.n	2000688e <USART_DeInit+0xee>
200067c2:	687b      	ldr	r3, [r7, #4]
200067c4:	4a35      	ldr	r2, [pc, #212]	@ (2000689c <USART_DeInit+0xfc>)
200067c6:	4293      	cmp	r3, r2
200067c8:	d10a      	bne.n	200067e0 <USART_DeInit+0x40>
200067ca:	2101      	movs	r1, #1
200067cc:	f44f 3000 	mov.w	r0, #131072	@ 0x20000
200067d0:	f7fe f820 	bl	20004814 <RCC_APB1PeriphResetCmd>
200067d4:	2100      	movs	r1, #0
200067d6:	f44f 3000 	mov.w	r0, #131072	@ 0x20000
200067da:	f7fe f81b 	bl	20004814 <RCC_APB1PeriphResetCmd>
200067de:	e056      	b.n	2000688e <USART_DeInit+0xee>
200067e0:	687b      	ldr	r3, [r7, #4]
200067e2:	4a2f      	ldr	r2, [pc, #188]	@ (200068a0 <USART_DeInit+0x100>)
200067e4:	4293      	cmp	r3, r2
200067e6:	d10a      	bne.n	200067fe <USART_DeInit+0x5e>
200067e8:	2101      	movs	r1, #1
200067ea:	f44f 2080 	mov.w	r0, #262144	@ 0x40000
200067ee:	f7fe f811 	bl	20004814 <RCC_APB1PeriphResetCmd>
200067f2:	2100      	movs	r1, #0
200067f4:	f44f 2080 	mov.w	r0, #262144	@ 0x40000
200067f8:	f7fe f80c 	bl	20004814 <RCC_APB1PeriphResetCmd>
200067fc:	e047      	b.n	2000688e <USART_DeInit+0xee>
200067fe:	687b      	ldr	r3, [r7, #4]
20006800:	4a28      	ldr	r2, [pc, #160]	@ (200068a4 <USART_DeInit+0x104>)
20006802:	4293      	cmp	r3, r2
20006804:	d10a      	bne.n	2000681c <USART_DeInit+0x7c>
20006806:	2101      	movs	r1, #1
20006808:	f44f 2000 	mov.w	r0, #524288	@ 0x80000
2000680c:	f7fe f802 	bl	20004814 <RCC_APB1PeriphResetCmd>
20006810:	2100      	movs	r1, #0
20006812:	f44f 2000 	mov.w	r0, #524288	@ 0x80000
20006816:	f7fd fffd 	bl	20004814 <RCC_APB1PeriphResetCmd>
2000681a:	e038      	b.n	2000688e <USART_DeInit+0xee>
2000681c:	687b      	ldr	r3, [r7, #4]
2000681e:	4a22      	ldr	r2, [pc, #136]	@ (200068a8 <USART_DeInit+0x108>)
20006820:	4293      	cmp	r3, r2
20006822:	d10a      	bne.n	2000683a <USART_DeInit+0x9a>
20006824:	2101      	movs	r1, #1
20006826:	f44f 1080 	mov.w	r0, #1048576	@ 0x100000
2000682a:	f7fd fff3 	bl	20004814 <RCC_APB1PeriphResetCmd>
2000682e:	2100      	movs	r1, #0
20006830:	f44f 1080 	mov.w	r0, #1048576	@ 0x100000
20006834:	f7fd ffee 	bl	20004814 <RCC_APB1PeriphResetCmd>
20006838:	e029      	b.n	2000688e <USART_DeInit+0xee>
2000683a:	687b      	ldr	r3, [r7, #4]
2000683c:	4a1b      	ldr	r2, [pc, #108]	@ (200068ac <USART_DeInit+0x10c>)
2000683e:	4293      	cmp	r3, r2
20006840:	d108      	bne.n	20006854 <USART_DeInit+0xb4>
20006842:	2101      	movs	r1, #1
20006844:	2020      	movs	r0, #32
20006846:	f7fe f803 	bl	20004850 <RCC_APB2PeriphResetCmd>
2000684a:	2100      	movs	r1, #0
2000684c:	2020      	movs	r0, #32
2000684e:	f7fd ffff 	bl	20004850 <RCC_APB2PeriphResetCmd>
20006852:	e01c      	b.n	2000688e <USART_DeInit+0xee>
20006854:	687b      	ldr	r3, [r7, #4]
20006856:	4a16      	ldr	r2, [pc, #88]	@ (200068b0 <USART_DeInit+0x110>)
20006858:	4293      	cmp	r3, r2
2000685a:	d10a      	bne.n	20006872 <USART_DeInit+0xd2>
2000685c:	2101      	movs	r1, #1
2000685e:	f04f 4080 	mov.w	r0, #1073741824	@ 0x40000000
20006862:	f7fd ffd7 	bl	20004814 <RCC_APB1PeriphResetCmd>
20006866:	2100      	movs	r1, #0
20006868:	f04f 4080 	mov.w	r0, #1073741824	@ 0x40000000
2000686c:	f7fd ffd2 	bl	20004814 <RCC_APB1PeriphResetCmd>
20006870:	e00d      	b.n	2000688e <USART_DeInit+0xee>
20006872:	687b      	ldr	r3, [r7, #4]
20006874:	4a0f      	ldr	r2, [pc, #60]	@ (200068b4 <USART_DeInit+0x114>)
20006876:	4293      	cmp	r3, r2
20006878:	d109      	bne.n	2000688e <USART_DeInit+0xee>
2000687a:	2101      	movs	r1, #1
2000687c:	f04f 4000 	mov.w	r0, #2147483648	@ 0x80000000
20006880:	f7fd ffc8 	bl	20004814 <RCC_APB1PeriphResetCmd>
20006884:	2100      	movs	r1, #0
20006886:	f04f 4000 	mov.w	r0, #2147483648	@ 0x80000000
2000688a:	f7fd ffc3 	bl	20004814 <RCC_APB1PeriphResetCmd>
2000688e:	bf00      	nop
20006890:	3708      	adds	r7, #8
20006892:	46bd      	mov	sp, r7
20006894:	bd80      	pop	{r7, pc}
20006896:	bf00      	nop
20006898:	40011000 	.word	0x40011000
2000689c:	40004400 	.word	0x40004400
200068a0:	40004800 	.word	0x40004800
200068a4:	40004c00 	.word	0x40004c00
200068a8:	40005000 	.word	0x40005000
200068ac:	40011400 	.word	0x40011400
200068b0:	40007800 	.word	0x40007800
200068b4:	40007c00 	.word	0x40007c00

200068b8 <USART_Init>:
200068b8:	b580      	push	{r7, lr}
200068ba:	b08a      	sub	sp, #40	@ 0x28
200068bc:	af00      	add	r7, sp, #0
200068be:	6078      	str	r0, [r7, #4]
200068c0:	6039      	str	r1, [r7, #0]
200068c2:	2300      	movs	r3, #0
200068c4:	627b      	str	r3, [r7, #36]	@ 0x24
200068c6:	2300      	movs	r3, #0
200068c8:	623b      	str	r3, [r7, #32]
200068ca:	2300      	movs	r3, #0
200068cc:	61fb      	str	r3, [r7, #28]
200068ce:	2300      	movs	r3, #0
200068d0:	61bb      	str	r3, [r7, #24]
200068d2:	687b      	ldr	r3, [r7, #4]
200068d4:	8a1b      	ldrh	r3, [r3, #16]
200068d6:	b29b      	uxth	r3, r3
200068d8:	627b      	str	r3, [r7, #36]	@ 0x24
200068da:	6a7b      	ldr	r3, [r7, #36]	@ 0x24
200068dc:	f423 5340 	bic.w	r3, r3, #12288	@ 0x3000
200068e0:	627b      	str	r3, [r7, #36]	@ 0x24
200068e2:	683b      	ldr	r3, [r7, #0]
200068e4:	88db      	ldrh	r3, [r3, #6]
200068e6:	461a      	mov	r2, r3
200068e8:	6a7b      	ldr	r3, [r7, #36]	@ 0x24
200068ea:	4313      	orrs	r3, r2
200068ec:	627b      	str	r3, [r7, #36]	@ 0x24
200068ee:	6a7b      	ldr	r3, [r7, #36]	@ 0x24
200068f0:	b29a      	uxth	r2, r3
200068f2:	687b      	ldr	r3, [r7, #4]
200068f4:	821a      	strh	r2, [r3, #16]
200068f6:	687b      	ldr	r3, [r7, #4]
200068f8:	899b      	ldrh	r3, [r3, #12]
200068fa:	b29b      	uxth	r3, r3
200068fc:	627b      	str	r3, [r7, #36]	@ 0x24
200068fe:	6a7b      	ldr	r3, [r7, #36]	@ 0x24
20006900:	f423 53b0 	bic.w	r3, r3, #5632	@ 0x1600
20006904:	f023 030c 	bic.w	r3, r3, #12
20006908:	627b      	str	r3, [r7, #36]	@ 0x24
2000690a:	683b      	ldr	r3, [r7, #0]
2000690c:	889a      	ldrh	r2, [r3, #4]
2000690e:	683b      	ldr	r3, [r7, #0]
20006910:	891b      	ldrh	r3, [r3, #8]
20006912:	4313      	orrs	r3, r2
20006914:	b29a      	uxth	r2, r3
20006916:	683b      	ldr	r3, [r7, #0]
20006918:	895b      	ldrh	r3, [r3, #10]
2000691a:	4313      	orrs	r3, r2
2000691c:	b29b      	uxth	r3, r3
2000691e:	461a      	mov	r2, r3
20006920:	6a7b      	ldr	r3, [r7, #36]	@ 0x24
20006922:	4313      	orrs	r3, r2
20006924:	627b      	str	r3, [r7, #36]	@ 0x24
20006926:	6a7b      	ldr	r3, [r7, #36]	@ 0x24
20006928:	b29a      	uxth	r2, r3
2000692a:	687b      	ldr	r3, [r7, #4]
2000692c:	819a      	strh	r2, [r3, #12]
2000692e:	687b      	ldr	r3, [r7, #4]
20006930:	8a9b      	ldrh	r3, [r3, #20]
20006932:	b29b      	uxth	r3, r3
20006934:	627b      	str	r3, [r7, #36]	@ 0x24
20006936:	6a7b      	ldr	r3, [r7, #36]	@ 0x24
20006938:	f423 7340 	bic.w	r3, r3, #768	@ 0x300
2000693c:	627b      	str	r3, [r7, #36]	@ 0x24
2000693e:	683b      	ldr	r3, [r7, #0]
20006940:	899b      	ldrh	r3, [r3, #12]
20006942:	461a      	mov	r2, r3
20006944:	6a7b      	ldr	r3, [r7, #36]	@ 0x24
20006946:	4313      	orrs	r3, r2
20006948:	627b      	str	r3, [r7, #36]	@ 0x24
2000694a:	6a7b      	ldr	r3, [r7, #36]	@ 0x24
2000694c:	b29a      	uxth	r2, r3
2000694e:	687b      	ldr	r3, [r7, #4]
20006950:	829a      	strh	r2, [r3, #20]
20006952:	f107 0308 	add.w	r3, r7, #8
20006956:	4618      	mov	r0, r3
20006958:	f7fd fcbc 	bl	200042d4 <RCC_GetClocksFreq>
2000695c:	687b      	ldr	r3, [r7, #4]
2000695e:	4a30      	ldr	r2, [pc, #192]	@ (20006a20 <USART_Init+0x168>)
20006960:	4293      	cmp	r3, r2
20006962:	d003      	beq.n	2000696c <USART_Init+0xb4>
20006964:	687b      	ldr	r3, [r7, #4]
20006966:	4a2f      	ldr	r2, [pc, #188]	@ (20006a24 <USART_Init+0x16c>)
20006968:	4293      	cmp	r3, r2
2000696a:	d102      	bne.n	20006972 <USART_Init+0xba>
2000696c:	697b      	ldr	r3, [r7, #20]
2000696e:	623b      	str	r3, [r7, #32]
20006970:	e001      	b.n	20006976 <USART_Init+0xbe>
20006972:	693b      	ldr	r3, [r7, #16]
20006974:	623b      	str	r3, [r7, #32]
20006976:	687b      	ldr	r3, [r7, #4]
20006978:	899b      	ldrh	r3, [r3, #12]
2000697a:	b29b      	uxth	r3, r3
2000697c:	b21b      	sxth	r3, r3
2000697e:	2b00      	cmp	r3, #0
20006980:	da0c      	bge.n	2000699c <USART_Init+0xe4>
20006982:	6a3a      	ldr	r2, [r7, #32]
20006984:	4613      	mov	r3, r2
20006986:	009b      	lsls	r3, r3, #2
20006988:	4413      	add	r3, r2
2000698a:	009a      	lsls	r2, r3, #2
2000698c:	441a      	add	r2, r3
2000698e:	683b      	ldr	r3, [r7, #0]
20006990:	681b      	ldr	r3, [r3, #0]
20006992:	005b      	lsls	r3, r3, #1
20006994:	fbb2 f3f3 	udiv	r3, r2, r3
20006998:	61fb      	str	r3, [r7, #28]
2000699a:	e00b      	b.n	200069b4 <USART_Init+0xfc>
2000699c:	6a3a      	ldr	r2, [r7, #32]
2000699e:	4613      	mov	r3, r2
200069a0:	009b      	lsls	r3, r3, #2
200069a2:	4413      	add	r3, r2
200069a4:	009a      	lsls	r2, r3, #2
200069a6:	441a      	add	r2, r3
200069a8:	683b      	ldr	r3, [r7, #0]
200069aa:	681b      	ldr	r3, [r3, #0]
200069ac:	009b      	lsls	r3, r3, #2
200069ae:	fbb2 f3f3 	udiv	r3, r2, r3
200069b2:	61fb      	str	r3, [r7, #28]
200069b4:	69fb      	ldr	r3, [r7, #28]
200069b6:	4a1c      	ldr	r2, [pc, #112]	@ (20006a28 <USART_Init+0x170>)
200069b8:	fba2 2303 	umull	r2, r3, r2, r3
200069bc:	095b      	lsrs	r3, r3, #5
200069be:	011b      	lsls	r3, r3, #4
200069c0:	627b      	str	r3, [r7, #36]	@ 0x24
200069c2:	6a7b      	ldr	r3, [r7, #36]	@ 0x24
200069c4:	091b      	lsrs	r3, r3, #4
200069c6:	2264      	movs	r2, #100	@ 0x64
200069c8:	fb02 f303 	mul.w	r3, r2, r3
200069cc:	69fa      	ldr	r2, [r7, #28]
200069ce:	1ad3      	subs	r3, r2, r3
200069d0:	61bb      	str	r3, [r7, #24]
200069d2:	687b      	ldr	r3, [r7, #4]
200069d4:	899b      	ldrh	r3, [r3, #12]
200069d6:	b29b      	uxth	r3, r3
200069d8:	b21b      	sxth	r3, r3
200069da:	2b00      	cmp	r3, #0
200069dc:	da0c      	bge.n	200069f8 <USART_Init+0x140>
200069de:	69bb      	ldr	r3, [r7, #24]
200069e0:	00db      	lsls	r3, r3, #3
200069e2:	3332      	adds	r3, #50	@ 0x32
200069e4:	4a10      	ldr	r2, [pc, #64]	@ (20006a28 <USART_Init+0x170>)
200069e6:	fba2 2303 	umull	r2, r3, r2, r3
200069ea:	095b      	lsrs	r3, r3, #5
200069ec:	f003 0307 	and.w	r3, r3, #7
200069f0:	6a7a      	ldr	r2, [r7, #36]	@ 0x24
200069f2:	4313      	orrs	r3, r2
200069f4:	627b      	str	r3, [r7, #36]	@ 0x24
200069f6:	e00b      	b.n	20006a10 <USART_Init+0x158>
200069f8:	69bb      	ldr	r3, [r7, #24]
200069fa:	011b      	lsls	r3, r3, #4
200069fc:	3332      	adds	r3, #50	@ 0x32
200069fe:	4a0a      	ldr	r2, [pc, #40]	@ (20006a28 <USART_Init+0x170>)
20006a00:	fba2 2303 	umull	r2, r3, r2, r3
20006a04:	095b      	lsrs	r3, r3, #5
20006a06:	f003 030f 	and.w	r3, r3, #15
20006a0a:	6a7a      	ldr	r2, [r7, #36]	@ 0x24
20006a0c:	4313      	orrs	r3, r2
20006a0e:	627b      	str	r3, [r7, #36]	@ 0x24
20006a10:	6a7b      	ldr	r3, [r7, #36]	@ 0x24
20006a12:	b29a      	uxth	r2, r3
20006a14:	687b      	ldr	r3, [r7, #4]
20006a16:	811a      	strh	r2, [r3, #8]
20006a18:	bf00      	nop
20006a1a:	3728      	adds	r7, #40	@ 0x28
20006a1c:	46bd      	mov	sp, r7
20006a1e:	bd80      	pop	{r7, pc}
20006a20:	40011000 	.word	0x40011000
20006a24:	40011400 	.word	0x40011400
20006a28:	51eb851f 	.word	0x51eb851f

20006a2c <USART_StructInit>:
20006a2c:	b480      	push	{r7}
20006a2e:	b083      	sub	sp, #12
20006a30:	af00      	add	r7, sp, #0
20006a32:	6078      	str	r0, [r7, #4]
20006a34:	687b      	ldr	r3, [r7, #4]
20006a36:	f44f 5216 	mov.w	r2, #9600	@ 0x2580
20006a3a:	601a      	str	r2, [r3, #0]
20006a3c:	687b      	ldr	r3, [r7, #4]
20006a3e:	2200      	movs	r2, #0
20006a40:	809a      	strh	r2, [r3, #4]
20006a42:	687b      	ldr	r3, [r7, #4]
20006a44:	2200      	movs	r2, #0
20006a46:	80da      	strh	r2, [r3, #6]
20006a48:	687b      	ldr	r3, [r7, #4]
20006a4a:	2200      	movs	r2, #0
20006a4c:	811a      	strh	r2, [r3, #8]
20006a4e:	687b      	ldr	r3, [r7, #4]
20006a50:	220c      	movs	r2, #12
20006a52:	815a      	strh	r2, [r3, #10]
20006a54:	687b      	ldr	r3, [r7, #4]
20006a56:	2200      	movs	r2, #0
20006a58:	819a      	strh	r2, [r3, #12]
20006a5a:	bf00      	nop
20006a5c:	370c      	adds	r7, #12
20006a5e:	46bd      	mov	sp, r7
20006a60:	bc80      	pop	{r7}
20006a62:	4770      	bx	lr

20006a64 <USART_ClockInit>:
20006a64:	b480      	push	{r7}
20006a66:	b085      	sub	sp, #20
20006a68:	af00      	add	r7, sp, #0
20006a6a:	6078      	str	r0, [r7, #4]
20006a6c:	6039      	str	r1, [r7, #0]
20006a6e:	2300      	movs	r3, #0
20006a70:	60fb      	str	r3, [r7, #12]
20006a72:	687b      	ldr	r3, [r7, #4]
20006a74:	8a1b      	ldrh	r3, [r3, #16]
20006a76:	b29b      	uxth	r3, r3
20006a78:	60fb      	str	r3, [r7, #12]
20006a7a:	68fb      	ldr	r3, [r7, #12]
20006a7c:	f423 6370 	bic.w	r3, r3, #3840	@ 0xf00
20006a80:	60fb      	str	r3, [r7, #12]
20006a82:	683b      	ldr	r3, [r7, #0]
20006a84:	881a      	ldrh	r2, [r3, #0]
20006a86:	683b      	ldr	r3, [r7, #0]
20006a88:	885b      	ldrh	r3, [r3, #2]
20006a8a:	4313      	orrs	r3, r2
20006a8c:	b29a      	uxth	r2, r3
20006a8e:	683b      	ldr	r3, [r7, #0]
20006a90:	889b      	ldrh	r3, [r3, #4]
20006a92:	4313      	orrs	r3, r2
20006a94:	b29a      	uxth	r2, r3
20006a96:	683b      	ldr	r3, [r7, #0]
20006a98:	88db      	ldrh	r3, [r3, #6]
20006a9a:	4313      	orrs	r3, r2
20006a9c:	b29b      	uxth	r3, r3
20006a9e:	461a      	mov	r2, r3
20006aa0:	68fb      	ldr	r3, [r7, #12]
20006aa2:	4313      	orrs	r3, r2
20006aa4:	60fb      	str	r3, [r7, #12]
20006aa6:	68fb      	ldr	r3, [r7, #12]
20006aa8:	b29a      	uxth	r2, r3
20006aaa:	687b      	ldr	r3, [r7, #4]
20006aac:	821a      	strh	r2, [r3, #16]
20006aae:	bf00      	nop
20006ab0:	3714      	adds	r7, #20
20006ab2:	46bd      	mov	sp, r7
20006ab4:	bc80      	pop	{r7}
20006ab6:	4770      	bx	lr

20006ab8 <USART_ClockStructInit>:
20006ab8:	b480      	push	{r7}
20006aba:	b083      	sub	sp, #12
20006abc:	af00      	add	r7, sp, #0
20006abe:	6078      	str	r0, [r7, #4]
20006ac0:	687b      	ldr	r3, [r7, #4]
20006ac2:	2200      	movs	r2, #0
20006ac4:	801a      	strh	r2, [r3, #0]
20006ac6:	687b      	ldr	r3, [r7, #4]
20006ac8:	2200      	movs	r2, #0
20006aca:	805a      	strh	r2, [r3, #2]
20006acc:	687b      	ldr	r3, [r7, #4]
20006ace:	2200      	movs	r2, #0
20006ad0:	809a      	strh	r2, [r3, #4]
20006ad2:	687b      	ldr	r3, [r7, #4]
20006ad4:	2200      	movs	r2, #0
20006ad6:	80da      	strh	r2, [r3, #6]
20006ad8:	bf00      	nop
20006ada:	370c      	adds	r7, #12
20006adc:	46bd      	mov	sp, r7
20006ade:	bc80      	pop	{r7}
20006ae0:	4770      	bx	lr

20006ae2 <USART_Cmd>:
20006ae2:	b480      	push	{r7}
20006ae4:	b083      	sub	sp, #12
20006ae6:	af00      	add	r7, sp, #0
20006ae8:	6078      	str	r0, [r7, #4]
20006aea:	460b      	mov	r3, r1
20006aec:	70fb      	strb	r3, [r7, #3]
20006aee:	78fb      	ldrb	r3, [r7, #3]
20006af0:	2b00      	cmp	r3, #0
20006af2:	d008      	beq.n	20006b06 <USART_Cmd+0x24>
20006af4:	687b      	ldr	r3, [r7, #4]
20006af6:	899b      	ldrh	r3, [r3, #12]
20006af8:	b29b      	uxth	r3, r3
20006afa:	f443 5300 	orr.w	r3, r3, #8192	@ 0x2000
20006afe:	b29a      	uxth	r2, r3
20006b00:	687b      	ldr	r3, [r7, #4]
20006b02:	819a      	strh	r2, [r3, #12]
20006b04:	e007      	b.n	20006b16 <USART_Cmd+0x34>
20006b06:	687b      	ldr	r3, [r7, #4]
20006b08:	899b      	ldrh	r3, [r3, #12]
20006b0a:	b29b      	uxth	r3, r3
20006b0c:	f423 5300 	bic.w	r3, r3, #8192	@ 0x2000
20006b10:	b29a      	uxth	r2, r3
20006b12:	687b      	ldr	r3, [r7, #4]
20006b14:	819a      	strh	r2, [r3, #12]
20006b16:	bf00      	nop
20006b18:	370c      	adds	r7, #12
20006b1a:	46bd      	mov	sp, r7
20006b1c:	bc80      	pop	{r7}
20006b1e:	4770      	bx	lr

20006b20 <USART_SetPrescaler>:
20006b20:	b480      	push	{r7}
20006b22:	b083      	sub	sp, #12
20006b24:	af00      	add	r7, sp, #0
20006b26:	6078      	str	r0, [r7, #4]
20006b28:	460b      	mov	r3, r1
20006b2a:	70fb      	strb	r3, [r7, #3]
20006b2c:	687b      	ldr	r3, [r7, #4]
20006b2e:	8b1b      	ldrh	r3, [r3, #24]
20006b30:	b29b      	uxth	r3, r3
20006b32:	f023 03ff 	bic.w	r3, r3, #255	@ 0xff
20006b36:	b29a      	uxth	r2, r3
20006b38:	687b      	ldr	r3, [r7, #4]
20006b3a:	831a      	strh	r2, [r3, #24]
20006b3c:	687b      	ldr	r3, [r7, #4]
20006b3e:	8b1b      	ldrh	r3, [r3, #24]
20006b40:	b29a      	uxth	r2, r3
20006b42:	78fb      	ldrb	r3, [r7, #3]
20006b44:	b29b      	uxth	r3, r3
20006b46:	4313      	orrs	r3, r2
20006b48:	b29a      	uxth	r2, r3
20006b4a:	687b      	ldr	r3, [r7, #4]
20006b4c:	831a      	strh	r2, [r3, #24]
20006b4e:	bf00      	nop
20006b50:	370c      	adds	r7, #12
20006b52:	46bd      	mov	sp, r7
20006b54:	bc80      	pop	{r7}
20006b56:	4770      	bx	lr

20006b58 <USART_OverSampling8Cmd>:
20006b58:	b480      	push	{r7}
20006b5a:	b083      	sub	sp, #12
20006b5c:	af00      	add	r7, sp, #0
20006b5e:	6078      	str	r0, [r7, #4]
20006b60:	460b      	mov	r3, r1
20006b62:	70fb      	strb	r3, [r7, #3]
20006b64:	78fb      	ldrb	r3, [r7, #3]
20006b66:	2b00      	cmp	r3, #0
20006b68:	d00a      	beq.n	20006b80 <USART_OverSampling8Cmd+0x28>
20006b6a:	687b      	ldr	r3, [r7, #4]
20006b6c:	899b      	ldrh	r3, [r3, #12]
20006b6e:	b29b      	uxth	r3, r3
20006b70:	ea6f 4343 	mvn.w	r3, r3, lsl #17
20006b74:	ea6f 4353 	mvn.w	r3, r3, lsr #17
20006b78:	b29a      	uxth	r2, r3
20006b7a:	687b      	ldr	r3, [r7, #4]
20006b7c:	819a      	strh	r2, [r3, #12]
20006b7e:	e007      	b.n	20006b90 <USART_OverSampling8Cmd+0x38>
20006b80:	687b      	ldr	r3, [r7, #4]
20006b82:	899b      	ldrh	r3, [r3, #12]
20006b84:	b29b      	uxth	r3, r3
20006b86:	f3c3 030e 	ubfx	r3, r3, #0, #15
20006b8a:	b29a      	uxth	r2, r3
20006b8c:	687b      	ldr	r3, [r7, #4]
20006b8e:	819a      	strh	r2, [r3, #12]
20006b90:	bf00      	nop
20006b92:	370c      	adds	r7, #12
20006b94:	46bd      	mov	sp, r7
20006b96:	bc80      	pop	{r7}
20006b98:	4770      	bx	lr

20006b9a <USART_OneBitMethodCmd>:
20006b9a:	b480      	push	{r7}
20006b9c:	b083      	sub	sp, #12
20006b9e:	af00      	add	r7, sp, #0
20006ba0:	6078      	str	r0, [r7, #4]
20006ba2:	460b      	mov	r3, r1
20006ba4:	70fb      	strb	r3, [r7, #3]
20006ba6:	78fb      	ldrb	r3, [r7, #3]
20006ba8:	2b00      	cmp	r3, #0
20006baa:	d008      	beq.n	20006bbe <USART_OneBitMethodCmd+0x24>
20006bac:	687b      	ldr	r3, [r7, #4]
20006bae:	8a9b      	ldrh	r3, [r3, #20]
20006bb0:	b29b      	uxth	r3, r3
20006bb2:	f443 6300 	orr.w	r3, r3, #2048	@ 0x800
20006bb6:	b29a      	uxth	r2, r3
20006bb8:	687b      	ldr	r3, [r7, #4]
20006bba:	829a      	strh	r2, [r3, #20]
20006bbc:	e007      	b.n	20006bce <USART_OneBitMethodCmd+0x34>
20006bbe:	687b      	ldr	r3, [r7, #4]
20006bc0:	8a9b      	ldrh	r3, [r3, #20]
20006bc2:	b29b      	uxth	r3, r3
20006bc4:	f423 6300 	bic.w	r3, r3, #2048	@ 0x800
20006bc8:	b29a      	uxth	r2, r3
20006bca:	687b      	ldr	r3, [r7, #4]
20006bcc:	829a      	strh	r2, [r3, #20]
20006bce:	bf00      	nop
20006bd0:	370c      	adds	r7, #12
20006bd2:	46bd      	mov	sp, r7
20006bd4:	bc80      	pop	{r7}
20006bd6:	4770      	bx	lr

20006bd8 <USART_SendData>:
20006bd8:	b480      	push	{r7}
20006bda:	b083      	sub	sp, #12
20006bdc:	af00      	add	r7, sp, #0
20006bde:	6078      	str	r0, [r7, #4]
20006be0:	460b      	mov	r3, r1
20006be2:	807b      	strh	r3, [r7, #2]
20006be4:	887b      	ldrh	r3, [r7, #2]
20006be6:	f3c3 0308 	ubfx	r3, r3, #0, #9
20006bea:	b29a      	uxth	r2, r3
20006bec:	687b      	ldr	r3, [r7, #4]
20006bee:	809a      	strh	r2, [r3, #4]
20006bf0:	bf00      	nop
20006bf2:	370c      	adds	r7, #12
20006bf4:	46bd      	mov	sp, r7
20006bf6:	bc80      	pop	{r7}
20006bf8:	4770      	bx	lr

20006bfa <USART_ReceiveData>:
20006bfa:	b480      	push	{r7}
20006bfc:	b083      	sub	sp, #12
20006bfe:	af00      	add	r7, sp, #0
20006c00:	6078      	str	r0, [r7, #4]
20006c02:	687b      	ldr	r3, [r7, #4]
20006c04:	889b      	ldrh	r3, [r3, #4]
20006c06:	b29b      	uxth	r3, r3
20006c08:	f3c3 0308 	ubfx	r3, r3, #0, #9
20006c0c:	b29b      	uxth	r3, r3
20006c0e:	4618      	mov	r0, r3
20006c10:	370c      	adds	r7, #12
20006c12:	46bd      	mov	sp, r7
20006c14:	bc80      	pop	{r7}
20006c16:	4770      	bx	lr

20006c18 <USART_SetAddress>:
20006c18:	b480      	push	{r7}
20006c1a:	b083      	sub	sp, #12
20006c1c:	af00      	add	r7, sp, #0
20006c1e:	6078      	str	r0, [r7, #4]
20006c20:	460b      	mov	r3, r1
20006c22:	70fb      	strb	r3, [r7, #3]
20006c24:	687b      	ldr	r3, [r7, #4]
20006c26:	8a1b      	ldrh	r3, [r3, #16]
20006c28:	b29b      	uxth	r3, r3
20006c2a:	f023 030f 	bic.w	r3, r3, #15
20006c2e:	b29a      	uxth	r2, r3
20006c30:	687b      	ldr	r3, [r7, #4]
20006c32:	821a      	strh	r2, [r3, #16]
20006c34:	687b      	ldr	r3, [r7, #4]
20006c36:	8a1b      	ldrh	r3, [r3, #16]
20006c38:	b29a      	uxth	r2, r3
20006c3a:	78fb      	ldrb	r3, [r7, #3]
20006c3c:	b29b      	uxth	r3, r3
20006c3e:	4313      	orrs	r3, r2
20006c40:	b29a      	uxth	r2, r3
20006c42:	687b      	ldr	r3, [r7, #4]
20006c44:	821a      	strh	r2, [r3, #16]
20006c46:	bf00      	nop
20006c48:	370c      	adds	r7, #12
20006c4a:	46bd      	mov	sp, r7
20006c4c:	bc80      	pop	{r7}
20006c4e:	4770      	bx	lr

20006c50 <USART_ReceiverWakeUpCmd>:
20006c50:	b480      	push	{r7}
20006c52:	b083      	sub	sp, #12
20006c54:	af00      	add	r7, sp, #0
20006c56:	6078      	str	r0, [r7, #4]
20006c58:	460b      	mov	r3, r1
20006c5a:	70fb      	strb	r3, [r7, #3]
20006c5c:	78fb      	ldrb	r3, [r7, #3]
20006c5e:	2b00      	cmp	r3, #0
20006c60:	d008      	beq.n	20006c74 <USART_ReceiverWakeUpCmd+0x24>
20006c62:	687b      	ldr	r3, [r7, #4]
20006c64:	899b      	ldrh	r3, [r3, #12]
20006c66:	b29b      	uxth	r3, r3
20006c68:	f043 0302 	orr.w	r3, r3, #2
20006c6c:	b29a      	uxth	r2, r3
20006c6e:	687b      	ldr	r3, [r7, #4]
20006c70:	819a      	strh	r2, [r3, #12]
20006c72:	e007      	b.n	20006c84 <USART_ReceiverWakeUpCmd+0x34>
20006c74:	687b      	ldr	r3, [r7, #4]
20006c76:	899b      	ldrh	r3, [r3, #12]
20006c78:	b29b      	uxth	r3, r3
20006c7a:	f023 0302 	bic.w	r3, r3, #2
20006c7e:	b29a      	uxth	r2, r3
20006c80:	687b      	ldr	r3, [r7, #4]
20006c82:	819a      	strh	r2, [r3, #12]
20006c84:	bf00      	nop
20006c86:	370c      	adds	r7, #12
20006c88:	46bd      	mov	sp, r7
20006c8a:	bc80      	pop	{r7}
20006c8c:	4770      	bx	lr

20006c8e <USART_WakeUpConfig>:
20006c8e:	b480      	push	{r7}
20006c90:	b083      	sub	sp, #12
20006c92:	af00      	add	r7, sp, #0
20006c94:	6078      	str	r0, [r7, #4]
20006c96:	460b      	mov	r3, r1
20006c98:	807b      	strh	r3, [r7, #2]
20006c9a:	687b      	ldr	r3, [r7, #4]
20006c9c:	899b      	ldrh	r3, [r3, #12]
20006c9e:	b29b      	uxth	r3, r3
20006ca0:	f423 6300 	bic.w	r3, r3, #2048	@ 0x800
20006ca4:	b29a      	uxth	r2, r3
20006ca6:	687b      	ldr	r3, [r7, #4]
20006ca8:	819a      	strh	r2, [r3, #12]
20006caa:	687b      	ldr	r3, [r7, #4]
20006cac:	899b      	ldrh	r3, [r3, #12]
20006cae:	b29a      	uxth	r2, r3
20006cb0:	887b      	ldrh	r3, [r7, #2]
20006cb2:	4313      	orrs	r3, r2
20006cb4:	b29a      	uxth	r2, r3
20006cb6:	687b      	ldr	r3, [r7, #4]
20006cb8:	819a      	strh	r2, [r3, #12]
20006cba:	bf00      	nop
20006cbc:	370c      	adds	r7, #12
20006cbe:	46bd      	mov	sp, r7
20006cc0:	bc80      	pop	{r7}
20006cc2:	4770      	bx	lr

20006cc4 <USART_LINBreakDetectLengthConfig>:
20006cc4:	b480      	push	{r7}
20006cc6:	b083      	sub	sp, #12
20006cc8:	af00      	add	r7, sp, #0
20006cca:	6078      	str	r0, [r7, #4]
20006ccc:	460b      	mov	r3, r1
20006cce:	807b      	strh	r3, [r7, #2]
20006cd0:	687b      	ldr	r3, [r7, #4]
20006cd2:	8a1b      	ldrh	r3, [r3, #16]
20006cd4:	b29b      	uxth	r3, r3
20006cd6:	f023 0320 	bic.w	r3, r3, #32
20006cda:	b29a      	uxth	r2, r3
20006cdc:	687b      	ldr	r3, [r7, #4]
20006cde:	821a      	strh	r2, [r3, #16]
20006ce0:	687b      	ldr	r3, [r7, #4]
20006ce2:	8a1b      	ldrh	r3, [r3, #16]
20006ce4:	b29a      	uxth	r2, r3
20006ce6:	887b      	ldrh	r3, [r7, #2]
20006ce8:	4313      	orrs	r3, r2
20006cea:	b29a      	uxth	r2, r3
20006cec:	687b      	ldr	r3, [r7, #4]
20006cee:	821a      	strh	r2, [r3, #16]
20006cf0:	bf00      	nop
20006cf2:	370c      	adds	r7, #12
20006cf4:	46bd      	mov	sp, r7
20006cf6:	bc80      	pop	{r7}
20006cf8:	4770      	bx	lr

20006cfa <USART_LINCmd>:
20006cfa:	b480      	push	{r7}
20006cfc:	b083      	sub	sp, #12
20006cfe:	af00      	add	r7, sp, #0
20006d00:	6078      	str	r0, [r7, #4]
20006d02:	460b      	mov	r3, r1
20006d04:	70fb      	strb	r3, [r7, #3]
20006d06:	78fb      	ldrb	r3, [r7, #3]
20006d08:	2b00      	cmp	r3, #0
20006d0a:	d008      	beq.n	20006d1e <USART_LINCmd+0x24>
20006d0c:	687b      	ldr	r3, [r7, #4]
20006d0e:	8a1b      	ldrh	r3, [r3, #16]
20006d10:	b29b      	uxth	r3, r3
20006d12:	f443 4380 	orr.w	r3, r3, #16384	@ 0x4000
20006d16:	b29a      	uxth	r2, r3
20006d18:	687b      	ldr	r3, [r7, #4]
20006d1a:	821a      	strh	r2, [r3, #16]
20006d1c:	e007      	b.n	20006d2e <USART_LINCmd+0x34>
20006d1e:	687b      	ldr	r3, [r7, #4]
20006d20:	8a1b      	ldrh	r3, [r3, #16]
20006d22:	b29b      	uxth	r3, r3
20006d24:	f423 4380 	bic.w	r3, r3, #16384	@ 0x4000
20006d28:	b29a      	uxth	r2, r3
20006d2a:	687b      	ldr	r3, [r7, #4]
20006d2c:	821a      	strh	r2, [r3, #16]
20006d2e:	bf00      	nop
20006d30:	370c      	adds	r7, #12
20006d32:	46bd      	mov	sp, r7
20006d34:	bc80      	pop	{r7}
20006d36:	4770      	bx	lr

20006d38 <USART_SendBreak>:
20006d38:	b480      	push	{r7}
20006d3a:	b083      	sub	sp, #12
20006d3c:	af00      	add	r7, sp, #0
20006d3e:	6078      	str	r0, [r7, #4]
20006d40:	687b      	ldr	r3, [r7, #4]
20006d42:	899b      	ldrh	r3, [r3, #12]
20006d44:	b29b      	uxth	r3, r3
20006d46:	f043 0301 	orr.w	r3, r3, #1
20006d4a:	b29a      	uxth	r2, r3
20006d4c:	687b      	ldr	r3, [r7, #4]
20006d4e:	819a      	strh	r2, [r3, #12]
20006d50:	bf00      	nop
20006d52:	370c      	adds	r7, #12
20006d54:	46bd      	mov	sp, r7
20006d56:	bc80      	pop	{r7}
20006d58:	4770      	bx	lr

20006d5a <USART_HalfDuplexCmd>:
20006d5a:	b480      	push	{r7}
20006d5c:	b083      	sub	sp, #12
20006d5e:	af00      	add	r7, sp, #0
20006d60:	6078      	str	r0, [r7, #4]
20006d62:	460b      	mov	r3, r1
20006d64:	70fb      	strb	r3, [r7, #3]
20006d66:	78fb      	ldrb	r3, [r7, #3]
20006d68:	2b00      	cmp	r3, #0
20006d6a:	d008      	beq.n	20006d7e <USART_HalfDuplexCmd+0x24>
20006d6c:	687b      	ldr	r3, [r7, #4]
20006d6e:	8a9b      	ldrh	r3, [r3, #20]
20006d70:	b29b      	uxth	r3, r3
20006d72:	f043 0308 	orr.w	r3, r3, #8
20006d76:	b29a      	uxth	r2, r3
20006d78:	687b      	ldr	r3, [r7, #4]
20006d7a:	829a      	strh	r2, [r3, #20]
20006d7c:	e007      	b.n	20006d8e <USART_HalfDuplexCmd+0x34>
20006d7e:	687b      	ldr	r3, [r7, #4]
20006d80:	8a9b      	ldrh	r3, [r3, #20]
20006d82:	b29b      	uxth	r3, r3
20006d84:	f023 0308 	bic.w	r3, r3, #8
20006d88:	b29a      	uxth	r2, r3
20006d8a:	687b      	ldr	r3, [r7, #4]
20006d8c:	829a      	strh	r2, [r3, #20]
20006d8e:	bf00      	nop
20006d90:	370c      	adds	r7, #12
20006d92:	46bd      	mov	sp, r7
20006d94:	bc80      	pop	{r7}
20006d96:	4770      	bx	lr

20006d98 <USART_SetGuardTime>:
20006d98:	b480      	push	{r7}
20006d9a:	b083      	sub	sp, #12
20006d9c:	af00      	add	r7, sp, #0
20006d9e:	6078      	str	r0, [r7, #4]
20006da0:	460b      	mov	r3, r1
20006da2:	70fb      	strb	r3, [r7, #3]
20006da4:	687b      	ldr	r3, [r7, #4]
20006da6:	8b1b      	ldrh	r3, [r3, #24]
20006da8:	b29b      	uxth	r3, r3
20006daa:	b2db      	uxtb	r3, r3
20006dac:	b29a      	uxth	r2, r3
20006dae:	687b      	ldr	r3, [r7, #4]
20006db0:	831a      	strh	r2, [r3, #24]
20006db2:	687b      	ldr	r3, [r7, #4]
20006db4:	8b1b      	ldrh	r3, [r3, #24]
20006db6:	b29a      	uxth	r2, r3
20006db8:	78fb      	ldrb	r3, [r7, #3]
20006dba:	b29b      	uxth	r3, r3
20006dbc:	021b      	lsls	r3, r3, #8
20006dbe:	b29b      	uxth	r3, r3
20006dc0:	4313      	orrs	r3, r2
20006dc2:	b29a      	uxth	r2, r3
20006dc4:	687b      	ldr	r3, [r7, #4]
20006dc6:	831a      	strh	r2, [r3, #24]
20006dc8:	bf00      	nop
20006dca:	370c      	adds	r7, #12
20006dcc:	46bd      	mov	sp, r7
20006dce:	bc80      	pop	{r7}
20006dd0:	4770      	bx	lr

20006dd2 <USART_SmartCardCmd>:
20006dd2:	b480      	push	{r7}
20006dd4:	b083      	sub	sp, #12
20006dd6:	af00      	add	r7, sp, #0
20006dd8:	6078      	str	r0, [r7, #4]
20006dda:	460b      	mov	r3, r1
20006ddc:	70fb      	strb	r3, [r7, #3]
20006dde:	78fb      	ldrb	r3, [r7, #3]
20006de0:	2b00      	cmp	r3, #0
20006de2:	d008      	beq.n	20006df6 <USART_SmartCardCmd+0x24>
20006de4:	687b      	ldr	r3, [r7, #4]
20006de6:	8a9b      	ldrh	r3, [r3, #20]
20006de8:	b29b      	uxth	r3, r3
20006dea:	f043 0320 	orr.w	r3, r3, #32
20006dee:	b29a      	uxth	r2, r3
20006df0:	687b      	ldr	r3, [r7, #4]
20006df2:	829a      	strh	r2, [r3, #20]
20006df4:	e007      	b.n	20006e06 <USART_SmartCardCmd+0x34>
20006df6:	687b      	ldr	r3, [r7, #4]
20006df8:	8a9b      	ldrh	r3, [r3, #20]
20006dfa:	b29b      	uxth	r3, r3
20006dfc:	f023 0320 	bic.w	r3, r3, #32
20006e00:	b29a      	uxth	r2, r3
20006e02:	687b      	ldr	r3, [r7, #4]
20006e04:	829a      	strh	r2, [r3, #20]
20006e06:	bf00      	nop
20006e08:	370c      	adds	r7, #12
20006e0a:	46bd      	mov	sp, r7
20006e0c:	bc80      	pop	{r7}
20006e0e:	4770      	bx	lr

20006e10 <USART_SmartCardNACKCmd>:
20006e10:	b480      	push	{r7}
20006e12:	b083      	sub	sp, #12
20006e14:	af00      	add	r7, sp, #0
20006e16:	6078      	str	r0, [r7, #4]
20006e18:	460b      	mov	r3, r1
20006e1a:	70fb      	strb	r3, [r7, #3]
20006e1c:	78fb      	ldrb	r3, [r7, #3]
20006e1e:	2b00      	cmp	r3, #0
20006e20:	d008      	beq.n	20006e34 <USART_SmartCardNACKCmd+0x24>
20006e22:	687b      	ldr	r3, [r7, #4]
20006e24:	8a9b      	ldrh	r3, [r3, #20]
20006e26:	b29b      	uxth	r3, r3
20006e28:	f043 0310 	orr.w	r3, r3, #16
20006e2c:	b29a      	uxth	r2, r3
20006e2e:	687b      	ldr	r3, [r7, #4]
20006e30:	829a      	strh	r2, [r3, #20]
20006e32:	e007      	b.n	20006e44 <USART_SmartCardNACKCmd+0x34>
20006e34:	687b      	ldr	r3, [r7, #4]
20006e36:	8a9b      	ldrh	r3, [r3, #20]
20006e38:	b29b      	uxth	r3, r3
20006e3a:	f023 0310 	bic.w	r3, r3, #16
20006e3e:	b29a      	uxth	r2, r3
20006e40:	687b      	ldr	r3, [r7, #4]
20006e42:	829a      	strh	r2, [r3, #20]
20006e44:	bf00      	nop
20006e46:	370c      	adds	r7, #12
20006e48:	46bd      	mov	sp, r7
20006e4a:	bc80      	pop	{r7}
20006e4c:	4770      	bx	lr

20006e4e <USART_IrDAConfig>:
20006e4e:	b480      	push	{r7}
20006e50:	b083      	sub	sp, #12
20006e52:	af00      	add	r7, sp, #0
20006e54:	6078      	str	r0, [r7, #4]
20006e56:	460b      	mov	r3, r1
20006e58:	807b      	strh	r3, [r7, #2]
20006e5a:	687b      	ldr	r3, [r7, #4]
20006e5c:	8a9b      	ldrh	r3, [r3, #20]
20006e5e:	b29b      	uxth	r3, r3
20006e60:	f023 0304 	bic.w	r3, r3, #4
20006e64:	b29a      	uxth	r2, r3
20006e66:	687b      	ldr	r3, [r7, #4]
20006e68:	829a      	strh	r2, [r3, #20]
20006e6a:	687b      	ldr	r3, [r7, #4]
20006e6c:	8a9b      	ldrh	r3, [r3, #20]
20006e6e:	b29a      	uxth	r2, r3
20006e70:	887b      	ldrh	r3, [r7, #2]
20006e72:	4313      	orrs	r3, r2
20006e74:	b29a      	uxth	r2, r3
20006e76:	687b      	ldr	r3, [r7, #4]
20006e78:	829a      	strh	r2, [r3, #20]
20006e7a:	bf00      	nop
20006e7c:	370c      	adds	r7, #12
20006e7e:	46bd      	mov	sp, r7
20006e80:	bc80      	pop	{r7}
20006e82:	4770      	bx	lr

20006e84 <USART_IrDACmd>:
20006e84:	b480      	push	{r7}
20006e86:	b083      	sub	sp, #12
20006e88:	af00      	add	r7, sp, #0
20006e8a:	6078      	str	r0, [r7, #4]
20006e8c:	460b      	mov	r3, r1
20006e8e:	70fb      	strb	r3, [r7, #3]
20006e90:	78fb      	ldrb	r3, [r7, #3]
20006e92:	2b00      	cmp	r3, #0
20006e94:	d008      	beq.n	20006ea8 <USART_IrDACmd+0x24>
20006e96:	687b      	ldr	r3, [r7, #4]
20006e98:	8a9b      	ldrh	r3, [r3, #20]
20006e9a:	b29b      	uxth	r3, r3
20006e9c:	f043 0302 	orr.w	r3, r3, #2
20006ea0:	b29a      	uxth	r2, r3
20006ea2:	687b      	ldr	r3, [r7, #4]
20006ea4:	829a      	strh	r2, [r3, #20]
20006ea6:	e007      	b.n	20006eb8 <USART_IrDACmd+0x34>
20006ea8:	687b      	ldr	r3, [r7, #4]
20006eaa:	8a9b      	ldrh	r3, [r3, #20]
20006eac:	b29b      	uxth	r3, r3
20006eae:	f023 0302 	bic.w	r3, r3, #2
20006eb2:	b29a      	uxth	r2, r3
20006eb4:	687b      	ldr	r3, [r7, #4]
20006eb6:	829a      	strh	r2, [r3, #20]
20006eb8:	bf00      	nop
20006eba:	370c      	adds	r7, #12
20006ebc:	46bd      	mov	sp, r7
20006ebe:	bc80      	pop	{r7}
20006ec0:	4770      	bx	lr

20006ec2 <USART_DMACmd>:
20006ec2:	b480      	push	{r7}
20006ec4:	b083      	sub	sp, #12
20006ec6:	af00      	add	r7, sp, #0
20006ec8:	6078      	str	r0, [r7, #4]
20006eca:	460b      	mov	r3, r1
20006ecc:	807b      	strh	r3, [r7, #2]
20006ece:	4613      	mov	r3, r2
20006ed0:	707b      	strb	r3, [r7, #1]
20006ed2:	787b      	ldrb	r3, [r7, #1]
20006ed4:	2b00      	cmp	r3, #0
20006ed6:	d008      	beq.n	20006eea <USART_DMACmd+0x28>
20006ed8:	687b      	ldr	r3, [r7, #4]
20006eda:	8a9b      	ldrh	r3, [r3, #20]
20006edc:	b29a      	uxth	r2, r3
20006ede:	887b      	ldrh	r3, [r7, #2]
20006ee0:	4313      	orrs	r3, r2
20006ee2:	b29a      	uxth	r2, r3
20006ee4:	687b      	ldr	r3, [r7, #4]
20006ee6:	829a      	strh	r2, [r3, #20]
20006ee8:	e009      	b.n	20006efe <USART_DMACmd+0x3c>
20006eea:	687b      	ldr	r3, [r7, #4]
20006eec:	8a9b      	ldrh	r3, [r3, #20]
20006eee:	b29a      	uxth	r2, r3
20006ef0:	887b      	ldrh	r3, [r7, #2]
20006ef2:	43db      	mvns	r3, r3
20006ef4:	b29b      	uxth	r3, r3
20006ef6:	4013      	ands	r3, r2
20006ef8:	b29a      	uxth	r2, r3
20006efa:	687b      	ldr	r3, [r7, #4]
20006efc:	829a      	strh	r2, [r3, #20]
20006efe:	bf00      	nop
20006f00:	370c      	adds	r7, #12
20006f02:	46bd      	mov	sp, r7
20006f04:	bc80      	pop	{r7}
20006f06:	4770      	bx	lr

20006f08 <USART_ITConfig>:
20006f08:	b480      	push	{r7}
20006f0a:	b087      	sub	sp, #28
20006f0c:	af00      	add	r7, sp, #0
20006f0e:	6078      	str	r0, [r7, #4]
20006f10:	460b      	mov	r3, r1
20006f12:	807b      	strh	r3, [r7, #2]
20006f14:	4613      	mov	r3, r2
20006f16:	707b      	strb	r3, [r7, #1]
20006f18:	2300      	movs	r3, #0
20006f1a:	613b      	str	r3, [r7, #16]
20006f1c:	2300      	movs	r3, #0
20006f1e:	60fb      	str	r3, [r7, #12]
20006f20:	2300      	movs	r3, #0
20006f22:	60bb      	str	r3, [r7, #8]
20006f24:	2300      	movs	r3, #0
20006f26:	617b      	str	r3, [r7, #20]
20006f28:	687b      	ldr	r3, [r7, #4]
20006f2a:	617b      	str	r3, [r7, #20]
20006f2c:	887b      	ldrh	r3, [r7, #2]
20006f2e:	b2db      	uxtb	r3, r3
20006f30:	095b      	lsrs	r3, r3, #5
20006f32:	b2db      	uxtb	r3, r3
20006f34:	613b      	str	r3, [r7, #16]
20006f36:	887b      	ldrh	r3, [r7, #2]
20006f38:	f003 031f 	and.w	r3, r3, #31
20006f3c:	60fb      	str	r3, [r7, #12]
20006f3e:	2201      	movs	r2, #1
20006f40:	68fb      	ldr	r3, [r7, #12]
20006f42:	fa02 f303 	lsl.w	r3, r2, r3
20006f46:	60bb      	str	r3, [r7, #8]
20006f48:	693b      	ldr	r3, [r7, #16]
20006f4a:	2b01      	cmp	r3, #1
20006f4c:	d103      	bne.n	20006f56 <USART_ITConfig+0x4e>
20006f4e:	697b      	ldr	r3, [r7, #20]
20006f50:	330c      	adds	r3, #12
20006f52:	617b      	str	r3, [r7, #20]
20006f54:	e009      	b.n	20006f6a <USART_ITConfig+0x62>
20006f56:	693b      	ldr	r3, [r7, #16]
20006f58:	2b02      	cmp	r3, #2
20006f5a:	d103      	bne.n	20006f64 <USART_ITConfig+0x5c>
20006f5c:	697b      	ldr	r3, [r7, #20]
20006f5e:	3310      	adds	r3, #16
20006f60:	617b      	str	r3, [r7, #20]
20006f62:	e002      	b.n	20006f6a <USART_ITConfig+0x62>
20006f64:	697b      	ldr	r3, [r7, #20]
20006f66:	3314      	adds	r3, #20
20006f68:	617b      	str	r3, [r7, #20]
20006f6a:	787b      	ldrb	r3, [r7, #1]
20006f6c:	2b00      	cmp	r3, #0
20006f6e:	d006      	beq.n	20006f7e <USART_ITConfig+0x76>
20006f70:	697b      	ldr	r3, [r7, #20]
20006f72:	6819      	ldr	r1, [r3, #0]
20006f74:	697b      	ldr	r3, [r7, #20]
20006f76:	68ba      	ldr	r2, [r7, #8]
20006f78:	430a      	orrs	r2, r1
20006f7a:	601a      	str	r2, [r3, #0]
20006f7c:	e006      	b.n	20006f8c <USART_ITConfig+0x84>
20006f7e:	697b      	ldr	r3, [r7, #20]
20006f80:	6819      	ldr	r1, [r3, #0]
20006f82:	68bb      	ldr	r3, [r7, #8]
20006f84:	43da      	mvns	r2, r3
20006f86:	697b      	ldr	r3, [r7, #20]
20006f88:	400a      	ands	r2, r1
20006f8a:	601a      	str	r2, [r3, #0]
20006f8c:	bf00      	nop
20006f8e:	371c      	adds	r7, #28
20006f90:	46bd      	mov	sp, r7
20006f92:	bc80      	pop	{r7}
20006f94:	4770      	bx	lr

20006f96 <USART_GetFlagStatus>:
20006f96:	b480      	push	{r7}
20006f98:	b085      	sub	sp, #20
20006f9a:	af00      	add	r7, sp, #0
20006f9c:	6078      	str	r0, [r7, #4]
20006f9e:	460b      	mov	r3, r1
20006fa0:	807b      	strh	r3, [r7, #2]
20006fa2:	2300      	movs	r3, #0
20006fa4:	73fb      	strb	r3, [r7, #15]
20006fa6:	687b      	ldr	r3, [r7, #4]
20006fa8:	881b      	ldrh	r3, [r3, #0]
20006faa:	b29a      	uxth	r2, r3
20006fac:	887b      	ldrh	r3, [r7, #2]
20006fae:	4013      	ands	r3, r2
20006fb0:	b29b      	uxth	r3, r3
20006fb2:	2b00      	cmp	r3, #0
20006fb4:	d002      	beq.n	20006fbc <USART_GetFlagStatus+0x26>
20006fb6:	2301      	movs	r3, #1
20006fb8:	73fb      	strb	r3, [r7, #15]
20006fba:	e001      	b.n	20006fc0 <USART_GetFlagStatus+0x2a>
20006fbc:	2300      	movs	r3, #0
20006fbe:	73fb      	strb	r3, [r7, #15]
20006fc0:	7bfb      	ldrb	r3, [r7, #15]
20006fc2:	4618      	mov	r0, r3
20006fc4:	3714      	adds	r7, #20
20006fc6:	46bd      	mov	sp, r7
20006fc8:	bc80      	pop	{r7}
20006fca:	4770      	bx	lr

20006fcc <USART_ClearFlag>:
20006fcc:	b480      	push	{r7}
20006fce:	b083      	sub	sp, #12
20006fd0:	af00      	add	r7, sp, #0
20006fd2:	6078      	str	r0, [r7, #4]
20006fd4:	460b      	mov	r3, r1
20006fd6:	807b      	strh	r3, [r7, #2]
20006fd8:	887b      	ldrh	r3, [r7, #2]
20006fda:	43db      	mvns	r3, r3
20006fdc:	b29a      	uxth	r2, r3
20006fde:	687b      	ldr	r3, [r7, #4]
20006fe0:	801a      	strh	r2, [r3, #0]
20006fe2:	bf00      	nop
20006fe4:	370c      	adds	r7, #12
20006fe6:	46bd      	mov	sp, r7
20006fe8:	bc80      	pop	{r7}
20006fea:	4770      	bx	lr

20006fec <USART_GetITStatus>:
20006fec:	b480      	push	{r7}
20006fee:	b087      	sub	sp, #28
20006ff0:	af00      	add	r7, sp, #0
20006ff2:	6078      	str	r0, [r7, #4]
20006ff4:	460b      	mov	r3, r1
20006ff6:	807b      	strh	r3, [r7, #2]
20006ff8:	2300      	movs	r3, #0
20006ffa:	60fb      	str	r3, [r7, #12]
20006ffc:	2300      	movs	r3, #0
20006ffe:	617b      	str	r3, [r7, #20]
20007000:	2300      	movs	r3, #0
20007002:	60bb      	str	r3, [r7, #8]
20007004:	2300      	movs	r3, #0
20007006:	74fb      	strb	r3, [r7, #19]
20007008:	887b      	ldrh	r3, [r7, #2]
2000700a:	b2db      	uxtb	r3, r3
2000700c:	095b      	lsrs	r3, r3, #5
2000700e:	b2db      	uxtb	r3, r3
20007010:	60bb      	str	r3, [r7, #8]
20007012:	887b      	ldrh	r3, [r7, #2]
20007014:	f003 031f 	and.w	r3, r3, #31
20007018:	617b      	str	r3, [r7, #20]
2000701a:	2201      	movs	r2, #1
2000701c:	697b      	ldr	r3, [r7, #20]
2000701e:	fa02 f303 	lsl.w	r3, r2, r3
20007022:	617b      	str	r3, [r7, #20]
20007024:	68bb      	ldr	r3, [r7, #8]
20007026:	2b01      	cmp	r3, #1
20007028:	d107      	bne.n	2000703a <USART_GetITStatus+0x4e>
2000702a:	687b      	ldr	r3, [r7, #4]
2000702c:	899b      	ldrh	r3, [r3, #12]
2000702e:	b29b      	uxth	r3, r3
20007030:	461a      	mov	r2, r3
20007032:	697b      	ldr	r3, [r7, #20]
20007034:	4013      	ands	r3, r2
20007036:	617b      	str	r3, [r7, #20]
20007038:	e011      	b.n	2000705e <USART_GetITStatus+0x72>
2000703a:	68bb      	ldr	r3, [r7, #8]
2000703c:	2b02      	cmp	r3, #2
2000703e:	d107      	bne.n	20007050 <USART_GetITStatus+0x64>
20007040:	687b      	ldr	r3, [r7, #4]
20007042:	8a1b      	ldrh	r3, [r3, #16]
20007044:	b29b      	uxth	r3, r3
20007046:	461a      	mov	r2, r3
20007048:	697b      	ldr	r3, [r7, #20]
2000704a:	4013      	ands	r3, r2
2000704c:	617b      	str	r3, [r7, #20]
2000704e:	e006      	b.n	2000705e <USART_GetITStatus+0x72>
20007050:	687b      	ldr	r3, [r7, #4]
20007052:	8a9b      	ldrh	r3, [r3, #20]
20007054:	b29b      	uxth	r3, r3
20007056:	461a      	mov	r2, r3
20007058:	697b      	ldr	r3, [r7, #20]
2000705a:	4013      	ands	r3, r2
2000705c:	617b      	str	r3, [r7, #20]
2000705e:	887b      	ldrh	r3, [r7, #2]
20007060:	0a1b      	lsrs	r3, r3, #8
20007062:	b29b      	uxth	r3, r3
20007064:	60fb      	str	r3, [r7, #12]
20007066:	2201      	movs	r2, #1
20007068:	68fb      	ldr	r3, [r7, #12]
2000706a:	fa02 f303 	lsl.w	r3, r2, r3
2000706e:	60fb      	str	r3, [r7, #12]
20007070:	687b      	ldr	r3, [r7, #4]
20007072:	881b      	ldrh	r3, [r3, #0]
20007074:	b29b      	uxth	r3, r3
20007076:	461a      	mov	r2, r3
20007078:	68fb      	ldr	r3, [r7, #12]
2000707a:	4013      	ands	r3, r2
2000707c:	60fb      	str	r3, [r7, #12]
2000707e:	697b      	ldr	r3, [r7, #20]
20007080:	2b00      	cmp	r3, #0
20007082:	d005      	beq.n	20007090 <USART_GetITStatus+0xa4>
20007084:	68fb      	ldr	r3, [r7, #12]
20007086:	2b00      	cmp	r3, #0
20007088:	d002      	beq.n	20007090 <USART_GetITStatus+0xa4>
2000708a:	2301      	movs	r3, #1
2000708c:	74fb      	strb	r3, [r7, #19]
2000708e:	e001      	b.n	20007094 <USART_GetITStatus+0xa8>
20007090:	2300      	movs	r3, #0
20007092:	74fb      	strb	r3, [r7, #19]
20007094:	7cfb      	ldrb	r3, [r7, #19]
20007096:	4618      	mov	r0, r3
20007098:	371c      	adds	r7, #28
2000709a:	46bd      	mov	sp, r7
2000709c:	bc80      	pop	{r7}
2000709e:	4770      	bx	lr

200070a0 <USART_ClearITPendingBit>:
200070a0:	b480      	push	{r7}
200070a2:	b085      	sub	sp, #20
200070a4:	af00      	add	r7, sp, #0
200070a6:	6078      	str	r0, [r7, #4]
200070a8:	460b      	mov	r3, r1
200070aa:	807b      	strh	r3, [r7, #2]
200070ac:	2300      	movs	r3, #0
200070ae:	81fb      	strh	r3, [r7, #14]
200070b0:	2300      	movs	r3, #0
200070b2:	81bb      	strh	r3, [r7, #12]
200070b4:	887b      	ldrh	r3, [r7, #2]
200070b6:	0a1b      	lsrs	r3, r3, #8
200070b8:	81fb      	strh	r3, [r7, #14]
200070ba:	89fb      	ldrh	r3, [r7, #14]
200070bc:	2201      	movs	r2, #1
200070be:	fa02 f303 	lsl.w	r3, r2, r3
200070c2:	81bb      	strh	r3, [r7, #12]
200070c4:	89bb      	ldrh	r3, [r7, #12]
200070c6:	43db      	mvns	r3, r3
200070c8:	b29a      	uxth	r2, r3
200070ca:	687b      	ldr	r3, [r7, #4]
200070cc:	801a      	strh	r2, [r3, #0]
200070ce:	bf00      	nop
200070d0:	3714      	adds	r7, #20
200070d2:	46bd      	mov	sp, r7
200070d4:	bc80      	pop	{r7}
200070d6:	4770      	bx	lr
	...

200070e0 <memchr>:
200070e0:	f001 01ff 	and.w	r1, r1, #255	@ 0xff
200070e4:	2a10      	cmp	r2, #16
200070e6:	db2b      	blt.n	20007140 <memchr+0x60>
200070e8:	f010 0f07 	tst.w	r0, #7
200070ec:	d008      	beq.n	20007100 <memchr+0x20>
200070ee:	f810 3b01 	ldrb.w	r3, [r0], #1
200070f2:	3a01      	subs	r2, #1
200070f4:	428b      	cmp	r3, r1
200070f6:	d02d      	beq.n	20007154 <memchr+0x74>
200070f8:	f010 0f07 	tst.w	r0, #7
200070fc:	b342      	cbz	r2, 20007150 <memchr+0x70>
200070fe:	d1f6      	bne.n	200070ee <memchr+0xe>
20007100:	b4f0      	push	{r4, r5, r6, r7}
20007102:	ea41 2101 	orr.w	r1, r1, r1, lsl #8
20007106:	ea41 4101 	orr.w	r1, r1, r1, lsl #16
2000710a:	f022 0407 	bic.w	r4, r2, #7
2000710e:	f07f 0700 	mvns.w	r7, #0
20007112:	2300      	movs	r3, #0
20007114:	e8f0 5602 	ldrd	r5, r6, [r0], #8
20007118:	3c08      	subs	r4, #8
2000711a:	ea85 0501 	eor.w	r5, r5, r1
2000711e:	ea86 0601 	eor.w	r6, r6, r1
20007122:	fa85 f547 	uadd8	r5, r5, r7
20007126:	faa3 f587 	sel	r5, r3, r7
2000712a:	fa86 f647 	uadd8	r6, r6, r7
2000712e:	faa5 f687 	sel	r6, r5, r7
20007132:	b98e      	cbnz	r6, 20007158 <memchr+0x78>
20007134:	d1ee      	bne.n	20007114 <memchr+0x34>
20007136:	bcf0      	pop	{r4, r5, r6, r7}
20007138:	f001 01ff 	and.w	r1, r1, #255	@ 0xff
2000713c:	f002 0207 	and.w	r2, r2, #7
20007140:	b132      	cbz	r2, 20007150 <memchr+0x70>
20007142:	f810 3b01 	ldrb.w	r3, [r0], #1
20007146:	3a01      	subs	r2, #1
20007148:	ea83 0301 	eor.w	r3, r3, r1
2000714c:	b113      	cbz	r3, 20007154 <memchr+0x74>
2000714e:	d1f8      	bne.n	20007142 <memchr+0x62>
20007150:	2000      	movs	r0, #0
20007152:	4770      	bx	lr
20007154:	3801      	subs	r0, #1
20007156:	4770      	bx	lr
20007158:	2d00      	cmp	r5, #0
2000715a:	bf06      	itte	eq
2000715c:	4635      	moveq	r5, r6
2000715e:	3803      	subeq	r0, #3
20007160:	3807      	subne	r0, #7
20007162:	f015 0f01 	tst.w	r5, #1
20007166:	d107      	bne.n	20007178 <memchr+0x98>
20007168:	3001      	adds	r0, #1
2000716a:	f415 7f80 	tst.w	r5, #256	@ 0x100
2000716e:	bf02      	ittt	eq
20007170:	3001      	addeq	r0, #1
20007172:	f415 3fc0 	tsteq.w	r5, #98304	@ 0x18000
20007176:	3001      	addeq	r0, #1
20007178:	bcf0      	pop	{r4, r5, r6, r7}
2000717a:	3801      	subs	r0, #1
2000717c:	4770      	bx	lr
2000717e:	bf00      	nop

20007180 <atoi>:
20007180:	220a      	movs	r2, #10
20007182:	2100      	movs	r1, #0
20007184:	f000 b8c6 	b.w	20007314 <strtol>

20007188 <_atoi_r>:
20007188:	230a      	movs	r3, #10
2000718a:	2200      	movs	r2, #0
2000718c:	f000 b8b6 	b.w	200072fc <_strtol_r>

20007190 <_vsniprintf_r>:
20007190:	b530      	push	{r4, r5, lr}
20007192:	4614      	mov	r4, r2
20007194:	2c00      	cmp	r4, #0
20007196:	b09b      	sub	sp, #108	@ 0x6c
20007198:	4605      	mov	r5, r0
2000719a:	461a      	mov	r2, r3
2000719c:	da05      	bge.n	200071aa <_vsniprintf_r+0x1a>
2000719e:	238b      	movs	r3, #139	@ 0x8b
200071a0:	6003      	str	r3, [r0, #0]
200071a2:	f04f 30ff 	mov.w	r0, #4294967295	@ 0xffffffff
200071a6:	b01b      	add	sp, #108	@ 0x6c
200071a8:	bd30      	pop	{r4, r5, pc}
200071aa:	f44f 7302 	mov.w	r3, #520	@ 0x208
200071ae:	f8ad 300c 	strh.w	r3, [sp, #12]
200071b2:	f04f 0300 	mov.w	r3, #0
200071b6:	9319      	str	r3, [sp, #100]	@ 0x64
200071b8:	bf14      	ite	ne
200071ba:	f104 33ff 	addne.w	r3, r4, #4294967295	@ 0xffffffff
200071be:	4623      	moveq	r3, r4
200071c0:	9302      	str	r3, [sp, #8]
200071c2:	9305      	str	r3, [sp, #20]
200071c4:	f64f 73ff 	movw	r3, #65535	@ 0xffff
200071c8:	9100      	str	r1, [sp, #0]
200071ca:	9104      	str	r1, [sp, #16]
200071cc:	f8ad 300e 	strh.w	r3, [sp, #14]
200071d0:	4669      	mov	r1, sp
200071d2:	9b1e      	ldr	r3, [sp, #120]	@ 0x78
200071d4:	f000 f988 	bl	200074e8 <_svfiprintf_r>
200071d8:	1c43      	adds	r3, r0, #1
200071da:	bfbc      	itt	lt
200071dc:	238b      	movlt	r3, #139	@ 0x8b
200071de:	602b      	strlt	r3, [r5, #0]
200071e0:	2c00      	cmp	r4, #0
200071e2:	d0e0      	beq.n	200071a6 <_vsniprintf_r+0x16>
200071e4:	9b00      	ldr	r3, [sp, #0]
200071e6:	2200      	movs	r2, #0
200071e8:	701a      	strb	r2, [r3, #0]
200071ea:	e7dc      	b.n	200071a6 <_vsniprintf_r+0x16>

200071ec <vsniprintf>:
200071ec:	b507      	push	{r0, r1, r2, lr}
200071ee:	9300      	str	r3, [sp, #0]
200071f0:	4613      	mov	r3, r2
200071f2:	460a      	mov	r2, r1
200071f4:	4601      	mov	r1, r0
200071f6:	4803      	ldr	r0, [pc, #12]	@ (20007204 <vsniprintf+0x18>)
200071f8:	6800      	ldr	r0, [r0, #0]
200071fa:	f7ff ffc9 	bl	20007190 <_vsniprintf_r>
200071fe:	b003      	add	sp, #12
20007200:	f85d fb04 	ldr.w	pc, [sp], #4
20007204:	20009674 	.word	0x20009674

20007208 <_strtol_l.isra.0>:
20007208:	2b24      	cmp	r3, #36	@ 0x24
2000720a:	e92d 47f0 	stmdb	sp!, {r4, r5, r6, r7, r8, r9, sl, lr}
2000720e:	4686      	mov	lr, r0
20007210:	4690      	mov	r8, r2
20007212:	d801      	bhi.n	20007218 <_strtol_l.isra.0+0x10>
20007214:	2b01      	cmp	r3, #1
20007216:	d106      	bne.n	20007226 <_strtol_l.isra.0+0x1e>
20007218:	f000 f886 	bl	20007328 <__errno>
2000721c:	2316      	movs	r3, #22
2000721e:	6003      	str	r3, [r0, #0]
20007220:	2000      	movs	r0, #0
20007222:	e8bd 87f0 	ldmia.w	sp!, {r4, r5, r6, r7, r8, r9, sl, pc}
20007226:	4834      	ldr	r0, [pc, #208]	@ (200072f8 <_strtol_l.isra.0+0xf0>)
20007228:	460d      	mov	r5, r1
2000722a:	462a      	mov	r2, r5
2000722c:	f815 4b01 	ldrb.w	r4, [r5], #1
20007230:	5d06      	ldrb	r6, [r0, r4]
20007232:	f016 0608 	ands.w	r6, r6, #8
20007236:	d1f8      	bne.n	2000722a <_strtol_l.isra.0+0x22>
20007238:	2c2d      	cmp	r4, #45	@ 0x2d
2000723a:	d110      	bne.n	2000725e <_strtol_l.isra.0+0x56>
2000723c:	782c      	ldrb	r4, [r5, #0]
2000723e:	2601      	movs	r6, #1
20007240:	1c95      	adds	r5, r2, #2
20007242:	f033 0210 	bics.w	r2, r3, #16
20007246:	d115      	bne.n	20007274 <_strtol_l.isra.0+0x6c>
20007248:	2c30      	cmp	r4, #48	@ 0x30
2000724a:	d10d      	bne.n	20007268 <_strtol_l.isra.0+0x60>
2000724c:	782a      	ldrb	r2, [r5, #0]
2000724e:	f002 02df 	and.w	r2, r2, #223	@ 0xdf
20007252:	2a58      	cmp	r2, #88	@ 0x58
20007254:	d108      	bne.n	20007268 <_strtol_l.isra.0+0x60>
20007256:	786c      	ldrb	r4, [r5, #1]
20007258:	3502      	adds	r5, #2
2000725a:	2310      	movs	r3, #16
2000725c:	e00a      	b.n	20007274 <_strtol_l.isra.0+0x6c>
2000725e:	2c2b      	cmp	r4, #43	@ 0x2b
20007260:	bf04      	itt	eq
20007262:	782c      	ldrbeq	r4, [r5, #0]
20007264:	1c95      	addeq	r5, r2, #2
20007266:	e7ec      	b.n	20007242 <_strtol_l.isra.0+0x3a>
20007268:	2b00      	cmp	r3, #0
2000726a:	d1f6      	bne.n	2000725a <_strtol_l.isra.0+0x52>
2000726c:	2c30      	cmp	r4, #48	@ 0x30
2000726e:	bf14      	ite	ne
20007270:	230a      	movne	r3, #10
20007272:	2308      	moveq	r3, #8
20007274:	f106 4c00 	add.w	ip, r6, #2147483648	@ 0x80000000
20007278:	f10c 3cff 	add.w	ip, ip, #4294967295	@ 0xffffffff
2000727c:	2200      	movs	r2, #0
2000727e:	fbbc f9f3 	udiv	r9, ip, r3
20007282:	4610      	mov	r0, r2
20007284:	fb03 ca19 	mls	sl, r3, r9, ip
20007288:	f1a4 0730 	sub.w	r7, r4, #48	@ 0x30
2000728c:	2f09      	cmp	r7, #9
2000728e:	d80f      	bhi.n	200072b0 <_strtol_l.isra.0+0xa8>
20007290:	463c      	mov	r4, r7
20007292:	42a3      	cmp	r3, r4
20007294:	dd1b      	ble.n	200072ce <_strtol_l.isra.0+0xc6>
20007296:	1c57      	adds	r7, r2, #1
20007298:	d007      	beq.n	200072aa <_strtol_l.isra.0+0xa2>
2000729a:	4581      	cmp	r9, r0
2000729c:	d314      	bcc.n	200072c8 <_strtol_l.isra.0+0xc0>
2000729e:	d101      	bne.n	200072a4 <_strtol_l.isra.0+0x9c>
200072a0:	45a2      	cmp	sl, r4
200072a2:	db11      	blt.n	200072c8 <_strtol_l.isra.0+0xc0>
200072a4:	fb00 4003 	mla	r0, r0, r3, r4
200072a8:	2201      	movs	r2, #1
200072aa:	f815 4b01 	ldrb.w	r4, [r5], #1
200072ae:	e7eb      	b.n	20007288 <_strtol_l.isra.0+0x80>
200072b0:	f1a4 0741 	sub.w	r7, r4, #65	@ 0x41
200072b4:	2f19      	cmp	r7, #25
200072b6:	d801      	bhi.n	200072bc <_strtol_l.isra.0+0xb4>
200072b8:	3c37      	subs	r4, #55	@ 0x37
200072ba:	e7ea      	b.n	20007292 <_strtol_l.isra.0+0x8a>
200072bc:	f1a4 0761 	sub.w	r7, r4, #97	@ 0x61
200072c0:	2f19      	cmp	r7, #25
200072c2:	d804      	bhi.n	200072ce <_strtol_l.isra.0+0xc6>
200072c4:	3c57      	subs	r4, #87	@ 0x57
200072c6:	e7e4      	b.n	20007292 <_strtol_l.isra.0+0x8a>
200072c8:	f04f 32ff 	mov.w	r2, #4294967295	@ 0xffffffff
200072cc:	e7ed      	b.n	200072aa <_strtol_l.isra.0+0xa2>
200072ce:	1c53      	adds	r3, r2, #1
200072d0:	d108      	bne.n	200072e4 <_strtol_l.isra.0+0xdc>
200072d2:	2322      	movs	r3, #34	@ 0x22
200072d4:	f8ce 3000 	str.w	r3, [lr]
200072d8:	4660      	mov	r0, ip
200072da:	f1b8 0f00 	cmp.w	r8, #0
200072de:	d0a0      	beq.n	20007222 <_strtol_l.isra.0+0x1a>
200072e0:	1e69      	subs	r1, r5, #1
200072e2:	e006      	b.n	200072f2 <_strtol_l.isra.0+0xea>
200072e4:	b106      	cbz	r6, 200072e8 <_strtol_l.isra.0+0xe0>
200072e6:	4240      	negs	r0, r0
200072e8:	f1b8 0f00 	cmp.w	r8, #0
200072ec:	d099      	beq.n	20007222 <_strtol_l.isra.0+0x1a>
200072ee:	2a00      	cmp	r2, #0
200072f0:	d1f6      	bne.n	200072e0 <_strtol_l.isra.0+0xd8>
200072f2:	f8c8 1000 	str.w	r1, [r8]
200072f6:	e794      	b.n	20007222 <_strtol_l.isra.0+0x1a>
200072f8:	20007ffd 	.word	0x20007ffd

200072fc <_strtol_r>:
200072fc:	f7ff bf84 	b.w	20007208 <_strtol_l.isra.0>

20007300 <strtol_l>:
20007300:	4613      	mov	r3, r2
20007302:	460a      	mov	r2, r1
20007304:	4601      	mov	r1, r0
20007306:	4802      	ldr	r0, [pc, #8]	@ (20007310 <strtol_l+0x10>)
20007308:	6800      	ldr	r0, [r0, #0]
2000730a:	f7ff bf7d 	b.w	20007208 <_strtol_l.isra.0>
2000730e:	bf00      	nop
20007310:	20009674 	.word	0x20009674

20007314 <strtol>:
20007314:	4613      	mov	r3, r2
20007316:	460a      	mov	r2, r1
20007318:	4601      	mov	r1, r0
2000731a:	4802      	ldr	r0, [pc, #8]	@ (20007324 <strtol+0x10>)
2000731c:	6800      	ldr	r0, [r0, #0]
2000731e:	f7ff bf73 	b.w	20007208 <_strtol_l.isra.0>
20007322:	bf00      	nop
20007324:	20009674 	.word	0x20009674

20007328 <__errno>:
20007328:	4b01      	ldr	r3, [pc, #4]	@ (20007330 <__errno+0x8>)
2000732a:	6818      	ldr	r0, [r3, #0]
2000732c:	4770      	bx	lr
2000732e:	bf00      	nop
20007330:	20009674 	.word	0x20009674

20007334 <__ssputs_r>:
20007334:	e92d 47f0 	stmdb	sp!, {r4, r5, r6, r7, r8, r9, sl, lr}
20007338:	688e      	ldr	r6, [r1, #8]
2000733a:	461f      	mov	r7, r3
2000733c:	42be      	cmp	r6, r7
2000733e:	4682      	mov	sl, r0
20007340:	460c      	mov	r4, r1
20007342:	4690      	mov	r8, r2
20007344:	4633      	mov	r3, r6
20007346:	d853      	bhi.n	200073f0 <__ssputs_r+0xbc>
20007348:	f9b1 000c 	ldrsh.w	r0, [r1, #12]
2000734c:	f410 6f90 	tst.w	r0, #1152	@ 0x480
20007350:	d02b      	beq.n	200073aa <__ssputs_r+0x76>
20007352:	6965      	ldr	r5, [r4, #20]
20007354:	6823      	ldr	r3, [r4, #0]
20007356:	6909      	ldr	r1, [r1, #16]
20007358:	eb05 0545 	add.w	r5, r5, r5, lsl #1
2000735c:	eba3 0901 	sub.w	r9, r3, r1
20007360:	eb05 75d5 	add.w	r5, r5, r5, lsr #31
20007364:	1c7b      	adds	r3, r7, #1
20007366:	106d      	asrs	r5, r5, #1
20007368:	444b      	add	r3, r9
2000736a:	42ab      	cmp	r3, r5
2000736c:	462a      	mov	r2, r5
2000736e:	bf84      	itt	hi
20007370:	461d      	movhi	r5, r3
20007372:	462a      	movhi	r2, r5
20007374:	0543      	lsls	r3, r0, #21
20007376:	d527      	bpl.n	200073c8 <__ssputs_r+0x94>
20007378:	4611      	mov	r1, r2
2000737a:	4650      	mov	r0, sl
2000737c:	f000 f9d2 	bl	20007724 <_malloc_r>
20007380:	4606      	mov	r6, r0
20007382:	b358      	cbz	r0, 200073dc <__ssputs_r+0xa8>
20007384:	6921      	ldr	r1, [r4, #16]
20007386:	464a      	mov	r2, r9
20007388:	f000 fca8 	bl	20007cdc <memcpy>
2000738c:	89a3      	ldrh	r3, [r4, #12]
2000738e:	f423 6390 	bic.w	r3, r3, #1152	@ 0x480
20007392:	f043 0380 	orr.w	r3, r3, #128	@ 0x80
20007396:	81a3      	strh	r3, [r4, #12]
20007398:	6126      	str	r6, [r4, #16]
2000739a:	6165      	str	r5, [r4, #20]
2000739c:	444e      	add	r6, r9
2000739e:	eba5 0509 	sub.w	r5, r5, r9
200073a2:	6026      	str	r6, [r4, #0]
200073a4:	60a5      	str	r5, [r4, #8]
200073a6:	463e      	mov	r6, r7
200073a8:	463b      	mov	r3, r7
200073aa:	461f      	mov	r7, r3
200073ac:	6820      	ldr	r0, [r4, #0]
200073ae:	463a      	mov	r2, r7
200073b0:	4641      	mov	r1, r8
200073b2:	f000 fbff 	bl	20007bb4 <memmove>
200073b6:	68a3      	ldr	r3, [r4, #8]
200073b8:	1b9b      	subs	r3, r3, r6
200073ba:	60a3      	str	r3, [r4, #8]
200073bc:	6823      	ldr	r3, [r4, #0]
200073be:	443b      	add	r3, r7
200073c0:	6023      	str	r3, [r4, #0]
200073c2:	2000      	movs	r0, #0
200073c4:	e8bd 87f0 	ldmia.w	sp!, {r4, r5, r6, r7, r8, r9, sl, pc}
200073c8:	4650      	mov	r0, sl
200073ca:	f000 fbc5 	bl	20007b58 <_realloc_r>
200073ce:	4606      	mov	r6, r0
200073d0:	2800      	cmp	r0, #0
200073d2:	d1e1      	bne.n	20007398 <__ssputs_r+0x64>
200073d4:	6921      	ldr	r1, [r4, #16]
200073d6:	4650      	mov	r0, sl
200073d8:	f000 fc8e 	bl	20007cf8 <_free_r>
200073dc:	230c      	movs	r3, #12
200073de:	f8ca 3000 	str.w	r3, [sl]
200073e2:	89a3      	ldrh	r3, [r4, #12]
200073e4:	f043 0340 	orr.w	r3, r3, #64	@ 0x40
200073e8:	81a3      	strh	r3, [r4, #12]
200073ea:	f04f 30ff 	mov.w	r0, #4294967295	@ 0xffffffff
200073ee:	e7e9      	b.n	200073c4 <__ssputs_r+0x90>
200073f0:	463e      	mov	r6, r7
200073f2:	e7db      	b.n	200073ac <__ssputs_r+0x78>

200073f4 <__ssprint_r>:
200073f4:	6893      	ldr	r3, [r2, #8]
200073f6:	e92d 4ff7 	stmdb	sp!, {r0, r1, r2, r4, r5, r6, r7, r8, r9, sl, fp, lr}
200073fa:	4680      	mov	r8, r0
200073fc:	460c      	mov	r4, r1
200073fe:	4617      	mov	r7, r2
20007400:	2b00      	cmp	r3, #0
20007402:	d053      	beq.n	200074ac <__ssprint_r+0xb8>
20007404:	f8d2 a000 	ldr.w	sl, [r2]
20007408:	f8da b004 	ldr.w	fp, [sl, #4]
2000740c:	f8da 3000 	ldr.w	r3, [sl]
20007410:	9301      	str	r3, [sp, #4]
20007412:	f10a 0a08 	add.w	sl, sl, #8
20007416:	f1bb 0f00 	cmp.w	fp, #0
2000741a:	d0f5      	beq.n	20007408 <__ssprint_r+0x14>
2000741c:	68a6      	ldr	r6, [r4, #8]
2000741e:	45b3      	cmp	fp, r6
20007420:	4635      	mov	r5, r6
20007422:	d35f      	bcc.n	200074e4 <__ssprint_r+0xf0>
20007424:	f9b4 000c 	ldrsh.w	r0, [r4, #12]
20007428:	f410 6f90 	tst.w	r0, #1152	@ 0x480
2000742c:	d02d      	beq.n	2000748a <__ssprint_r+0x96>
2000742e:	6822      	ldr	r2, [r4, #0]
20007430:	6921      	ldr	r1, [r4, #16]
20007432:	6965      	ldr	r5, [r4, #20]
20007434:	eba2 0901 	sub.w	r9, r2, r1
20007438:	eb05 0545 	add.w	r5, r5, r5, lsl #1
2000743c:	eb05 75d5 	add.w	r5, r5, r5, lsr #31
20007440:	f109 0601 	add.w	r6, r9, #1
20007444:	106d      	asrs	r5, r5, #1
20007446:	445e      	add	r6, fp
20007448:	42ae      	cmp	r6, r5
2000744a:	462a      	mov	r2, r5
2000744c:	bf84      	itt	hi
2000744e:	4635      	movhi	r5, r6
20007450:	462a      	movhi	r2, r5
20007452:	0543      	lsls	r3, r0, #21
20007454:	d530      	bpl.n	200074b8 <__ssprint_r+0xc4>
20007456:	4611      	mov	r1, r2
20007458:	4640      	mov	r0, r8
2000745a:	f000 f963 	bl	20007724 <_malloc_r>
2000745e:	4606      	mov	r6, r0
20007460:	2800      	cmp	r0, #0
20007462:	d033      	beq.n	200074cc <__ssprint_r+0xd8>
20007464:	464a      	mov	r2, r9
20007466:	6921      	ldr	r1, [r4, #16]
20007468:	f000 fc38 	bl	20007cdc <memcpy>
2000746c:	89a2      	ldrh	r2, [r4, #12]
2000746e:	f422 6290 	bic.w	r2, r2, #1152	@ 0x480
20007472:	f042 0280 	orr.w	r2, r2, #128	@ 0x80
20007476:	81a2      	strh	r2, [r4, #12]
20007478:	6126      	str	r6, [r4, #16]
2000747a:	6165      	str	r5, [r4, #20]
2000747c:	444e      	add	r6, r9
2000747e:	eba5 0509 	sub.w	r5, r5, r9
20007482:	6026      	str	r6, [r4, #0]
20007484:	60a5      	str	r5, [r4, #8]
20007486:	465e      	mov	r6, fp
20007488:	465d      	mov	r5, fp
2000748a:	462a      	mov	r2, r5
2000748c:	9901      	ldr	r1, [sp, #4]
2000748e:	6820      	ldr	r0, [r4, #0]
20007490:	f000 fb90 	bl	20007bb4 <memmove>
20007494:	68a2      	ldr	r2, [r4, #8]
20007496:	1b92      	subs	r2, r2, r6
20007498:	60a2      	str	r2, [r4, #8]
2000749a:	6822      	ldr	r2, [r4, #0]
2000749c:	442a      	add	r2, r5
2000749e:	6022      	str	r2, [r4, #0]
200074a0:	68ba      	ldr	r2, [r7, #8]
200074a2:	eba2 030b 	sub.w	r3, r2, fp
200074a6:	60bb      	str	r3, [r7, #8]
200074a8:	2b00      	cmp	r3, #0
200074aa:	d1ad      	bne.n	20007408 <__ssprint_r+0x14>
200074ac:	2000      	movs	r0, #0
200074ae:	2300      	movs	r3, #0
200074b0:	607b      	str	r3, [r7, #4]
200074b2:	b003      	add	sp, #12
200074b4:	e8bd 8ff0 	ldmia.w	sp!, {r4, r5, r6, r7, r8, r9, sl, fp, pc}
200074b8:	4640      	mov	r0, r8
200074ba:	f000 fb4d 	bl	20007b58 <_realloc_r>
200074be:	4606      	mov	r6, r0
200074c0:	2800      	cmp	r0, #0
200074c2:	d1d9      	bne.n	20007478 <__ssprint_r+0x84>
200074c4:	6921      	ldr	r1, [r4, #16]
200074c6:	4640      	mov	r0, r8
200074c8:	f000 fc16 	bl	20007cf8 <_free_r>
200074cc:	230c      	movs	r3, #12
200074ce:	f8c8 3000 	str.w	r3, [r8]
200074d2:	89a3      	ldrh	r3, [r4, #12]
200074d4:	f043 0340 	orr.w	r3, r3, #64	@ 0x40
200074d8:	81a3      	strh	r3, [r4, #12]
200074da:	2300      	movs	r3, #0
200074dc:	60bb      	str	r3, [r7, #8]
200074de:	f04f 30ff 	mov.w	r0, #4294967295	@ 0xffffffff
200074e2:	e7e4      	b.n	200074ae <__ssprint_r+0xba>
200074e4:	465e      	mov	r6, fp
200074e6:	e7cf      	b.n	20007488 <__ssprint_r+0x94>

200074e8 <_svfiprintf_r>:
200074e8:	e92d 4ff0 	stmdb	sp!, {r4, r5, r6, r7, r8, r9, sl, fp, lr}
200074ec:	4698      	mov	r8, r3
200074ee:	898b      	ldrh	r3, [r1, #12]
200074f0:	061b      	lsls	r3, r3, #24
200074f2:	b09d      	sub	sp, #116	@ 0x74
200074f4:	4607      	mov	r7, r0
200074f6:	460d      	mov	r5, r1
200074f8:	4614      	mov	r4, r2
200074fa:	d510      	bpl.n	2000751e <_svfiprintf_r+0x36>
200074fc:	690b      	ldr	r3, [r1, #16]
200074fe:	b973      	cbnz	r3, 2000751e <_svfiprintf_r+0x36>
20007500:	2140      	movs	r1, #64	@ 0x40
20007502:	f000 f90f 	bl	20007724 <_malloc_r>
20007506:	6028      	str	r0, [r5, #0]
20007508:	6128      	str	r0, [r5, #16]
2000750a:	b930      	cbnz	r0, 2000751a <_svfiprintf_r+0x32>
2000750c:	230c      	movs	r3, #12
2000750e:	603b      	str	r3, [r7, #0]
20007510:	f04f 30ff 	mov.w	r0, #4294967295	@ 0xffffffff
20007514:	b01d      	add	sp, #116	@ 0x74
20007516:	e8bd 8ff0 	ldmia.w	sp!, {r4, r5, r6, r7, r8, r9, sl, fp, pc}
2000751a:	2340      	movs	r3, #64	@ 0x40
2000751c:	616b      	str	r3, [r5, #20]
2000751e:	2300      	movs	r3, #0
20007520:	9309      	str	r3, [sp, #36]	@ 0x24
20007522:	2320      	movs	r3, #32
20007524:	f88d 3029 	strb.w	r3, [sp, #41]	@ 0x29
20007528:	f8cd 800c 	str.w	r8, [sp, #12]
2000752c:	2330      	movs	r3, #48	@ 0x30
2000752e:	f8df 819c 	ldr.w	r8, [pc, #412]	@ 200076cc <_svfiprintf_r+0x1e4>
20007532:	f88d 302a 	strb.w	r3, [sp, #42]	@ 0x2a
20007536:	f04f 0901 	mov.w	r9, #1
2000753a:	4623      	mov	r3, r4
2000753c:	469a      	mov	sl, r3
2000753e:	f813 2b01 	ldrb.w	r2, [r3], #1
20007542:	b10a      	cbz	r2, 20007548 <_svfiprintf_r+0x60>
20007544:	2a25      	cmp	r2, #37	@ 0x25
20007546:	d1f9      	bne.n	2000753c <_svfiprintf_r+0x54>
20007548:	ebba 0b04 	subs.w	fp, sl, r4
2000754c:	d00b      	beq.n	20007566 <_svfiprintf_r+0x7e>
2000754e:	465b      	mov	r3, fp
20007550:	4622      	mov	r2, r4
20007552:	4629      	mov	r1, r5
20007554:	4638      	mov	r0, r7
20007556:	f7ff feed 	bl	20007334 <__ssputs_r>
2000755a:	3001      	adds	r0, #1
2000755c:	f000 80a7 	beq.w	200076ae <_svfiprintf_r+0x1c6>
20007560:	9a09      	ldr	r2, [sp, #36]	@ 0x24
20007562:	445a      	add	r2, fp
20007564:	9209      	str	r2, [sp, #36]	@ 0x24
20007566:	f89a 3000 	ldrb.w	r3, [sl]
2000756a:	2b00      	cmp	r3, #0
2000756c:	f000 809f 	beq.w	200076ae <_svfiprintf_r+0x1c6>
20007570:	2300      	movs	r3, #0
20007572:	f04f 32ff 	mov.w	r2, #4294967295	@ 0xffffffff
20007576:	e9cd 2305 	strd	r2, r3, [sp, #20]
2000757a:	f10a 0a01 	add.w	sl, sl, #1
2000757e:	9304      	str	r3, [sp, #16]
20007580:	9307      	str	r3, [sp, #28]
20007582:	f88d 3053 	strb.w	r3, [sp, #83]	@ 0x53
20007586:	931a      	str	r3, [sp, #104]	@ 0x68
20007588:	4654      	mov	r4, sl
2000758a:	2205      	movs	r2, #5
2000758c:	f814 1b01 	ldrb.w	r1, [r4], #1
20007590:	484e      	ldr	r0, [pc, #312]	@ (200076cc <_svfiprintf_r+0x1e4>)
20007592:	f7ff fda5 	bl	200070e0 <memchr>
20007596:	9a04      	ldr	r2, [sp, #16]
20007598:	b9d8      	cbnz	r0, 200075d2 <_svfiprintf_r+0xea>
2000759a:	06d0      	lsls	r0, r2, #27
2000759c:	bf44      	itt	mi
2000759e:	2320      	movmi	r3, #32
200075a0:	f88d 3053 	strbmi.w	r3, [sp, #83]	@ 0x53
200075a4:	0711      	lsls	r1, r2, #28
200075a6:	bf44      	itt	mi
200075a8:	232b      	movmi	r3, #43	@ 0x2b
200075aa:	f88d 3053 	strbmi.w	r3, [sp, #83]	@ 0x53
200075ae:	f89a 3000 	ldrb.w	r3, [sl]
200075b2:	2b2a      	cmp	r3, #42	@ 0x2a
200075b4:	d015      	beq.n	200075e2 <_svfiprintf_r+0xfa>
200075b6:	9a07      	ldr	r2, [sp, #28]
200075b8:	4654      	mov	r4, sl
200075ba:	2000      	movs	r0, #0
200075bc:	f04f 0c0a 	mov.w	ip, #10
200075c0:	4621      	mov	r1, r4
200075c2:	f811 3b01 	ldrb.w	r3, [r1], #1
200075c6:	3b30      	subs	r3, #48	@ 0x30
200075c8:	2b09      	cmp	r3, #9
200075ca:	d94b      	bls.n	20007664 <_svfiprintf_r+0x17c>
200075cc:	b1b0      	cbz	r0, 200075fc <_svfiprintf_r+0x114>
200075ce:	9207      	str	r2, [sp, #28]
200075d0:	e014      	b.n	200075fc <_svfiprintf_r+0x114>
200075d2:	eba0 0308 	sub.w	r3, r0, r8
200075d6:	fa09 f303 	lsl.w	r3, r9, r3
200075da:	4313      	orrs	r3, r2
200075dc:	9304      	str	r3, [sp, #16]
200075de:	46a2      	mov	sl, r4
200075e0:	e7d2      	b.n	20007588 <_svfiprintf_r+0xa0>
200075e2:	9b03      	ldr	r3, [sp, #12]
200075e4:	1d19      	adds	r1, r3, #4
200075e6:	681b      	ldr	r3, [r3, #0]
200075e8:	9103      	str	r1, [sp, #12]
200075ea:	2b00      	cmp	r3, #0
200075ec:	bfbb      	ittet	lt
200075ee:	425b      	neglt	r3, r3
200075f0:	f042 0202 	orrlt.w	r2, r2, #2
200075f4:	9307      	strge	r3, [sp, #28]
200075f6:	9307      	strlt	r3, [sp, #28]
200075f8:	bfb8      	it	lt
200075fa:	9204      	strlt	r2, [sp, #16]
200075fc:	7823      	ldrb	r3, [r4, #0]
200075fe:	2b2e      	cmp	r3, #46	@ 0x2e
20007600:	d10a      	bne.n	20007618 <_svfiprintf_r+0x130>
20007602:	7863      	ldrb	r3, [r4, #1]
20007604:	2b2a      	cmp	r3, #42	@ 0x2a
20007606:	d132      	bne.n	2000766e <_svfiprintf_r+0x186>
20007608:	9b03      	ldr	r3, [sp, #12]
2000760a:	1d1a      	adds	r2, r3, #4
2000760c:	681b      	ldr	r3, [r3, #0]
2000760e:	9203      	str	r2, [sp, #12]
20007610:	ea43 73e3 	orr.w	r3, r3, r3, asr #31
20007614:	3402      	adds	r4, #2
20007616:	9305      	str	r3, [sp, #20]
20007618:	f8df a0c0 	ldr.w	sl, [pc, #192]	@ 200076dc <_svfiprintf_r+0x1f4>
2000761c:	7821      	ldrb	r1, [r4, #0]
2000761e:	2203      	movs	r2, #3
20007620:	4650      	mov	r0, sl
20007622:	f7ff fd5d 	bl	200070e0 <memchr>
20007626:	b138      	cbz	r0, 20007638 <_svfiprintf_r+0x150>
20007628:	9b04      	ldr	r3, [sp, #16]
2000762a:	eba0 000a 	sub.w	r0, r0, sl
2000762e:	2240      	movs	r2, #64	@ 0x40
20007630:	4082      	lsls	r2, r0
20007632:	4313      	orrs	r3, r2
20007634:	3401      	adds	r4, #1
20007636:	9304      	str	r3, [sp, #16]
20007638:	f814 1b01 	ldrb.w	r1, [r4], #1
2000763c:	4824      	ldr	r0, [pc, #144]	@ (200076d0 <_svfiprintf_r+0x1e8>)
2000763e:	f88d 1028 	strb.w	r1, [sp, #40]	@ 0x28
20007642:	2206      	movs	r2, #6
20007644:	f7ff fd4c 	bl	200070e0 <memchr>
20007648:	2800      	cmp	r0, #0
2000764a:	d036      	beq.n	200076ba <_svfiprintf_r+0x1d2>
2000764c:	4b21      	ldr	r3, [pc, #132]	@ (200076d4 <_svfiprintf_r+0x1ec>)
2000764e:	bb1b      	cbnz	r3, 20007698 <_svfiprintf_r+0x1b0>
20007650:	9b03      	ldr	r3, [sp, #12]
20007652:	3307      	adds	r3, #7
20007654:	f023 0307 	bic.w	r3, r3, #7
20007658:	3308      	adds	r3, #8
2000765a:	9303      	str	r3, [sp, #12]
2000765c:	9b09      	ldr	r3, [sp, #36]	@ 0x24
2000765e:	4433      	add	r3, r6
20007660:	9309      	str	r3, [sp, #36]	@ 0x24
20007662:	e76a      	b.n	2000753a <_svfiprintf_r+0x52>
20007664:	fb0c 3202 	mla	r2, ip, r2, r3
20007668:	460c      	mov	r4, r1
2000766a:	2001      	movs	r0, #1
2000766c:	e7a8      	b.n	200075c0 <_svfiprintf_r+0xd8>
2000766e:	2300      	movs	r3, #0
20007670:	3401      	adds	r4, #1
20007672:	9305      	str	r3, [sp, #20]
20007674:	4619      	mov	r1, r3
20007676:	f04f 0c0a 	mov.w	ip, #10
2000767a:	4620      	mov	r0, r4
2000767c:	f810 2b01 	ldrb.w	r2, [r0], #1
20007680:	3a30      	subs	r2, #48	@ 0x30
20007682:	2a09      	cmp	r2, #9
20007684:	d903      	bls.n	2000768e <_svfiprintf_r+0x1a6>
20007686:	2b00      	cmp	r3, #0
20007688:	d0c6      	beq.n	20007618 <_svfiprintf_r+0x130>
2000768a:	9105      	str	r1, [sp, #20]
2000768c:	e7c4      	b.n	20007618 <_svfiprintf_r+0x130>
2000768e:	fb0c 2101 	mla	r1, ip, r1, r2
20007692:	4604      	mov	r4, r0
20007694:	2301      	movs	r3, #1
20007696:	e7f0      	b.n	2000767a <_svfiprintf_r+0x192>
20007698:	ab03      	add	r3, sp, #12
2000769a:	9300      	str	r3, [sp, #0]
2000769c:	462a      	mov	r2, r5
2000769e:	4b0e      	ldr	r3, [pc, #56]	@ (200076d8 <_svfiprintf_r+0x1f0>)
200076a0:	a904      	add	r1, sp, #16
200076a2:	4638      	mov	r0, r7
200076a4:	f3af 8000 	nop.w
200076a8:	1c42      	adds	r2, r0, #1
200076aa:	4606      	mov	r6, r0
200076ac:	d1d6      	bne.n	2000765c <_svfiprintf_r+0x174>
200076ae:	89ab      	ldrh	r3, [r5, #12]
200076b0:	065b      	lsls	r3, r3, #25
200076b2:	f53f af2d 	bmi.w	20007510 <_svfiprintf_r+0x28>
200076b6:	9809      	ldr	r0, [sp, #36]	@ 0x24
200076b8:	e72c      	b.n	20007514 <_svfiprintf_r+0x2c>
200076ba:	ab03      	add	r3, sp, #12
200076bc:	9300      	str	r3, [sp, #0]
200076be:	462a      	mov	r2, r5
200076c0:	4b05      	ldr	r3, [pc, #20]	@ (200076d8 <_svfiprintf_r+0x1f0>)
200076c2:	a904      	add	r1, sp, #16
200076c4:	4638      	mov	r0, r7
200076c6:	f000 f91b 	bl	20007900 <_printf_i>
200076ca:	e7ed      	b.n	200076a8 <_svfiprintf_r+0x1c0>
200076cc:	200080fd 	.word	0x200080fd
200076d0:	20008107 	.word	0x20008107
200076d4:	00000000 	.word	0x00000000
200076d8:	20007335 	.word	0x20007335
200076dc:	20008103 	.word	0x20008103

200076e0 <sbrk_aligned>:
200076e0:	b570      	push	{r4, r5, r6, lr}
200076e2:	4e0f      	ldr	r6, [pc, #60]	@ (20007720 <sbrk_aligned+0x40>)
200076e4:	460c      	mov	r4, r1
200076e6:	6831      	ldr	r1, [r6, #0]
200076e8:	4605      	mov	r5, r0
200076ea:	b911      	cbnz	r1, 200076f2 <sbrk_aligned+0x12>
200076ec:	f000 fa7c 	bl	20007be8 <_sbrk_r>
200076f0:	6030      	str	r0, [r6, #0]
200076f2:	4621      	mov	r1, r4
200076f4:	4628      	mov	r0, r5
200076f6:	f000 fa77 	bl	20007be8 <_sbrk_r>
200076fa:	1c43      	adds	r3, r0, #1
200076fc:	d103      	bne.n	20007706 <sbrk_aligned+0x26>
200076fe:	f04f 34ff 	mov.w	r4, #4294967295	@ 0xffffffff
20007702:	4620      	mov	r0, r4
20007704:	bd70      	pop	{r4, r5, r6, pc}
20007706:	1cc4      	adds	r4, r0, #3
20007708:	f024 0403 	bic.w	r4, r4, #3
2000770c:	42a0      	cmp	r0, r4
2000770e:	d0f8      	beq.n	20007702 <sbrk_aligned+0x22>
20007710:	1a21      	subs	r1, r4, r0
20007712:	4628      	mov	r0, r5
20007714:	f000 fa68 	bl	20007be8 <_sbrk_r>
20007718:	3001      	adds	r0, #1
2000771a:	d1f2      	bne.n	20007702 <sbrk_aligned+0x22>
2000771c:	e7ef      	b.n	200076fe <sbrk_aligned+0x1e>
2000771e:	bf00      	nop
20007720:	20012370 	.word	0x20012370

20007724 <_malloc_r>:
20007724:	e92d 43f8 	stmdb	sp!, {r3, r4, r5, r6, r7, r8, r9, lr}
20007728:	1ccd      	adds	r5, r1, #3
2000772a:	f025 0503 	bic.w	r5, r5, #3
2000772e:	3508      	adds	r5, #8
20007730:	2d0c      	cmp	r5, #12
20007732:	bf38      	it	cc
20007734:	250c      	movcc	r5, #12
20007736:	2d00      	cmp	r5, #0
20007738:	4606      	mov	r6, r0
2000773a:	db01      	blt.n	20007740 <_malloc_r+0x1c>
2000773c:	42a9      	cmp	r1, r5
2000773e:	d904      	bls.n	2000774a <_malloc_r+0x26>
20007740:	230c      	movs	r3, #12
20007742:	6033      	str	r3, [r6, #0]
20007744:	2000      	movs	r0, #0
20007746:	e8bd 83f8 	ldmia.w	sp!, {r3, r4, r5, r6, r7, r8, r9, pc}
2000774a:	f8df 80d4 	ldr.w	r8, [pc, #212]	@ 20007820 <_malloc_r+0xfc>
2000774e:	f000 f9f7 	bl	20007b40 <__malloc_lock>
20007752:	f8d8 3000 	ldr.w	r3, [r8]
20007756:	461c      	mov	r4, r3
20007758:	bb44      	cbnz	r4, 200077ac <_malloc_r+0x88>
2000775a:	4629      	mov	r1, r5
2000775c:	4630      	mov	r0, r6
2000775e:	f7ff ffbf 	bl	200076e0 <sbrk_aligned>
20007762:	1c43      	adds	r3, r0, #1
20007764:	4604      	mov	r4, r0
20007766:	d158      	bne.n	2000781a <_malloc_r+0xf6>
20007768:	f8d8 4000 	ldr.w	r4, [r8]
2000776c:	4627      	mov	r7, r4
2000776e:	2f00      	cmp	r7, #0
20007770:	d143      	bne.n	200077fa <_malloc_r+0xd6>
20007772:	2c00      	cmp	r4, #0
20007774:	d04b      	beq.n	2000780e <_malloc_r+0xea>
20007776:	6823      	ldr	r3, [r4, #0]
20007778:	4639      	mov	r1, r7
2000777a:	4630      	mov	r0, r6
2000777c:	eb04 0903 	add.w	r9, r4, r3
20007780:	f000 fa32 	bl	20007be8 <_sbrk_r>
20007784:	4581      	cmp	r9, r0
20007786:	d142      	bne.n	2000780e <_malloc_r+0xea>
20007788:	6821      	ldr	r1, [r4, #0]
2000778a:	1a6d      	subs	r5, r5, r1
2000778c:	4629      	mov	r1, r5
2000778e:	4630      	mov	r0, r6
20007790:	f7ff ffa6 	bl	200076e0 <sbrk_aligned>
20007794:	3001      	adds	r0, #1
20007796:	d03a      	beq.n	2000780e <_malloc_r+0xea>
20007798:	6823      	ldr	r3, [r4, #0]
2000779a:	442b      	add	r3, r5
2000779c:	6023      	str	r3, [r4, #0]
2000779e:	f8d8 3000 	ldr.w	r3, [r8]
200077a2:	685a      	ldr	r2, [r3, #4]
200077a4:	bb62      	cbnz	r2, 20007800 <_malloc_r+0xdc>
200077a6:	f8c8 7000 	str.w	r7, [r8]
200077aa:	e00f      	b.n	200077cc <_malloc_r+0xa8>
200077ac:	6822      	ldr	r2, [r4, #0]
200077ae:	1b52      	subs	r2, r2, r5
200077b0:	d420      	bmi.n	200077f4 <_malloc_r+0xd0>
200077b2:	2a0b      	cmp	r2, #11
200077b4:	d917      	bls.n	200077e6 <_malloc_r+0xc2>
200077b6:	1961      	adds	r1, r4, r5
200077b8:	42a3      	cmp	r3, r4
200077ba:	6025      	str	r5, [r4, #0]
200077bc:	bf18      	it	ne
200077be:	6059      	strne	r1, [r3, #4]
200077c0:	6863      	ldr	r3, [r4, #4]
200077c2:	bf08      	it	eq
200077c4:	f8c8 1000 	streq.w	r1, [r8]
200077c8:	5162      	str	r2, [r4, r5]
200077ca:	604b      	str	r3, [r1, #4]
200077cc:	4630      	mov	r0, r6
200077ce:	f000 f9bd 	bl	20007b4c <__malloc_unlock>
200077d2:	f104 000b 	add.w	r0, r4, #11
200077d6:	1d23      	adds	r3, r4, #4
200077d8:	f020 0007 	bic.w	r0, r0, #7
200077dc:	1ac2      	subs	r2, r0, r3
200077de:	bf1c      	itt	ne
200077e0:	1a1b      	subne	r3, r3, r0
200077e2:	50a3      	strne	r3, [r4, r2]
200077e4:	e7af      	b.n	20007746 <_malloc_r+0x22>
200077e6:	6862      	ldr	r2, [r4, #4]
200077e8:	42a3      	cmp	r3, r4
200077ea:	bf0c      	ite	eq
200077ec:	f8c8 2000 	streq.w	r2, [r8]
200077f0:	605a      	strne	r2, [r3, #4]
200077f2:	e7eb      	b.n	200077cc <_malloc_r+0xa8>
200077f4:	4623      	mov	r3, r4
200077f6:	6864      	ldr	r4, [r4, #4]
200077f8:	e7ae      	b.n	20007758 <_malloc_r+0x34>
200077fa:	463c      	mov	r4, r7
200077fc:	687f      	ldr	r7, [r7, #4]
200077fe:	e7b6      	b.n	2000776e <_malloc_r+0x4a>
20007800:	461a      	mov	r2, r3
20007802:	685b      	ldr	r3, [r3, #4]
20007804:	42a3      	cmp	r3, r4
20007806:	d1fb      	bne.n	20007800 <_malloc_r+0xdc>
20007808:	2300      	movs	r3, #0
2000780a:	6053      	str	r3, [r2, #4]
2000780c:	e7de      	b.n	200077cc <_malloc_r+0xa8>
2000780e:	230c      	movs	r3, #12
20007810:	6033      	str	r3, [r6, #0]
20007812:	4630      	mov	r0, r6
20007814:	f000 f99a 	bl	20007b4c <__malloc_unlock>
20007818:	e794      	b.n	20007744 <_malloc_r+0x20>
2000781a:	6005      	str	r5, [r0, #0]
2000781c:	e7d6      	b.n	200077cc <_malloc_r+0xa8>
2000781e:	bf00      	nop
20007820:	20012374 	.word	0x20012374

20007824 <_printf_common>:
20007824:	e92d 47f0 	stmdb	sp!, {r4, r5, r6, r7, r8, r9, sl, lr}
20007828:	4616      	mov	r6, r2
2000782a:	4698      	mov	r8, r3
2000782c:	688a      	ldr	r2, [r1, #8]
2000782e:	690b      	ldr	r3, [r1, #16]
20007830:	f8dd 9020 	ldr.w	r9, [sp, #32]
20007834:	4293      	cmp	r3, r2
20007836:	bfb8      	it	lt
20007838:	4613      	movlt	r3, r2
2000783a:	6033      	str	r3, [r6, #0]
2000783c:	f891 2043 	ldrb.w	r2, [r1, #67]	@ 0x43
20007840:	4607      	mov	r7, r0
20007842:	460c      	mov	r4, r1
20007844:	b10a      	cbz	r2, 2000784a <_printf_common+0x26>
20007846:	3301      	adds	r3, #1
20007848:	6033      	str	r3, [r6, #0]
2000784a:	6823      	ldr	r3, [r4, #0]
2000784c:	0699      	lsls	r1, r3, #26
2000784e:	bf42      	ittt	mi
20007850:	6833      	ldrmi	r3, [r6, #0]
20007852:	3302      	addmi	r3, #2
20007854:	6033      	strmi	r3, [r6, #0]
20007856:	6825      	ldr	r5, [r4, #0]
20007858:	f015 0506 	ands.w	r5, r5, #6
2000785c:	d106      	bne.n	2000786c <_printf_common+0x48>
2000785e:	f104 0a19 	add.w	sl, r4, #25
20007862:	68e3      	ldr	r3, [r4, #12]
20007864:	6832      	ldr	r2, [r6, #0]
20007866:	1a9b      	subs	r3, r3, r2
20007868:	42ab      	cmp	r3, r5
2000786a:	dc26      	bgt.n	200078ba <_printf_common+0x96>
2000786c:	f894 3043 	ldrb.w	r3, [r4, #67]	@ 0x43
20007870:	6822      	ldr	r2, [r4, #0]
20007872:	3b00      	subs	r3, #0
20007874:	bf18      	it	ne
20007876:	2301      	movne	r3, #1
20007878:	0692      	lsls	r2, r2, #26
2000787a:	d42b      	bmi.n	200078d4 <_printf_common+0xb0>
2000787c:	f104 0243 	add.w	r2, r4, #67	@ 0x43
20007880:	4641      	mov	r1, r8
20007882:	4638      	mov	r0, r7
20007884:	47c8      	blx	r9
20007886:	3001      	adds	r0, #1
20007888:	d01e      	beq.n	200078c8 <_printf_common+0xa4>
2000788a:	6823      	ldr	r3, [r4, #0]
2000788c:	6922      	ldr	r2, [r4, #16]
2000788e:	f003 0306 	and.w	r3, r3, #6
20007892:	2b04      	cmp	r3, #4
20007894:	bf02      	ittt	eq
20007896:	68e5      	ldreq	r5, [r4, #12]
20007898:	6833      	ldreq	r3, [r6, #0]
2000789a:	1aed      	subeq	r5, r5, r3
2000789c:	68a3      	ldr	r3, [r4, #8]
2000789e:	bf0c      	ite	eq
200078a0:	ea25 75e5 	biceq.w	r5, r5, r5, asr #31
200078a4:	2500      	movne	r5, #0
200078a6:	4293      	cmp	r3, r2
200078a8:	bfc4      	itt	gt
200078aa:	1a9b      	subgt	r3, r3, r2
200078ac:	18ed      	addgt	r5, r5, r3
200078ae:	2600      	movs	r6, #0
200078b0:	341a      	adds	r4, #26
200078b2:	42b5      	cmp	r5, r6
200078b4:	d11a      	bne.n	200078ec <_printf_common+0xc8>
200078b6:	2000      	movs	r0, #0
200078b8:	e008      	b.n	200078cc <_printf_common+0xa8>
200078ba:	2301      	movs	r3, #1
200078bc:	4652      	mov	r2, sl
200078be:	4641      	mov	r1, r8
200078c0:	4638      	mov	r0, r7
200078c2:	47c8      	blx	r9
200078c4:	3001      	adds	r0, #1
200078c6:	d103      	bne.n	200078d0 <_printf_common+0xac>
200078c8:	f04f 30ff 	mov.w	r0, #4294967295	@ 0xffffffff
200078cc:	e8bd 87f0 	ldmia.w	sp!, {r4, r5, r6, r7, r8, r9, sl, pc}
200078d0:	3501      	adds	r5, #1
200078d2:	e7c6      	b.n	20007862 <_printf_common+0x3e>
200078d4:	18e1      	adds	r1, r4, r3
200078d6:	1c5a      	adds	r2, r3, #1
200078d8:	2030      	movs	r0, #48	@ 0x30
200078da:	f881 0043 	strb.w	r0, [r1, #67]	@ 0x43
200078de:	4422      	add	r2, r4
200078e0:	f894 1045 	ldrb.w	r1, [r4, #69]	@ 0x45
200078e4:	f882 1043 	strb.w	r1, [r2, #67]	@ 0x43
200078e8:	3302      	adds	r3, #2
200078ea:	e7c7      	b.n	2000787c <_printf_common+0x58>
200078ec:	2301      	movs	r3, #1
200078ee:	4622      	mov	r2, r4
200078f0:	4641      	mov	r1, r8
200078f2:	4638      	mov	r0, r7
200078f4:	47c8      	blx	r9
200078f6:	3001      	adds	r0, #1
200078f8:	d0e6      	beq.n	200078c8 <_printf_common+0xa4>
200078fa:	3601      	adds	r6, #1
200078fc:	e7d9      	b.n	200078b2 <_printf_common+0x8e>
	...

20007900 <_printf_i>:
20007900:	e92d 47ff 	stmdb	sp!, {r0, r1, r2, r3, r4, r5, r6, r7, r8, r9, sl, lr}
20007904:	7e0f      	ldrb	r7, [r1, #24]
20007906:	9e0c      	ldr	r6, [sp, #48]	@ 0x30
20007908:	2f78      	cmp	r7, #120	@ 0x78
2000790a:	4691      	mov	r9, r2
2000790c:	4680      	mov	r8, r0
2000790e:	460c      	mov	r4, r1
20007910:	469a      	mov	sl, r3
20007912:	f101 0243 	add.w	r2, r1, #67	@ 0x43
20007916:	d807      	bhi.n	20007928 <_printf_i+0x28>
20007918:	2f62      	cmp	r7, #98	@ 0x62
2000791a:	d80a      	bhi.n	20007932 <_printf_i+0x32>
2000791c:	2f00      	cmp	r7, #0
2000791e:	f000 80d2 	beq.w	20007ac6 <_printf_i+0x1c6>
20007922:	2f58      	cmp	r7, #88	@ 0x58
20007924:	f000 80b7 	beq.w	20007a96 <_printf_i+0x196>
20007928:	f104 0642 	add.w	r6, r4, #66	@ 0x42
2000792c:	f884 7042 	strb.w	r7, [r4, #66]	@ 0x42
20007930:	e03a      	b.n	200079a8 <_printf_i+0xa8>
20007932:	f1a7 0363 	sub.w	r3, r7, #99	@ 0x63
20007936:	2b15      	cmp	r3, #21
20007938:	d8f6      	bhi.n	20007928 <_printf_i+0x28>
2000793a:	a101      	add	r1, pc, #4	@ (adr r1, 20007940 <_printf_i+0x40>)
2000793c:	f851 f023 	ldr.w	pc, [r1, r3, lsl #2]
20007940:	20007999 	.word	0x20007999
20007944:	200079ad 	.word	0x200079ad
20007948:	20007929 	.word	0x20007929
2000794c:	20007929 	.word	0x20007929
20007950:	20007929 	.word	0x20007929
20007954:	20007929 	.word	0x20007929
20007958:	200079ad 	.word	0x200079ad
2000795c:	20007929 	.word	0x20007929
20007960:	20007929 	.word	0x20007929
20007964:	20007929 	.word	0x20007929
20007968:	20007929 	.word	0x20007929
2000796c:	20007aad 	.word	0x20007aad
20007970:	200079d7 	.word	0x200079d7
20007974:	20007a63 	.word	0x20007a63
20007978:	20007929 	.word	0x20007929
2000797c:	20007929 	.word	0x20007929
20007980:	20007acf 	.word	0x20007acf
20007984:	20007929 	.word	0x20007929
20007988:	200079d7 	.word	0x200079d7
2000798c:	20007929 	.word	0x20007929
20007990:	20007929 	.word	0x20007929
20007994:	20007a6b 	.word	0x20007a6b
20007998:	6833      	ldr	r3, [r6, #0]
2000799a:	1d1a      	adds	r2, r3, #4
2000799c:	681b      	ldr	r3, [r3, #0]
2000799e:	6032      	str	r2, [r6, #0]
200079a0:	f104 0642 	add.w	r6, r4, #66	@ 0x42
200079a4:	f884 3042 	strb.w	r3, [r4, #66]	@ 0x42
200079a8:	2301      	movs	r3, #1
200079aa:	e09d      	b.n	20007ae8 <_printf_i+0x1e8>
200079ac:	6833      	ldr	r3, [r6, #0]
200079ae:	6820      	ldr	r0, [r4, #0]
200079b0:	1d19      	adds	r1, r3, #4
200079b2:	6031      	str	r1, [r6, #0]
200079b4:	0606      	lsls	r6, r0, #24
200079b6:	d501      	bpl.n	200079bc <_printf_i+0xbc>
200079b8:	681d      	ldr	r5, [r3, #0]
200079ba:	e003      	b.n	200079c4 <_printf_i+0xc4>
200079bc:	0645      	lsls	r5, r0, #25
200079be:	d5fb      	bpl.n	200079b8 <_printf_i+0xb8>
200079c0:	f9b3 5000 	ldrsh.w	r5, [r3]
200079c4:	2d00      	cmp	r5, #0
200079c6:	da03      	bge.n	200079d0 <_printf_i+0xd0>
200079c8:	232d      	movs	r3, #45	@ 0x2d
200079ca:	426d      	negs	r5, r5
200079cc:	f884 3043 	strb.w	r3, [r4, #67]	@ 0x43
200079d0:	4859      	ldr	r0, [pc, #356]	@ (20007b38 <_printf_i+0x238>)
200079d2:	230a      	movs	r3, #10
200079d4:	e010      	b.n	200079f8 <_printf_i+0xf8>
200079d6:	6821      	ldr	r1, [r4, #0]
200079d8:	6833      	ldr	r3, [r6, #0]
200079da:	0608      	lsls	r0, r1, #24
200079dc:	f853 5b04 	ldr.w	r5, [r3], #4
200079e0:	d402      	bmi.n	200079e8 <_printf_i+0xe8>
200079e2:	0649      	lsls	r1, r1, #25
200079e4:	bf48      	it	mi
200079e6:	b2ad      	uxthmi	r5, r5
200079e8:	2f6f      	cmp	r7, #111	@ 0x6f
200079ea:	4853      	ldr	r0, [pc, #332]	@ (20007b38 <_printf_i+0x238>)
200079ec:	6033      	str	r3, [r6, #0]
200079ee:	d159      	bne.n	20007aa4 <_printf_i+0x1a4>
200079f0:	2308      	movs	r3, #8
200079f2:	2100      	movs	r1, #0
200079f4:	f884 1043 	strb.w	r1, [r4, #67]	@ 0x43
200079f8:	6866      	ldr	r6, [r4, #4]
200079fa:	60a6      	str	r6, [r4, #8]
200079fc:	2e00      	cmp	r6, #0
200079fe:	db05      	blt.n	20007a0c <_printf_i+0x10c>
20007a00:	6821      	ldr	r1, [r4, #0]
20007a02:	432e      	orrs	r6, r5
20007a04:	f021 0104 	bic.w	r1, r1, #4
20007a08:	6021      	str	r1, [r4, #0]
20007a0a:	d04d      	beq.n	20007aa8 <_printf_i+0x1a8>
20007a0c:	4616      	mov	r6, r2
20007a0e:	fbb5 f1f3 	udiv	r1, r5, r3
20007a12:	fb03 5711 	mls	r7, r3, r1, r5
20007a16:	5dc7      	ldrb	r7, [r0, r7]
20007a18:	f806 7d01 	strb.w	r7, [r6, #-1]!
20007a1c:	462f      	mov	r7, r5
20007a1e:	42bb      	cmp	r3, r7
20007a20:	460d      	mov	r5, r1
20007a22:	d9f4      	bls.n	20007a0e <_printf_i+0x10e>
20007a24:	2b08      	cmp	r3, #8
20007a26:	d10b      	bne.n	20007a40 <_printf_i+0x140>
20007a28:	6823      	ldr	r3, [r4, #0]
20007a2a:	07df      	lsls	r7, r3, #31
20007a2c:	d508      	bpl.n	20007a40 <_printf_i+0x140>
20007a2e:	6923      	ldr	r3, [r4, #16]
20007a30:	6861      	ldr	r1, [r4, #4]
20007a32:	4299      	cmp	r1, r3
20007a34:	bfde      	ittt	le
20007a36:	2330      	movle	r3, #48	@ 0x30
20007a38:	f806 3c01 	strble.w	r3, [r6, #-1]
20007a3c:	f106 36ff 	addle.w	r6, r6, #4294967295	@ 0xffffffff
20007a40:	1b92      	subs	r2, r2, r6
20007a42:	6122      	str	r2, [r4, #16]
20007a44:	f8cd a000 	str.w	sl, [sp]
20007a48:	464b      	mov	r3, r9
20007a4a:	aa03      	add	r2, sp, #12
20007a4c:	4621      	mov	r1, r4
20007a4e:	4640      	mov	r0, r8
20007a50:	f7ff fee8 	bl	20007824 <_printf_common>
20007a54:	3001      	adds	r0, #1
20007a56:	d14c      	bne.n	20007af2 <_printf_i+0x1f2>
20007a58:	f04f 30ff 	mov.w	r0, #4294967295	@ 0xffffffff
20007a5c:	b004      	add	sp, #16
20007a5e:	e8bd 87f0 	ldmia.w	sp!, {r4, r5, r6, r7, r8, r9, sl, pc}
20007a62:	6823      	ldr	r3, [r4, #0]
20007a64:	f043 0320 	orr.w	r3, r3, #32
20007a68:	6023      	str	r3, [r4, #0]
20007a6a:	4834      	ldr	r0, [pc, #208]	@ (20007b3c <_printf_i+0x23c>)
20007a6c:	2778      	movs	r7, #120	@ 0x78
20007a6e:	f884 7045 	strb.w	r7, [r4, #69]	@ 0x45
20007a72:	6823      	ldr	r3, [r4, #0]
20007a74:	6831      	ldr	r1, [r6, #0]
20007a76:	061f      	lsls	r7, r3, #24
20007a78:	f851 5b04 	ldr.w	r5, [r1], #4
20007a7c:	d402      	bmi.n	20007a84 <_printf_i+0x184>
20007a7e:	065f      	lsls	r7, r3, #25
20007a80:	bf48      	it	mi
20007a82:	b2ad      	uxthmi	r5, r5
20007a84:	6031      	str	r1, [r6, #0]
20007a86:	07d9      	lsls	r1, r3, #31
20007a88:	bf44      	itt	mi
20007a8a:	f043 0320 	orrmi.w	r3, r3, #32
20007a8e:	6023      	strmi	r3, [r4, #0]
20007a90:	b11d      	cbz	r5, 20007a9a <_printf_i+0x19a>
20007a92:	2310      	movs	r3, #16
20007a94:	e7ad      	b.n	200079f2 <_printf_i+0xf2>
20007a96:	4828      	ldr	r0, [pc, #160]	@ (20007b38 <_printf_i+0x238>)
20007a98:	e7e9      	b.n	20007a6e <_printf_i+0x16e>
20007a9a:	6823      	ldr	r3, [r4, #0]
20007a9c:	f023 0320 	bic.w	r3, r3, #32
20007aa0:	6023      	str	r3, [r4, #0]
20007aa2:	e7f6      	b.n	20007a92 <_printf_i+0x192>
20007aa4:	230a      	movs	r3, #10
20007aa6:	e7a4      	b.n	200079f2 <_printf_i+0xf2>
20007aa8:	4616      	mov	r6, r2
20007aaa:	e7bb      	b.n	20007a24 <_printf_i+0x124>
20007aac:	6833      	ldr	r3, [r6, #0]
20007aae:	6825      	ldr	r5, [r4, #0]
20007ab0:	6961      	ldr	r1, [r4, #20]
20007ab2:	1d18      	adds	r0, r3, #4
20007ab4:	6030      	str	r0, [r6, #0]
20007ab6:	062e      	lsls	r6, r5, #24
20007ab8:	681b      	ldr	r3, [r3, #0]
20007aba:	d501      	bpl.n	20007ac0 <_printf_i+0x1c0>
20007abc:	6019      	str	r1, [r3, #0]
20007abe:	e002      	b.n	20007ac6 <_printf_i+0x1c6>
20007ac0:	0668      	lsls	r0, r5, #25
20007ac2:	d5fb      	bpl.n	20007abc <_printf_i+0x1bc>
20007ac4:	8019      	strh	r1, [r3, #0]
20007ac6:	2300      	movs	r3, #0
20007ac8:	6123      	str	r3, [r4, #16]
20007aca:	4616      	mov	r6, r2
20007acc:	e7ba      	b.n	20007a44 <_printf_i+0x144>
20007ace:	6833      	ldr	r3, [r6, #0]
20007ad0:	1d1a      	adds	r2, r3, #4
20007ad2:	6032      	str	r2, [r6, #0]
20007ad4:	681e      	ldr	r6, [r3, #0]
20007ad6:	6862      	ldr	r2, [r4, #4]
20007ad8:	2100      	movs	r1, #0
20007ada:	4630      	mov	r0, r6
20007adc:	f7ff fb00 	bl	200070e0 <memchr>
20007ae0:	b108      	cbz	r0, 20007ae6 <_printf_i+0x1e6>
20007ae2:	1b80      	subs	r0, r0, r6
20007ae4:	6060      	str	r0, [r4, #4]
20007ae6:	6863      	ldr	r3, [r4, #4]
20007ae8:	6123      	str	r3, [r4, #16]
20007aea:	2300      	movs	r3, #0
20007aec:	f884 3043 	strb.w	r3, [r4, #67]	@ 0x43
20007af0:	e7a8      	b.n	20007a44 <_printf_i+0x144>
20007af2:	6923      	ldr	r3, [r4, #16]
20007af4:	4632      	mov	r2, r6
20007af6:	4649      	mov	r1, r9
20007af8:	4640      	mov	r0, r8
20007afa:	47d0      	blx	sl
20007afc:	3001      	adds	r0, #1
20007afe:	d0ab      	beq.n	20007a58 <_printf_i+0x158>
20007b00:	6823      	ldr	r3, [r4, #0]
20007b02:	079b      	lsls	r3, r3, #30
20007b04:	d413      	bmi.n	20007b2e <_printf_i+0x22e>
20007b06:	68e0      	ldr	r0, [r4, #12]
20007b08:	9b03      	ldr	r3, [sp, #12]
20007b0a:	4298      	cmp	r0, r3
20007b0c:	bfb8      	it	lt
20007b0e:	4618      	movlt	r0, r3
20007b10:	e7a4      	b.n	20007a5c <_printf_i+0x15c>
20007b12:	2301      	movs	r3, #1
20007b14:	4632      	mov	r2, r6
20007b16:	4649      	mov	r1, r9
20007b18:	4640      	mov	r0, r8
20007b1a:	47d0      	blx	sl
20007b1c:	3001      	adds	r0, #1
20007b1e:	d09b      	beq.n	20007a58 <_printf_i+0x158>
20007b20:	3501      	adds	r5, #1
20007b22:	68e3      	ldr	r3, [r4, #12]
20007b24:	9903      	ldr	r1, [sp, #12]
20007b26:	1a5b      	subs	r3, r3, r1
20007b28:	42ab      	cmp	r3, r5
20007b2a:	dcf2      	bgt.n	20007b12 <_printf_i+0x212>
20007b2c:	e7eb      	b.n	20007b06 <_printf_i+0x206>
20007b2e:	2500      	movs	r5, #0
20007b30:	f104 0619 	add.w	r6, r4, #25
20007b34:	e7f5      	b.n	20007b22 <_printf_i+0x222>
20007b36:	bf00      	nop
20007b38:	2000810e 	.word	0x2000810e
20007b3c:	2000811f 	.word	0x2000811f

20007b40 <__malloc_lock>:
20007b40:	4801      	ldr	r0, [pc, #4]	@ (20007b48 <__malloc_lock+0x8>)
20007b42:	f000 b866 	b.w	20007c12 <__retarget_lock_acquire_recursive>
20007b46:	bf00      	nop
20007b48:	2001237c 	.word	0x2001237c

20007b4c <__malloc_unlock>:
20007b4c:	4801      	ldr	r0, [pc, #4]	@ (20007b54 <__malloc_unlock+0x8>)
20007b4e:	f000 b866 	b.w	20007c1e <__retarget_lock_release_recursive>
20007b52:	bf00      	nop
20007b54:	2001237c 	.word	0x2001237c

20007b58 <_realloc_r>:
20007b58:	e92d 41f0 	stmdb	sp!, {r4, r5, r6, r7, r8, lr}
20007b5c:	4607      	mov	r7, r0
20007b5e:	4614      	mov	r4, r2
20007b60:	460d      	mov	r5, r1
20007b62:	b921      	cbnz	r1, 20007b6e <_realloc_r+0x16>
20007b64:	e8bd 41f0 	ldmia.w	sp!, {r4, r5, r6, r7, r8, lr}
20007b68:	4611      	mov	r1, r2
20007b6a:	f7ff bddb 	b.w	20007724 <_malloc_r>
20007b6e:	b92a      	cbnz	r2, 20007b7c <_realloc_r+0x24>
20007b70:	f000 f8c2 	bl	20007cf8 <_free_r>
20007b74:	4625      	mov	r5, r4
20007b76:	4628      	mov	r0, r5
20007b78:	e8bd 81f0 	ldmia.w	sp!, {r4, r5, r6, r7, r8, pc}
20007b7c:	f000 f906 	bl	20007d8c <_malloc_usable_size_r>
20007b80:	4284      	cmp	r4, r0
20007b82:	4606      	mov	r6, r0
20007b84:	d802      	bhi.n	20007b8c <_realloc_r+0x34>
20007b86:	ebb4 0f50 	cmp.w	r4, r0, lsr #1
20007b8a:	d8f4      	bhi.n	20007b76 <_realloc_r+0x1e>
20007b8c:	4621      	mov	r1, r4
20007b8e:	4638      	mov	r0, r7
20007b90:	f7ff fdc8 	bl	20007724 <_malloc_r>
20007b94:	4680      	mov	r8, r0
20007b96:	b908      	cbnz	r0, 20007b9c <_realloc_r+0x44>
20007b98:	4645      	mov	r5, r8
20007b9a:	e7ec      	b.n	20007b76 <_realloc_r+0x1e>
20007b9c:	42b4      	cmp	r4, r6
20007b9e:	4622      	mov	r2, r4
20007ba0:	4629      	mov	r1, r5
20007ba2:	bf28      	it	cs
20007ba4:	4632      	movcs	r2, r6
20007ba6:	f000 f899 	bl	20007cdc <memcpy>
20007baa:	4629      	mov	r1, r5
20007bac:	4638      	mov	r0, r7
20007bae:	f000 f8a3 	bl	20007cf8 <_free_r>
20007bb2:	e7f1      	b.n	20007b98 <_realloc_r+0x40>

20007bb4 <memmove>:
20007bb4:	4288      	cmp	r0, r1
20007bb6:	b510      	push	{r4, lr}
20007bb8:	eb01 0402 	add.w	r4, r1, r2
20007bbc:	d902      	bls.n	20007bc4 <memmove+0x10>
20007bbe:	4284      	cmp	r4, r0
20007bc0:	4623      	mov	r3, r4
20007bc2:	d807      	bhi.n	20007bd4 <memmove+0x20>
20007bc4:	1e43      	subs	r3, r0, #1
20007bc6:	42a1      	cmp	r1, r4
20007bc8:	d007      	beq.n	20007bda <memmove+0x26>
20007bca:	f811 2b01 	ldrb.w	r2, [r1], #1
20007bce:	f803 2f01 	strb.w	r2, [r3, #1]!
20007bd2:	e7f8      	b.n	20007bc6 <memmove+0x12>
20007bd4:	4402      	add	r2, r0
20007bd6:	4282      	cmp	r2, r0
20007bd8:	d100      	bne.n	20007bdc <memmove+0x28>
20007bda:	bd10      	pop	{r4, pc}
20007bdc:	f813 1d01 	ldrb.w	r1, [r3, #-1]!
20007be0:	f802 1d01 	strb.w	r1, [r2, #-1]!
20007be4:	e7f7      	b.n	20007bd6 <memmove+0x22>
	...

20007be8 <_sbrk_r>:
20007be8:	b538      	push	{r3, r4, r5, lr}
20007bea:	4d06      	ldr	r5, [pc, #24]	@ (20007c04 <_sbrk_r+0x1c>)
20007bec:	2300      	movs	r3, #0
20007bee:	4604      	mov	r4, r0
20007bf0:	4608      	mov	r0, r1
20007bf2:	602b      	str	r3, [r5, #0]
20007bf4:	f7f8 feba 	bl	2000096c <_sbrk>
20007bf8:	1c43      	adds	r3, r0, #1
20007bfa:	d102      	bne.n	20007c02 <_sbrk_r+0x1a>
20007bfc:	682b      	ldr	r3, [r5, #0]
20007bfe:	b103      	cbz	r3, 20007c02 <_sbrk_r+0x1a>
20007c00:	6023      	str	r3, [r4, #0]
20007c02:	bd38      	pop	{r3, r4, r5, pc}
20007c04:	20012380 	.word	0x20012380

20007c08 <__retarget_lock_init>:
20007c08:	4770      	bx	lr

20007c0a <__retarget_lock_init_recursive>:
20007c0a:	4770      	bx	lr

20007c0c <__retarget_lock_close>:
20007c0c:	4770      	bx	lr

20007c0e <__retarget_lock_close_recursive>:
20007c0e:	4770      	bx	lr

20007c10 <__retarget_lock_acquire>:
20007c10:	4770      	bx	lr

20007c12 <__retarget_lock_acquire_recursive>:
20007c12:	4770      	bx	lr

20007c14 <__retarget_lock_try_acquire>:
20007c14:	2001      	movs	r0, #1
20007c16:	4770      	bx	lr

20007c18 <__retarget_lock_try_acquire_recursive>:
20007c18:	2001      	movs	r0, #1
20007c1a:	4770      	bx	lr

20007c1c <__retarget_lock_release>:
20007c1c:	4770      	bx	lr

20007c1e <__retarget_lock_release_recursive>:
20007c1e:	4770      	bx	lr

20007c20 <_reclaim_reent>:
20007c20:	4b2d      	ldr	r3, [pc, #180]	@ (20007cd8 <_reclaim_reent+0xb8>)
20007c22:	681b      	ldr	r3, [r3, #0]
20007c24:	4283      	cmp	r3, r0
20007c26:	b570      	push	{r4, r5, r6, lr}
20007c28:	4604      	mov	r4, r0
20007c2a:	d053      	beq.n	20007cd4 <_reclaim_reent+0xb4>
20007c2c:	69c3      	ldr	r3, [r0, #28]
20007c2e:	b31b      	cbz	r3, 20007c78 <_reclaim_reent+0x58>
20007c30:	68db      	ldr	r3, [r3, #12]
20007c32:	b163      	cbz	r3, 20007c4e <_reclaim_reent+0x2e>
20007c34:	2500      	movs	r5, #0
20007c36:	69e3      	ldr	r3, [r4, #28]
20007c38:	68db      	ldr	r3, [r3, #12]
20007c3a:	5959      	ldr	r1, [r3, r5]
20007c3c:	b9b1      	cbnz	r1, 20007c6c <_reclaim_reent+0x4c>
20007c3e:	3504      	adds	r5, #4
20007c40:	2d80      	cmp	r5, #128	@ 0x80
20007c42:	d1f8      	bne.n	20007c36 <_reclaim_reent+0x16>
20007c44:	69e3      	ldr	r3, [r4, #28]
20007c46:	4620      	mov	r0, r4
20007c48:	68d9      	ldr	r1, [r3, #12]
20007c4a:	f000 f855 	bl	20007cf8 <_free_r>
20007c4e:	69e3      	ldr	r3, [r4, #28]
20007c50:	6819      	ldr	r1, [r3, #0]
20007c52:	b111      	cbz	r1, 20007c5a <_reclaim_reent+0x3a>
20007c54:	4620      	mov	r0, r4
20007c56:	f000 f84f 	bl	20007cf8 <_free_r>
20007c5a:	69e3      	ldr	r3, [r4, #28]
20007c5c:	689d      	ldr	r5, [r3, #8]
20007c5e:	b15d      	cbz	r5, 20007c78 <_reclaim_reent+0x58>
20007c60:	4629      	mov	r1, r5
20007c62:	4620      	mov	r0, r4
20007c64:	682d      	ldr	r5, [r5, #0]
20007c66:	f000 f847 	bl	20007cf8 <_free_r>
20007c6a:	e7f8      	b.n	20007c5e <_reclaim_reent+0x3e>
20007c6c:	680e      	ldr	r6, [r1, #0]
20007c6e:	4620      	mov	r0, r4
20007c70:	f000 f842 	bl	20007cf8 <_free_r>
20007c74:	4631      	mov	r1, r6
20007c76:	e7e1      	b.n	20007c3c <_reclaim_reent+0x1c>
20007c78:	6961      	ldr	r1, [r4, #20]
20007c7a:	b111      	cbz	r1, 20007c82 <_reclaim_reent+0x62>
20007c7c:	4620      	mov	r0, r4
20007c7e:	f000 f83b 	bl	20007cf8 <_free_r>
20007c82:	69e1      	ldr	r1, [r4, #28]
20007c84:	b111      	cbz	r1, 20007c8c <_reclaim_reent+0x6c>
20007c86:	4620      	mov	r0, r4
20007c88:	f000 f836 	bl	20007cf8 <_free_r>
20007c8c:	6b21      	ldr	r1, [r4, #48]	@ 0x30
20007c8e:	b111      	cbz	r1, 20007c96 <_reclaim_reent+0x76>
20007c90:	4620      	mov	r0, r4
20007c92:	f000 f831 	bl	20007cf8 <_free_r>
20007c96:	6b61      	ldr	r1, [r4, #52]	@ 0x34
20007c98:	b111      	cbz	r1, 20007ca0 <_reclaim_reent+0x80>
20007c9a:	4620      	mov	r0, r4
20007c9c:	f000 f82c 	bl	20007cf8 <_free_r>
20007ca0:	6ba1      	ldr	r1, [r4, #56]	@ 0x38
20007ca2:	b111      	cbz	r1, 20007caa <_reclaim_reent+0x8a>
20007ca4:	4620      	mov	r0, r4
20007ca6:	f000 f827 	bl	20007cf8 <_free_r>
20007caa:	6ca1      	ldr	r1, [r4, #72]	@ 0x48
20007cac:	b111      	cbz	r1, 20007cb4 <_reclaim_reent+0x94>
20007cae:	4620      	mov	r0, r4
20007cb0:	f000 f822 	bl	20007cf8 <_free_r>
20007cb4:	6c61      	ldr	r1, [r4, #68]	@ 0x44
20007cb6:	b111      	cbz	r1, 20007cbe <_reclaim_reent+0x9e>
20007cb8:	4620      	mov	r0, r4
20007cba:	f000 f81d 	bl	20007cf8 <_free_r>
20007cbe:	6ae1      	ldr	r1, [r4, #44]	@ 0x2c
20007cc0:	b111      	cbz	r1, 20007cc8 <_reclaim_reent+0xa8>
20007cc2:	4620      	mov	r0, r4
20007cc4:	f000 f818 	bl	20007cf8 <_free_r>
20007cc8:	6a23      	ldr	r3, [r4, #32]
20007cca:	b11b      	cbz	r3, 20007cd4 <_reclaim_reent+0xb4>
20007ccc:	4620      	mov	r0, r4
20007cce:	e8bd 4070 	ldmia.w	sp!, {r4, r5, r6, lr}
20007cd2:	4718      	bx	r3
20007cd4:	bd70      	pop	{r4, r5, r6, pc}
20007cd6:	bf00      	nop
20007cd8:	20009674 	.word	0x20009674

20007cdc <memcpy>:
20007cdc:	440a      	add	r2, r1
20007cde:	4291      	cmp	r1, r2
20007ce0:	f100 33ff 	add.w	r3, r0, #4294967295	@ 0xffffffff
20007ce4:	d100      	bne.n	20007ce8 <memcpy+0xc>
20007ce6:	4770      	bx	lr
20007ce8:	b510      	push	{r4, lr}
20007cea:	f811 4b01 	ldrb.w	r4, [r1], #1
20007cee:	f803 4f01 	strb.w	r4, [r3, #1]!
20007cf2:	4291      	cmp	r1, r2
20007cf4:	d1f9      	bne.n	20007cea <memcpy+0xe>
20007cf6:	bd10      	pop	{r4, pc}

20007cf8 <_free_r>:
20007cf8:	b538      	push	{r3, r4, r5, lr}
20007cfa:	4605      	mov	r5, r0
20007cfc:	2900      	cmp	r1, #0
20007cfe:	d041      	beq.n	20007d84 <_free_r+0x8c>
20007d00:	f851 3c04 	ldr.w	r3, [r1, #-4]
20007d04:	1f0c      	subs	r4, r1, #4
20007d06:	2b00      	cmp	r3, #0
20007d08:	bfb8      	it	lt
20007d0a:	18e4      	addlt	r4, r4, r3
20007d0c:	f7ff ff18 	bl	20007b40 <__malloc_lock>
20007d10:	4a1d      	ldr	r2, [pc, #116]	@ (20007d88 <_free_r+0x90>)
20007d12:	6813      	ldr	r3, [r2, #0]
20007d14:	b933      	cbnz	r3, 20007d24 <_free_r+0x2c>
20007d16:	6063      	str	r3, [r4, #4]
20007d18:	6014      	str	r4, [r2, #0]
20007d1a:	4628      	mov	r0, r5
20007d1c:	e8bd 4038 	ldmia.w	sp!, {r3, r4, r5, lr}
20007d20:	f7ff bf14 	b.w	20007b4c <__malloc_unlock>
20007d24:	42a3      	cmp	r3, r4
20007d26:	d908      	bls.n	20007d3a <_free_r+0x42>
20007d28:	6820      	ldr	r0, [r4, #0]
20007d2a:	1821      	adds	r1, r4, r0
20007d2c:	428b      	cmp	r3, r1
20007d2e:	bf01      	itttt	eq
20007d30:	6819      	ldreq	r1, [r3, #0]
20007d32:	685b      	ldreq	r3, [r3, #4]
20007d34:	1809      	addeq	r1, r1, r0
20007d36:	6021      	streq	r1, [r4, #0]
20007d38:	e7ed      	b.n	20007d16 <_free_r+0x1e>
20007d3a:	461a      	mov	r2, r3
20007d3c:	685b      	ldr	r3, [r3, #4]
20007d3e:	b10b      	cbz	r3, 20007d44 <_free_r+0x4c>
20007d40:	42a3      	cmp	r3, r4
20007d42:	d9fa      	bls.n	20007d3a <_free_r+0x42>
20007d44:	6811      	ldr	r1, [r2, #0]
20007d46:	1850      	adds	r0, r2, r1
20007d48:	42a0      	cmp	r0, r4
20007d4a:	d10b      	bne.n	20007d64 <_free_r+0x6c>
20007d4c:	6820      	ldr	r0, [r4, #0]
20007d4e:	4401      	add	r1, r0
20007d50:	1850      	adds	r0, r2, r1
20007d52:	4283      	cmp	r3, r0
20007d54:	6011      	str	r1, [r2, #0]
20007d56:	d1e0      	bne.n	20007d1a <_free_r+0x22>
20007d58:	6818      	ldr	r0, [r3, #0]
20007d5a:	685b      	ldr	r3, [r3, #4]
20007d5c:	6053      	str	r3, [r2, #4]
20007d5e:	4408      	add	r0, r1
20007d60:	6010      	str	r0, [r2, #0]
20007d62:	e7da      	b.n	20007d1a <_free_r+0x22>
20007d64:	d902      	bls.n	20007d6c <_free_r+0x74>
20007d66:	230c      	movs	r3, #12
20007d68:	602b      	str	r3, [r5, #0]
20007d6a:	e7d6      	b.n	20007d1a <_free_r+0x22>
20007d6c:	6820      	ldr	r0, [r4, #0]
20007d6e:	1821      	adds	r1, r4, r0
20007d70:	428b      	cmp	r3, r1
20007d72:	bf04      	itt	eq
20007d74:	6819      	ldreq	r1, [r3, #0]
20007d76:	685b      	ldreq	r3, [r3, #4]
20007d78:	6063      	str	r3, [r4, #4]
20007d7a:	bf04      	itt	eq
20007d7c:	1809      	addeq	r1, r1, r0
20007d7e:	6021      	streq	r1, [r4, #0]
20007d80:	6054      	str	r4, [r2, #4]
20007d82:	e7ca      	b.n	20007d1a <_free_r+0x22>
20007d84:	bd38      	pop	{r3, r4, r5, pc}
20007d86:	bf00      	nop
20007d88:	20012374 	.word	0x20012374

20007d8c <_malloc_usable_size_r>:
20007d8c:	f851 3c04 	ldr.w	r3, [r1, #-4]
20007d90:	1f18      	subs	r0, r3, #4
20007d92:	2b00      	cmp	r3, #0
20007d94:	bfbc      	itt	lt
20007d96:	580b      	ldrlt	r3, [r1, r0]
20007d98:	18c0      	addlt	r0, r0, r3
20007d9a:	4770      	bx	lr
20007d9c:	206e6143 	.word	0x206e6143
20007da0:	2067736d 	.word	0x2067736d
20007da4:	65636572 	.word	0x65636572
20007da8:	64657669 	.word	0x64657669
20007dac:	0000203a 	.word	0x0000203a
20007db0:	3a79654b 	.word	0x3a79654b
20007db4:	0a642520 	.word	0x0a642520
20007db8:	00000000 	.word	0x00000000
20007dbc:	00206425 	.word	0x00206425
20007dc0:	0000000a 	.word	0x0000000a
20007dc4:	6c6c6548 	.word	0x6c6c6548
20007dc8:	68202c6f 	.word	0x68202c6f
20007dcc:	6f6c6c65 	.word	0x6f6c6c65
20007dd0:	0a2e2e2e 	.word	0x0a2e2e2e
20007dd4:	00000000 	.word	0x00000000
20007dd8:	3a6e694d 	.word	0x3a6e694d
20007ddc:	2c642520 	.word	0x2c642520
20007de0:	78614d20 	.word	0x78614d20
20007de4:	6425203a 	.word	0x6425203a
20007de8:	0000000a 	.word	0x0000000a
20007dec:	20303d6b 	.word	0x20303d6b
20007df0:	25203e2d 	.word	0x25203e2d
20007df4:	00000a64 	.word	0x00000a64
20007df8:	6b636162 	.word	0x6b636162
20007dfc:	756f7267 	.word	0x756f7267
20007e00:	6c20646e 	.word	0x6c20646e
20007e04:	20706f6f 	.word	0x20706f6f
20007e08:	676e6172 	.word	0x676e6172
20007e0c:	25203a65 	.word	0x25203a65
20007e10:	00000a64 	.word	0x00000a64
20007e14:	6b636142 	.word	0x6b636142
20007e18:	756f7267 	.word	0x756f7267
20007e1c:	6c20646e 	.word	0x6c20646e
20007e20:	20706f6f 	.word	0x20706f6f
20007e24:	67676f74 	.word	0x67676f74
20007e28:	2064656c 	.word	0x2064656c
20007e2c:	000a4e4f 	.word	0x000a4e4f
20007e30:	6b636142 	.word	0x6b636142
20007e34:	756f7267 	.word	0x756f7267
20007e38:	6c20646e 	.word	0x6c20646e
20007e3c:	20706f6f 	.word	0x20706f6f
20007e40:	67676f74 	.word	0x67676f74
20007e44:	2064656c 	.word	0x2064656c
20007e48:	0a46464f 	.word	0x0a46464f
20007e4c:	00000000 	.word	0x00000000
20007e50:	65746e45 	.word	0x65746e45
20007e54:	20646572 	.word	0x20646572
20007e58:	65746e69 	.word	0x65746e69
20007e5c:	3a726567 	.word	0x3a726567
20007e60:	0a642520 	.word	0x0a642520
20007e64:	00000000 	.word	0x00000000
20007e68:	3a6d7573 	.word	0x3a6d7573
20007e6c:	0a642520 	.word	0x0a642520
20007e70:	00000000 	.word	0x00000000
20007e74:	6964656d 	.word	0x6964656d
20007e78:	203a6e61 	.word	0x203a6e61
20007e7c:	000a6425 	.word	0x000a6425
20007e80:	20656874 	.word	0x20656874
20007e84:	69682d33 	.word	0x69682d33
20007e88:	726f7473 	.word	0x726f7473
20007e8c:	61682079 	.word	0x61682079
20007e90:	65622073 	.word	0x65622073
20007e94:	65206e65 	.word	0x65206e65
20007e98:	65736172 	.word	0x65736172
20007e9c:	00000a64 	.word	0x00000a64
20007ea0:	756c6f76 	.word	0x756c6f76
20007ea4:	203a656d 	.word	0x203a656d
20007ea8:	000a6425 	.word	0x000a6425
20007eac:	6574756d 	.word	0x6574756d
20007eb0:	25203a64 	.word	0x25203a64
20007eb4:	00000a64 	.word	0x00000a64
20007eb8:	45544f4e 	.word	0x45544f4e
20007ebc:	735f203a 	.word	0x735f203a
20007ec0:	206b7262 	.word	0x206b7262
20007ec4:	75206e69 	.word	0x75206e69
20007ec8:	0a216573 	.word	0x0a216573
20007ecc:	0000000d 	.word	0x0000000d
20007ed0:	494e4150 	.word	0x494e4150
20007ed4:	21212143 	.word	0x21212143
20007ed8:	00000020 	.word	0x00000020
20007edc:	74706d45 	.word	0x74706d45
20007ee0:	75712079 	.word	0x75712079
20007ee4:	00657565 	.word	0x00657565
20007ee8:	74706d45 	.word	0x74706d45
20007eec:	6f702079 	.word	0x6f702079
20007ef0:	00006c6f 	.word	0x00006c6f
20007ef4:	00000d0a 	.word	0x00000d0a
20007ef8:	796e6954 	.word	0x796e6954
20007efc:	626d6954 	.word	0x626d6954
20007f00:	00207265 	.word	0x00207265
20007f04:	302e3276 	.word	0x302e3276
20007f08:	20316136 	.word	0x20316136
20007f0c:	32303228 	.word	0x32303228
20007f10:	33302d31 	.word	0x33302d31
20007f14:	2931312d 	.word	0x2931312d
20007f18:	00000000 	.word	0x00000000
20007f1c:	69766544 	.word	0x69766544
20007f20:	49206563 	.word	0x49206563
20007f24:	6e205152 	.word	0x6e205152
20007f28:	7320746f 	.word	0x7320746f
20007f2c:	6f707075 	.word	0x6f707075
20007f30:	64657472 	.word	0x64657472
20007f34:	2e2e2e20 	.word	0x2e2e2e20
20007f38:	00000000 	.word	0x00000000
20007f3c:	41430d0a 	.word	0x41430d0a
20007f40:	3123204e 	.word	0x3123204e
20007f44:	696e4920 	.word	0x696e4920
20007f48:	61662074 	.word	0x61662074
20007f4c:	64656c69 	.word	0x64656c69
20007f50:	000d0a21 	.word	0x000d0a21
20007f54:	204e4143 	.word	0x204e4143
20007f58:	49203223 	.word	0x49203223
20007f5c:	2074696e 	.word	0x2074696e
20007f60:	6c696166 	.word	0x6c696166
20007f64:	0a216465 	.word	0x0a216465
20007f68:	0000000d 	.word	0x0000000d
20007f6c:	74530d0a 	.word	0x74530d0a
20007f70:	676e6172 	.word	0x676e6172
20007f74:	4e203a65 	.word	0x4e203a65
20007f78:	6120746f 	.word	0x6120746f
20007f7c:	4e414320 	.word	0x4e414320
20007f80:	20312320 	.word	0x20312320
20007f84:	4f464946 	.word	0x4f464946
20007f88:	52492030 	.word	0x52492030
20007f8c:	0d0a2151 	.word	0x0d0a2151
20007f90:	00000000 	.word	0x00000000
20007f94:	74530d0a 	.word	0x74530d0a
20007f98:	676e6172 	.word	0x676e6172
20007f9c:	43203a65 	.word	0x43203a65
20007fa0:	23204e41 	.word	0x23204e41
20007fa4:	49462031 	.word	0x49462031
20007fa8:	20304f46 	.word	0x20304f46
20007fac:	6c6c7546 	.word	0x6c6c7546
20007fb0:	000d0a21 	.word	0x000d0a21
20007fb4:	204e4143 	.word	0x204e4143
20007fb8:	75427854 	.word	0x75427854
20007fbc:	75662066 	.word	0x75662066
20007fc0:	0a216c6c 	.word	0x0a216c6c
20007fc4:	0000000d 	.word	0x0000000d
20007fc8:	74530d0a 	.word	0x74530d0a
20007fcc:	676e6172 	.word	0x676e6172
20007fd0:	4e203a65 	.word	0x4e203a65
20007fd4:	6120746f 	.word	0x6120746f
20007fd8:	49504720 	.word	0x49504720
20007fdc:	6220424f 	.word	0x6220424f
20007fe0:	20377469 	.word	0x20377469
20007fe4:	21515249 	.word	0x21515249
20007fe8:	00000d0a 	.word	0x00000d0a

20007fec <APBAHBPrescTable>:
20007fec:	00000000 04030201 04030201 09080706     ................

20007ffc <_ctype_>:
20007ffc:	20202000 20202020 28282020 20282828     .         ((((( 
2000800c:	20202020 20202020 20202020 20202020                     
2000801c:	10108820 10101010 10101010 10101010      ...............
2000802c:	04040410 04040404 10040404 10101010     ................
2000803c:	41411010 41414141 01010101 01010101     ..AAAAAA........
2000804c:	01010101 01010101 01010101 10101010     ................
2000805c:	42421010 42424242 02020202 02020202     ..BBBBBB........
2000806c:	02020202 02020202 02020202 10101010     ................
2000807c:	00000020 00000000 00000000 00000000      ...............
	...
200080fc:	302d2300 6800202b 65004c6c 46456766     .#-0+ .hlL.efgEF
2000810c:	31300047 35343332 39383736 44434241     G.0123456789ABCD
2000811c:	30004645 34333231 38373635 63626139     EF.0123456789abc
2000812c:	00666564                                def.
