S01600006275696C642F5254532D6C616262322E733139B6
S3152000000000BFDFF814D002F005FA00F09FFB02F0E3
S3152000001013BAFEE700BF000000C0012080B586B0FD
S3152000002000AF7860396007F10C031A460A490B487D
S3152000003001F078FD0A4B1A460A490B4801F072FD79
S3152000004007F10C0303331A460649074801F06AFDF7
S3152000005000BF1837BD4680BD3D0B002024910020EF
S31520000060CC7E0020D70D00209C91002080B485B046
S3152000007000AF786039601A4B1A687B681A60184B93
S315200000801A683B681A600123FB601EE0144AFB686D
S3152000009052F823207B681B689A4205DA104AFB68CF
S315200000A052F823207B681A600D4AFB6852F82320F9
S315200000B03B681B689A4205DD094AFB6852F82320F3
S315200000C03B681A60FB680133FB60FB681F2BDDDD94
S315200000D000BF00BF1437BD465DF8047B704700BFE4
S315200000E00090002080B483B000AF78607B680A332C
S315200000F018460C37BD465DF8047B704780B586B040
S3152000010000AF78607968134800F088FB00237B6194
S3152000011015E0114A7B6952F823307A6813443B6113
S315200001203869FFF7DFFF03460C4A52F82330FB609D
S31520000130F9680B4800F072FB7B6901337B617B69B0
S315200001401F2BE6DD074800F069FB00BF1837BD46C8
S3152000015080BD00BFE07E002000900020809000201F
S31520000160EC7E0020F07E002080B586B000AF78605F
S31520000170396000221749184801F0D4FC002217499B
S31520000180174801F0CFFC174B1A461749144801F0BF
S31520000190C9FC0021786800F065F801233B73012330
S315200001A07B730623BB734823FB7365233B746C2345
S315200001B07B746C23BB746F23FB7400233B7507F1A0
S315200001C00C031A460949044801F0ACFC00BF183755
S315200001D0BD4680BDFD08002024910020310D002061
S315200001E09C910020F47E0020D70D0020070C0020D3
S315200001F080B485B000AF78600023FB600023BB602D
S315200002000AE0BB689B007A6813441B68FA681344AB
S31520000210FB60BB680133BB60BB68022BF1DDFB686A
S3152000022018461437BD465DF8047B704780B582B00A
S3152000023000AF786039607B68DB68B3F5FA5F05DA72
S315200002407B68DB6803F5FA727B68DA607B68DB68BB
S315200002501946034800F0E2FA00BF0837BD4680BDC4
S31520000260087F002080B58AB000AF786039604FF0F3
S3152000027000037B624FF000033B620023FB613EE0FC
S3152000028001F06EFD78610023BB6106E000217868ED
S3152000029000F07CFABB690133BB61BB69B3F57A7F99
S315200002A0F4DB01F05DFD38613A697B69D31A07EE0C
S315200002B0903AF8EEE77A9FED237A67EE877AC7EDD4
S315200002C0037A97ED037ADFED206AC7EE267AC7ED2B
S315200002D0027A97ED027AD7ED097AB4EEE77AF1EE53
S315200002E010FA01DDBB687B6297ED087AD7ED027ABA
S315200002F077EE277AC7ED087AFB690133FB61FB6944
S31520000300B3F5FA7FBCDB97ED087ADFED106AC7EE0E
S31520000310267AC7ED087AD7ED097AFDEEE77A17EE49
S31520000320901A0B4800F07AFAD7ED087AFDEEE77AB4
S3152000033017EE901A074800F071FA00BF2837BD461D
S3152000034080BD00BF00401C4600007A440000FA43EE
S31520000350247F0020387F002080B485B000AF7860ED
S315200003600023FB6002E0FB680133FB60FB68B3F50A
S31520000370FA7FF8DB00BF00BF1437BD465DF8047B6B
S31520000380704780B582B000AF786039607B68DB68E3
S31520000390B3F57A7F05DD7B68DB68A3F5FA727B68A7
S315200003A0DA607B68DB681946034800F037FA00BF3D
S315200003B00837BD4680BD00BF087F002080B582B0CB
S315200003C000AF786039607B689B68002B09D17B6819
S315200003D001229A60094B1A4609490A4801F0A2FBF4
S315200003E008E07B6800229A60074B1A4604490548B4
S315200003F001F098FB00BF0837BD4680BD4C7F00202A
S31520000400D70D00209C910020687F002080B487B003
S3152000041000AF786000237B6133E000233B6127E057
S315200004203B699B007A6813441A683B6901339B0039
S3152000043079680B441B689A4217DD3B699B007A68F2
S3152000044013441B68FB603B6901339B007A681A449E
S315200004503B699B0079680B4412681A603B6901333B
S315200004609B007A681344FA681A603B6901333B6142
S315200004707B69C3F102033A699A42D1DB7B69013376
S315200004807B617B69012BC8DD00BF00BF1C37BD46E1
S315200004905DF8047B704780B58CB002AF7860396018
S315200004A03B68752B00F32B813B68642B08DA3B688D
S315200004B02B2B00F0C6803B682D2B00F0DA801EE146
S315200004C03B68643B112B00F21A8101A252F823F0FB
S315200004D0DB0600201905002017060020FF06002055
S315200004E0FF060020FF060020FF060020FF06002052
S315200004F0FF060020A3060020FF060020FF0600209E
S31520000500FF060020FF060020FF060020FF06002031
S31520000510ED060020C90600207B681B6A7A68134412
S3152000052000221A737B6800221A627B680C331846F5
S3152000053006F0BEFEF861F869FFF7E0FD7B681B6BED
S315200005407A6808339B001344FA695A607B685B6BB0
S31520000550022B04DC7B685B6B5A1C7B685A637B68C6
S315200005601B6B591C6E4B83FB0132CB17D21A1346D9
S315200005705B001344CA1A7B681A637B6824331846C7
S31520000580FFF736FE02467B689A637B685B6AFB60F0
S315200005907B689B6A3B617B68DB6A7B6107F10C03A6
S315200005A01846FFF733FFF9695E4800F037F97B6894
S315200005B09B6B19465C4800F031F97B685B6B012B1D
S315200005C004D1F969594800F029F9A4E07B685B6BEE
S315200005D0022B1AD17B685B6A7B627B689B6A3B62D3
S315200005E07A6A3B6A9A4205DD7B6ABB613B6A7B621B
S315200005F0BB693B627A6A3B6A1344DA0F13445B1089
S3152000060019464A4800F00AF985E03B6919464748E9
S3152000061000F004F97FE0464800F000F97B680022EC
S315200006201A637B6800229A637B6800225A627B6881
S3152000063000229A627B680022DA627B6800225A6373
S3152000064069E07B6893F83C30DBB21D2B08D87B68C9
S3152000065093F83C30DBB20133DAB27B6883F83C2076
S315200006607B6893F83C30DBB21946324800F0D6F866
S3152000067051E07B6893F83C30DBB2012B08D97B68CC
S3152000068093F83C30DBB2013BDAB27B6883F83C203E
S315200006907B6893F83C30DBB21946264800F0BEF85A
S315200006A039E07B6893F83D30DBB283F00103DAB2A0
S315200006B07B6883F83D207B6893F83D30DBB2194692
S315200006C01D4800F0ABF826E0002300931B4B1C4A84
S315200006D00021002001F088F91DE000230093194B2A
S315200006E0174A0021002001F07FF914E0002300932F
S315200006F0154B134A0021002001F076F90BE07B68A8
S315200007001B6A591C7A6811623A68D1B27A68134416
S315200007100A461A7300BF00BF2837BD4680BD00BFFA
S3152000072056555555887F0020A07F0020AC7F00209D
S31520000730B87F0020D87F0020E47F00202D020020F3
S31520000740BC95002083030020BD03002080B500AFA8
S3152000075000220849084801F0D9FB01220749084828
S3152000076001F0D4FB00220749074801F035FC00239D
S31520000770184680BD630E00209C910020B5090020FC
S315200007802491002069010020E490002080B483B0E9
S3152000079000AF786039607B6893F83D30DBB2002B80
S315200007A003D0124B00221A700FE07B6893F83E307C
S315200007B0DBB2002B06D00D4A7B6893F83C30DBB2C7
S315200007C0137002E0094B00221A707B6893F83E30C2
S315200007D0DBB283F00103DAB27B6883F83E2000BFE8
S315200007E00C37BD465DF8047B704700BF1C74004083
S315200007F080B485B000AF78600023FB6002E0FB6820
S315200008000133FB607B68DA68FB689A42F7DC00BF3D
S3152000081000BF1437BD465DF8047B70470FB480B522
S31520000820ADF5816D00AF07F2144207F58163A3F29F
S3152000083004431A6007F58163A3F2044307F1080015
S315200008401B68D7F810244FF4806106F0F7FD07F1F6
S3152000085008031A460549064801F064F900BF07F562
S315200008608167BD46BDE8804004B07047D70D0020A3
S315200008709C91002080B483B000AF0346FB71FB79C6
S3152000088003F01F03012202FA03F1064A97F9073003
S315200008905B0942F8231000BF0C37BD465DF8047B88
S315200008A0704700BF00E100E080B483B000AF03468C
S315200008B03960FB7197F90730002B0BDA3B68DAB207
S315200008C00C49FB7903F00F03043B1201D2B20B440F
S315200008D01A7609E03B68DAB2074997F90730120120
S315200008E0D2B20B4483F8002300BF0C37BD465DF817
S315200008F0047B704700ED00E000E100E080B586B0A3
S3152000090000AF786039607B6800229A617B689A69BB
S315200009107B685A617B685A697B68DA6107F10C0348
S31520000920184601F049FF0023BB740023FB74002303
S315200009303B7500237B750023BB750023FB750023C5
S31520000940BB730023FB7302233B7403237B740723AF
S31520000950BB8107F10C031946124801F09BFD0346A3
S31520000960002B02D1104800F005FC07F10C031946B4
S315200009700E4801F08FFD0346002B02D10C4800F0F3
S31520000980F9FB02211420FFF78FFF1420FFF772FFD7
S3152000099001220221034802F03DFB00BF1837BD4665
S315200009A080BD00BF00640040F07F0020006800404A
S315200009B008800020B0B58AB002AF786039607B68C5
S315200009C09B685A49184602F042FB0346012B02D087
S315200009D0574800F0CFFB7B68DB69072B00F39E802E
S315200009E07B689B6807F108020021184602F021F96E
S315200009F0BB681B09DBB27A68526903F07F03D8B261
S31520000A00796813469B0013445B0013440B44203340
S31520000A1002461A70BB68DBB27A68526903F00F038C
S31520000A20D8B2796813469B0013445B0013440B44E9
S31520000A30213302461A70BB7C7A68526903F00F0391
S31520000A40D8B2796813469B0013445B0013440B44C9
S31520000A50223302461A700023FB7715E0FB7F7A6863
S31520000A605269F97F20333B4413F80D4C78681346BE
S31520000A709B0013445B00134403440B442333224658
S31520000A801A70FB7F0133FB777B685A6979681346B6
S31520000A909B0013445B0013440B4422331B78FA7FDC
S31520000AA09A42DBD37B68DB68002B25D07B68DC6829
S31520000AB07B681D697B685A69796813469B001344D5
S31520000AC05B0013440B4420331B7819017B685A6959
S31520000AD0786813469B0013445B0013440344213378
S31520000AE01B780B4400932B4622460021002000F061
S31520000AF07BFF104B01221A607B685B6901335A42E7
S31520000B0003F0070302F0070258BF53427A68536185
S31520000B107B68DB695A1C7B68DA6102E0064800F0D4
S31520000B2029FB00BF2037BD46B0BD00BF0300001221
S31520000B3020800020482301204880002090B484B0E3
S31520000B4000AF786039607B68DB69002B55DD7B68F8
S31520000B509A69796813469B0013445B0013440B443F
S31520000B6020331A783B681A707B689A69796813462D
S31520000B709B0013445B0013440B4421331A783B68D3
S31520000B805A707B689A69796813469B0013445B0008
S31520000B9013440B4422331A783B689A700023FB7364
S31520000BA013E07B689A69F87BF97B7C6813469B0087
S31520000BB013445B0013442344034423331A783B68CD
S31520000BC00B44DA70FB7B0133FB733B689B78FA7B23
S31520000BD09A42E6D37B689B6901335A4203F00703A6
S31520000BE002F0070258BF53427A6893617B68DB693B
S31520000BF05A1E7B68DA61002300E00123184610376D
S31520000C00BD4690BC704780B58AB000AF7860396029
S31520000C107B689B683B620023FB773B681B781B0144
S31520000C203A6852781344BB6000237B7400233B74DC
S31520000C303B689B78082B02D93B6808229A703B6850
S31520000C409B78BB74002387F827300FE097F827207E
S31520000C5097F8273039680A44D27828333B4403F87A
S31520000C60152C97F82730013387F827303B689B7877
S31520000C7097F827209A42E9D307F108031946386ADC
S31520000C8001F05AFE0346FB77FB7F042B04D105486F
S31520000C9000F070FA012300E0002318462837BD46ED
S31520000CA080BD00BF6880002080B483B000AF0346BB
S31520000CB0FB71FB7903F01F03012202FA03F1064AB6
S31520000CC097F907305B0942F8231000BF0C37BD4661
S31520000CD05DF8047B704700BF00E100E080B483B07C
S31520000CE000AF03463960FB7197F90730002B0BDA0A
S31520000CF03B68DAB20C49FB7903F00F03043B12017F
S31520000D00D2B20B441A7609E03B68DAB2074997F962
S31520000D1007301201D2B20B4483F8002300BF0C37F0
S31520000D20BD465DF8047B704700ED00E000E100E081
S31520000D3080B582B000AF786039607B6800229A6106
S31520000D407B689A697B685A617B685A697B68DA6135
S31520000D50012240F225510A4806F06CF9002240F2A1
S31520000D602771074806F066F902212520FFF7B6FF0E
S31520000D702520FFF799FF00BF0837BD4680BD00BF7D
S31520000D800010014080B483B000AF78600B46FB7042
S31520000D907B68DB69B3F5806F17DA7B685B697A68F5
S31520000DA01344FA7883F820207B685B6901335A4222
S31520000DB0C3F30903C2F3090258BF53427A68536149
S31520000DC07B68DB695A1C7B68DA6100BF0C37BD463D
S31520000DD05DF8047B704780B582B000AF78603960DB
S31520000DE07B68DB69002B18D17B689B68012240F267
S31520000DF02771184606F01EF90FE03B681B780A2B70
S31520000E0003D10D217868FFF7BDFF3B685A1C3A6075
S31520000E101B7819467868FFF7B5FF3B681B78002BCF
S31520000E20EBD100BF00BF0837BD4680BD80B582B07C
S31520000E3000AF786039607B68DB69002B07D17B685F
S31520000E409B68012240F22771184606F0F3F83B68AA
S31520000E50DBB219467868FFF795FF00BF0837BD4615
S31520000E6080BD80B586B002AF786039607B689B68AC
S31520000E702021184606F025F90346012B18D17B6858
S31520000E809B68184605F04FFF0346FB607B68DB68CE
S31520000E90002B0DD07B68DA687B681969FB680093A4
S31520000EA00B460021002000F09FFD234B01221A60F3
S31520000EB07B689B688021184606F003F90346012BC0
S31520000EC034D17B68DB69002B28DD7B6898687B68DA
S31520000ED09B697A68134493F82030194605F012FF6F
S31520000EE07B689B6901335A42C3F30903C2F30902A3
S31520000EF058BF53427A6893617B68DB695A1E7B68C8
S31520000F00DA617B68DB69002B10D17B689B68002245
S31520000F1040F22771184606F08DF807E07B689B683B
S31520000F20002240F22771184606F084F8002318465E
S31520000F301037BD4680BD00BF4823012080B483B052
S31520000F4000AF0346FB71FB7903F01F03012202FA6F
S31520000F5003F1064A97F907305B0942F8231000BFD0
S31520000F600C37BD465DF8047B704700BF00E100E00A
S31520000F7080B483B000AF03463960FB7197F9073020
S31520000F80002B0BDA3B68DAB20C49FB7903F00F032E
S31520000F90043B1201D2B20B441A7609E03B68DAB25E
S31520000FA0074997F907301201D2B20B4483F8002380
S31520000FB000BF0C37BD465DF8047B704700ED00E0AE
S31520000FC000E100E080B582B000AF78603960002291
S31520000FD00121074802F082FF02211720FFF7C8FFF0
S31520000FE01720FFF7ABFF00BF0837BD4680BD00BF07
S31520000FF00004024080B582B000AF786039607B681B
S315200010009B688021184602F003FF034618460837DE
S31520001010BD4680BD80B582B000AF786039607B6800
S315200010209B683A68D2B20121184602F057FF00BFEA
S315200010300837BD4680BD80B582B000AF7860396084
S315200010407B689B680121184602F06DFF00BF0837B8
S31520001050BD4680BD80B584B000AF7860396007F1A9
S315200010600803184602F0E4FC8023BB6000233B7390
S315200010703B68002B01D0082300E00C237B7301235F
S31520001080BB7307F10803184602F060FC00BF103757
S31520001090BD4680BD80B584B002AF786039608020BF
S315200010A002F014FD0346012B14D1802002F028FD06
S315200010B07B68DB68002B10D07B68DA687B681B694D
S315200010C0002100910021002000F08EFC054B01221A
S315200010D01A6002E0044800F04DF80023184608374D
S315200010E0BD4680BD482301207C80002080B483B08B
S315200010F000AF0346FB71FB7903F01F03012202FABE
S3152000110003F1064A97F907305B0942F8231000BF1E
S315200011100C37BD465DF8047B704700BF00E100E058
S3152000112080B483B000AF03463960FB7197F907306E
S31520001130002B0BDA3B68DAB20C49FB7903F00F037C
S31520001140043B1201D2B20B441A7609E03B68DAB2AC
S31520001150074997F907301201D2B20B4483F80023CE
S3152000116000BF0C37BD465DF8047B704700ED00E0FC
S3152000117000E100E080B582B000AF78600EE07B68C9
S315200011801B780D2B07D07B685A1C7A601B78184673
S3152000119000F05EF902E07B6801337B607B681B7898
S315200011A0002BECD100BF00BF0837BD4680BD80B5FF
S315200011B086B000AF786000237B617B6803F00F0266
S315200011C07B69591C796110498A5C18333B4403F8C2
S315200011D00C2C7B681B097B607B68002BEDD10AE019
S315200011E07B69013B7B6107F10C027B6913441B7809
S315200011F0184600F02DF97B69002BF1D100BF00BF06
S315200012001837BD4680BD00BFCC95002080B59EB066
S3152000121000AF78607B68002B02DA4FF0FF3300E0E6
S3152000122001233B677B683A6F02FB03F37B60002355
S315200012307B6779681C4B83FB01239A10CB17D21A44
S3152000124013469B0013445B00CA1A7B6F591C7967AF
S3152000125016498A5C78333B4403F86C2C7B68124A27
S3152000126082FB03129210DB17D31A7B607B68002B5C
S31520001270DFD13B6F002B0EDA2D2000F0E9F80AE0D3
S315200012807B6F013B7B6707F10C027B6F13441B7856
S31520001290184600F0DDF87B6F002BF1D100BF00BFB0
S315200012A07837BD4680BD00BF67666666CC95002050
S315200012B080B483B000AF10237B607B6883F31188F2
S315200012C000BF00BF0C37BD465DF8047B704780B475
S315200012D083B000AF30237B607B6883F3118800BF27
S315200012E000BF0C37BD465DF8047B704780B584B0DF
S315200012F000AF78600B48FFF73DFF0B4B1B68002BB8
S3152000130002D1094B094A1A60074B1B68FB60064B42
S315200013101A687B681344044A1360FB681846103722
S31520001320BD4680BDA080002000A00020842301208F
S3152000133080B485B000AF786039603B6803F5F95317
S3152000134010337A6813607B681B68BB600023FB60E0
S3152000135009E0FB689A00BB6813441A460023136011
S31520001360FB680133FB60FB68332BF2DDBB686FF053
S3152000137016021A60BB6804331A4603231360BB683F
S3152000138084331A464FF08073136000BF1437BD466E
S315200013905DF8047B704780B485B000AF7860396013
S315200013A07B681B688033FB60FB683A681A6000BF65
S315200013B01437BD465DF8047B704780B584B000AF16
S315200013C01C4803F0CBFC3B1D184603F011FE40F2EF
S315200013D04733BB803B1D1946164803F09FFD164B2D
S315200013E0164A1A6002216FF00100FFF799FE144B8E
S315200013F0144A1A6000216FF00400FFF791FE124B89
S31520001400124A1A6002213220FFF78AFE3220FFF7A5
S315200014106DFE0021074803F032FE0121054803F046
S31520001420F2FE01220221034804F090FE00BF10378D
S31520001430BD4680BD000C004038C001204120002060
S315200014402CC001203D20002008C10120D7170020F4
S3152000145080B582B000AF0346FB71FB799BB219467B
S31520001460074805F04FFC00BF8021054805F029FEFE
S315200014700346002BF8D000BF00BF0837BD4680BD0D
S315200014800010014080B500AF124803F012FE03465B
S315200014901A46114B1A60114B01221A60104B00227A
S315200014A01A60104B1B68002B06D00E4B1B680E4A89
S315200014B01268002110469847084B00221A60084BF4
S315200014C01B68002B01D000F05DFA054B00221A6044
S315200014D080BD00BF000C00404C2301204423012086
S315200014E048230120582301206423012080B500AF22
S315200014F0124803F0DEFD03461A46114B1A60114BC3
S3152000150001221A60104B00221A60104B5B68002BD8
S3152000151006D00E4B5B680E4A52680121104698474A
S31520001520084B00221A60084B1B68002B01D000F0E4
S3152000153029FA054B00221A6080BD00BF000C00402E
S315200015404C23012044230120482301205823012035
S315200015506423012080B500AF124803F0AAFD03469C
S315200015601A46114B1A60114B01221A60104B0022A9
S315200015701A60104B9B68002B06D00E4B9B680E4AB8
S315200015809268022110469847084B00221A60084BA1
S315200015901B68002B01D000F0F5F9054B00221A60DC
S315200015A080BD00BF000C00404C23012044230120B5
S315200015B048230120582301206423012080B485B0CC
S315200015C000AF786039600023FB603B681B68BB6016
S315200015D004E0BB68FB60BB681B68BB60BB68002B74
S315200015E005D0BB689A687B689B689A42F1DD7B6868
S315200015F0BA681A60FB68002B03D13B687A681A60C8
S3152000160002E0FB687A681A6000BF1437BD465DF8B1
S31520001610047B704780B485B000AF786039600023C2
S31520001620FB603B681B68BB6004E0BB68FB60BB6873
S315200016301B68BB60BB68002B05D0BB685A687B68FB
S315200016405B689A42F1DD7B68BA681A60FB68002BFA
S3152000165003D13B687A681A6002E0FB687A681A60F0
S3152000166000BF1437BD465DF8047B704780B584B053
S3152000167000AF78607B681B68FB60FB68002B04D09A
S31520001680FB681A687B681A600CE00948FFF772FD50
S3152000169000220221074802F021FC0748FFF76AFDD5
S315200016A030BFFDE7FB6818461037BD4680BD00BF3A
S315200016B0B880002000040240C480002080B584B099
S315200016C000AF78607B681B68FB60FB68002B04D04A
S315200016D0FB681A687B681A600CE00948FFF74AFD28
S315200016E000220221074802F0F9FB0748FFF742FDD6
S315200016F030BFFDE7FB6818461037BD4680BD00BFEA
S31520001700B880002000040240D080002080B483B03E
S3152000171000AF786039603B681A687B681A603B685E
S315200017207A681A6000BF0C37BD465DF8047B7047A7
S3152000173080B483B000AF786039603B681A687B68F4
S315200017409A603B687A681A6000BF0C37BD465DF820
S31520001750047B704780B485B000AF78607B681B68D7
S31520001760FB60FB689A687B681A60FB68184614372A
S31520001770BD465DF8047B704780B485B000AF7860C5
S3152000178039600023FB603B681B68BB6004E0BB68D4
S31520001790FB60BB681B68BB60BB68002B03D0BA68C4
S315200017A07B689A42F3D1BB68002B0DD0FB68002BD7
S315200017B004D0BB681A68FB681A6003E0BB681A6825
S315200017C03B681A60012300E0002318461437BD4603
S315200017D05DF8047B704780B582B000AF02211E48B9
S315200017E004F039FD1C4803F064FC03467B6007E0E7
S315200017F01A48FFF73BFF034619491846FFF7DEFE56
S31520001800164B1B68002B06D0144B1B685A687B6846
S31520001810D31A002BECDD114B1B68002B16D00E487B
S3152000182003F047FC03463B600C4B1B685B683A6839
S315200018309A4204DD002202210A4802F04FFB074BA0
S315200018401B685B681946044803F065FF00F09AF8A8
S3152000185000BF0837BD4680BD000C00404023012054
S315200018603C230120000402400346024A136010DF95
S31520001870F74600BF542301200346054A1360054B53
S315200018805B68044A43F080535360F74600BF00BFAD
S315200018905423012000ED00E080B582B000AF7860CF
S315200018A0094B5B68C3F30803002B03D17868FFF765
S315200018B0DBFF02E07868FFF7DFFFFFF708FD00BFD8
S315200018C00837BD4680BD00BF00ED00E090B585B06D
S315200018D000AF234B1C682348FFF7C8FE0346E3608E
S315200018E0E368BB60FFF7F3FCBB68D868BB6819697F
S315200018F0BB685B691A4600F015F9FFF7D9FC1A494F
S31520001900B868FFF703FF194B1B689B68DB687B6091
S31520001910144B1B68002B0AD07B68002BD9D0114BA7
S315200019201B689A687B689B68D31A002BD1DD0F4809
S31520001930FFF710FF03460E491846FFF7F9FE0B4B3B
S315200019401B68FB6003E0FB681B691B68FB60FB6888
S315200019501B69002BF7D1F868FFF79EFFB9E700BF98
S31520001960EC9500203C230120E0950020E8950020FE
S31520001970E495002080B500AF00F004F8FFF7A7FC3F
S3152000198030BFFBE780B582B000AF144B1B68DB6825
S315200019907B60134B1B68002B1BD0124B1B68002B44
S315200019A017D07B68002B07D00D4B1B689A687B6885
S315200019B09B68D31A002B0CDA0A48FFF7CBFE0346A6
S315200019C006491846FFF7B4FE044B1B681846FFF776
S315200019D063FF00BF0837BD4680BD00BFE8950020E5
S315200019E03C230120E495002080B588B000AFF86044
S315200019F0B9607A603B60EFF312833B613B691B0958
S31520001A00012B14BF01230023DBB2FB77FFF750FC29
S31520001A103A48FFF753FEB861BB697A68DA60BB695A
S31520001A203A681A61BB69BA6A5A61354B1B68002B42
S31520001A3004D1344B1B68DB685B6801E0324B1B68C2
S31520001A40FA681A44BB695A60BB695A68BB68002B9E
S31520001A5001DDBB6801E06FF000431A44BB699A6060
S31520001A602A4803F026FB03467B61BB695A687B69DB
S31520001A70D31A002B16DD2649B869FFF7CBFD244B78
S31520001A801B685B687A699A4204DD0022022121489C
S31520001A9002F024FA1E4B1B685B6819461B4803F0AC
S31520001AA03AFE21E01C49B869FFF788FDFB7F002B31
S31520001AB01AD01A4B1B68002B16D0174B1B689A6836
S31520001AC0174B1B68DB689B68D31A002B0CDA13486C
S31520001AD0FFF740FE034612491846FFF729FE104B32
S31520001AE01B681846FFF7D8FEFB7F002B01D0FFF7B7
S31520001AF0EEFBBB6918462037BD4680BDE095002029
S31520001B0044230120EC9500204C230120000C0040AA
S31520001B1040230120000402403C230120E4950020BC
S31520001B20E895002080B588B000AFF860B9607A608B
S31520001B30EFF312833B613B691B09012B14BF012381
S31520001B400023DBB2FB76FFF7B3FBFB681B68FB6168
S31520001B50FB69002B37D003E0FB691B691B68FB611F
S31520001B60FB691B69002BF7D1304B1B68FA699A4237
S31520001B7002D0FB7E002B07D1FB7E002B01D0FFF786
S31520001B80A6FB4FF0FF334DE0FB685B68002B03D0CC
S31520001B90FB685B6800221A61244B1A68FB685A604E
S31520001BA0224B1B68FA681A61F869FFF775FE1F4B0E
S31520001BB01B68DB68002B06D1FB7E002B01D0FFF7CC
S31520001BC086FB00232EE0194B1A68FB681A60FB7E01
S31520001BD0002B05D0FB685B68012B01D0FFF777FB54
S31520001BE0BB687968F86898477861FFF761FBFB68FE
S31520001BF000221A60FB685B68FB61FB69002B0BD037
S31520001C00FB69012B08D0FB6800225A60FB69002281
S31520001C101A61F869FFF740FEFB7E002B01D0FFF723
S31520001C2056FB7B6918462037BD4680BDEC950020C3
S31520001C3080B586B000AF7860EFF31283FB60FB6857
S31520001C401B09012B14BF01230023DBB2FB74FFF712
S31520001C502FFB1F497868FFF78FFD0346002B06D11F
S31520001C601C497868FFF788FD0346002B04D01A49E3
S31520001C707868FFF74BFD21E0184B1B687B611AE063
S31520001C80174B1B687A699A4212D07B69DB687A689F
S31520001C909A420DD17B691A697B68DB689A4207D123
S31520001CA07B690022DA600C497868FFF72FFD05E092
S31520001CB07B699B687B617B69002BE1D1FB7C002BD8
S31520001CC001D0FFF704FB00BF1837BD4680BD00BF1B
S31520001CD0402301203C230120E0950020E8950020A8
S31520001CE0EC95002080B485B000AF7860EFF31283C6
S31520001CF0FB60FB681B09012B04D0074B1B68DB68C4
S31520001D005B6801E0054B1B687A68136000BF1437D7
S31520001D10BD465DF8047B7047EC9500204C230120DE
S31520001D2080B485B000AF7860EFF31283FB60FB6868
S31520001D301B09012B04D0084B1B68DB685B6801E09C
S31520001D40064B1B687A6812689B1A18461437BD46DC
S31520001D505DF8047B704700BFEC9500204C230120E2
S31520001D6080B584B000AFEFF312837B607B681B09DC
S31520001D70012B14BF01230023DBB2FB73FFF798FA74
S31520001D800C4803F096F90346BB60FB7B002B01D081
S31520001D90FFF79DFAFB7B002B04D0074B1B68DB6803
S31520001DA05B6801E0054B1B68BA68D31A18461037E2
S31520001DB0BD4680BD000C0040EC9500204C23012040
S31520001DC080B582B000AF00237B6012E07B685A1C8E
S31520001DD013465B001344DB00444A991843487A684B
S31520001DE013465B001344DB00034419607B68013310
S31520001DF07B607B681C2BE9DD3C4B0022C3F8B822B4
S31520001E0000237B6013E07B685A1C13469B00134417
S31520001E109B00374A991836487A6813469B00134424
S31520001E209B000344083319607B6801337B607B6821
S31520001E30022BE8DD2E4B00225A6400237B6030E023
S31520001E402B497A6813469B0013449B000B440433AA
S31520001E507A681A607A6813469B0013449B00244ACA
S31520001E601A447B685B0323490B4419461046FFF747
S31520001E705FFA7A6813469B0013449B001C4A13445E
S31520001E801D491846FFF787FA19497A6813469B00B9
S31520001E9013449B000B44103300221A607B680133E5
S31520001EA07B607B68032BCBDD144B4FF0FF325A60EF
S31520001EB0124B00229A60114B00221A610F4B00220E
S31520001EC0DA600F48FFF756F90E48FFF753F90E4828
S31520001ED0FFF750F90A48FFF74DF90948FFF74AF985
S31520001EE0FFF76BFA00BF0837BD4680BD04A000206F
S31520001EF0D4A2002028A30020CD18002028230120CA
S31520001F00DC800020E0800020EC80002080B586B0B8
S31520001F1000AFF860B9601346FB71FB79022B41D8FC
S31520001F20EFF312833B613B691B09012B14BF01238D
S31520001F300023DBB2FB75FFF7BBF9FB79022B0ED032
S31520001F40022B10DC002B02D0012B04D00BE0174B08
S31520001F50174A1A6014E0174B174A1A6010E0174BFD
S31520001F60174A1A600CE01748FFF704F900220221ED
S31520001F70154801F0B3FF1548FFF7FCF830BFFDE721
S31520001F80FB791349FA6841F82320FB791149BA688D
S31520001F9041F82320FB6801225A60FB7D002B01D0EB
S31520001FA0FFF795F900BF1837BD4680BDD4C0012084
S31520001FB08514002090C00120ED1400209CC0012033
S31520001FC055150020B880002000040240048100201E
S31520001FD0642301205823012080B586B002AFF86023
S31520001FE0B9607A60FFF764F9FFF7EAFEBB68002B59
S31520001FF016D00F4803F05DF803461A460D4B1A60BB
S315200020000D4B01221A607B680093BB68FA68002199
S315200020100020FFF7E9FC084B00221A60FFF7B2FC0C
S31520002020FFF7A8FC002318461037BD4680BD00BF29
S31520002030000C00404C23012044230120314900E0BC
S315200020403149EFF3088020ED108A7246EFF31183B1
S3152000205020E9FC0F2D4FD7F80080C8F800001EE0BD
S315200020600846FFF787F82A48FFF784F82948FFF73C
S3152000207081F8D8F80400FFF7C9F82748FFF77AF85F
S31520002080D8F80000FFF793F82448FFF773F8D8F83C
S3152000209000000068FFF78BF81D48FFF76BF8DFF8A4
S315200020A08080D8F80080C7F8008018E01D48FFF728
S315200020B061F8D8F80400FFF7A9F81B48FFF75AF88B
S315200020C0D8F80000FFF773F81448FFF753F8D8F84C
S315200020D000000068FFF76BF80D48FFF74BF8134A2E
S315200020E0536843F00063536000BFD8F80000B0E89F
S315200020F0FC0F83F311889646B0EC108A80F308888B
S3152000210070470000F095002001960020EC950020F5
S3152000211071960020229600203A96002042960020B2
S31520002120542301204B9600206096002000ED00E00D
S3152000213080B400AF00BFBD4680BC704780B586B076
S3152000214000AF464801F0EAFC454800F07FF94548D3
S3152000215000F07CF901214FF0007002F05BFB0121B9
S315200021604FF0806002F056FB0121022002F0F8FABF
S3152000217009220921394801F0E7FE092208213748BA
S3152000218001F0E2FE07F11003184601F007FE4FF4B6
S3152000219000733B6102233B750023BB750023FB754F
S315200021A002237B7507F1100319462C4801F068FDC0
S315200021B04FF480733B6102233B750023BB750123DB
S315200021C0FB7502237B7507F110031946234801F09E
S315200021D057FD09220621214801F0B6FE09220521D4
S315200021E01E4801F0B1FE40233B6102233B750023CC
S315200021F0BB750023FB7502237B7507F11003194677
S31520002200164801F03DFD20233B6102233B75002348
S31520002210BB750123FB7502237B7507F11003194655
S315200022200E4801F02DFD0023BB720023FB72012313
S315200022303B7300233B8000237B800023BB8000234D
S31520002240FB8000233B8101237B733B46184600F02D
S31520002250F1F900BF1837BD4680BD00BF000402401B
S31520002260006400400068004080B586B000AF0121C0
S315200022704FF0005002F0CEFA07F11003184601F095
S315200022808DFD20233B6103233B750023FB7507F15E
S31520002290100319460F4801F0F3FC01F02BF93B46D9
S315200022A0184601F067F900233B6000237B6000237A
S315200022B0FB603B461946102001F02AF90121102027
S315200022C001F06DF90021082001F010FA00BF18373F
S315200022D0BD4680BD0000024080B584B000AF01211C
S315200022E04FF4804002F0B4FA0721012002F0C0FC2E
S315200022F001F012FB3B46184601F09AFB80233B6017
S3152000230000233B710C237B710123BB713B4618468E
S3152000231001F01CFB07F10803184601F03FFD0223DC
S31520002320BB6001233B730123BB730023FB73012393
S315200023307B7307F108031946184801F0A1FC012315
S31520002340BB6001233B730123BB730023FB73012373
S315200023507B7307F108031946104801F091FC01220E
S3152000236002210E4801F0BAFD012201210B4801F09D
S31520002370B5FD8023BB6000233B730023BB73002382
S31520002380FB7301237B7307F108031946034801F009
S3152000239077FC00BF1037BD4680BD00BF0004024059
S315200023A080B483B000AFEFF314833B603B6823F027
S315200023B003037B607B6883F3148800BF064B4FF4CE
S315200023C004725A61054B4FF000425A6000BF0C3729
S315200023D0BD4680BC704700BF00ED00E030EF00E056
S315200023E080B500AF0121082002F014FA012108204F
S315200023F002F03CFB00BF80BD80B400AF114A02E072
S31520002400002342F8043B104B9A42F9D300BFBD4645
S3152000241080BC704780B500AFFFF7EEFFFFF788FE60
S31520002420FFF78CFEFFF720FFFFF756FFFFF7B8FFF9
S31520002430FFF7D6FF00BF80BD80B400AF00BFBD460A
S3152000244080BC704700A000208423012080B582B084
S3152000245000AF78607B680E4A93420AD101214FF083
S31520002460007002F06DFA00214FF0007002F068FA59
S3152000247009E001214FF0806002F062FA00214FF05E
S31520002480806002F05DFA00BF0837BD4680BD00BF00
S315200024900064004080B485B000AF786039600023C6
S315200024A0FB730023BB607B681B6823F002027B68FA
S315200024B01A607B681B6843F001027B681A6002E0A1
S315200024C0BB680133BB607B685B6803F00103012BAB
S315200024D004D0BB684FF6FF729342F1D17B685B68EC
S315200024E003F00103012B02D00023FB739CE03B6821
S315200024F09B79012B06D17B681B6843F080027B68A1
S315200025001A6005E07B681B6823F080027B681A60EE
S315200025103B68DB79012B06D17B681B6843F04002C0
S315200025207B681A6005E07B681B6823F040027B68A5
S315200025301A603B681B7A012B06D17B681B6843F027
S3152000254020027B681A6005E07B681B6823F0200266
S315200025507B681A603B685B7A012B06D17B681B6817
S3152000256043F010027B681A6005E07B681B6823F045
S3152000257010027B681A603B689B7A012B06D17B6828
S315200025801B6843F008027B681A6005E07B681B68BD
S3152000259023F008027B681A603B68DB7A012B06D1A0
S315200025A07B681B6843F004027B681A6005E07B6841
S315200025B01B6823F004027B681A603B689B789A07A5
S315200025C03B68DB781B061A433B681B791B041A43BE
S315200025D03B685B791B051A433B681B88013B1A4302
S315200025E07B68DA617B681B6823F001027B681A60CE
S315200025F00023BB6002E0BB680133BB607B685B687D
S3152000260003F00103012B04D1BB684FF6FF729342FE
S31520002610F1D17B685B6803F00103012B02D1002313
S31520002620FB7301E00123FB73FB7B18461437BD4681
S3152000263080BC704790B484B000AF78600023FB6004
S315200026407B689B7A1A4601239340FB60594BD3F84B
S315200026500032584A43F00103C2F80032554BD3F8F2
S315200026601C22FB68DB4353491340C1F81C327B68AC
S315200026701B7B002B29D14F4BD3F80C22FB68DB4365
S315200026804C491340C1F80C327B68DB881B047A68FE
S315200026905288144647497A68927A104643EA0402D9
S315200026A000F1480341F833207B689B881B047A6835
S315200026B0128814463F497A68927A104643EA040201
S315200026C000F14803DB000B445A607B681B7B012B1F
S315200026D028D1384BD3F80C223649FB681343C1F86E
S315200026E00C327B681B881B047A6852881446314951
S315200026F07A68927A104643EA040200F1480341F8C8
S3152000270033207B689B881B047A68D2881446294923
S315200027107A68927A104643EA040200F14803DB0005
S315200027200B445A607B68DB7A002B09D1214BD3F806
S315200027300422FB68DB431F491340C1F8043207E03B
S315200027401C4BD3F804221B49FB681343C1F80432FF
S315200027507B681B89002B08D1164BD3F81422FB6803
S31520002760DB4314491340C1F814327B681B89012BC3
S3152000277007D1104BD3F814220E49FB681343C1F836
S3152000278014327B685B7B012B07D10A4BD3F81C22C2
S315200027900849FB681343C1F81C32064BD3F80032B4
S315200027A0044A23F00103C2F8003200BF1037BD46A9
S315200027B090BC70470064004080B483B000AF78605E
S315200027C07B6800229A717B680022DA717B6800227E
S315200027D01A727B6800225A727B6800229A727B6882
S315200027E00022DA727B6800229A707B680022DA70F7
S315200027F07B6803221A717B6802225A717B68012248
S315200028001A8000BF0C37BD4680BC704780B483B0A9
S3152000281000AF0346FB71144BD3F80032124A43F043
S315200028200103C2F80032104BD3F800320E4A23F4CB
S315200028307C5323F00E03C2F800320B4BD3F8002250
S31520002840FB791B0208491343C1F80032064BD3F823
S315200028500032054A23F00103C2F8003200BF0C37CC
S31520002860BD4680BC704700BF0064004080B483B082
S3152000287000AF78600B46FB70FB78002B06D07B6898
S315200028801B6843F480327B681A6005E07B681B680E
S3152000289023F480327B681A6000BF0C37BD4680BCAB
S315200028A0704780B483B000AF78600B46FB70FB782E
S315200028B0002B1ED07B681B6843F080027B681A6061
S315200028C07B68D3F8843143F480727B68C3F8842113
S315200028D07B68D3F8943143F480727B68C3F89421E3
S315200028E07B68D3F8A43143F480727B68C3F8A421B3
S315200028F01DE07B681B6823F080027B681A607B687A
S31520002900D3F8843123F480727B68C3F884217B68F2
S31520002910D3F8943123F480727B68C3F894217B68C2
S31520002920D3F8A43123F480727B68C3F8A42100BFB6
S315200029300C37BD4680BC704780B485B000AF786048
S3152000294039600023FB737B689B6803F08063B3F1D7
S31520002950806F02D10023FB7315E07B689B6803F030
S315200029600063B3F1006F02D10123FB730BE07B6898
S315200029709B6803F08053B3F1805F02D10223FB737F
S3152000298001E00423FB73FB7B042B00F09F80FB7B81
S315200029907A6818331B0113441A68FB7B02F0010284
S315200029A0796818331B010B441A603B681B7A002B8D
S315200029B013D1FB7B7A6818331B01134419683B68D3
S315200029C01B685B053A68527A1A43FB7B0A4379688F
S315200029D018331B010B441A6015E0FB7B7A68183309
S315200029E01B01134419683B685B68DB003A68127A5E
S315200029F013433A68527A1A43FB7B0A4379681833A1
S31520002A001B010B441A603B689B7A03F00F03DAB272
S31520002A103B689A72FB7B7A6818331B011344043394
S31520002A201A68FB7B22F00F02796818331B010B44CE
S31520002A3004331A60FB7B7A6818331B011344043372
S31520002A401A683B689B7A1946FB7B0A4379681833D8
S31520002A501B010B4404331A603B689B7B1A063B68B8
S31520002A605B7B1B041A433B681B7B1B021A433B6898
S31520002A70DB7A1946FB7B0A4379681B010B4403F575
S31520002A80C4731A603B689B7C1A063B685B7C1B04FC
S31520002A901A433B681B7C1B021A433B68DB7B1946A7
S31520002AA0FB7B0A4379681B010B4403F5C6731A6046
S31520002AB0FB7B7A6818331B0113441A68FB7B42F0B0
S31520002AC00102796818331B010B441A60FB7B1846F8
S31520002AD01437BD4680BC704780B485B000AF78609F
S31520002AE00B46FB700023FB60FB78022B12D0022BD7
S31520002AF016DC002B02D0012B06D011E07B689A68E9
S31520002B00304B1340FB600EE07B689A682E4B1340D7
S31520002B10FB6008E07B689A682C4B1340FB6002E060
S31520002B200023FB6000BFFB68284A93423DD0FB6828
S31520002B30264A93423CD8FB68254A93422CD0FB6810
S31520002B40234A934234D8FB681F4A93422AD0FB6813
S31520002B501D4A93422CD8FB681E4A934219D0FB6823
S31520002B601C4A934224D8FB68164A934217D0FB6826
S31520002B70144A93421CD8FB68002B04D0FB68164AE3
S31520002B80934203D014E00223FB6014E00023FB6091
S31520002B9011E00023FB600EE00023FB600BE0012325
S31520002BA0FB6008E00123FB6005E00123FB6002E0F7
S31520002BB00023FB6000BFFB68DBB218461437BD4616
S31520002BC080BC7047030000040003000800000310C7
S31520002BD000000110000100080100000480B483B049
S31520002BE000AF78600B46FB70FB78022B14D0022BCB
S31520002BF019DC002B02D0012B07D014E07B689B68E0
S31520002C0043F080027B689A600EE07B689B6843F401
S31520002C1000427B689A6007E07B689B6843F4000269
S31520002C207B689A6000E000BF00BF0C37BD4680BCC1
S31520002C30704780B485B000AFF8600B467A60FB72AF
S31520002C40FB7AFA681B331B0113441B68DBB203F0C3
S31520002C500403DAB27B681A727B681B7A002B0BD1CD
S31520002C60FB7AFA681B331B0113441B685B0DC3F305
S31520002C700A027B681A600AE0FB7AFA681B331B019A
S31520002C8013441B68DB0823F060427B685A60FB7A9A
S31520002C90FA681B331B0113441B68DBB203F00203E3
S31520002CA0DAB27B685A72FB7AFA681B331B0113442B
S31520002CB004331B68DBB203F00F03DAB27B689A7227
S31520002CC0FB7AFA681B331B01134404331B681B0A67
S31520002CD0DAB27B68DA74FB7AFA681B01134403F5CF
S31520002CE0DC731B68DAB27B68DA72FB7AFA681B013E
S31520002CF0134403F5DC731B681B0ADAB27B681A736C
S31520002D00FB7AFA681B01134403F5DC731B681B0C62
S31520002D10DAB27B685A73FB7AFA681B01134403F50F
S31520002D20DC731B681B0EDAB27B689A73FB7AFA682F
S31520002D301B01134403F5DE731B68DAB27B68DA7372
S31520002D40FB7AFA681B01134403F5DE731B681B0A22
S31520002D50DAB27B681A74FB7AFA681B01134403F50E
S31520002D60DE731B681B0CDAB27B685A74FB7AFA682E
S31520002D701B01134403F5DE731B681B0EDAB27B6856
S31520002D809A74FB7A002B06D1FB68DB6843F020029D
S31520002D90FB68DA6005E0FB681B6943F02002FB68EC
S31520002DA01A6100BF1437BD4680BC704780B483B01B
S31520002DB000AF78600B46FB70FB78002B06D17B6852
S31520002DC0DB6843F020027B68DA6005E07B681B69DC
S31520002DD043F020027B681A6100BF0C37BD4680BCD9
S31520002DE0704780B485B000AF78600B46FB70002337
S31520002DF0FB73FB78002B06D17B68DB68DBB203F024
S31520002E000303FB730BE0FB78012B06D17B681B6960
S31520002E10DBB203F00303FB7301E00023FB73FB7BB0
S31520002E2018461437BD4680BC704780B485B000AFC5
S31520002E3078600B46FB700023FB734FF6FF73BB6075
S31520002E40FB78002B20D17B681B6823F0030343F01B
S31520002E5001027B681A6002E0BB68013BBB607B68AD
S31520002E605B6803F00303012B02D0BB68002BF3D170
S31520002E707B685B6803F00303012B02D00023FB73FE
S31520002E804AE00123FB7347E0FB78012B1ED17B68C8
S31520002E901B6823F003027B681A6002E0BB68013BD3
S31520002EA0BB607B685B6803F00303002B02D0BB6822
S31520002EB0002BF3D17B685B6803F00303002B02D061
S31520002EC00023FB7328E00123FB7325E0FB78022B0C
S31520002ED020D17B681B6823F0030343F002027B6842
S31520002EE01A6002E0BB68013BBB607B685B6803F04D
S31520002EF00303022B02D0BB68002BF3D17B685B68EF
S31520002F0003F00303022B02D00023FB7304E001230A
S31520002F10FB7301E00023FB73FB7B18461437BD4689
S31520002F2080BC704780B485B000AF78600023FB7307
S31520002F307B681B6823F0030343F002027B681A6058
S31520002F407B685B6803F00303022B01D10123FB732B
S31520002F50FB7B18461437BD4680BC704780B485B0CD
S31520002F6000AF78604FF6FF73FB600023FB727B682F
S31520002F701B6823F002027B681A6002E0FB68013BB3
S31520002F80FB607B685B6803F00203022B02D1FB68BF
S31520002F90002BF3D17B685B6803F00203022B01D080
S31520002FA00123FB72FB7A18461437BD4680BC704756
S31520002FB080B485B000AF78600023FB737B689B6983
S31520002FC0DBB203F07003FB73FB7B18461437BD4658
S31520002FD080BC704780B485B000AF78600023FB7357
S31520002FE07B689B691B0EFB73FB7B18461437BD461B
S31520002FF080BC704780B485B000AF78600023FB7337
S315200030007B689B691B0CFB73FB7B18461437BD46FC
S3152000301080BC704780B485B000AFF860B9601346B5
S31520003020FB71FB79002B06D0FB685A69BB681A43F3
S31520003030FB685A6106E0FB685A69BB68DB431A40A5
S31520003040FB685A6100BF1437BD4680BC704780B408
S3152000305085B000AF786039600023FB733B6803F4CA
S315200030607003002B0DD07B689A693B681340C3F32D
S315200030701303002B02D00123FB7348E00023FB73CC
S3152000308045E03B6803F08073002B0DD07B685A68BF
S315200030903B681340C3F31303002B02D00123FB73B9
S315200030A035E00023FB7332E03B6803F00063002B1E
S315200030B00DD07B689A683B681340C3F31303002B3B
S315200030C002D00123FB7322E00023FB731FE03B6841
S315200030D003F00073002B0DD07B68DA683B68134041
S315200030E0C3F31303002B02D00123FB730FE000234D
S315200030F0FB730CE07B681A693B681340C3F3130328
S31520003100002B02D00123FB7301E00023FB73FB7B22
S3152000311018461437BD4680BC704780B485B000AFD2
S31520003120786039600023FB603B68174A934203D1DD
S315200031307B6800229A6121E03B68C3F31303FB609E
S315200031403B6803F00073002B03D07B68FA68DA60D3
S3152000315014E03B6803F08063002B03D07B68FA6899
S315200031601A610BE03B6803F00063002B03D07B68F9
S31520003170FA689A6002E07B68FA685A6000BF1437E2
S31520003180BD4680BC704700BF7000F03080B584B06B
S3152000319000AF786039600023FB737B685A693B680F
S315200031A01340002B00F0F0803B68B3F5003F00F0A1
S315200031B0B2803B68B3F5003F00F2E3803B68B3F58D
S315200031C0803F00F09F803B68B3F5803F00F2D980B6
S315200031D03B68B3F5004F00F0CB803B68B3F5004F5A
S315200031E000F2CF803B68B3F5006F00F0B8803B68F3
S315200031F0B3F5006F00F2C5803B68B3F5806F00F031
S31520003200A5803B68B3F5806F00F2BB803B68B3F5C1
S31520003210007F00F092803B68B3F5007F00F2B1801A
S315200032203B68B3F5807F7FD03B68B3F5807F00F2A3
S31520003230A8803B68402B5CD03B68402B00F2A180E5
S315200032403B68202B4CD03B68202B00F29A803B68B1
S31520003250102B3CD03B68102B00F293803B68082B48
S315200032602CD03B68082B00F28C803B68042B1CD0AA
S315200032703B68042B00F285803B68012B03D03B681A
S31520003280022B09D07DE07B689B684349184600F0F5
S3152000329019F90346FB7379E07B68DB68032118463E
S315200032A000F010F90346FB7370E07B68DB680821A9
S315200032B0184600F007F90346FB7367E07B68DB6876
S315200032C01021184600F0FEF80346FB735EE07B688B
S315200032D01B690321184600F0F5F80346FB7355E0F9
S315200032E07B681B690821184600F0ECF80346FB733F
S315200032F04CE07B681B691021184600F0E3F8034672
S31520003300FB7343E07B685B680821184600F0DAF817
S315200033100346FB733AE07B685B681021184600F091
S31520003320D1F80346FB7331E07B689B69012118467F
S3152000333000F0C8F80346FB7328E07B689B690221EE
S31520003340184600F0BFF80346FB731FE07B689B69B5
S315200033500421184600F0B6F80346FB7316E07B6896
S315200033609B697021184600F0ADF80346FB730DE00B
S315200033707B685B680421184600F0A4F80346FB73BB
S3152000338004E00023FB7301E00023FB73FB7B18465C
S315200033901037BD4680BD00BF0101010080B483B057
S315200033A000AF786039603B68B3F5003F64D03B6876
S315200033B0B3F5003F7ED83B68B3F5803F58D03B68D5
S315200033C0B3F5803F76D83B68B3F5004F6BD03B68AA
S315200033D0B3F5004F6ED83B68B3F5006F5CD03B6801
S315200033E0B3F5006F66D83B68B3F5806F50D03B6865
S315200033F0B3F5806F5ED83B68B3F5007F44D03B6859
S31520003400B3F5007F56D83B68B3F5807F38D03B684C
S31520003410B3F5807F4ED83B68402B25D03B68402BA8
S3152000342048D83B68202B1BD03B68202B42D83B68D2
S31520003430082B11D03B68082B3CD83B68012B03D0C6
S315200034403B68042B04D035E07B681D4A9A6032E045
S315200034507B680822DA602EE07B681022DA602AE098
S315200034607B6808221A6126E07B6810221A6122E016
S315200034707B6808225A601EE07B6810225A601AE098
S315200034807B6804225A6016E07B6804225A6012E0A8
S315200034907B6804225A600EE07B6800229A617B6872
S315200034A004225A6007E07B6800229A617B68042226
S315200034B05A6000E000BF00BF0C37BD4680BC704795
S315200034C00101010080B485B000AF78603960002327
S315200034D0FB737A683B681340002B02D00123FB73F1
S315200034E001E00023FB73FB7B18461437BD4680BCE6
S315200034F0704700BF80B500AF01214FF0005001F0AA
S315200035001FFA00214FF0005001F01AFA00BF80BDCB
S3152000351080B485B000AF786039600023FB6000235B
S31520003520BB60134B1B68FB6040F6FE727B6802FA99
S3152000353003F3DB43FA681340FB603B681A683B6879
S315200035405B681A433B689B681A433B68DB681343F6
S31520003550BB60BA687B6802FA03F3FA681343FB6020
S31520003560034AFB68136000BF1437BD4680BC704712
S315200035700074004080B483B000AF78607B6800227E
S315200035801A607B6800225A607B6800229A607B68FA
S315200035900022DA6000BF0C37BD4680BC704780B47D
S315200035A083B000AF78600B46FB70FB78002B09D008
S315200035B00C4B1A6801217B6801FA03F3094913436E
S315200035C00B6009E0074B1A6801217B6801FA03F3B7
S315200035D0DB43044913400B6000BF0C37BD4680BC5B
S315200035E0704700BF0074004080B483B000AF78609D
S315200035F00B46FB70FB78002B0AD00D4B5A687B6874
S315200036001B09012101FA03F3094913434B600AE020
S31520003610074B5A687B681B09012101FA03F3DB4338
S31520003620034913404B6000BF0C37BD4680BC704732
S315200036300074004080B483B000AF0346FB71FB7971
S31520003640002B06D0084B5B68074A43F00303536000
S3152000365005E0054B5B68044A23F00303536000BF73
S315200036600C37BD4680BC70470074004080B485B0DE
S3152000367000AFF860B9601346FB71FB79002B09D0C7
S315200036800C4B1A68B968FB6801FA03F3094913431E
S315200036900B6009E0074B1A68B968FB6801FA03F367
S315200036A0DB43044913400B6000BF1437BD4680BC82
S315200036B0704700BF0074004080B485B000AF7860CA
S315200036C00B467B800023FB60074BFB60FA687B6818
S315200036D013440833FB60FB681A467B88136000BFDF
S315200036E01437BD4680BC70470074004080B485B056
S315200036F000AF78600B467B800023FB60074BFB60A6
S31520003700FA687B6813441433FB60FB681A467B888F
S31520003710136000BF1437BD4680BC7047007400405C
S3152000372080B485B000AF78600B467B8013463B8023
S315200037300023FB600023BB607B68082B05D17B88B8
S315200037401A023B881343FB6004E07B881A043B88FB
S315200037501343FB60074BBB607A68BB681344203376
S31520003760BB60BB68FA681A6000BF1437BD4680BCD0
S31520003770704700BF0074004080B485B000AF786009
S315200037800023FB60074BFB607B689A08FB681344A9
S315200037902C33FB60FB681B689BB218461437BD466A
S315200037A080BC70470074004080B483B000AF78605E
S315200037B00B46FB70FB78002B0AD00D4B1A684FF492
S315200037C080517B6801FA03F3094913430B600AE031
S315200037D0074B1A684FF480517B6801FA03F3DB43E9
S315200037E0034913400B6000BF0C37BD4680BC7047B1
S315200037F00074004080B485B000AFF860B96013460D
S31520003800FB71FB79002B09D00C4B1A68B968FB6851
S3152000381001FA03F3094913430B6009E0074B1A68C1
S31520003820B968FB6801FA03F3DB43044913400B60D4
S3152000383000BF1437BD4680BC704700BF00740040EF
S3152000384080B485B000AF786039600023FB730A4BE3
S315200038505A6B39687B6801FA03F31340002B02D0B8
S315200038600123FB7301E00023FB73FB7B184614370F
S31520003870BD4680BC704700BF0074004080B483B052
S3152000388000AF7860396005493A687B6802FA03F32D
S315200038904B6300BF0C37BD4680BC704700740040A8
S315200038A080B485B000AF786039600023FB730023B5
S315200038B0BB600F4B1A6839687B6801FA03F3134023
S315200038C0BB600B4B5A6B39687B6801FA03F31340D4
S315200038D0002B05D0BB68002B02D00123FB7301E02F
S315200038E00023FB73FB7B18461437BD4680BC70470C
S315200038F00074004080B483B000AF78603960054919
S315200039003A687B6802FA03F34B6300BF0C37BD4667
S3152000391080BC70470074004080B400AF094B002281
S315200039201A60084B00225A60064B00229A60054B0B
S315200039300022DA60034B044A5A6100BFBD4680BCB0
S31520003940704700BF003C0140FFFF7F0080B485B078
S3152000395000AF78600023FB60344BFB607B689B796B
S31520003960002B4FD0314B1A687B681B68DB432F49ED
S3152000397013400B602D4B5A687B681B68DB432B4931
S3152000398013404B607B681B791A46FB681344FB6027
S31520003990FB6819687B681A68FB680A431A60234B20
S315200039A09A687B681B68DB43204913408B601F4B5A
S315200039B0DA687B681B68DB431C491340CB607B6855
S315200039C05B79102B0ED1194B9A687B681B681749B7
S315200039D013438B60154BDA687B681B6813491343C6
S315200039E0CB601DE0114BFB607B685B791A46FB6858
S315200039F01344FB60FB6819687B681A68FB680A43F6
S31520003A001A600DE07B681B791A46FB681344FB603D
S31520003A10FB6819687B681B68DA43FB680A401A60F2
S31520003A2000BF1437BD4680BC704700BF003C014034
S31520003A3080B483B000AF78607B6800221A607B6810
S31520003A4000221A717B680C225A717B6800229A71B7
S31520003A5000BF0C37BD4680BC704780B483B000AF32
S31520003A607860054B1A6904497B6813430B6100BFD4
S31520003A700C37BD4680BC7047003C014080B485B001
S31520003A8000AF78600023FB73084B5A697B681340AC
S31520003A90002B02D00123FB7301E00023FB73FB7B89
S31520003AA018461437BD4680BC704700BF003C014015
S31520003AB080B483B000AF7860034A7B68536100BF4F
S31520003AC00C37BD4680BC7047003C014080B485B0B1
S31520003AD000AF78600023FB73084B5A697B6813405C
S31520003AE0002B02D00123FB7301E00023FB73FB7B39
S31520003AF018461437BD4680BC704700BF003C0140C5
S31520003B0080B483B000AF7860034A7B68536100BFFE
S31520003B100C37BD4680BC7047003C014080B582B062
S31520003B2000AF78607B684B4A934208D1012101207F
S31520003B3000F0ACFE0021012000F0A8FE86E07B68A4
S31520003B40454A934208D10121022000F09FFE002120
S31520003B50022000F09BFE79E07B68404A934208D120
S31520003B600121042000F092FE0021042000F08EFEA8
S31520003B706CE07B683A4A934208D10121082000F084
S31520003B8085FE0021082000F081FE5FE07B68354A33
S31520003B90934208D10121102000F078FE0021102048
S31520003BA000F074FE52E07B682F4A934208D101212F
S31520003BB0202000F06BFE0021202000F067FE45E06B
S31520003BC07B682A4A934208D10121402000F05EFEFC
S31520003BD00021402000F05AFE38E07B68244A9342B8
S31520003BE008D10121802000F051FE0021802000F024
S31520003BF04DFE2BE07B681F4A93420AD101214FF4E8
S31520003C00807000F043FE00214FF4807000F03EFEED
S31520003C101CE07B68184A93420AD101214FF40070B8
S31520003C2000F034FE00214FF4007000F02FFE0DE06E
S31520003C307B68124A934209D101214FF4806000F03B
S31520003C4025FE00214FF4806000F020FE00BF0837DB
S31520003C50BD4680BD0000024000040240000802402C
S31520003C60000C0240001002400014024000180240DE
S31520003C70001C02400020024000240240002802408E
S31520003C8080B487B000AF7860396000237B61002361
S31520003C903B610023FB6000237B6176E001227B6988
S31520003CA002FA03F33B613B681B683A691340FB60E9
S31520003CB0FA683B699A4265D17B681A687B695B0022
S31520003CC0032101FA03F3DB431A407B681A607B6801
S31520003CD01A683B681B7919467B695B0001FA03F376
S31520003CE01A437B681A603B681B79012B03D03B681B
S31520003CF01B79022B2ED17B689A687B695B00032196
S31520003D0001FA03F3DB431A407B689A607B689A6862
S31520003D103B685B7919467B695B0001FA03F31A431A
S31520003D207B689A607B685A687B699BB21946012337
S31520003D308B40DB431A407B685A607B685B683A6835
S31520003D40927911467A6992B201FA02F292B21A4334
S31520003D507B685A607B68DA687B699BB25B000321CB
S31520003D6001FA03F3DB431A407B68DA607B68DA6882
S31520003D703B68DB7919467B695B0001FA03F31A433A
S31520003D807B68DA607B6901337B617B690F2B85D980
S31520003D9000BF00BF1C37BD4680BC704780B483B0CF
S31520003DA000AF78607B684FF6FF721A607B6800224E
S31520003DB01A717B6800225A717B6800229A717B688F
S31520003DC00022DA7100BF0C37BD4680BC704780B434
S31520003DD085B000AF78600B467B804FF48033FB6064
S31520003DE07A88FB681343FB60FA687B68DA617A8815
S31520003DF07B68DA61FA687B68DA617B68DB69FB607D
S31520003E007B68DB69FB6000BF1437BD4680BC70470A
S31520003E1080B485B000AF78600B467B800023FB73AF
S31520003E207B681A697B881340002B02D00123FB7321
S31520003E3001E00023FB73FB7B18461437BD4680BC8C
S31520003E40704780B483B000AF78607B681B699BB2F3
S31520003E5018460C37BD4680BC704780B485B000AF8D
S31520003E6078600B467B800023FB737B685A697B88CE
S31520003E701340002B02D00123FB7301E00023FB73C8
S31520003E80FB7B18461437BD4680BC704780B483B090
S31520003E9000AF78607B685B699BB218460C37BD46DD
S31520003EA080BC704780B483B000AF78600B467B80BF
S31520003EB07B687A881A8300BF0C37BD4680BC704762
S31520003EC080B483B000AF78600B467B807B687A88AD
S31520003ED05A8300BF0C37BD4680BC704780B483B080
S31520003EE000AF78600B467B8013467B707B78002B77
S31520003EF003D07B687A881A8302E07B687A885A83A3
S31520003F0000BF0C37BD4680BC704780B483B000AF7D
S31520003F1078600B467B807A887B685A6100BF0C37B5
S31520003F20BD4680BC704780B483B000AF78600B4636
S31520003F307B807B685A697B885A407B685A6100BFC0
S31520003F400C37BD4680BC704780B485B000AF786022
S31520003F500B467B8013467B700023FB600023BB60EF
S31520003F607A787B8803F007039B0002FA03F3FB6051
S31520003F707B88DB089BB21A467B68083253F82220DE
S31520003F807B8803F007039B000F2101FA03F3DB4331
S31520003F907988C90889B2084602EA03017B6800F1DC
S31520003FA0080243F822107B88DB089BB21A467B68FE
S31520003FB0083253F82230FA681343BB607B88DB084B
S31520003FC09BB21A467B680832B96843F8221000BFB4
S31520003FD01437BD4680BC704780B400AF164B1B68B3
S31520003FE0154A43F001031360134B00229A60124BCB
S31520003FF01B68114A23F0A85323F4102313600E4B99
S315200040000E4A5A600C4B0E4AC3F884200A4B0D4ABE
S31520004010C3F88820084B1B68074A23F480231360C3
S31520004020054B0022DA60044B0022C3F88C2000BF27
S31520004030BD4680BC704700BF0038024010300024C7
S31520004040003000200030002480B483B000AF034647
S31520004050FB71054B00221A70034AFB79137000BFCF
S315200040600C37BD4680BC70470238024080B582B00E
S3152000407000AF00233B600023FB710023BB7131207E
S3152000408000F056FD0346BB713B6801333B603B683D
S31520004090B3F5A04F02D0BB79002BF0D0312000F031
S315200040A047FD0346002B02D00123FB7101E00023CC
S315200040B0FB71FB7918460837BD4680BD80B485B0B4
S315200040C000AF0346FB710023FB600A4B1B68FB60B5
S315200040D0FB6823F0F803FB60FB79DB00FA681343E7
S315200040E0FB60044AFB68136000BF1437BD4680BCE2
S315200040F0704700BF0038024080B483B000AF03464B
S31520004100FB71044AFB79136000BF0C37BD4680BCA7
S31520004110704700BF0000474280B483B000AF03461B
S31520004120FB710C4B00221A700A4B00221A70FB7985
S31520004130012B02D0042B04D007E0064B01221A7073
S3152000414003E0044B05221A7000BF00BF0C37BD46A2
S3152000415080BC70477038024080B483B000AF0346FD
S31520004160FB71044AFB79136000BF0C37BD4680BC47
S31520004170704700BF800E474280B485B000AFF8601C
S31520004180B9607A603B607B689A01BB681A433B68DA
S315200041905B08013B1B041A43FB681A43BB691B06D9
S315200041A0034913434B6000BF1437BD4680BC70479C
S315200041B00038024080B483B000AF0346FB71044A46
S315200041C0FB79136000BF0C37BD4680BC704700BF2B
S315200041D06000474280B483B000AF786039607B6866
S315200041E09A013B681B0704491343C1F8843000BF7A
S315200041F00C37BD4680BC70470038024080B483B07F
S3152000420000AF0346FB71044AFB79136000BF0C37ED
S31520004210BD4680BC704700BF6800474280B485B069
S3152000422000AFF860B9607A60FB689A01BB681B062C
S315200042301A437B681B0704491343C1F8883000BF23
S315200042401437BD4680BC70470038024080B483B026
S3152000425000AF0346FB71044AFB79136000BF0C379D
S31520004260BD4680BC704700BF7000474280B483B013
S3152000427000AF0346FB71044AFB79136000BF0C377D
S31520004280BD4680BC704700BF4C00474280B485B015
S3152000429000AF786039600023FB600A4B9B68FB60A7
S315200042A0FB6823F0EC63FB607A683B681343FA688B
S315200042B01343FB60034AFB68936000BF1437BD4677
S315200042C080BC70470038024080B485B000AF78606B
S315200042D039600023FB600A4B9B68FB60FB6823F078
S315200042E07843FB607A683B681343FA681343FB60A4
S315200042F0034AFB68936000BF1437BD4680BC7047F5
S315200043000038024080B485B000AF78600023FB609F
S31520004310094B9B68FB60FB6823F00303FB60FA688C
S315200043207B681343FB60044AFB68936000BF143725
S31520004330BD4680BC704700BF0038024080B400AF45
S31520004340044B9B68DBB203F00C03DBB21846BD4678
S3152000435080BC70470038024080B485B000AF7860DA
S315200043600023FB60094B9B68FB60FB6823F0F0038E
S31520004370FB60FA687B681343FB60044AFB68936022
S3152000438000BF1437BD4680BC704700BF00380240CE
S3152000439080B485B000AF78600023FB60094B9B6832
S315200043A0FB60FB6823F4E053FB60FA687B681343E9
S315200043B0FB60044AFB68936000BF1437BD4680BC8F
S315200043C0704700BF0038024080B485B000AF7860E7
S315200043D00023FB60094B9B68FB60FB6823F460436A
S315200043E0FB607B68DB00FA681343FB60034AFB68CB
S315200043F0936000BF1437BD4680BC7047003802402A
S3152000440080B489B000AF78600023BB6100237B6154
S315200044100023FB6102233B610023FB600223BB6078
S315200044204A4B9B6803F00C03BB61BB69082B11D078
S31520004430BB69082B44D8BB69002B03D0BB69042B6E
S3152000444004D03DE07B68424A1A603DE07B68414AE1
S315200044501A6039E03D4B5B689B0D03F00103FB605E
S315200044603A4B5B6803F03F03BB60FB68002B0CD024
S31520004470384ABB68B2FBF3F3344A52689209C2F356
S31520004480080202FB03F3FB610BE0314ABB68B2FB77
S31520004490F3F32E4A52689209C2F3080202FB03F391
S315200044A0FB612A4B5B681B0C03F0030301335B00A3
S315200044B03B61FA693B69B2FBF3F27B681A6003E061
S315200044C07B68234A1A6000BF204B9B6803F0F003E9
S315200044D0BB61BB691B09BB611F4ABB6913441B78BF
S315200044E0DBB27B617B681A687B69DA407B685A603D
S315200044F0164B9B6803F4E053BB61BB699B0ABB6107
S31520004500154ABB6913441B78DBB27B617B685A680A
S315200045107B69DA407B689A600C4B9B6803F46043A6
S31520004520BB61BB695B0BBB610B4ABB6913441B7840
S31520004530DBB27B617B685A687B69DA407B68DA602C
S3152000454000BF2437BD4680BC704700BF00380240FC
S315200045500024F40000127A002481002080B485B063
S3152000456000AF78600023FB607B6803F44073B3F5EB
S31520004570407F11D10F4B9B68FB60FB6823F4F81337
S31520004580FB607B6823F0704323F44073FA6813437F
S31520004590FB60084AFB689360064B1A6F7B68C3F37F
S315200045A00B03044913430B6700BF1437BD4680BC79
S315200045B0704700BF0038024080B483B000AF034686
S315200045C0FB71044AFB79136000BF0C37BD4680BCE3
S315200045D0704700BF3C0E474280B483B000AF03460D
S315200045E0FB71044AFB79136000BF0C37BD4680BCC3
S315200045F0704700BF400E474280B483B000AF78605A
S31520004600034A7B68136000BF0C37BD4680BC7047E9
S315200046105C01474280B485B000AF78600023FB6020
S315200046200A4BD3F88C30FB60FB6823F01F03FB603A
S315200046307B68013BFA681343FB60044AFB68C2F8B7
S315200046408C3000BF1437BD4680BC7047003802400E
S3152000465080B485B000AF78600023FB600B4BD3F8A5
S315200046608C30FB60FB6823F4F853FB607B68013BCE
S315200046701B02FA681343FB60044AFB68C2F88C30BD
S3152000468000BF1437BD4680BC704700BF00380240CB
S3152000469080B485B000AF78600023FB600A4BD3F866
S315200046A08C30FB60FB6823F44013FB60FA687B6860
S315200046B01343FB60044AFB68C2F88C3000BF1437F2
S315200046C0BD4680BC704700BF0038024080B485B02C
S315200046D000AF78600023FB600A4BD3F88C30FB6078
S315200046E0FB6823F44003FB60FA687B681343FB6096
S315200046F0044AFB68C2F88C3000BF1437BD4680BC24
S31520004700704700BF0038024080B485B000AF7860A3
S315200047100023FB600A4BD3F88C30FB60FB6823F444
S315200047204033FB60FA687B681343FB60044AFB68EE
S31520004730C2F88C3000BF1437BD4680BC704700BF1E
S315200047400038024080B483B000AF7860034A7B68AB
S31520004750136000BF0C37BD4680BC7047E01147424E
S3152000476080B483B000AF78600B46FB70FB78002BDB
S3152000477006D0094B1A6B08497B6813430B6306E086
S31520004780054B1A6B7B68DB43034913400B6300BF61
S315200047900C37BD4680BC70470038024080B483B0D9
S315200047A000AF78600B46FB70FB78002B06D0094BD8
S315200047B05A6B08497B6813434B6306E0054B5A6BDB
S315200047C07B68DB43034913404B6300BF0C37BD4670
S315200047D080BC70470038024080B483B000AF786058
S315200047E00B46FB70FB78002B06D0094B9A6B0849C9
S315200047F07B6813438B6306E0054B9A6B7B68DB4330
S31520004800034913408B6300BF0C37BD4680BC7047FD
S315200048100038024080B483B000AF78600B46FB704E
S31520004820FB78002B06D0094B1A6C08497B6813438A
S315200048300B6406E0054B1A6C7B68DB430349134087
S315200048400B6400BF0C37BD4680BC70470038024061
S3152000485080B483B000AF78600B46FB70FB78002BEA
S3152000486006D0094B5A6C08497B6813434B6406E013
S31520004870054B5A6C7B68DB43034913404B6400BFEE
S315200048800C37BD4680BC70470038024080B483B0E8
S3152000489000AF78600B46FB70FB78002B06D0094BE7
S315200048A01A6908497B6813430B6106E0054B1A69B0
S315200048B07B68DB43034913400B6100BF0C37BD46C1
S315200048C080BC70470038024080B483B000AF786067
S315200048D00B46FB70FB78002B06D0094B5A6908491A
S315200048E07B6813434B6106E0054B5A697B68DB43C3
S315200048F0034913404B6100BF0C37BD4680BC70474F
S315200049000038024080B483B000AF78600B46FB705D
S31520004910FB78002B06D0094B9A6908497B6813431C
S315200049208B6106E0054B9A697B68DB43034913409C
S315200049308B6100BF0C37BD4680BC704700380240F3
S3152000494080B483B000AF78600B46FB70FB78002BF9
S3152000495006D0094B1A6A08497B6813430B6206E0A6
S31520004960054B1A6A7B68DB43034913400B6200BF81
S315200049700C37BD4680BC70470038024080B483B0F7
S3152000498000AF78600B46FB70FB78002B06D0094BF6
S315200049905A6A08497B6813434B6206E0054B5A6AFC
S315200049A07B68DB43034913404B6200BF0C37BD468F
S315200049B080BC70470038024080B483B000AF786076
S315200049C00B46FB70FB78002B06D0094B1A6D084965
S315200049D07B6813430B6506E0054B1A6D7B68DB434A
S315200049E0034913400B6500BF0C37BD4680BC70479A
S315200049F00038024080B483B000AF78600B46FB706D
S31520004A00FB78002B06D0094B5A6D08497B68134367
S31520004A104B6506E0054B5A6D7B68DB430349134023
S31520004A204B6500BF0C37BD4680BC7047003802403E
S31520004A3080B483B000AF78600B46FB70FB78002B08
S31520004A4006D0094B9A6D08497B6813438B6506E0AF
S31520004A50054B9A6D7B68DB43034913408B6500BF8A
S31520004A600C37BD4680BC70470038024080B483B006
S31520004A7000AF78600B46FB70FB78002B06D0094B05
S31520004A801A6E08497B6813430B6606E0054B1A6EBF
S31520004A907B68DB43034913400B6600BF0C37BD46DA
S31520004AA080BC70470038024080B483B000AF786085
S31520004AB00B46FB70FB78002B06D0094B5A6E084933
S31520004AC07B6813434B6606E0054B5A6E7B68DB43D7
S31520004AD0034913404B6600BF0C37BD4680BC704768
S31520004AE00038024080B483B000AF03460A46FB710B
S31520004AF01346BB71BB79002B08D00C4B1B78DAB25E
S31520004B000A49FB791343DBB20B7009E0074B1B788C
S31520004B10DAB2FB79DB43DBB204491340DBB20B701C
S31520004B2000BF0C37BD4680BC704700BF0D38024021
S31520004B3080B487B000AF0346FB710023FB600023DF
S31520004B407B610023FB74FB795B09DBB2FB60FB68AE
S31520004B50012B03D1124B1B687B6109E0FB68022BFA
S31520004B6003D10F4B1B6F7B6102E00D4B5B6F7B61AB
S31520004B70FB7903F01F03FB607A69FB6822FA03F3D3
S31520004B8003F00103002B02D00123FB7401E0002374
S31520004B90FB74FB7C18461C37BD4680BC704700BFA3
S31520004BA00038024080B400AF044B5B6F034A43F0E9
S31520004BB08073536700BFBD4680BC704700380240F3
S31520004BC080B485B000AF0346FB710023FB73084B0E
S31520004BD0DA68FB791340002B02D00123FB7301E036
S31520004BE00023FB73FB7B18461437BD4680BC7047F9
S31520004BF00038024080B483B000AF0346FB71044AFC
S31520004C00FB79137000BF0C37BD4680BC704700BFD0
S31520004C100E38024080B500AF01214FF48040FFF7E7
S31520004C20ADFE00214FF48040FFF7A8FE00BF80BDF7
S31520004C3080B483B000AF0346FB71044AFB7913604E
S31520004C4000BF0C37BD4680BC704700BF003801400E
S31520004C5080B483B000AF0346FB71044AFB7913602E
S31520004C6000BF0C37BD4680BC704700BF20002742DE
S31520004C7080B485B000AF03460A46FB711346BB716C
S31520004C800023FB60BB7903F003039B000F2202FA8B
S31520004C9003F3FB60154ABB799B08DBB2023352F85B
S31520004CA02320FB68DB431148B9798908C9B21A4029
S31520004CB08B1C40F823200D4ABB799B08DBB20233BC
S31520004CC052F82320F979BB7903F003039B0001FAFC
S31520004CD003F30648B9798908C9B21A438B1C40F8F0
S31520004CE0232000BF1437BD4680BC704700380140E2
S31520004CF080B483B000AF7860034A7B68136000BF3E
S31520004D000C37BD4680BC7047DC00274280B483B098
S31520004D1000AF0346FB71044AFB79136000BF0C37D2
S31520004D20BD4680BC704700BF0004274280B483B0D4
S31520004D3000AF0023FB71084B1B6A03F48073002B22
S31520004D4002D00123FB7101E00023FB71FB79184699
S31520004D500C37BD4680BC70470038014080B582B014
S31520004D6000AF78607B68604A934208D10121012018
S31520004D70FFF704FE00210120FFF700FEAFE07B686D
S31520004D80B3F1804F08D101210120FFF7D9FD002181
S31520004D900120FFF7D5FDA2E07B68544A934208D153
S31520004DA001210220FFF7CCFD00210220FFF7C8FDDC
S31520004DB095E07B684E4A934208D101210420FFF7F3
S31520004DC0BFFD00210420FFF7BBFD88E07B68494A30
S31520004DD0934208D101210820FFF7B2FD00210820C7
S31520004DE0FFF7AEFD7BE07B68434A934208D1012161
S31520004DF01020FFF7A5FD00211020FFF7A1FD6EE092
S31520004E007B683E4A934208D101212020FFF798FD76
S31520004E1000212020FFF794FD61E07B68384A934209
S31520004E2008D101210220FFF7A9FD00210220FFF76A
S31520004E30A5FD54E07B68334A93420AD101214FF401
S31520004E408030FFF79BFD00214FF48030FFF796FD61
S31520004E5045E07B682C4A93420AD101214FF4003069
S31520004E60FFF78CFD00214FF40030FFF787FD36E079
S31520004E707B68264A93420AD101214FF48020FFF70E
S31520004E807DFD00214FF48020FFF778FD27E07B6829
S31520004E901F4A934208D101214020FFF751FD0021EE
S31520004EA04020FFF74DFD1AE07B681A4A934208D14D
S31520004EB001218020FFF744FD00218020FFF740FDDF
S31520004EC00DE07B68144A934209D101214FF480708A
S31520004ED0FFF736FD00214FF48070FFF731FD00BF4C
S31520004EE00837BD4680BD00BF0000014000040040D9
S31520004EF000080040000C0040001000400014004054
S31520004F0000040140004001400044014000480140A7
S31520004F1000180040001C00400020004080B485B0EE
S31520004F2000AF786039600023FB817B681B88FB819A
S31520004F307B68284A934213D07B68274A93420FD036
S31520004F407B68B3F1804F0BD07B68244A934207D00D
S31520004F507B68234A934203D07B68224A934208D136
S31520004F60FB8923F07003FB813B685A88FB89134336
S31520004F70FB817B681C4A93420CD07B681B4A934278
S31520004F8008D0FB8923F44073FB813B681A89FB898F
S31520004F901343FB817B68FA891A803B685A687B68D1
S31520004FA0DA623B681A887B681A857B68094A9342CD
S31520004FB003D07B68084A934204D13B689B7A1A4601
S31520004FC07B681A867B6801229A8200BF1437BD4609
S31520004FD080BC7047000001400004014000040040EE
S31520004FE000080040000C0040001000400014004063
S31520004FF080B483B000AF78607B684FF0FF325A6090
S315200050007B6800221A807B6800221A817B68002236
S315200050105A807B6800229A7200BF0C37BD4680BC3E
S31520005020704780B483B000AF78600B467B80134610
S315200050303B807B687A881A857B683A889A8200BF8B
S315200050400C37BD4680BC704780B485B000AF786011
S315200050500B467B800023FB817B681B88FB81FB89B9
S3152000506023F07003FB81FA897B881343FB817B68DD
S31520005070FA891A8000BF1437BD4680BC704780B4B9
S3152000508083B000AF786039607B683A685A6200BFA7
S315200050900C37BD4680BC704780B483B000AF7860C3
S315200050A039607B683A68DA6200BF0C37BD4680BC3F
S315200050B0704780B483B000AF78607B685B6A18461F
S315200050C00C37BD4680BC704780B483B000AF786093
S315200050D07B681B8D9BB218460C37BD4680BC70473B
S315200050E080B483B000AF78600B46FB70FB78002B52
S315200050F008D07B681B889BB243F002039AB27B6878
S315200051001A8007E07B681B889BB223F002039AB2C1
S315200051107B681A8000BF0C37BD4680BC704780B4C0
S3152000512083B000AF78600B467B807B88002B08D04D
S315200051307B681B889BB243F004039AB27B681A8073
S3152000514007E07B681B889BB223F004039AB27B6836
S315200051501A8000BF0C37BD4680BC704780B483B030
S3152000516000AF78600B46FB70FB78002B08D07B687D
S315200051701B889BB243F080039AB27B681A8007E0B3
S315200051807B681B889BB223F080039AB27B681A80C7
S3152000519000BF0C37BD4680BC704780B483B000AFDB
S315200051A078600B467B807B681B889BB223F00803C4
S315200051B09AB27B681A807B681B889AB27B881343D5
S315200051C09AB27B681A8000BF0C37BD4680BC7047F8
S315200051D080B483B000AF78600B467B807B681B88E9
S315200051E09BB223F440739AB27B681A807B681B8833
S315200051F09AB27B8813439AB27B681A8000BF0C3719
S31520005200BD4680BC704780B483B000AF78600B4643
S31520005210FB70FB78002B08D07B681B889BB243F081
S3152000522001039AB27B681A8007E07B681B889BB2D1
S3152000523023F001039AB27B681A8000BF0C37BD4663
S3152000524080BC704780B485B000AF78603960002399
S315200052507B810023FB810023BB817B681B8C9BB257
S3152000526023F001039AB27B681A847B681B8CFB812E
S315200052707B689B88BB817B681B8B7B817B8923F02A
S3152000528070037B817B8923F003037B813B681A882B
S315200052907B8913437B81FB8923F00203FB813B68D7
S315200052A09A89FB891343FB813B685A88FB89134300
S315200052B0FB817B681E4A934203D07B681D4A93423A
S315200052C023D1FB8923F00803FB813B68DA89FB891C
S315200052D01343FB81FB8923F00403FB813B689A88F7
S315200052E0FB891343FB81BB8923F48073BB81BB8974
S315200052F023F40073BB813B681A8ABB891343BB81A5
S315200053003B685A8ABB891343BB817B68BA899A80DA
S315200053107B687A891A833B689A687B685A637B68BC
S31520005320FA891A8400BF1437BD4680BC704700BF77
S31520005330000001400004014080B485B000AF7860D1
S31520005340396000237B810023FB810023BB817B689E
S315200053501B8C9BB223F010039AB27B681A847B685D
S315200053601B8CFB817B689B88BB817B681B8B7B812D
S315200053707B8923F4E0437B817B8923F440737B8103
S315200053803B681B881B029AB27B8913437B81FB896E
S3152000539023F02003FB813B689B891B019AB2FB8982
S315200053A01343FB813B685B881B019AB2FB8913433D
S315200053B0FB817B68224A934203D07B68214A934231
S315200053C02BD1FB8923F08003FB813B68DB891B0102
S315200053D09AB2FB891343FB81FB8923F04003FB81AF
S315200053E03B689B881B019AB2FB891343FB81BB89CF
S315200053F023F48063BB81BB8923F40063BB813B68B4
S315200054001B8A9B009AB2BB891343BB813B685B8A8C
S315200054109B009AB2BB891343BB817B68BA899A8069
S315200054207B687A891A833B689A687B689A637B686B
S31520005430FA891A8400BF1437BD4680BC704700BF66
S31520005440000001400004014080B485B000AF7860C0
S31520005450396000237B810023FB810023BB817B688D
S315200054601B8C9BB223F480739AB27B681A847B6868
S315200054701B8CFB817B689B88BB817B689B8B7B819C
S315200054807B8923F070037B817B8923F003037B8157
S315200054903B681A887B8913437B81FB8923F400733D
S315200054A0FB813B689B891B029AB2FB891343FB81D4
S315200054B03B685B881B029AB2FB891343FB817B689E
S315200054C0224A934203D07B68214A93422BD1FB89FF
S315200054D023F40063FB813B68DB891B029AB2FB89BC
S315200054E01343FB81FB8923F48063FB813B689B8804
S315200054F01B029AB2FB891343FB81BB8923F4805399
S31520005500BB81BB8923F40053BB813B681B8A1B01EB
S315200055109AB2BB891343BB813B685B8A1B019AB253
S31520005520BB891343BB817B68BA899A807B687A8959
S315200055309A833B689A687B68DA637B68FA891A845F
S3152000554000BF1437BD4680BC704700BF0000014035
S315200055500004014080B485B000AF78603960002334
S31520005560BB8100237B810023FB817B681B8C9BB244
S3152000557023F480539AB27B681A847B681B8C7B81C8
S315200055807B689B88FB817B689B8BBB81BB8923F4D3
S31520005590E043BB81BB8923F44073BB813B681B88F6
S315200055A01B029AB2BB891343BB817B8923F4005328
S315200055B07B813B689B891B039AB27B8913437B8142
S315200055C03B685B881B039AB27B8913437B817B688C
S315200055D0114A934203D07B68104A93420AD1FB8931
S315200055E023F48043FB813B681B8A9B019AB2FB898B
S315200055F01343FB817B68FA899A807B68BA899A83F0
S315200056003B689A687B681A647B687A891A8400BF2B
S315200056101437BD4680BC704700000140000401409D
S3152000562080B483B000AF78607B6800221A807B68E4
S3152000563000225A807B6800229A807B6800229A602A
S315200056407B6800229A817B680022DA817B680022AF
S315200056501A827B6800225A8200BF0C37BD4680BC66
S31520005660704780B485B000AF78600B467B801346C8
S315200056703B800023FB6000237B817B68FB60FB680B
S315200056801833FB607B88012202FA03F37B817B6857
S315200056901B8C9AB27B89DB439BB213409AB27B6800
S315200056A01A847B88002B02D07B88082B14D17B8818
S315200056B05B089BB21A46FB681344FB60FB681968BB
S315200056C0FA684FF68F730B401360FB6819683A88A7
S315200056D0FB680A431A6019E07B88043B9BB25B088F
S315200056E09BB21A46FB681344FB60FB681968FA688C
S315200056F048F6FF730B401360FB681A683B881B0251
S315200057009BB21946FB680A431A6000BF00BF1437D4
S31520005710BD4680BC704780B483B000AF78603960E6
S315200057207B683A685A6300BF0C37BD4680BC704719
S3152000573080B483B000AF786039607B683A689A633A
S3152000574000BF0C37BD4680BC704780B483B000AF25
S31520005750786039607B683A68DA6300BF0C37BD46EB
S3152000576080BC704780B483B000AF786039607B68B6
S315200057703A681A6400BF0C37BD4680BC704780B4B7
S3152000578085B000AF78600B467B800023FB817B6869
S315200057901B8BFB81FB8923F07003FB81FA897B88B5
S315200057A01343FB817B68FA891A8300BF1437BD46F1
S315200057B080BC704780B485B000AF78600B467B8094
S315200057C00023FB817B681B8BFB81FB8923F4E04351
S315200057D0FB817B881B029AB2FB891343FB817B6882
S315200057E0FA891A8300BF1437BD4680BC704780B43F
S315200057F085B000AF78600B467B800023FB817B68F9
S315200058009B8BFB81FB8923F07003FB81FA897B88C4
S315200058101343FB817B68FA899A8300BF1437BD4600
S3152000582080BC704780B485B000AF78600B467B8023
S315200058300023FB817B689B8BFB81FB8923F4E04360
S31520005840FB817B881B029AB2FB891343FB817B6811
S31520005850FA899A8300BF1437BD4680BC704780B44E
S3152000586085B000AF78600B467B800023FB817B6888
S315200058701B8BFB81FB8923F00803FB81FA897B883C
S315200058801343FB817B68FA891A8300BF1437BD4610
S3152000589080BC704780B485B000AF78600B467B80B3
S315200058A00023FB817B681B8BFB81FB8923F4006330
S315200058B0FB817B881B029AB2FB891343FB817B68A1
S315200058C0FA891A8300BF1437BD4680BC704780B45E
S315200058D085B000AF78600B467B800023FB817B6818
S315200058E09B8BFB81FB8923F00803FB81FA897B884C
S315200058F01343FB817B68FA899A8300BF1437BD4620
S3152000590080BC704780B485B000AF78600B467B8042
S315200059100023FB817B689B8BFB81FB8923F400633F
S31520005920FB817B881B029AB2FB891343FB817B6830
S31520005930FA899A8300BF1437BD4680BC704780B46D
S3152000594085B000AF78600B467B800023FB817B68A7
S315200059501B8BFB81FB8923F00403FB81FA897B885F
S315200059601343FB817B68FA891A8300BF1437BD462F
S3152000597080BC704780B485B000AF78600B467B80D2
S315200059800023FB817B681B8BFB81FB8923F48063CF
S31520005990FB817B881B029AB2FB891343FB817B68C0
S315200059A0FA891A8300BF1437BD4680BC704780B47D
S315200059B085B000AF78600B467B800023FB817B6837
S315200059C09B8BFB81FB8923F00403FB81FA897B886F
S315200059D01343FB817B68FA899A8300BF1437BD463F
S315200059E080BC704780B485B000AF78600B467B8062
S315200059F00023FB817B689B8BFB81FB8923F48063DF
S31520005A00FB817B881B029AB2FB891343FB817B684F
S31520005A10FA899A8300BF1437BD4680BC704780B48C
S31520005A2085B000AF78600B467B800023FB817B68C6
S31520005A301B8BFB81FB8923F08003FB81FA897B8802
S31520005A401343FB817B68FA891A8300BF1437BD464E
S31520005A5080BC704780B485B000AF78600B467B80F1
S31520005A600023FB817B681B8BFB81FB89C3F30E0321
S31520005A70FB817B881B029AB2FB891343FB817B68DF
S31520005A80FA891A8300BF1437BD4680BC704780B49C
S31520005A9085B000AF78600B467B800023FB817B6856
S31520005AA09B8BFB81FB8923F08003FB81FA897B8812
S31520005AB01343FB817B68FA899A8300BF1437BD465E
S31520005AC080BC704780B485B000AF78600B467B8081
S31520005AD00023FB817B689B8BFB81FB89C3F30E0331
S31520005AE0FB817B881B029AB2FB891343FB817B686F
S31520005AF0FA899A8300BF1437BD4680BC704780B4AC
S31520005B0085B000AF78600B467B800023FB817B68E5
S31520005B101B8CFB81FB8923F00203FB81FA897B889E
S31520005B201343FB817B68FA891A8400BF1437BD466C
S31520005B3080BC704780B485B000AF78600B467B8010
S31520005B400023FB817B681B8CFB81FB8923F00803E8
S31520005B50FB81FA897B881343FB817B68FA891A8447
S31520005B6000BF1437BD4680BC704780B485B000AFF7
S31520005B7078600B467B800023FB817B681B8CFB8136
S31520005B80FB8923F02003FB817B881B019AB2FB89CA
S31520005B901343FB817B68FA891A8400BF1437BD46FC
S31520005BA080BC704780B485B000AF78600B467B80A0
S31520005BB00023FB817B681B8CFB81FB8923F0800300
S31520005BC0FB817B881B019AB2FB891343FB817B688F
S31520005BD0FA891A8400BF1437BD4680BC704780B44A
S31520005BE085B000AF78600B467B800023FB817B6805
S31520005BF01B8CFB81FB8923F40073FB817B881B02B2
S31520005C009AB2FB891343FB817B68FA891A8400BF09
S31520005C101437BD4680BC704780B485B000AF78602D
S31520005C200B467B800023FB817B681B8CFB81FB89D9
S31520005C3023F40063FB817B881B029AB2FB89134302
S31520005C40FB817B68FA891A8400BF1437BD4680BC65
S31520005C50704780B485B000AF78600B467B80002308
S31520005C60FB817B681B8CFB81FB8923F40053FB8122
S31520005C707B881B039AB2FB891343FB817B68FA89D5
S31520005C801A8400BF1437BD4680BC704780B485B0E7
S31520005C9000AF78600B467B8013463B800023FB8158
S31520005CA07B88012202FA03F3FB817B681B8C9AB264
S31520005CB0FB89DB439BB213409AB27B681A847B68CC
S31520005CC01B8C9AB239887B8801FA03F39BB2134363
S31520005CD09AB27B681A8400BF1437BD4680BC7047D1
S31520005CE080B485B000AF78600B467B8013463B803E
S31520005CF00023FB817B88042202FA03F3FB817B6865
S31520005D001B8C9AB2FB89DB439BB213409AB27B6809
S31520005D101A847B681B8C9AB239887B8801FA03F334
S31520005D209BB213439AB27B681A8400BF1437BD46D0
S31520005D3080BC704780B582B000AF786039603B6820
S31520005D401B88002B0FD13B6859883B689A883B6893
S31520005D501B89786800F097FC3B68DB8819467868D1
S31520005D6000F0DCF836E03B681B88042B0FD13B683B
S31520005D7059883B689A883B681B89786800F0C5FC7F
S31520005D803B68DB881946786800F0E3F822E03B6838
S31520005D901B88082B0FD13B6859883B689A883B683B
S31520005DA01B89786800F0FDFC3B68DB88194678681B
S31520005DB000F0ECF80EE03B6859883B689A883B680F
S31520005DC01B89786800F034FD3B68DB8819467868C3
S31520005DD000F0F7F800BF0837BD4680BD80B483B019
S31520005DE000AF78607B6800221A807B6800225A8088
S31520005DF07B6801229A807B680022DA807B680022F9
S31520005E001A8100BF0C37BD4680BC704780B584B070
S31520005E1000AF786039600023FB810123BB813B689A
S31520005E205B88002B02D10223FB8101E00023FB814A
S31520005E303B689B88012B02D10223BB8101E0012311
S31520005E40BB813B681B88002B1CD13B6859883B686B
S31520005E509A883B681B89786800F015FC3B68DB88CC
S31520005E601946786800F05AF83B681B89BA89F9897F
S31520005E70786800F04AFC3B68DB881946786800F0B1
S31520005E8068F81BE03B6859883B689A883B681B8901
S31520005E90786800F03AFC3B68DB881946786800F0A1
S31520005EA058F83B681B89BA89F989786800F0EBFBBA
S31520005EB03B68DB881946786800F030F800BF103759
S31520005EC0BD4680BD80B483B000AF78607B685B6BD5
S31520005ED018460C37BD4680BC704780B483B000AFEF
S31520005EE078607B689B6B18460C37BD4680BC704734
S31520005EF080B483B000AF78607B68DB6B18460C37C4
S31520005F00BD4680BC704780B483B000AF78607B68A4
S31520005F101B6C18460C37BD4680BC704780B483B0D6
S31520005F2000AF78600B467B807B681B8B9BB223F08F
S31520005F300C039AB27B681A837B681B8B9AB27B8888
S31520005F4013439AB27B681A8300BF0C37BD4680BCC8
S31520005F50704780B483B000AF78600B467B807B6847
S31520005F601B8B9BB223F440639AB27B681A837B68AF
S31520005F701B8B9AB27B881B029BB213439AB27B6817
S31520005F801A8300BF0C37BD4680BC704780B483B0EF
S31520005F9000AF78600B467B807B689B8B9BB223F09F
S31520005FA00C039AB27B689A837B689B8B9AB27B8818
S31520005FB013439AB27B689A8300BF0C37BD4680BCD8
S31520005FC0704780B483B000AF78600B467B807B68D7
S31520005FD09B8B9BB223F440639AB27B689A837B683F
S31520005FE09B8B9AB27B881B029BB213439AB27B6827
S31520005FF09A8300BF0C37BD4680BC704780B483B0FF
S3152000600000AF786039603B681A883B685B88134329
S315200060109AB23B689B8813439AB23B68DB8813434A
S315200060209AB23B681B8913439AB23B685B89134338
S315200060309AB23B689B8913439AB27B68A3F84420A3
S3152000604000BF0C37BD4680BC704780B483B000AF1C
S3152000605078607B6800221A807B6800225A807B68E1
S3152000606000229A807B680022DA807B6800221A81CF
S315200060707B6800225A817B6800229A8100BF0C37F8
S31520006080BD4680BC704780B483B000AF78600B46B5
S31520006090FB70FB78002B0CD07B68B3F844309BB2A6
S315200060A06FEA43436FEA53439AB27B68A3F84420CE
S315200060B009E07B68B3F844309BB2C3F30E039AB26F
S315200060C07B68A3F8442000BF0C37BD4680BC7047D0
S315200060D080B483B000AF78600B46FB70FB78002B52
S315200060E008D07B689B889BB243F004039AB27B68F6
S315200060F09A8007E07B689B889BB223F004039AB2C0
S315200061007B689A8000BF0C37BD4680BC704780B440
S3152000611083B000AF78600B46FB70FB78002B08D06D
S315200061207B689B889BB243F001039AB27B689A8076
S3152000613007E07B689B889BB223F001039AB27B68B9
S315200061409A8000BF0C37BD4680BC704780B483B0B0
S3152000615000AF78600B467B8013467B707B78002BE4
S3152000616008D07B689B899AB27B8813439AB27B6856
S315200061709A8109E07B689B899AB27B88DB439BB234
S3152000618013409AB27B689A8100BF0C37BD4680BC0B
S31520006190704780B483B000AF78600B467B807B6805
S315200061A07A889A8200BF0C37BD4680BC704780B47F
S315200061B085B000AF78600B467B800023FB737B683D
S315200061C01B8A9AB27B8813409BB2002B02D00123F4
S315200061D0FB7301E00023FB73FB7B18461437BD4697
S315200061E080BC704780B483B000AF78600B467B805C
S315200061F07B88DB439AB27B681A8200BF0C37BD4688
S3152000620080BC704780B485B000AF78600B467B8039
S315200062100023FB730023BB8100237B817B681B8AC1
S315200062209AB27B881340BB817B689B899AB27B8814
S3152000623013407B81BB89002B05D07B89002B02D0A4
S315200062400123FB7301E00023FB73FB7B1846143705
S31520006250BD4680BC704780B483B000AF78600B46E3
S315200062607B807B88DB439AB27B681A8200BF0C371F
S31520006270BD4680BC704780B483B000AF78600B46C3
S315200062807B8013463B807A883B8813439AB27B688F
S31520006290A3F8482000BF0C37BD4680BC704780B4A9
S315200062A083B000AF78600B467B8013467B707B788B
S315200062B0002B08D07B689B899AB27B8813439AB2BD
S315200062C07B689A8109E07B689B899AB27B88DB434D
S315200062D09BB213409AB27B689A8100BF0C37BD46A9
S315200062E080BC704780B483B000AF78600B46FB70EB
S315200062F0FB78002B08D07B689B889BB243F0080371
S315200063009AB27B689A8007E07B689B889BB223F0D1
S3152000631008039AB27B689A8000BF0C37BD4680BCC2
S31520006320704780B483B000AF78607B681B899BB2CE
S3152000633023F007039AB27B681A8100BF0C37BD464B
S3152000634080BC704780B582B000AF78600B467B80FA
S315200063507B881946786800F088F87B681B899BB291
S3152000636043F007039AB27B681A8100BF0837BD46FF
S3152000637080BD80B584B000AFF860084611461A4645
S3152000638003467B810B463B811346FB807B89602B32
S3152000639006D1FB8839890122F86800F0B6F905E0B4
S315200063A0FB8839890122F86800F06DF97B89194646
S315200063B0F86800F05AF8FB681B899BB243F0070384
S315200063C09AB2FB681A8100BF1037BD4680BD80B5E2
S315200063D086B000AFF860084611461A4603467B8110
S315200063E00B463B811346FB800023FB82FB883A89C0
S315200063F07989F86800F0A5F8FB681B89FB82FB8A7F
S3152000640023F00703FB82FB8A43F00703FB82FB8A08
S3152000641023F07003FB82FB8A43F07003FB82FB6848
S31520006420FA8A1A8100BF1837BD4680BD80B584B070
S3152000643000AFF860084611461A4603467B810B4694
S315200064403B811346FB80FB883A897989F86800F0FE
S3152000645078F8FB681B899BB243F480439AB2FB68A9
S315200064601A8100BF1037BD4680BD80B485B000AF0D
S3152000647078600B467B800023FB817B681B89FB8130
S31520006480FB8923F07003FB81FA897B881343FB8108
S315200064907B68FA891A8100BF1437BD4680BC7047D5
S315200064A080B483B000AF78600B467B807B689B8886
S315200064B09BB223F070039AB27B689A807B689B8894
S315200064C09AB27B8813439AB27B689A8000BF0C37B6
S315200064D0BD4680BC704780B483B000AF78600B4661
S315200064E07B807B681B899BB223F007039AB27B686B
S315200064F01A817B681B899AB27B8813439AB27B6880
S315200065001A8100BF0C37BD4680BC704780B483B06B
S3152000651000AF78600B467B807B681B899BB223F09B
S3152000652080039AB27B681A817B681B899AB27B8822
S3152000653013439AB27B681A8100BF0C37BD4680BCD4
S31520006540704780B487B000AFF860084611461A46F7
S3152000655003467B810B463B811346FB800023FB824F
S31520006560FB681B89FB82FB8ADBB2FB82FB881B0252
S315200065709AB23B8913439AB27B8913439AB2FB8A18
S315200065801343FB82FB68FA8A1A8100BF1C37BD467B
S3152000659080BC704780B487B000AFF86008461146CB
S315200065A01A4603467B810B463B811346FB8000231C
S315200065B0FB820023BB8200237B82FB681B89FB8234
S315200065C0FB681B8BBB82FB681B8C7B82FB8A23F0C0
S315200065D00703FB82FA8A7B891343FB82BB8A23F457
S315200065E0407323F00303BB82BB8A43F4807343F0DA
S315200065F00103BB827B8A23F022037B82FB881B015B
S315200066009AB23B8913439AB27B8A13437B82FB68F7
S31520006610FA8A1A81FB68BA8A1A83FB687A8A1A84EC
S3152000662000BF1C37BD4680BC704780B483B000AF26
S3152000663078600B46FB70FB78002B08D07B689B8824
S315200066409BB243F080039AB27B689A8007E07B680E
S315200066509B889BB223F080039AB27B689A8000BF06
S315200066600C37BD4680BC704780B483B000AF7860DD
S315200066700B467B807B687A88A3F8502000BF0C37B6
S31520006680BD4680BC704780B487B000AFF86008462E
S3152000669011461A4603467B810B463B811346FB80F7
S315200066A00023FB820023BB82FB681B8C9BB223F05A
S315200066B001039AB2FB681A84FB681B8BFB82FB687A
S315200066C01B8CBB82FB8A23F0F303FB82FB881B0116
S315200066D09AB23B8913439AB2FB8A1343FB82BB8A45
S315200066E023F00A03BB827A89BB8A13439BB243F009
S315200066F00103BB82FB68FA8A1A83FB68BA8A1A846A
S3152000670000BF1C37BD4680BC704780B487B000AF41
S31520006710F860084611461A4603467B810B463B81A4
S315200067201346FB800023FB820023BB8200237B824F
S31520006730FB681B8C9BB223F010039AB2FB681A8469
S31520006740FB681B8BFB82FB681B8CBB827B891B0136
S315200067507B82FB8A23F440731B051B0DFB82FB887F
S315200067601B039AB2FB8A1343FB823B891B029AB214
S31520006770FB8A1343FB82BB8A23F0A003BB827A8A5F
S31520006780BB8A13439BB243F01003BB82FB68FA8A91
S315200067901A83FB68BA8A1A8400BF1C37BD4680BCA0
S315200067A0704780B487B000AFF860084611461A4695
S315200067B003467B810B463B811346FB800023FB82ED
S315200067C00023BB8200237B82FB681B8C9BB223F4B5
S315200067D080739AB2FB681A84FB689B8BFB82FB68EA
S315200067E01B8CBB827B891B027B82FB8A23F0F303F3
S315200067F0FB82FB881B019AB23B8913439AB2FB8A20
S315200068001343FB82BB8A23F42063BB827A8ABB8A2A
S3152000681013439BB243F48073BB82FB68FA8A9A8344
S31520006820FB68BA8A1A8400BF1C37BD4680BC7047F5
S3152000683080B487B000AFF860084611461A46034672
S315200068407B810B463B811346FB800023FB82002382
S31520006850BB8200237B82FB681B8C9BB223F4805374
S315200068609AB2FB681A84FB689B8BFB82FB681B8CA5
S31520006870BB827B891B037B82FB8A23F440731B0527
S315200068801B0DFB823B891B029AB2FB8A1343FB82B8
S31520006890FB881B039AB2FB8A1343FB82BB8A23F431
S315200068A000535B045B0CBB827A8ABB8A13439BB280
S315200068B043F48053BB82FB68FA8A9A83FB68BA8AC0
S315200068C01A8400BF1C37BD4680BC704780B582B095
S315200068D000AF78607B683B4A934208D101211020A3
S315200068E0FEF74CF800211020FEF748F865E07B689B
S315200068F0354A93420AD101214FF40030FEF720F8A1
S3152000690000214FF40030FEF71BF856E07B682F4A33
S3152000691093420AD101214FF48020FEF711F800217D
S315200069204FF48020FEF70CF847E07B68284A934214
S315200069300AD101214FF40020FEF702F800214FF47E
S315200069400020FDF7FDFF38E07B68224A93420AD1FA
S3152000695001214FF48010FDF7F3FF00214FF4801042
S31520006960FDF7EEFF29E07B681B4A934208D10121FF
S315200069702020FEF703F800212020FDF7FFFF1CE072
S315200069807B68164A93420AD101214FF08040FDF7D9
S31520006990D7FF00214FF08040FDF7D2FF0DE07B6846
S315200069A00F4A934209D101214FF00040FDF7C8FF5D
S315200069B000214FF00040FDF7C3FF00BF0837BD465A
S315200069C080BD00BF00100140004400400048004048
S315200069D0004C004000500040001401400078004068
S315200069E0007C004080B58AB000AF78603960002313
S315200069F07B6200233B620023FB610023BB617B6833
S31520006A001B8A9BB27B627B6A23F440537B623B6882
S31520006A10DB881A467B6A13437B627B6A9AB27B6861
S31520006A201A827B689B899BB27B627B6A23F4B05374
S31520006A3023F00C037B623B689A883B681B891343CF
S31520006A409AB23B685B8913439BB21A467B6A13430F
S31520006A507B627B6A9AB27B689A817B689B8A9BB2AF
S31520006A607B627B6A23F440737B623B689B891A4670
S31520006A707B6A13437B627B6A9AB27B689A8207F1B0
S31520006A8008031846FDF7BCFC7B68304A934203D0C6
S31520006A907B682F4A934202D17B693B6201E03B69C6
S31520006AA03B627B689B899BB21BB2002B0CDA3A6A4D
S31520006AB013469B0013449A001A443B681B685B00EC
S31520006AC0B2FBF3F3FB610BE03A6A13469B001344D7
S31520006AD09A001A443B681B689B00B2FBF3F3FB61E8
S31520006AE0FB691C4AA2FB03235B091B017B627B6AB1
S31520006AF01B09642202FB03F3FA69D31ABB617B6884
S31520006B009B899BB21BB2002B0CDABB69DB003233AC
S31520006B10104AA2FB03235B0903F007037A6A134397
S31520006B207B620BE0BB691B0132330A4AA2FB0323BB
S31520006B305B0903F00F037A6A13437B627B6A9AB27E
S31520006B407B681A8100BF2837BD4680BD00100140F2
S31520006B50001401401F85EB5180B483B000AF7860EC
S31520006B607B684FF416521A607B6800229A807B68F5
S31520006B700022DA807B6800221A817B680C225A81E7
S31520006B807B6800229A8100BF0C37BD4680BC7047C7
S31520006B9080B485B000AF786039600023FB607B68E5
S31520006BA01B8A9BB2FB60FB6823F47063FB603B6827
S31520006BB01A883B685B8813439AB23B689B881343C9
S31520006BC09AB23B68DB8813439BB21A46FB68134391
S31520006BD0FB60FB689AB27B681A8200BF1437BD46F9
S31520006BE080BC704780B483B000AF78607B68002299
S31520006BF01A807B6800225A807B6800229A807B68F4
S31520006C000022DA8000BF0C37BD4680BC704780B4B6
S31520006C1083B000AF78600B46FB70FB78002B08D062
S31520006C207B689B899BB243F400539AB27B689A8116
S31520006C3007E07B689B899BB223F400539AB27B685A
S31520006C409A8100BF0C37BD4680BC704780B483B0A4
S31520006C5000AF78600B46FB707B681B8B9BB223F0E2
S31520006C60FF039AB27B681A837B681B8B9AB2FB78E8
S31520006C709BB213439AB27B681A8300BF0C37BD467A
S31520006C8080BC704780B483B000AF78600B46FB7041
S31520006C90FB78002B0AD07B689B899BB26FEA434323
S31520006CA06FEA53439AB27B689A8107E07B689B8997
S31520006CB09BB2C3F30E039AB27B689A8100BF0C374E
S31520006CC0BD4680BC704780B483B000AF78600B4669
S31520006CD0FB70FB78002B08D07B689B8A9BB243F421
S31520006CE000639AB27B689A8207E07B689B8A9BB294
S31520006CF023F400639AB27B689A8200BF0C37BD46A4
S31520006D0080BC704780B483B000AF78600B467B8030
S31520006D107B88C3F308039AB27B689A8000BF0C373E
S31520006D20BD4680BC704780B483B000AF78607B6876
S31520006D309B889BB2C3F308039BB218460C37BD460B
S31520006D4080BC704780B483B000AF78600B46FB7080
S31520006D507B681B8A9BB223F00F039AB27B681A8248
S31520006D607B681B8A9AB2FB789BB213439AB27B68E4
S31520006D701A8200BF0C37BD4680BC704780B483B0F2
S31520006D8000AF78600B46FB70FB78002B08D07B6841
S31520006D909B899BB243F002039AB27B689A8107E0F3
S31520006DA07B689B899BB223F002039AB27B689A8107
S31520006DB000BF0C37BD4680BC704780B483B000AF9F
S31520006DC078600B467B807B689B899BB223F40063AB
S31520006DD09AB27B689A817B689B899AB27B88134397
S31520006DE09AB27B689A8100BF0C37BD4680BC70473B
S31520006DF080B483B000AF78600B467B807B681B8AAB
S31520006E009BB223F020039AB27B681A827B681B8A86
S31520006E109AB27B8813439AB27B681A8200BF0C37DA
S31520006E20BD4680BC704780B483B000AF78600B4607
S31520006E30FB70FB78002B08D07B681B8A9BB243F43F
S31520006E4080439AB27B681A8207E07B681B8A9BB2D2
S31520006E5023F480439AB27B681A8200BF0C37BD4662
S31520006E6080BC704780B483B000AF78607B689B8914
S31520006E709BB243F001039AB27B689A8100BF0C371C
S31520006E80BD4680BC704780B483B000AF78600B46A7
S31520006E90FB70FB78002B08D07B689B8A9BB243F063
S31520006EA008039AB27B689A8207E07B689B8A9BB22A
S31520006EB023F008039AB27B689A8200BF0C37BD463E
S31520006EC080BC704780B483B000AF78600B46FB70FF
S31520006ED07B681B8B9BB2DBB29AB27B681A837B687A
S31520006EE01B8B9AB2FB789BB21B029BB213439AB2BE
S31520006EF07B681A8300BF0C37BD4680BC704780B4C0
S31520006F0083B000AF78600B46FB70FB78002B08D06F
S31520006F107B689B8A9BB243F020039AB27B689A8255
S31520006F2007E07B689B8A9BB223F020039AB27B689A
S31520006F309A8200BF0C37BD4680BC704780B483B0B0
S31520006F4000AF78600B46FB70FB78002B08D07B687F
S31520006F509B8A9BB243F010039AB27B689A8207E021
S31520006F607B689B8A9BB223F010039AB27B689A8235
S31520006F7000BF0C37BD4680BC704780B483B000AFDD
S31520006F8078600B467B807B689B8A9BB223F0040348
S31520006F909AB27B689A827B689B8A9AB27B881343D3
S31520006FA09AB27B689A8200BF0C37BD4680BC704778
S31520006FB080B483B000AF78600B46FB70FB78002B63
S31520006FC008D07B689B8A9BB243F002039AB27B6807
S31520006FD09A8207E07B689B8A9BB223F002039AB2CF
S31520006FE07B689A8200BF0C37BD4680BC704780B450
S31520006FF083B000AF78600B467B8013467B707B782E
S31520007000002B08D07B689B8A9AB27B8813439AB25E
S315200070107B689A8209E07B689B8A9AB27B88DB43ED
S315200070209BB213409AB27B689A8200BF0C37BD464A
S3152000703080BC704780B487B000AF78600B467B80F9
S3152000704013467B7000233B610023FB600023BB605B
S3152000705000237B617B687B617B88DBB25B09DBB2CB
S315200070603B617B8803F01F03FB600122FB6802FA69
S3152000707003F3BB603B69012B03D17B690C337B6136
S3152000708009E03B69022B03D17B6910337B6102E067
S315200070907B6914337B617B78002B06D07B6919686A
S315200070A07B69BA680A431A6006E07B691968BB687F
S315200070B0DA437B690A401A6000BF1C37BD4680BC94
S315200070C0704780B485B000AF78600B467B80002384
S315200070D0FB737B681B889AB27B8813409BB2002B7C
S315200070E002D00123FB7301E00023FB73FB7B1846D0
S315200070F01437BD4680BC704780B483B000AF78603B
S315200071000B467B807B88DB439AB27B681A8000BF64
S315200071100C37BD4680BC704780B487B000AF78601E
S315200071200B467B800023FB6000237B610023BB6032
S315200071300023FB747B88DBB25B09DBB2BB607B88F8
S3152000714003F01F037B6101227B6902FA03F37B6153
S31520007150BB68012B07D17B689B899BB21A467B694A
S3152000716013407B6111E0BB68022B07D17B681B8A29
S315200071709BB21A467B6913407B6106E07B689B8A3B
S315200071809BB21A467B6913407B617B881B0A9BB2A4
S31520007190FB600122FB6802FA03F3FB607B681B8815
S315200071A09BB21A46FB681340FB607B69002B05D017
S315200071B0FB68002B02D00123FB7401E00023FB7443
S315200071C0FB7C18461C37BD4680BC704780B485B012
S315200071D000AF78600B467B800023FB810023BB81B8
S315200071E07B881B0AFB81FB89012202FA03F3BB8100
S315200071F0BB89DB439AB27B681A8000BF1437BD4631
S3152000720080BC704700000000000000000000000065
S3152000721001F0FF01102A2BDB10F0070F08D010F821
S31520007220013B013A8B422DD010F0070F42B3F6D125
S31520007230F0B441EA012141EA014122F007047FF03E
S3152000724000070023F0E80256083C85EA010586EA95
S31520007250010685FA47F5A3FA87F586FA47F6A5FAD1
S3152000726087F68EB9EED1F0BC01F0FF0102F00702DD
S3152000727032B110F8013B013A83EA010313B1F8D188
S315200072800020704701387047002D06BF3546033869
S31520007290073815F0010F07D1013015F4807F02BFA2
S315200072A0013015F4C03F0130F0BC0138704700BFF3
S315200072B00A22002100F08AB80A23002200F07AB8B8
S315200072C0242B2DE9F0478646904601D8012B06D17E
S315200072D000F0C2F8162303600020BDE8F08734488A
S315200072E00D462A4615F8014B065D16F00806F8D11C
S315200072F02D2C10D12C780126951C33F0100215D197
S31520007300302C0DD12A7802F0DF02582A08D16C7869
S31520007310023510230AE02B2C04BF2C78951CECE7B1
S31520007320002BF6D1302C14BF0A23082306F1004C7B
S315200073300CF1FF3C0022BCFBF3F9104603FB19CAF3
S31520007340A4F13007092F0FD83C46A3421BDD571C5A
S3152000735007D0814514D301D1A24511DB00FB0340A0
S31520007360012215F8014BEBE7A4F14107192F01D8AB
S31520007370373CEAE7A4F16107192F04D8573CE4E724
S315200073804FF0FF32EDE7531C08D12223CEF8003010
S315200073906046B8F1000FA0D0691E06E006B1404253
S315200073A0B8F1000F99D0002AF6D1C8F8001094E75A
S315200073B035810020FFF784BF13460A46014602485E
S315200073C00068FFF77DBF00BF7496002013460A466B
S315200073D0014602480068FFF773BF00BF749600207D
S315200073E030B51446002C9BB005461A4605DA8B2389
S315200073F003604FF0FF301BB030BD4FF40273ADF881
S315200074000C304FF00003199314BF04F1FF332346C9
S31520007410029305934FF6FF7300910491ADF80E3059
S3152000742069461E9B00F0F8F8431CBCBF8B232B60DB
S31520007430002CE0D0009B00221A70DCE707B50093F1
S3152000744013460A46014603480068FFF7C9FF03B002
S315200074505DF804FB74960020014B1868704700BF46
S31520007460749600202DE9F0478E681F46BE4282465C
S315200074700C469046334653D8B1F90C0010F4906F61
S315200074802BD065692368096905EB4505A3EB01093E
S3152000749005EBD5757B1C6D104B44AB422A4684BF49
S315200074A01D462A46430527D51146504600F0D2FBF5
S315200074B0064658B321694A4600F051FBA38923F4B6
S315200074C0906343F08003A381266165614E44A5EB5A
S315200074D009052660A5603E463B461F4620683A467B
S315200074E0414600F023FBA3689B1BA36023683B4413
S315200074F023600020BDE8F087504600F037FC0646A2
S315200075000028E1D12169504600F038FB0C23CAF847
S315200075100030A38943F04003A3814FF0FF30E9E711
S315200075203E46DBE793682DE9F74F80460C46174623
S31520007530002B53D0D2F800A0DAF804B0DAF80030E5
S3152000754001930AF1080ABBF1000FF5D0A668B345EE
S3152000755035465FD3B4F90C0010F4906F2DD0226815
S3152000756021696569A2EB010905EB450505EBD57592
S3152000757009F101066D105E44AE422A4684BF3546A7
S315200075802A46430530D51146404600F063FB0646A1
S31520007590002833D04A46216900F0E1FAA28922F474
S315200075A0906242F08002A281266165614E44A5EB7D
S315200075B009052660A5605E465D462A460199206833
S315200075C000F0B4FAA268921BA26022682A442260C4
S315200075D0BA68A2EB0B03BB60002BADD100200023C1
S315200075E07B6003B0BDE8F08F404600F0BFFB064647
S315200075F00028D9D12169404600F0C0FA0C23C8F8EA
S315200076000030A38943F04003A3810023BB604FF0E1
S31520007610FF30E4E75E46CFE72DE9F04F98468B89A9
S315200076201B069DB007460D46144610D50B6973B947
S31520007630402100F00FFB2860286130B90C233B6005
S315200076404FF0FF301DB0BDE8F08F40236B61002363
S31520007650099320238DF82930CDF80C803023DFF8CC
S315200076609C818DF82A304FF0010923469A4613F85B
S31520007670012B0AB1252AF9D1BAEB040B0BD05B46B4
S31520007680224629463846FFF7EDFE013000F0A78056
S31520007690099A5A4409929AF80030002B00F09F80EC
S315200076A000234FF0FF32CDE905230AF1010A0493A6
S315200076B007938DF853301A935446052214F8011B6C
S315200076C04E48FFF7A5FD049AD8B9D00644BF20231B
S315200076D08DF85330110744BF2B238DF853309AF879
S315200076E000302A2B15D0079A544600204FF00A0C5A
S315200076F0214611F8013B303B092B4BD9B0B10792FB
S3152000770014E0A0EB080309FA03F313430493A246FB
S31520007710D2E7039B191D1B680391002BBBBF5B425D
S3152000772042F0020207930793B8BF049223782E2BC8
S315200077300AD163782A2B32D1039B1A1D1B68039228
S3152000774043EAE37302340593DFF8C0A021780322CD
S315200077505046FFF75DFD38B1049BA0EB0A0040229E
S31520007760824013430134049314F8011B24488DF8F6
S3152000777028100622FFF74CFD002836D0214B1BBBD4
S31520007780039B073323F0070308330393099B3344F2
S3152000779009936AE70CFB02320C460120A8E7002376
S315200077A00134059319464FF00A0C204610F8012B98
S315200077B0303A092A03D9002BC6D00591C4E70CFB21
S315200077C0012104460123F0E703AB00932A460E4B22
S315200077D004A93846AFF30080421C0646D6D1AB89B1
S315200077E05B063FF52DAF09982CE703AB00932A469D
S315200077F0054B04A9384600F079F8EDE735820020DC
S315200078003F82002000000000657400203B8200209B
S315200078102DE9F047164698468A680B69DDF82090D0
S315200078209342B8BF1346336091F8432007460C466F
S315200078300AB1013333602368990642BF33680233A5
S315200078403360256815F0060506D104F1190AE368A8
S3152000785032689B1AAB4226DC94F843302268003B00
S3152000786018BF012392062BD404F143024146384621
S31520007870C84701301ED02368226903F00603042B73
S3152000788002BFE5683368ED1AA3680CBF25EAE575E3
S3152000789000259342C4BF9B1AED1800261A34B54220
S315200078A01AD1002008E00123524641463846C847EF
S315200078B0013003D14FF0FF30BDE8F0870135C6E730
S315200078C0E1185A1C302081F84300224494F84510D0
S315200078D082F843100233C7E7012322464146384641
S315200078E0C8470130E6D00136D9E700002DE9FF4729
S315200078F00F7E0C9E782F914680460C469A4601F1C3
S31520007900430207D8622F0AD8002F00F0D280582FC2
S3152000791000F0B78004F1420684F842703AE0A7F1FD
S315200079206303152BF6D801A151F823F085790020A1
S3152000793099790020157900201579002015790020E5
S3152000794015790020997900201579002015790020D5
S315200079501579002015790020997A0020C379002016
S315200079604F7A00201579002015790020BB7A002057
S3152000797015790020C379002015790020157900207B
S31520007980577A002033681A1D1B68326004F14206BC
S3152000799084F8423001239DE033682068191D316048
S315200079A0060601D51D6803E04506FBD5B3F9005050
S315200079B0002D03DA2D236D4284F8433059480A23DB
S315200079C010E021683368080653F8045B02D44906A0
S315200079D048BFADB26F2F5348336059D108230021D9
S315200079E084F843106668A660002E05DB21682E43C6
S315200079F021F0040121604DD01646B5FBF3F103FBBF
S31520007A001157C75D06F8017D2F46BB420D46F4D9B6
S31520007A10082B0BD12368DF0708D5236961689942B3
S31520007A20DEBF302306F8013C06F1FF36921B2261A9
S31520007A30CDF800A04B4603AA21464046FFF7E8FEB4
S31520007A4001304CD14FF0FF3004B0BDE8F0872368F9
S31520007A5043F0200323603448782784F84570236850
S31520007A6031681F0651F8045B02D45F0648BFADB2E9
S31520007A703160D90744BF43F0200323601DB1102392
S31520007A80ADE72848E9E7236823F020032360F6E7DB
S31520007A900A23A4E71646BBE7336825686169181DE3
S31520007AA030602E061B6801D5196002E06806FBD5FA
S31520007AB01980002323611646BAE733681A1D3260FF
S31520007AC01E68626800213046FFF7A2FB08B1801BC2
S31520007AD0606063682361002384F84330A8E7236944
S31520007AE0324649464046D0470130ABD023689B07F3
S31520007AF013D4E068039B9842B8BF1846A4E7012335
S31520007B00324649464046D04701309BD00135E3688E
S31520007B1003995B1AAB42F2DCEBE7002504F1190668
S31520007B20F5E700BF4682002057820020884210B524
S31520007B3001EB020402D98442234607D8431EA14200
S31520007B4007D011F8012B03F8012FF8E702448242EF
S31520007B5000D110BD13F8011D02F8011DF7E70A44F4
S31520007B60914200F1FF3300D1704710B511F8014B57
S31520007B7003F8014F9142F9D110BD000038B50546F2
S31520007B80002941D051F8043C0C1F002BB8BFE41843
S31520007B9000F0E0F81D4A136833B963601460284684
S31520007BA0BDE8384000F0DCB8A34208D92068211887
S31520007BB08B4201BF19685B6809182160EDE71A46F8
S31520007BC05B680BB1A342FAD911685018A0420BD1B9
S31520007BD020680144501883421160E0D118685B6820
S31520007BE0536008441060DAE702D90C232B60D6E7ED
S31520007BF0206821188B4204BF19685B68636004BF44
S31520007C00091821605460CAE738BD00BF74230120DB
S31520007C1070B50F4E0C463168054611B900F0D4F800
S31520007C2030602146284600F0CFF8431C03D14FF0A0
S31520007C30FF34204670BDC41C24F00304A042F8D0B3
S31520007C40211A284600F0C0F80130F2D1EFE700BF34
S31520007C50702301202DE9F843CD1C25F003050835B6
S31520007C600C2D38BF0C25002D064601DBA94204D970
S31520007C700C2333600020BDE8F883DFF8D48000F0C1
S31520007C8069F8D8F800301C4644BB29463046FFF731
S31520007C90BFFF431C044658D1D8F800402746002F82
S31520007CA043D1002C4BD023683946304604EB0309D8
S31520007CB000F08AF8814542D121686D1A294630465E
S31520007CC0FFF7A6FF01303AD023682B442360D8F86B
S31520007CD000305A6862BBC8F800700FE02268521B59
S31520007CE020D40B2A17D96119A342256018BF5960E1
S31520007CF0636808BFC8F8001062514B60304600F038
S31520007D002FF804F10B00231D20F00700C21A1CBF18
S31520007D101B1AA350AFE76268A3420CBFC8F8002025
S31520007D205A60EBE723466468AEE73C467F68B6E7D1
S31520007D301A465B68A342FBD100235360DEE70C237F
S31520007D403360304600F00CF894E70560D6E700BFB4
S31520007D5074230120014800F04CB800BF7C23012089
S31520007D60014800F04CB800BF7C2301202DE9F041EA
S31520007D70074614460D4621B9BDE8F0411146FFF7E6
S31520007D8069BF2AB9FFF7FAFE25462846BDE8F081E5
S31520007D9000F036F88442064602D8B4EB500FF4D8E9
S31520007DA021463846FFF756FF804608B94546ECE798
S31520007DB0B4422246294628BF3246FFF7D0FE29463E
S31520007DC03846FFF7DBFEF1E738B5064D00230446BB
S31520007DD008462B60F9F78AFA431C02D12B6803B1B7
S31520007DE0236038BD80230120704770477047704755
S31520007DF070477047012070470120704770477047D1
S31520007E0051F8043C181F002BBCBF0B58C0187047F4
S31520007E102D4B1B68834270B5044653D0C3691BB3F0
S31520007E20DB6863B10025E369DB685959B1B90435CC
S31520007E30802DF8D1E3692046D968FFF79FFEE369D4
S31520007E40196811B12046FFF799FEE3699D685DB177
S31520007E50294620462D68FFF791FEF8E70E68204652
S31520007E60FFF78CFE3146E1E7616911B12046FFF745
S31520007E7085FEE16911B12046FFF780FE216B11B125
S31520007E802046FFF77BFE616B11B12046FFF776FE99
S31520007E90A16B11B12046FFF771FEA16C11B12046EE
S31520007EA0FFF76CFE616C11B12046FFF767FEE16AB1
S31520007EB011B12046FFF762FE236A1BB12046BDE8BA
S31520007EC07040184770BD00BF7496002043616E2035
S31520007ED06D73672072656365697665643A20000074
S31520007EE04B65793A2025640A0000000025642000AD
S31520007EF00A00000048656C6C6F2C2068656C6C6FFE
S31520007F002E2E2E0A000000006261636B67726F7569
S31520007F106E64206C6F6F702072616E67653A2025E3
S31520007F20640A00004D617820574345543A20256461
S31520007F30204E5345430A0000417667205743455457
S31520007F403A202564204E5345430A00004261636B64
S31520007F5067726F756E64206C6F6F7020746F6767C1
S31520007F606C6564204F4E0A004261636B67726F75C1
S31520007F706E64206C6F6F7020746F67676C65642009
S31520007F804F46460A00000000456E746572656420FF
S31520007F90696E74656765723A2025640A00000000E0
S31520007FA073756D3A2025640A000000006D656469CA
S31520007FB0616E3A2025640A0074686520332D68694D
S31520007FC073746F727920686173206265656E2065AF
S31520007FD072617365640A0000766F6C756D653A2070
S31520007FE025640A006D757465643A2025640A0000CC
S31520007FF00A0D43414E20233120496E697420666163
S31520008000696C6564210A0D0043414E2023322049C4
S315200080106E6974206661696C6564210A0D00000032
S315200080200A0D537472616E67653A204E6F74206133
S315200080302043414E202331204649464F3020495285
S3152000804051210A0D000000000A0D537472616E67FB
S31520008050653A2043414E202331204649464F302061
S3152000806046756C6C210A0D0043414E2054784275AA
S31520008070662066756C6C210A0D0000000A0D53748B
S3152000808072616E67653A204E6F74206120475049B1
S315200080904F42206269743720495251210A0D00004F
S315200080A04E4F54453A205F7362726B20696E20757D
S315200080B07365210A0D00000050414E4943212121BC
S315200080C020000000456D7074792071756575650016
S315200080D0456D70747920706F6F6C00000A0D00007A
S315200080E054696E7954696D626572200076322E303D
S315200080F03661312028323032312D30332D3131293D
S315200081000000000044657669636520495251206E5F
S315200081106F7420737570706F72746564202E2E2EA6
S315200081200000000000000000010203040102030415
S31520008130060708090020202020202020202028288B
S3152000814028282820202020202020202020202020F1
S315200081502020202020881010101010101010101031
S315200081601010101010040404040404040404041061
S3152000817010101010101041414141414101010101EF
S3152000818001010101010101010101010101010101B9
S3152000819010101010101042424242424202020202C5
S315200081A00202020202020202020202020202020289
S315200081B01010101020000000000000000000000039
S315200081C00000000000000000000000000000000089
S315200081D00000000000000000000000000000000079
S315200081E00000000000000000000000000000000069
S315200081F00000000000000000000000000000000059
S315200082000000000000000000000000000000000048
S315200082100000000000000000000000000000000038
S315200082200000000000000000000000000000000028
S315200082300000000000232D302B2000686C4C0065C8
S31520008240666745464700303132333435363738395C
S31520008250414243444546003031323334353637388F
S30D20008260396162636465660062
S30D20008268A8EFFF7F01000000D2
S315200090000000000002000000040000000000000034
S315200090100000000002000000040000000000000024
S315200090200400000005000000070000000400000006
S3152000903005000000070000000700000009000000EE
S3152000904007000000050000000400000000000000EA
S3152000905007000000090000000700000005000000CE
S31520009060040000000000000000000000FBFFFFFFDE
S315200090700000000000000000FBFFFFFF00000000D2
S31520009080E8070000770700000B070000A60600008F
S3152000909047060000EC050000970500004705000084
S315200090A0FB040000B304000070040000300400003C
S315200090B0F4030000BB0300008503000053030000F7
S315200090C023030000F6020000CB020000A3020000EA
S315200090D07D0200005902000038020000180200003C
S315200090E0FA0100000000000000000000D204000089
S315200090F0000000000000000000000000000000004A
S315200091000000000000000000000000000000000039
S315200091100000000000000000000000000000000029
S315200091200500000000000000000000000064004070
S31520009130E49000201D000020000000000000000038
S3152000914000000000000000000000000000000000F9
S3152000915000000000000000000000000000000000E9
S3152000916000000000000000000000000000000000D9
S3152000917000000000000000000000000000000000C9
S3152000918000000000000000000000000000000000B9
S3152000919000000000000000000000000000000000A9
S315200091A00000000000100140E490002097040020F9
S315200091B00000000000000000000000000000000089
S315200091C00000000000000000000000000000000079
S315200091D00000000000000000000000000000000069
S315200091E00000000000000000000000000000000059
S315200091F00000000000000000000000000000000049
S315200092000000000000000000000000000000000038
S315200092100000000000000000000000000000000028
S315200092200000000000000000000000000000000018
S315200092300000000000000000000000000000000008
S3152000924000000000000000000000000000000000F8
S3152000925000000000000000000000000000000000E8
S3152000926000000000000000000000000000000000D8
S3152000927000000000000000000000000000000000C8
S3152000928000000000000000000000000000000000B8
S3152000929000000000000000000000000000000000A8
S315200092A00000000000000000000000000000000098
S315200092B00000000000000000000000000000000088
S315200092C00000000000000000000000000000000078
S315200092D00000000000000000000000000000000068
S315200092E00000000000000000000000000000000058
S315200092F00000000000000000000000000000000048
S315200093000000000000000000000000000000000037
S315200093100000000000000000000000000000000027
S315200093200000000000000000000000000000000017
S315200093300000000000000000000000000000000007
S3152000934000000000000000000000000000000000F7
S3152000935000000000000000000000000000000000E7
S3152000936000000000000000000000000000000000D7
S3152000937000000000000000000000000000000000C7
S3152000938000000000000000000000000000000000B7
S3152000939000000000000000000000000000000000A7
S315200093A00000000000000000000000000000000097
S315200093B00000000000000000000000000000000087
S315200093C00000000000000000000000000000000077
S315200093D00000000000000000000000000000000067
S315200093E00000000000000000000000000000000057
S315200093F00000000000000000000000000000000047
S315200094000000000000000000000000000000000036
S315200094100000000000000000000000000000000026
S315200094200000000000000000000000000000000016
S315200094300000000000000000000000000000000006
S3152000944000000000000000000000000000000000F6
S3152000945000000000000000000000000000000000E6
S3152000946000000000000000000000000000000000D6
S3152000947000000000000000000000000000000000C6
S3152000948000000000000000000000000000000000B6
S3152000949000000000000000000000000000000000A6
S315200094A00000000000000000000000000000000096
S315200094B00000000000000000000000000000000086
S315200094C00000000000000000000000000000000076
S315200094D00000000000000000000000000000000066
S315200094E00000000000000000000000000000000056
S315200094F00000000000000000000000000000000046
S315200095000000000000000000000000000000000035
S315200095100000000000000000000000000000000025
S315200095200000000000000000000000000000000015
S315200095300000000000000000000000000000000005
S3152000954000000000000000000000000000000000F5
S3152000955000000000000000000000000000000000E5
S3152000956000000000000000000000000000000000D5
S3152000957000000000000000000000000000000000C5
S3152000958000000000000000000000000000000000B5
S3152000959000000000000000000000000000000000A5
S315200095A00000000000000000000000000000000095
S315200095B00000000000000000000000000000000085
S315200095C000000000E8030000E803000030313233D9
S315200095D03435363738394142434445460000000089
S315200095E004A00020D4A20020282301202823012023
S315200095F0535643616C6C20657863657074696F6E31
S315200096000050656E64535620657863657074696F83
S315200096106E002C204558435F52455455524E203DEE
S315200096202000202063757272656E742074687265DE
S3152000963061643A204944203D20002C205350203D8F
S3152000964020002C202A5350203D200020206E6578B3
S3152000965074207468726561643A204944203D200074
S315200096602C205350203D20002C202A5350203D20D2
S31520009670000A0D007896002000000000000000007F
S3152000968068000000D000000000000000000000007C
S3152000969000000000000000000000000000000000A4
S315200096A00000000000000000000000000000000094
S315200096B00000000000000000000000000000000084
S309200096C00000000080
S70520000000DA
