S01500006275696C642F5254532D6C6162622E733139E9
S3152000000000BFDFF814D002F09BF900F037FB02F0B6
S31520000010A9B9FEE700BF000000C0012080B586B068
S3152000002000AF7860396007F10C031A460A490B487D
S3152000003001F0DCF80A4B1A460A490B4801F0D6F8BB
S3152000004007F10C0303331A460649074801F0CEF898
S3152000005000BF1837BD4680BDC51900202491002059
S31520000060F87D0020591C00209C91002080B485B08A
S3152000007000AF78603960194B1A687B681A60174B95
S315200000801A683B681A600123FB601EE0134AFB686E
S3152000009052F823207B681B689A4205DA0F4AFB68D0
S315200000A052F823207B681A600C4AFB6852F82320FA
S315200000B03B681B689A4205DD084AFB6852F82320F4
S315200000C03B681A60FB680133FB60FB681F2BDDDD94
S315200000D000BF00BF1437BD4680BC7047009000208B
S315200000E080B483B000AF78607B680A3318460C373B
S315200000F0BD4680BC704780B586B000AF7860796811
S31520000100124800F037FB00237B6115E0104A7B691B
S3152000011052F823307A6813443B613869FFF7E0FFD1
S3152000012003460C4A52F82330FB60F9680A4800F06F
S3152000013021FB7B6901337B617B691F2BE6DD074849
S3152000014000F018FB00BF1837BD4680BD0C7E00208E
S315200001500090002080900020187E00201C7E002029
S3152000016080B58AB002AF7860396000222A492B48D0
S3152000017001F03CF800222A492A4801F037F82A4B98
S315200001801A462A49274801F031F807F1180207F1E3
S315200001901C0311461846FFF769FFFB69BA69194621
S315200001A0234800F0E7FA0020FFF79AFF0346214A8A
S315200001B052F823301946204800F0DCFA01233B731D
S315200001C001237B730623BB734823FB7365233B7490
S315200001D06C237B746C23BB746F23FB7400233B75E9
S315200001E007F10C031A4615490C4800F0FFFF0023BF
S315200001F00093134B7A680021322000F059FF002328
S315200002000093104B104A0021822000F051FF00BFBE
S315200002102037BD4680BD00BF8517002024910020D1
S31520000220B51B00209C910020207E0020591C002018
S31520000230347E002080900020487E00208F1A0020E7
S31520000240BD06002031070020BC95002080B485B073
S3152000025000AF78600023FB600023BB600AE0BB6828
S315200002609B007A6813441B68FA681344FB60BB68DA
S315200002700133BB60BB68022BF1DDFB6818461437DF
S31520000280BD4680BC704780B582B000AF78603960CB
S315200002907B68DB68B3F5FA5F05DA7B68DB6803F514
S315200002A0FA727B68DA607B68DB681946034800F0DF
S315200002B061FA00BF0837BD4680BD00BF547E0020CE
S315200002C080B582B000AF786039607B68DB68B3F5B3
S315200002D07A7F05DD7B68DB68A3F5FA727B68DA60D6
S315200002E07B68DB681946034800F044FA00BF0837EC
S315200002F0BD4680BD547E002080B582B000AF7860B8
S3152000030039607B689B68002B09D17B6801229A6043
S31520000310094B1A4609490A4800F068FF08E07B683D
S3152000032000229A60074B1A460449054800F05EFFF2
S3152000033000BF0837BD4680BD707E0020591C0020B6
S315200003409C9100208C7E002080B487B000AF78601E
S3152000035000237B6133E000233B6127E03B699B0060
S315200003607A6813441A683B6901339B0079680B4409
S315200003701B689A4217DD3B699B007A6813441B6809
S31520000380FB603B6901339B007A681A443B699B00FA
S3152000039079680B4412681A603B6901339B007A68BE
S315200003A01344FA681A603B6901333B617B69C3F1E8
S315200003B002033A699A42D1DB7B6901337B617B690F
S315200003C0012BC8DD00BF00BF1C37BD4680BC70476F
S315200003D080B58CB002AF786039603B68752B00F031
S315200003E00C813B68752B00F323813B68742B00F04E
S315200003F016813B68742B00F31B813B686D2B00F044
S31520000400E9803B686D2B00F313813B68662B00F077
S315200004109B803B68662B00F30B813B68652B14D0D1
S315200004203B68652B00F304813B68642B00F0EE806B
S315200004303B68642B00F3FC803B682B2B00F09A80F2
S315200004403B682D2B00F0AE80F2E07B681B6A7A6851
S31520000450134400221A737B6800221A627B680C33CD
S31520000460184606F0B5FEF861F869FFF744FE7B688A
S315200004701B6B7A6808339B001344FA695A607B68C1
S315200004805B6B022B04DC7B685B6B5A1C7B685A63B4
S315200004907B681B6B591C6E4B83FB0132CB17D21A20
S315200004A013465B001344CA1A7B681A637B6824339D
S315200004B01846FFF7CBFE02467B689A637B685B6A29
S315200004C0FB607B689B6A3B617B68DB6A7B6107F12B
S315200004D00C031846FFF738FFF9695E4800F04AF921
S315200004E07B689B6B19465C4800F044F97B685B6B24
S315200004F0012B04D1F969594800F03CF9A4E07B6846
S315200005005B6B022B1AD17B685B6A7B627B689B6A7A
S315200005103B627A6A3B6A9A4205DD7B6ABB613B6A2B
S315200005207B62BB693B627A6A3B6A1344DA0F1344E7
S315200005305B101946494800F01DF985E03B691946CC
S31520000540464800F017F97FE0454800F013F97B682C
S3152000055000221A637B6800229A637B6800225A6213
S315200005607B6800229A627B680022DA627B6800221E
S315200005705A6369E07B6893F83C30DBB21D2B08D8C0
S315200005807B6893F83C30DBB20133DAB27B6883F8C0
S315200005903C207B6893F83C30DBB21946314800F0AA
S315200005A0E9F851E07B6893F83C30DBB2012B08D99F
S315200005B07B6893F83C30DBB2013BDAB27B6883F888
S315200005C03C207B6893F83C30DBB21946254800F086
S315200005D0D1F839E07B6893F83D30DBB283F0010334
S315200005E0DAB27B6883F83D207B6893F83D30DBB236
S315200005F019461D4800F0BEF826E0002300931B4B49
S315200006001B4A0021002000F053FD1DE0002300932B
S31520000610184B174A0021002000F04AFD14E0002361
S315200006200093154B124A0021002000F041FD0BE0FB
S315200006307B681B6A591C7A6811623A68D1B27A685B
S3152000064013440A461A7300BF00BF2837BD4680BD33
S3152000065056555555AC7E0020C47E0020D07E002005
S31520000660DC7E0020FC7E0020087F00208702002000
S31520000670BC950020C1020020F902002080B500AF01
S3152000068000220849084800F0A3FF0122074908482C
S3152000069000F09EFF00220749074800F0FFFF0023D5
S315200006A0184680BDE51C00209C9100203D180020A6
S315200006B02491002061010020E490002080B584B0C0
S315200006C002AF786039607B6893F83D30DBB2002B4F
S315200006D003D0154B00221A700FE07B6893F83E304A
S315200006E0DBB2002B06D0104A7B6893F83C30DBB295
S315200006F0137002E00C4B00221A707B6893F83E3090
S31520000700DBB283F00103DAB27B6883F83E20002354
S315200007100093064B7A6800215D2000F0C9FC00BFDB
S315200007200837BD4680BD00BF1C740040BD060020B2
S3152000073080B586B002AF786039607B689B68002BF5
S315200007400AD00023FB6002E0FB680133FB607B6874
S31520000750DA68FB689A42F7DC00230093044B7A6838
S315200007600021822000F0A4FC00BF1037BD4680BDCA
S31520000770310700200FB480B5ADF5816D00AF07F2CB
S31520000780144207F58163A3F204431A6007F58163D7
S31520000790A3F2044307F108001B68D7F810244FF48E
S315200007A0806106F0D5FD07F108031A46054906487B
S315200007B000F01CFD00BF07F58167BD46BDE88040FF
S315200007C004B07047591C00209C91002080B483B04F
S315200007D000AF0346FB71FB7903F01F03012202FAE7
S315200007E003F1054A97F907305B0942F8231000BF49
S315200007F00C37BD4680BC704700E100E080B483B072
S3152000080000AF03463960FB7197F90730002B0BDAEE
S315200008103B68DAB20C49FB7903F00F03043B120163
S31520000820D2B20B441A7609E03B68DAB2074997F947
S3152000083007301201D2B20B4483F8002300BF0C37D5
S31520000840BD4680BC704700BF00ED00E000E100E03F
S3152000085080B582B000AF78600EE07B681B780D2BE8
S3152000086007D07B685A1C7A601B78184600F05AF924
S3152000087002E07B6801337B607B681B78002BECD120
S3152000088000BF00BF0837BD4680BD80B586B000AF2B
S31520000890786000237B617B6803F00F027B69591C1B
S315200008A0796110498A5C18333B4403F80C2C7B6829
S315200008B01B097B607B68002BEDD10AE07B69013B3D
S315200008C07B6107F10C027B6913441B78184600F004
S315200008D029F97B69002BF1D100BF00BF1837BD462F
S315200008E080BD00BFCC95002080B59EB000AF78605B
S315200008F07B68002B03DA4FF0FF337B6701E001238F
S315200009007B677B687A6F02FB03F37B6000233B6780
S3152000091079681C4B83FB01239A10CB17D21A1346F6
S315200009209B0013445B00CA1A3B6F591C3967164952
S315200009308A5C78333B4403F86C2C7B68114A82FB33
S3152000094003129210DB17D31A7B607B68002BDFD152
S315200009507B6F002B0EDA2D2000F0E4F80AE03B6FC7
S31520000960013B3B6707F10C023B6F13441B7818468B
S3152000097000F0D8F83B6F002BF1D100BF00BF7837CD
S31520000980BD4680BD67666666CC95002080B483B080
S3152000099000AF10237B607B6883F3118800BF00BF04
S315200009A00C37BD4680BC704780B483B000AF30237F
S315200009B07B607B6883F3118800BF00BF0C37BD4680
S315200009C080BC704780B584B000AF78600B48FFF7D5
S315200009D03FFF0B4B1B68002B02D1094B094A1A60BB
S315200009E0074B1B68FB60064B1A687B681344044A56
S315200009F01360FB6818461037BD4680BD147F002063
S31520000A0000A000208423012080B485B000AF786048
S31520000A1039603B6803F5F95310337A6813607B68B5
S31520000A201B68BB600023FB6009E0FB689A00BB687B
S31520000A3013441A4600231360FB680133FB60FB68EE
S31520000A40332BF2DDBB686FF016021A60BB680433E5
S31520000A501A4603231360BB6884331A464FF080730B
S31520000A60136000BF1437BD4680BC704780B485B084
S31520000A7000AF786039607B681B688033FB60FB6859
S31520000A803A681A6000BF1437BD4680BC704780B5EF
S31520000A9084B000AF1C4804F0F7F83B1D184604F05C
S31520000AA03DFA40F24733BB803B1D1946164804F0F9
S31520000AB0CBF9164B164A1A6002216FF00100FFF798
S31520000AC09DFE144B144A1A6000216FF00400FFF7B4
S31520000AD095FE124B124A1A6002213220FFF78EFE33
S31520000AE03220FFF773FE0021074804F05EFA012149
S31520000AF0054804F01EFB01220221034805F0BCFA3A
S31520000B0000BF1037BD4680BD000C004038C0012014
S31520000B106D1F00202CC00120691F002008C1012064
S31520000B209F0E002080B582B000AF0346FB71FB7993
S31520000B309BB21946074806F07BF800BF802105487E
S31520000B4006F055FA0346002BF8D000BF00BF083741
S31520000B50BD4680BD0010014080B500AF124804F0AC
S31520000B603EFA03461A46114B1A60114B01221A60AF
S31520000B70104B00221A60104B1B68002B06D00E4B20
S31520000B801B680E4A1268002110469847084B00221F
S31520000B901A60084B1B68002B01D000F057FA054B52
S31520000BA000221A6080BD00BF000C00404C230120AB
S31520000BB044230120482301205823012064230120B7
S31520000BC080B500AF124804F00AFA03461A46114BC4
S31520000BD01A60114B01221A60104B00221A60104B2A
S31520000BE05B68002B06D00E4B5B680E4A52680121CB
S31520000BF010469847084B00221A60084B1B68002BAA
S31520000C0001D000F023FA054B00221A6080BD00BFF8
S31520000C10000C00404C2301204423012048230120BE
S31520000C20582301206423012080B500AF124804F028
S31520000C30D6F903461A46114B1A60114B01221A6047
S31520000C40104B00221A60104B9B68002B06D00E4BCF
S31520000C509B680E4A9268022110469847084B00224C
S31520000C601A60084B1B68002B01D000F0EFF9054BEA
S31520000C7000221A6080BD00BF000C00404C230120DA
S31520000C8044230120482301205823012064230120E6
S31520000C9080B485B000AF786039600023FB603B6884
S31520000CA01B68BB6004E0BB68FB60BB681B68BB605D
S31520000CB0BB68002B05D0BB689A687B689B689A4204
S31520000CC0F1DD7B68BA681A60FB68002B03D13B68AC
S31520000CD07A681A6002E0FB687A681A6000BF1437E7
S31520000CE0BD4680BC704780B485B000AF786039605F
S31520000CF00023FB603B681B68BB6004E0BB68FB60AD
S31520000D00BB681B68BB60BB68002B05D0BB685A68F4
S31520000D107B685B689A42F1DD7B68BA681A60FB687B
S31520000D20002B03D13B687A681A6002E0FB687A6878
S31520000D301A6000BF1437BD4680BC704780B584B0AA
S31520000D4000AF78607B681B68FB60FB68002B04D0D3
S31520000D50FB681A687B681A600CE00948FFF778FD83
S31520000D6000220221074803F04FF80748FFF770FDDD
S31520000D7030BFFDE7FB6818461037BD4680BD00BF73
S31520000D802C7F002000040240387F002080B584B0EC
S31520000D9000AF78607B681B68FB60FB68002B04D083
S31520000DA0FB681A687B681A600CE00948FFF750FD5B
S31520000DB000220221074803F027F80748FFF748FDDD
S31520000DC030BFFDE7FB6818461037BD4680BD00BF23
S31520000DD02C7F002000040240447F002080B483B092
S31520000DE000AF786039603B681A687B681A603B6898
S31520000DF07A681A6000BF0C37BD4680BC704780B445
S31520000E0083B000AF786039603B681A687B689A6067
S31520000E103B687A681A6000BF0C37BD4680BC7047B5
S31520000E2080B485B000AF78607B681B68FB60FB6888
S31520000E309A687B681A60FB6818461437BD4680BCE2
S31520000E40704780B485B000AF786039600023FB60BE
S31520000E503B681B68BB6004E0BB68FB60BB681B6823
S31520000E60BB60BB68002B03D0BA687B689A42F3D17B
S31520000E70BB68002B0DD0FB68002B04D0BB681A681A
S31520000E80FB681A6003E0BB681A683B681A60012396
S31520000E9000E0002318461437BD4680BC704780B555
S31520000EA082B000AF02211E4805F06BF91C4804F001
S31520000EB096F803467B6007E01A48FFF73FFF034694
S31520000EC019491846FFF7E4FE164B1B68002B06D07F
S31520000ED0144B1B685A687B68D31A002BECDD114B28
S31520000EE01B68002B16D00E4804F079F803463B60A9
S31520000EF00C4B1B685B683A689A4204DD002202218B
S31520000F000A4802F081FF074B1B685B6819460448B4
S31520000F1004F097FB00F09AF800BF0837BD4680BD65
S31520000F20000C0040402301203C2301200004024005
S31520000F300346024A136010DFF74600BF5423012000
S31520000F400346054A1360054B5B68044A43F0805309
S31520000F505360F74600BF00BF5423012000ED00E098
S31520000F6080B582B000AF7860094B5B68C3F3080395
S31520000F70002B03D17868FFF7DBFF02E07868FFF7E4
S31520000F80DFFFFFF711FD00BF0837BD4680BD00BF5C
S31520000F9000ED00E090B585B000AF234B1C682348D8
S31520000FA0FFF7CCFE0346E360E368BB60FFF7FCFC7B
S31520000FB0BB68D868BB681969BB685B691A4600F0CC
S31520000FC015F9FFF7E3FC1A49B868FFF707FF194B35
S31520000FD01B689B68DB687B60144B1B68002B0AD060
S31520000FE07B68002BD9D0114B1B689A687B689B685D
S31520000FF0D31A002BD1DD0F48FFF712FF03460E4907
S315200010001846FFF7FCFE0B4B1B68FB6003E0FB68F2
S315200010101B691B68FB60FB681B69002BF7D1F8680E
S31520001020FFF79EFFB9E700BFEC9500203C23012087
S31520001030E0950020E8950020E495002080B500AFDB
S3152000104000F004F8FFF7B0FC30BFFBE780B582B0B4
S3152000105000AF144B1B68DB687B60134B1B68002BAF
S315200010601BD0124B1B68002B17D07B68002B07D098
S315200010700D4B1B689A687B689B68D31A002B0CDA89
S315200010800A48FFF7CDFE034606491846FFF7B7FE86
S31520001090044B1B681846FFF763FF00BF0837BD46A1
S315200010A080BD00BFE89500203C230120E495002068
S315200010B080B588B000AFF860B9607A603B60EFF326
S315200010C012833B613B691B09012B14BF01230023BB
S315200010D0DBB2FB77FFF75AFC3A48FFF757FEB861B9
S315200010E0BB697A68DA60BB693A681A61BB69BA6A11
S315200010F05A61354B1B68002B04D1344B1B68DB68C7
S315200011005B6801E0324B1B68FA681A44BB695A6077
S31520001110BB695A68BB68002B01DDBB6801E06FF034
S3152000112000431A44BB699A602A4803F058FF0346D5
S315200011307B61BB695A687B69D31A002B16DD264969
S31520001140B869FFF7D0FD244B1B685B687A699A4221
S3152000115004DD00220221214802F056FE1E4B1B68A8
S315200011605B6819461B4804F06CFA21E01C49B869F3
S31520001170FFF78EFDFB7F002B1AD01A4B1B68002B26
S3152000118016D0174B1B689A68174B1B68DB689B6841
S31520001190D31A002B0CDA1348FFF742FE03461249F6
S315200011A01846FFF72CFE104B1B681846FFF7D8FE93
S315200011B0FB7F002B01D0FFF7F7FBBB6918462037D2
S315200011C0BD4680BDE095002044230120EC950020FB
S315200011D04C230120000C0040402301200004024043
S315200011E03C230120E4950020E895002080B588B0B6
S315200011F000AFF860B9607A60EFF312833B613B6918
S315200012001B09012B14BF01230023DBB2FB76FFF75A
S31520001210BDFBFB681B68FB61FB69002B37D003E035
S31520001220FB691B691B68FB61FB691B69002BF7D1F6
S31520001230304B1B68FA699A4202D0FB7E002B07D1FD
S31520001240FB7E002B01D0FFF7AFFB4FF0FF334DE0C5
S31520001250FB685B68002B03D0FB685B6800221A6181
S31520001260244B1A68FB685A60224B1B68FA681A617D
S31520001270F869FFF775FE1F4B1B68DB68002B06D14C
S31520001280FB7E002B01D0FFF78FFB00232EE0194BAE
S315200012901A68FB681A60FB7E002B05D0FB685B682A
S315200012A0012B01D0FFF780FBBB687968F868984767
S315200012B07861FFF76BFBFB6800221A60FB685B68AE
S315200012C0FB61FB69002B0BD0FB69012B08D0FB6867
S315200012D000225A60FB6900221A61F869FFF740FE76
S315200012E0FB7E002B01D0FFF75FFB7B69184620377A
S315200012F0BD4680BDEC95002080B586B000AF7860F5
S31520001300EFF31283FB60FB681B09012B14BF01233B
S315200013100023DBB2FB74FFF739FB1F497868FFF720
S3152000132090FD0346002B06D11C497868FFF789FDFE
S315200013300346002B04D01A497868FFF74FFD21E0B9
S31520001340184B1B687B611AE0174B1B687A699A4217
S3152000135012D07B69DB687A689A420DD17B691A695B
S315200013607B68DB689A4207D17B690022DA600C49E8
S315200013707868FFF733FD05E07B699B687B617B69B5
S31520001380002BE1D1FB7C002B01D0FFF70DFB00BF2A
S315200013901837BD4680BD00BF402301203C230120D5
S315200013A0E0950020E8950020EC95002080B485B0DB
S315200013B000AF7860EFF31283FB60FB681B09012BFB
S315200013C004D0074B1B68DB685B6801E0054B1B6894
S315200013D07A68136000BF1437BD4680BC704700BFD3
S315200013E0EC9500204C23012080B485B000AF7860B6
S315200013F0EFF31283FB60FB681B09012B04D0074B1C
S315200014001B68DB685B6801E0054B1B687A6812681D
S315200014109B1A18461437BD4680BC7047EC950020B1
S315200014204C23012080B584B000AFEFF312837B609C
S315200014307B681B09012B14BF01230023DBB2FB733E
S31520001440FFF7A4FA0C4803F0CAFD0346BB60FB7BFA
S31520001450002B01D0FFF7A8FAFB7B002B04D0074B0B
S315200014601B68DB685B6801E0054B1B68BA68D31A0A
S3152000147018461037BD4680BD000C0040EC95002074
S315200014804C23012080B582B000AF00237B6012E0A0
S315200014907B685A1C13465B001344DB00444A9918A8
S315200014A043487A6813465B001344DB000344196003
S315200014B07B6801337B607B681C2BE9DD3C4B00227B
S315200014C0C3F8B82200237B6013E07B685A1C1346BE
S315200014D09B0013449B00374A991836487A6813466E
S315200014E09B0013449B000344083319607B68013337
S315200014F07B607B68022BE8DD2E4B00225A6400239A
S315200015007B6030E02B497A6813469B0013449B008E
S315200015100B4404337A681A607A6813469B00134496
S315200015209B00244A1A447B685B0323490B441946D3
S315200015301046FFF769FA7A6813469B0013449B000E
S315200015401C4A13441D491846FFF790FA19497A6830
S3152000155013469B0013449B000B44103300221A6051
S315200015607B6801337B607B68032BCBDD144B4FF00C
S31520001570FF325A60124B00229A60114B00221A61E8
S315200015800F4B0022DA600F48FFF762F90E48FFF78B
S315200015905FF90E48FFF75CF90A48FFF759F9094841
S315200015A0FFF756F9FFF773FA00BF0837BD4680BD2F
S315200015B004A00020D4A2002028A30020950F0020FC
S315200015C028230120507F0020547F0020607F0020A8
S315200015D080B586B000AFF860B9601346FB71FB7921
S315200015E0022B41D8EFF312833B613B691B09012B88
S315200015F014BF01230023DBB2FB75FFF7C7F9FB7984
S31520001600022B0ED0022B10DC002B02D0012B04D093
S315200016100BE0174B174A1A6014E0174B174A1A604B
S3152000162010E0174B174A1A600CE01748FFF710F91D
S3152000163000220221154802F0E7FB1548FFF708F9BA
S3152000164030BFFDE7FB791349FA6841F82320FB797F
S315200016501149BA6841F82320FB6801225A60FB7DB4
S31520001660002B01D0FFF7A0F900BF1837BD4680BD7B
S31520001670D4C00120590B002090C00120C10B0020AE
S315200016809CC00120290C00202C7F00200004024051
S31520001690787F0020642301205823012080B586B05E
S315200016A002AFF860B9607A60FFF770F9FFF7EAFEDB
S315200016B0BB68002B16D00F4803F091FC03461A4650
S315200016C00D4B1A600D4B01221A607B680093BB6894
S315200016D0FA6800210020FFF7EBFC084B00221A6075
S315200016E0FFF7B4FCFFF7AAFC002318461037BD46C7
S315200016F080BD00BF000C00404C2301204423012064
S3152000170080B483B000AF0346FB71FB7903F01F035F
S31520001710012202FA03F1054A97F907305B0942F8DC
S31520001720231000BF0C37BD4680BC704700E100E0A7
S3152000173080B483B000AF03463960FB7197F9073058
S31520001740002B0BDA3B68DAB20C49FB7903F00F0366
S31520001750043B1201D2B20B441A7609E03B68DAB296
S31520001760074997F907301201D2B20B4483F80023B8
S3152000177000BF0C37BD4680BC704700BF00ED00E0BF
S3152000178000E100E080B586B000AF786039607B6804
S3152000179000229A617B689A697B685A617B685A69DC
S315200017A07B68DA6107F10C03184600F09BFF0023E3
S315200017B0BB740023FB7400233B7500237B75002339
S315200017C0BB750023FB750023BB730023FB73022329
S315200017D03B7403237B740723BB8107F10C03194653
S315200017E0124800F0EDFD0346002B02D11048FFF70A
S315200017F02FF807F10C0319460E4800F0E1FD0346C9
S31520001800002B02D10C48FFF723F802211420FFF702
S315200018108FFF1420FFF774FF01220221034801F0F5
S315200018208FFB00BF1837BD4680BD00BF0064004057
S31520001830987F002000680040B07F0020B0B58AB0B5
S3152000184002AF786039607B689B685A49184601F078
S3152000185094FB0346012B02D05748FEF7F9FF7B681D
S31520001860DB69072B00F39E807B689B6807F10802E3
S315200018700021184601F073F9BB681B09DBB27A68B0
S31520001880526903F07F03D8B2796813469B0013444C
S315200018905B0013440B44203302461A70BB68DBB24C
S315200018A07A68526903F00F03D8B2796813469B0011
S315200018B013445B0013440B44213302461A70BB7C4D
S315200018C07A68526903F00F03D8B2796813469B00F1
S315200018D013445B0013440B44223302461A70002340
S315200018E0FB7715E0FB7F7A685269F97F20333B440A
S315200018F013F80D4C786813469B0013445B00134481
S3152000190003440B44233322461A70FB7F0133FB77B3
S315200019107B685A69796813469B0013445B0013441D
S315200019200B4422331B78FA7F9A42DBD37B68DB6831
S31520001930002B25D07B68DC687B681D697B685A692B
S31520001940796813469B0013445B0013440B442033F1
S315200019501B7819017B685A69786813469B001344E3
S315200019605B001344034421331B780B4400932B461E
S31520001970224600210020FFF79BFB104B01221A6014
S315200019807B685B6901335A4203F0070302F00702C2
S3152000199058BF53427A6853617B68DB695A1C7B685F
S315200019A0DA6102E00648FEF753FF00BF2037BD4646
S315200019B0B0BD00BF03000012C87F002048230120CD
S315200019C0F07F002090B484B000AF786039607B68E7
S315200019D0DB69002B55DD7B689A69796813469B0085
S315200019E013445B0013440B4420331A783B681A7067
S315200019F07B689A69796813469B0013445B001344FD
S31520001A000B4421331A783B685A707B689A69796847
S31520001A1013469B0013445B0013440B4422331A786D
S31520001A203B689A700023FB7313E07B689A69F87B06
S31520001A30F97B7C6813469B0013445B0013442344C4
S31520001A40034423331A783B680B44DA70FB7B01335B
S31520001A50FB733B689B78FA7B9A42E6D37B689B694B
S31520001A6001335A4203F0070302F0070258BF5342DC
S31520001A707A6893617B68DB695A1E7B68DA6100238A
S31520001A8000E0012318461037BD4690BC704780B54C
S31520001A908AB000AF786039607B689B683B62002320
S31520001AA0FB773B681B781B013A6852781344BB606E
S31520001AB000237B7400233B743B689B78082B02D958
S31520001AC03B6808229A703B689B78BB74002387F892
S31520001AD027300FE097F8272097F8273039680A44EF
S31520001AE0D27828333B4403F8152C97F82730013356
S31520001AF087F827303B689B7897F827209A42E9D3C6
S31520001B0007F108031946386A00F0ACFE0346FB7756
S31520001B10FB7F042B04D10548FEF79AFE012300E043
S31520001B20002318462837BD4680BD00BF1080002000
S31520001B3080B483B000AF0346FB71FB7903F01F032B
S31520001B40012202FA03F1054A97F907305B0942F8A8
S31520001B50231000BF0C37BD4680BC704700E100E073
S31520001B6080B483B000AF03463960FB7197F9073024
S31520001B70002B0BDA3B68DAB20C49FB7903F00F0332
S31520001B80043B1201D2B20B441A7609E03B68DAB262
S31520001B90074997F907301201D2B20B4483F8002384
S31520001BA000BF0C37BD4680BC704700BF00ED00E08B
S31520001BB000E100E080B582B000AF786039607B68D4
S31520001BC000229A617B689A697B685A617B685A69A8
S31520001BD07B68DA61012240F225510A4805F0C0F9F6
S31520001BE0002240F22771074805F0BAF90221252084
S31520001BF0FFF7B6FF2520FFF79BFF00BF0837BD463E
S31520001C0080BD00BF0010014080B483B000AF786073
S31520001C100B46FB707B68DB69B3F5806F17DA7B6850
S31520001C205B697A681344FA7883F820207B685B69BD
S31520001C3001335A42C3F30903C2F3090258BF534280
S31520001C407A6853617B68DB695A1C7B68DA6100BF5E
S31520001C500C37BD4680BC704780B582B000AF786037
S31520001C6039607B68DB69002B18D17B689B68012271
S31520001C7040F22771184605F073F90FE03B681B7890
S31520001C800A2B03D10D217868FFF7BEFF3B685A1C4B
S31520001C903A601B7819467868FFF7B6FF3B681B78D1
S31520001CA0002BEBD100BF00BF0837BD4680BD80B5F5
S31520001CB082B000AF786039607B68DB69002B07D182
S31520001CC07B689B68012240F22771184605F048F987
S31520001CD03B68DBB219467868FFF796FF00BF0837E6
S31520001CE0BD4680BD80B586B002AF786039607B681E
S31520001CF09B682021184605F07AF90346012B18D156
S31520001D007B689B68184604F0A4FF0346FB607B684B
S31520001D10DB68002B0DD07B68DA687B681969FB6865
S31520001D2000930B4600210020FFF7C2F9224B012227
S31520001D301A607B689B688021184605F058F903468F
S31520001D40012B34D17B68DB69002B28DD7B68986802
S31520001D507B689B697A68134493F82030194604F00F
S31520001D6067FF7B689B6901335A42C3F30903C2F3B9
S31520001D70090258BF53427A6893617B68DB695A1E11
S31520001D807B68DA617B68DB69002B10D17B689B68F6
S31520001D90002240F22771184605F0E2F807E07B683A
S31520001DA09B68002240F22771184605F0D9F80023D7
S31520001DB018461037BD4680BD4823012080B483B025
S31520001DC000AF0346FB71FB7903F01F03012202FAE1
S31520001DD003F1054A97F907305B0942F8231000BF43
S31520001DE00C37BD4680BC704700E100E080B483B06C
S31520001DF000AF03463960FB7197F90730002B0BDAE9
S31520001E003B68DAB20C49FB7903F00F03043B12015D
S31520001E10D2B20B441A7609E03B68DAB2074997F941
S31520001E2007301201D2B20B4483F8002300BF0C37CF
S31520001E30BD4680BC704700BF00ED00E000E100E039
S31520001E4080B582B000AF7860396000220121074852
S31520001E5001F0DAFF02211720FFF7C8FF1720FFF74E
S31520001E60ADFF00BF0837BD4680BD00BF000402405D
S31520001E7080B582B000AF786039607B689B6880212E
S31520001E80184601F05BFF034618460837BD4680BD5D
S31520001E9080B582B000AF786039607B689B683A680D
S31520001EA0D2B20121184601F0AFFF00BF0837BD4668
S31520001EB080BD80B582B000AF786039607B689B6852
S31520001EC00121184601F0C5FF00BF0837BD4680BD79
S31520001ED080B584B000AF7860396007F108031846F2
S31520001EE001F03CFD8023BB6000233B733B68002B45
S31520001EF001D0082300E00C237B730123BB7307F179
S31520001F000803184601F0B8FC00BF1037BD4680BD57
S31520001F1080B584B002AF78603960802001F06CFD16
S31520001F200346012B14D1802001F080FD7B68DB68FD
S31520001F30002B10D07B68DA687B681B690021009132
S31520001F4000210020FFF7B4F8054B01221A6002E0B9
S31520001F500448FEF77DFC002318460837BD4680BDA1
S31520001F604823012024800020314900E03149EFF345
S31520001F70088020ED108A7246EFF3118320E9FC0FCA
S31520001F802D4FD7F80080C8F800001EE00846FEF75F
S31520001F905FFC2A48FEF75CFC2948FEF759FCD8F876
S31520001FA00400FEF7A1FC2748FEF752FCD8F80000F3
S31520001FB0FEF76BFC2448FEF74BFCD8F800000068BF
S31520001FC0FEF763FC1D48FEF743FCDFF88080D8F857
S31520001FD00080C7F8008018E01D48FEF739FCD8F8C5
S31520001FE00400FEF781FC1B48FEF732FCD8F80000FF
S31520001FF0FEF74BFC1448FEF72BFCD8F800000068CF
S31520002000FEF743FC0D48FEF723FC134A536843F0C2
S315200020100063536000BFD8F80000B0E8FC0F83F3DC
S3152000202011889646B0EC108A80F308887047000025
S31520002030F095002001960020EC9500207196002056
S31520002040229600203A960020429600205423012012
S315200020504B9600206096002000ED00E080B400AF93
S3152000206000BFBD4680BC704780B586B000AF4648ED
S3152000207001F0EAFC454800F07FF9454800F07CF97C
S3152000208001214FF0007002F05BFB01214FF08060D0
S3152000209002F056FB0121022002F0F8FA092209215A
S315200020A0394801F0E7FE09220821374801F0E2FE0F
S315200020B007F11003184601F007FE4FF400733B6149
S315200020C002233B750023BB750023FB7502237B751A
S315200020D007F1100319462C4801F068FD4FF4807370
S315200020E03B6102233B750023BB750123FB7502234D
S315200020F07B7507F110031946234801F057FD092285
S315200021000621214801F0B6FE092205211E4801F0CC
S31520002110B1FE40233B6102233B750023BB750023A0
S31520002120FB7502237B7507F110031946164801F04B
S315200021303DFD20233B6102233B750023BB75012314
S31520002140FB7502237B7507F1100319460E4801F033
S315200021502DFD0023BB720023FB7201233B7300235A
S315200021603B8000237B800023BB800023FB80002351
S315200021703B8101237B733B46184600F0F1F900BFF3
S315200021801837BD4680BD00BF0004024000640040F1
S315200021900068004080B586B000AF01214FF00050A6
S315200021A002F0CEFA07F11003184601F08DFD202328
S315200021B03B6103233B750023FB7507F1100319468A
S315200021C00F4801F0F3FC01F02BF93B46184601F0CD
S315200021D067F900233B6000237B600023FB603B46BE
S315200021E01946102001F02AF90121102001F06DF97D
S315200021F00021082001F010FA00BF1837BD4680BD27
S315200022000000024080B584B000AF01214FF4804029
S3152000221002F0B4FA0721012002F0C0FC01F012FB03
S315200022203B46184601F09AFB80233B6000233B7116
S315200022300C237B710123BB713B46184601F01CFB26
S3152000224007F10803184601F03FFD0223BB60012376
S315200022503B730123BB730023FB7301237B7307F1BD
S3152000226008031946184801F0A1FC0123BB6001238D
S315200022703B730123BB730023FB7301237B7307F19D
S3152000228008031946104801F091FC012202210E484C
S3152000229001F0BAFD012201210B4801F0B5FD802392
S315200022A0BB6000233B730023BB730023FB73012316
S315200022B07B7307F108031946034801F077FC00BF3A
S315200022C01037BD4680BD00BF0004024080B483B0F5
S315200022D000AFEFF314833B603B6823F003037B607E
S315200022E07B6883F3148800BF064B4FF404725A614F
S315200022F0054B4FF000425A6000BF0C37BD4680BCEC
S31520002300704700BF00ED00E030EF00E080B500AF81
S315200023100121082002F014FA0121082002F03CFBDA
S3152000232000BF80BD80B400AF114A02E0002342F80E
S31520002330043B104B9A42F9D300BFBD4680BC704780
S3152000234080B500AFFFF7EEFFFFF788FEFFF78CFEA4
S31520002350FFF720FFFFF756FFFFF7B8FFFFF7D6FF7F
S3152000236000BF80BD80B400AF00BFBD4680BC7047B3
S3152000237000A000208423012080B582B000AF7860C1
S315200023807B680E4A93420AD101214FF0007002F079
S315200023906DFA00214FF0007002F068FA09E0012181
S315200023A04FF0806002F062FA00214FF0806002F068
S315200023B05DFA00BF0837BD4680BD00BF00640040FF
S315200023C080B485B000AF786039600023FB730023AA
S315200023D0BB607B681B6823F002027B681A607B68FF
S315200023E01B6843F001027B681A6002E0BB68013378
S315200023F0BB607B685B6803F00103012B04D0BB68DC
S315200024004FF6FF729342F1D17B685B6803F00103BC
S31520002410012B02D00023FB739CE03B689B79012BA8
S3152000242006D17B681B6843F080027B681A6005E052
S315200024307B681B6823F080027B681A603B68DB7927
S31520002440012B06D17B681B6843F040027B681A602B
S3152000245005E07B681B6823F040027B681A603B68B6
S315200024601B7A012B06D17B681B6843F020027B6810
S315200024701A6005E07B681B6823F020027B681A60DF
S315200024803B685B7A012B06D17B681B6843F0100200
S315200024907B681A6005E07B681B6823F010027B6866
S315200024A01A603B689B7A012B06D17B681B6843F038
S315200024B008027B681A6005E07B681B6823F0080227
S315200024C07B681A603B68DB7A012B06D17B681B6828
S315200024D043F004027B681A6005E07B681B6823F0E2
S315200024E004027B681A603B689B789A073B68DB7816
S315200024F01B061A433B681B791B041A433B685B790E
S315200025001B051A433B681B88013B1A437B68DA612B
S315200025107B681B6823F001027B681A600023BB607E
S3152000252002E0BB680133BB607B685B6803F0010394
S31520002530012B04D1BB684FF6FF729342F1D17B6821
S315200025405B6803F00103012B02D10023FB7301E03A
S315200025500123FB73FB7B18461437BD4680BC7047AE
S3152000256090B484B000AF78600023FB607B689B7AD0
S315200025701A4601239340FB60594BD3F80032584A40
S3152000258043F00103C2F80032554BD3F81C22FB68F6
S31520002590DB4353491340C1F81C327B681B7B002B5D
S315200025A029D14F4BD3F80C22FB68DB434C4913400F
S315200025B0C1F80C327B68DB881B047A685288144683
S315200025C047497A68927A104643EA040200F14803A2
S315200025D041F833207B689B881B047A68128814464E
S315200025E03F497A68927A104643EA040200F148038A
S315200025F0DB000B445A607B681B7B012B28D1384BB0
S31520002600D3F80C223649FB681343C1F80C327B6899
S315200026101B881B047A685288144631497A68927A54
S31520002620104643EA040200F1480341F833207B6850
S315200026309B881B047A68D288144629497A68927A3C
S31520002640104643EA040200F14803DB000B445A60BB
S315200026507B68DB7A002B09D1214BD3F80422FB6857
S31520002660DB431F491340C1F8043207E01C4BD3F863
S3152000267004221B49FB681343C1F804327B681B897B
S31520002680002B08D1164BD3F81422FB68DB431449E0
S315200026901340C1F814327B681B89012B07D1104BDC
S315200026A0D3F814220E49FB681343C1F814327B6811
S315200026B05B7B012B07D10A4BD3F81C220849FB6808
S315200026C01343C1F81C32064BD3F80032044A23F0D8
S315200026D00103C2F8003200BF1037BD4690BC7047D8
S315200026E00064004080B483B000AF78607B6800222D
S315200026F09A717B680022DA717B6800221A727B68E5
S3152000270000225A727B6800229A727B680022DA7253
S315200027107B6800229A707B680022DA707B6803222D
S315200027201A717B6802225A717B6801221A8000BFC7
S315200027300C37BD4680BC704780B483B000AF0346DB
S31520002740FB71144BD3F80032124A43F00103C2F84E
S315200027500032104BD3F800320E4A23F47C5323F078
S315200027600E03C2F800320B4BD3F80022FB791B0272
S3152000277008491343C1F80032064BD3F80032054A04
S3152000278023F00103C2F8003200BF0C37BD4680BCDF
S31520002790704700BF0064004080B483B000AF78600B
S315200027A00B46FB70FB78002B06D07B681B6843F436
S315200027B080327B681A6005E07B681B6823F48032D0
S315200027C07B681A6000BF0C37BD4680BC704780B45A
S315200027D083B000AF78600B46FB70FB78002B1ED0D1
S315200027E07B681B6843F080027B681A607B68D3F89D
S315200027F0843143F480727B68C3F884217B68D3F8E4
S31520002800943143F480727B68C3F894217B68D3F8B3
S31520002810A43143F480727B68C3F8A4211DE07B6851
S315200028201B6823F080027B681A607B68D3F88431AA
S3152000283023F480727B68C3F884217B68D3F89431B3
S3152000284023F480727B68C3F894217B68D3F8A43183
S3152000285023F480727B68C3F8A42100BF0C37BD46E1
S3152000286080BC704780B485B000AF786039600023A3
S31520002870FB737B689B6803F08063B3F1806F02D1A2
S315200028800023FB7315E07B689B6803F00063B3F1BC
S31520002890006F02D10123FB730BE07B689B6803F07A
S315200028A08053B3F1805F02D10223FB7301E004233E
S315200028B0FB73FB7B042B00F09F80FB7B7A6818332D
S315200028C01B0113441A68FB7B02F001027968183356
S315200028D01B010B441A603B681B7A002B13D1FB7B30
S315200028E07A6818331B01134419683B681B685B051B
S315200028F03A68527A1A43FB7B0A43796818331B01DC
S315200029000B441A6015E0FB7B7A6818331B011344CD
S3152000291019683B685B68DB003A68127A13433A68A9
S31520002920527A1A43FB7B0A43796818331B010B44FE
S315200029301A603B689B7A03F00F03DAB23B689A72FF
S31520002940FB7B7A6818331B01134404331A68FB7B1C
S3152000295022F00F02796818331B010B4404331A60E6
S31520002960FB7B7A6818331B01134404331A683B68CF
S315200029709B7A1946FB7B0A43796818331B010B4463
S3152000298004331A603B689B7B1A063B685B7B1B04FF
S315200029901A433B681B7B1B021A433B68DB7A1946AA
S315200029A0FB7B0A4379681B010B4403F5C4731A6049
S315200029B03B689B7C1A063B685B7C1B041A433B687E
S315200029C01B7C1B021A433B68DB7B1946FB7B0A43B5
S315200029D079681B010B4403F5C6731A60FB7B7A6882
S315200029E018331B0113441A68FB7B42F001027968F5
S315200029F018331B010B441A60FB7B18461437BD465F
S31520002A0080BC704780B485B000AF78600B46FB7001
S31520002A100023FB60FB78022B12D0022B16DC002B46
S31520002A2002D0012B06D011E07B689A68304B134008
S31520002A30FB600EE07B689A682E4B1340FB6008E033
S31520002A407B689A682C4B1340FB6002E00023FB60F6
S31520002A5000BFFB68284A93423DD0FB68264A934232
S31520002A603CD8FB68254A93422CD0FB68234A9342E4
S31520002A7034D8FB681F4A93422AD0FB681D4A9342EA
S31520002A802CD8FB681E4A934219D0FB681C4A9342F5
S31520002A9024D8FB68164A934217D0FB68144A9342FF
S31520002AA01CD8FB68002B04D0FB68164A934203D03F
S31520002AB014E00223FB6014E00023FB6011E00023F6
S31520002AC0FB600EE00023FB600BE00123FB6008E0C7
S31520002AD00123FB6005E00123FB6002E00023FB608D
S31520002AE000BFFB68DBB218461437BD4680BC704772
S31520002AF0030000040003000800000310000001107A
S31520002B00000100080100000480B483B000AF7860A3
S31520002B100B46FB70FB78022B14D0022B19DC002B02
S31520002B2002D0012B07D014E07B689B6843F080021B
S31520002B307B689A600EE07B689B6843F400427B6862
S31520002B409A6007E07B689B6843F400027B689A6082
S31520002B5000E000BF00BF0C37BD4680BC704780B484
S31520002B6085B000AFF8600B467A60FB72FB7AFA6894
S31520002B701B331B0113441B68DBB203F00403DAB2D8
S31520002B807B681A727B681B7A002B0BD1FB7AFA685A
S31520002B901B331B0113441B685B0DC3F30A027B68BE
S31520002BA01A600AE0FB7AFA681B331B0113441B6880
S31520002BB0DB0823F060427B685A60FB7AFA681B3395
S31520002BC01B0113441B68DBB203F00203DAB27B68F5
S31520002BD05A72FB7AFA681B331B01134404331B68B1
S31520002BE0DBB203F00F03DAB27B689A72FB7AFA68DB
S31520002BF01B331B01134404331B681B0ADAB27B68A0
S31520002C00DA74FB7AFA681B01134403F5DC731B683C
S31520002C10DAB27B68DA72FB7AFA681B01134403F591
S31520002C20DC731B681B0ADAB27B681A73FB7AFA68B4
S31520002C301B01134403F5DC731B681B0CDAB27B689B
S31520002C405A73FB7AFA681B01134403F5DC731B687D
S31520002C501B0EDAB27B689A73FB7AFA681B0113445F
S31520002C6003F5DE731B68DAB27B68DA73FB7AFA68DF
S31520002C701B01134403F5DE731B681B0ADAB27B685B
S31520002C801A74FB7AFA681B01134403F5DE731B687A
S31520002C901B0CDAB27B685A74FB7AFA681B01134460
S31520002CA003F5DE731B681B0EDAB27B689A74FB7A17
S31520002CB0002B06D1FB68DB6843F02002FB68DA6054
S31520002CC005E0FB681B6943F02002FB681A6100BF20
S31520002CD01437BD4680BC704780B483B000AF78609F
S31520002CE00B46FB70FB78002B06D17B68DB6843F034
S31520002CF020027B68DA6005E07B681B6943F02002CE
S31520002D007B681A6100BF0C37BD4680BC704780B413
S31520002D1085B000AF78600B46FB700023FB73FB7811
S31520002D20002B06D17B68DB68DBB203F00303FB7361
S31520002D300BE0FB78012B06D17B681B69DBB203F025
S31520002D400303FB7301E00023FB73FB7B1846143758
S31520002D50BD4680BC704780B485B000AF78600B4616
S31520002D60FB700023FB734FF6FF73BB60FB78002BD1
S31520002D7020D17B681B6823F0030343F001027B68A4
S31520002D801A6002E0BB68013BBB607B685B6803F0AE
S31520002D900303012B02D0BB68002BF3D17B685B6851
S31520002DA003F00303012B02D00023FB734AE0012327
S31520002DB0FB7347E0FB78012B1ED17B681B6823F051
S31520002DC003027B681A6002E0BB68013BBB607B683C
S31520002DD05B6803F00303002B02D0BB68002BF3D102
S31520002DE07B685B6803F00303002B02D00023FB7390
S31520002DF028E00123FB7325E0FB78022B20D17B689A
S31520002E001B6823F0030343F002027B681A6002E08A
S31520002E10BB68013BBB607B685B6803F00303022B46
S31520002E2002D0BB68002BF3D17B685B6803F00303F9
S31520002E30022B02D00023FB7304E00123FB7301E085
S31520002E400023FB73FB7B18461437BD4680BC7047B6
S31520002E5080B485B000AF78600023FB737B681B6865
S31520002E6023F0030343F002027B681A607B685B68E9
S31520002E7003F00303022B01D10123FB73FB7B1846CE
S31520002E801437BD4680BC704780B485B000AF7860EB
S31520002E904FF6FF73FB600023FB727B681B6823F0F1
S31520002EA002027B681A6002E0FB68013BFB607B68DC
S31520002EB05B6803F00203022B02D1FB68002BF3D1DF
S31520002EC07B685B6803F00203022B01D00123FB72AF
S31520002ED0FB7A18461437BD4680BC704780B485B04F
S31520002EE000AF78600023FB737B689B69DBB203F03D
S31520002EF07003FB73FB7B18461437BD4680BC7047B6
S31520002F0080B485B000AF78600023FB737B689B6933
S31520002F101B0EFB73FB7B18461437BD4680BC7047DF
S31520002F2080B485B000AF78600023FB737B689B6913
S31520002F301B0CFB73FB7B18461437BD4680BC7047C1
S31520002F4080B485B000AFF860B9601346FB71FB7999
S31520002F50002B06D0FB685A69BB681A43FB685A6186
S31520002F6006E0FB685A69BB68DB431A40FB685A6176
S31520002F7000BF1437BD4680BC704780B485B000AF13
S31520002F80786039600023FB733B6803F47003002BE1
S31520002F900DD07B689A693B681340C3F31303002B5B
S31520002FA002D00123FB7348E00023FB7345E03B6816
S31520002FB003F08073002B0DD07B685A683B68134062
S31520002FC0C3F31303002B02D00123FB7335E0002348
S31520002FD0FB7332E03B6803F00063002B0DD07B6867
S31520002FE09A683B681340C3F31303002B02D00123D6
S31520002FF0FB7322E00023FB731FE03B6803F00073A2
S31520003000002B0DD07B68DA683B681340C3F31303AB
S31520003010002B02D00123FB730FE00023FB730CE08F
S315200030207B681A693B681340C3F31303002B02D055
S315200030300123FB7301E00023FB73FB7B1846143747
S31520003040BD4680BC704780B485B000AF78603960DB
S315200030500023FB603B68174A934203D17B6800221A
S315200030609A6121E03B68C3F31303FB603B6803F0DE
S315200030700073002B03D07B68FA68DA6014E03B68A3
S3152000308003F08063002B03D07B68FA681A610BE09B
S315200030903B6803F00063002B03D07B68FA689A60D4
S315200030A002E07B68FA685A6000BF1437BD4680BCD0
S315200030B0704700BF7000F03080B584B000AF7860F4
S315200030C039600023FB737B685A693B681340002BE9
S315200030D000F0F0803B68B3F5003F00F0B2803B681B
S315200030E0B3F5003F00F2E3803B68B3F5803F00F084
S315200030F09F803B68B3F5803F00F2D9803B68B3F5EB
S31520003100004F00F0CB803B68B3F5004F00F2CF8034
S315200031103B68B3F5006F00F0B8803B68B3F5006FED
S3152000312000F2C5803B68B3F5806F00F0A5803B6850
S31520003130B3F5806F00F2BB803B68B3F5007F00F0EB
S3152000314092803B68B3F5007F00F2B1803B68B3F50F
S31520003150807F7FD03B68B3F5807F00F2A8803B68F4
S31520003160402B5CD03B68402B00F2A1803B68202B93
S315200031704CD03B68202B00F29A803B68102B3CD029
S315200031803B68102B00F293803B68082B2CD03B68C1
S31520003190082B00F28C803B68042B1CD03B68042B48
S315200031A000F285803B68012B03D03B68022B09D0B7
S315200031B07DE07B689B684349184600F019F9034671
S315200031C0FB7379E07B68DB680321184600F010F971
S315200031D00346FB7370E07B68DB680821184600F025
S315200031E007F90346FB7367E07B68DB681021184606
S315200031F000F0FEF80346FB735EE07B681B69032143
S31520003200184600F0F5F80346FB7355E07B681B690A
S315200032100821184600F0ECF80346FB734CE07B6867
S315200032201B691021184600F0E3F80346FB7343E0C0
S315200032307B685B680821184600F0DAF80346FB73C2
S315200032403AE07B685B681021184600F0D1F8034607
S31520003250FB7331E07B689B690121184600F0C8F8B2
S315200032600346FB7328E07B689B690221184600F021
S31520003270BFF80346FB731FE07B689B690421184651
S3152000328000F0B6F80346FB7316E07B689B69702155
S31520003290184600F0ADF80346FB730DE07B685B68CB
S315200032A00421184600F0A4F80346FB7304E000232B
S315200032B0FB7301E00023FB73FB7B18461037BD46EA
S315200032C080BD00BF0101010080B483B000AF7860EB
S315200032D039603B68B3F5003F64D03B68B3F5003FE7
S315200032E07ED83B68B3F5803F58D03B68B3F5803F26
S315200032F076D83B68B3F5004F6BD03B68B3F5004FEB
S315200033006ED83B68B3F5006F5CD03B68B3F5006FB1
S3152000331066D83B68B3F5806F50D03B68B3F5806FB5
S315200033205ED83B68B3F5007F44D03B68B3F5007F99
S3152000333056D83B68B3F5807F38D03B68B3F5807F9D
S315200033404ED83B68402B25D03B68402B48D83B685D
S31520003350202B1BD03B68202B42D83B68082B11D052
S315200033603B68082B3CD83B68012B03D03B68042BD9
S3152000337004D035E07B681D4A9A6032E07B680822DB
S31520003380DA602EE07B681022DA602AE07B68082269
S315200033901A6126E07B6810221A6122E07B680822E7
S315200033A05A601EE07B6810225A601AE07B6804226D
S315200033B05A6016E07B6804225A6012E07B68042279
S315200033C05A600EE07B6800229A617B6804225A606C
S315200033D007E07B6800229A617B6804225A6000E03D
S315200033E000BF00BF0C37BD4680BC704701010100FD
S315200033F080B485B000AF786039600023FB737A68AB
S315200034003B681340002B02D00123FB7301E000230D
S31520003410FB73FB7B18461437BD4680BC704700BF44
S3152000342080B500AF01214FF0005001F01FFA0021B6
S315200034304FF0005001F01AFA00BF80BD80B485B06D
S3152000344000AF786039600023FB600023BB60134B1C
S315200034501B68FB6040F6FE727B6802FA03F3DB43CF
S31520003460FA681340FB603B681A683B685B681A433E
S315200034703B689B681A433B68DB681343BB60BA68AA
S315200034807B6802FA03F3FA681343FB60034AFB687E
S31520003490136000BF1437BD4680BC704700740040DF
S315200034A080B483B000AF78607B6800221A607B68A6
S315200034B000225A607B6800229A607B680022DA60CC
S315200034C000BF0C37BD4680BC704780B483B000AFC8
S315200034D078600B46FB70FB78002B09D00C4B1A68E2
S315200034E001217B6801FA03F3094913430B6009E0C4
S315200034F0074B1A6801217B6801FA03F3DB43044971
S3152000350013400B6000BF0C37BD4680BC704700BF20
S315200035100074004080B483B000AF78600B46FB7027
S31520003520FB78002B0AD00D4B5A687B681B090121BA
S3152000353001FA03F3094913434B600AE0074B5A6823
S315200035407B681B09012101FA03F3DB43034913407E
S315200035504B6000BF0C37BD4680BC704700740040EE
S3152000356080B483B000AF0346FB71FB79002B06D0F5
S31520003570084B5B68074A43F00303536005E0054B9D
S315200035805B68044A23F00303536000BF0C37BD4633
S3152000359080BC70470074004080B485B000AFF860EE
S315200035A0B9601346FB71FB79002B09D00C4B1A68C6
S315200035B0B968FB6801FA03F3094913430B6009E074
S315200035C0074B1A68B968FB6801FA03F3DB43044921
S315200035D013400B6000BF1437BD4680BC704700BF48
S315200035E00074004080B485B000AF78600B467B80C5
S315200035F00023FB60074BFB60FA687B6813440833A3
S31520003600FB60FB681A467B88136000BF1437BD46F3
S3152000361080BC70470074004080B485B000AF7860ED
S315200036200B467B800023FB60074BFB60FA687B68B8
S3152000363013441433FB60FB681A467B88136000BF73
S315200036401437BD4680BC70470074004080B485B0F6
S3152000365000AF78600B467B8013463B800023FB60DF
S315200036600023BB607B68082B05D17B881A023B8828
S315200036701343FB6004E07B881A043B881343FB60FA
S31520003680074BBB607A68BB6813442033BB60BB68BA
S31520003690FA681A6000BF1437BD4680BC704700BF69
S315200036A00074004080B485B000AF78600023FB60D2
S315200036B0074BFB607B689A08FB6813442C33FB603E
S315200036C0FB681B689BB218461437BD4680BC704702
S315200036D00074004080B483B000AF78600B46FB7066
S315200036E0FB78002B0AD00D4B1A684FF480517B686B
S315200036F001FA03F3094913430B600AE0074B1A68E2
S315200037004FF480517B6801FA03F3DB4303491340EE
S315200037100B6000BF0C37BD4680BC7047007400406C
S3152000372080B485B000AFF860B9601346FB71FB79B1
S31520003730002B09D00C4B1A68B968FB6801FA03F311
S31520003740094913430B6009E0074B1A68B968FB68FF
S3152000375001FA03F3DB43044913400B6000BF14371F
S31520003760BD4680BC704700BF0074004080B485B061
S3152000377000AF786039600023FB730A4B5A6B3968B7
S315200037807B6801FA03F31340002B02D00123FB735D
S3152000379001E00023FB73FB7B18461437BD4680BC33
S315200037A0704700BF0074004080B483B000AF7860DB
S315200037B0396005493A687B6802FA03F34B6300BF18
S315200037C00C37BD4680BC70470074004080B485B07D
S315200037D000AF786039600023FB730023BB600F4B7A
S315200037E01A6839687B6801FA03F31340BB600B4BF8
S315200037F05A6B39687B6801FA03F31340002B05D016
S31520003800BB68002B02D00123FB7301E00023FB736E
S31520003810FB7B18461437BD4680BC704700740040B9
S3152000382080B483B000AF7860396005493A687B6818
S3152000383002FA03F34B6300BF0C37BD4680BC7047CA
S315200038400074004080B400AF094B00221A60084B78
S3152000385000225A60064B00229A60054B0022DA604D
S31520003860034B044A5A6100BFBD4680BC704700BF67
S31520003870003C0140FFFF7F0080B485B000AF786038
S315200038800023FB60344BFB607B689B79002B4FD079
S31520003890314B1A687B681B68DB432F4913400B604A
S315200038A02D4B5A687B681B68DB432B4913404B60C2
S315200038B07B681B791A46FB681344FB60FB68196812
S315200038C07B681A68FB680A431A60234B9A687B68F0
S315200038D01B68DB43204913408B601F4BDA687B68EB
S315200038E01B68DB431C491340CB607B685B79102B3C
S315200038F00ED1194B9A687B681B68174913438B6056
S31520003900154BDA687B681B6813491343CB601DE0AF
S31520003910114BFB607B685B791A46FB681344FB609E
S31520003920FB6819687B681A68FB680A431A600DE011
S315200039307B681B791A46FB681344FB60FB68196891
S315200039407B681B68DA43FB680A401A6000BF14379D
S31520003950BD4680BC704700BF003C014080B483B0A8
S3152000396000AF78607B6800221A607B6800221A719B
S315200039707B680C225A717B6800229A7100BF0C3733
S31520003980BD4680BC704780B483B000AF7860054BDD
S315200039901A6904497B6813430B6100BF0C37BD4687
S315200039A080BC7047003C014080B485B000AF786091
S315200039B00023FB73084B5A697B681340002B02D007
S315200039C00123FB7301E00023FB73FB7B18461437AE
S315200039D0BD4680BC704700BF003C014080B483B028
S315200039E000AF7860034A7B68536100BF0C37BD4641
S315200039F080BC7047003C014080B485B000AF786041
S31520003A000023FB73084B5A697B681340002B02D0B6
S31520003A100123FB7301E00023FB73FB7B184614375D
S31520003A20BD4680BC704700BF003C014080B483B0D7
S31520003A3000AF7860034A7B68536100BF0C37BD46F0
S31520003A4080BC7047003C014080B582B000AF7860F2
S31520003A507B684B4A934208D10121012000F0ACFE3D
S31520003A600021012000F0A8FE86E07B68454A9342AB
S31520003A7008D10121022000F09FFE0021022000F043
S31520003A809BFE79E07B68404A934208D101210420BD
S31520003A9000F092FE0021042000F08EFE6CE07B6890
S31520003AA03A4A934208D10121082000F085FE0021E0
S31520003AB0082000F081FE5FE07B68354A934208D1FA
S31520003AC00121102000F078FE0021102000F074FE65
S31520003AD052E07B682F4A934208D10121202000F032
S31520003AE06BFE0021202000F067FE45E07B682A4A15
S31520003AF0934208D10121402000F05EFE00214020A3
S31520003B0000F05AFE38E07B68244A934208D101210E
S31520003B10802000F051FE0021802000F04DFE2BE099
S31520003B207B681F4A93420AD101214FF4807000F02E
S31520003B3043FE00214FF4807000F03EFE1CE07B68BF
S31520003B40184A93420AD101214FF4007000F034FE46
S31520003B5000214FF4007000F02FFE0DE07B68124A22
S31520003B60934209D101214FF4806000F025FE002107
S31520003B704FF4806000F020FE00BF0837BD4680BDB0
S31520003B80000002400004024000080240000C0240EF
S31520003B90001002400014024000180240001C02409F
S31520003BA000200240002402400028024080B487B052
S31520003BB000AF7860396000237B6100233B610023DE
S31520003BC0FB6000237B6176E001227B6902FA03F326
S31520003BD03B613B681B683A691340FB60FA683B69A6
S31520003BE09A4265D17B681A687B695B00032101FADA
S31520003BF003F3DB431A407B681A607B681A683B68CC
S31520003C001B7919467B695B0001FA03F31A437B682B
S31520003C101A603B681B79012B03D03B681B79022B6A
S31520003C202ED17B689A687B695B00032101FA03F336
S31520003C30DB431A407B689A607B689A683B685B79AD
S31520003C4019467B695B0001FA03F31A437B689A6085
S31520003C507B685A687B699BB2194601238B40DB43FC
S31520003C601A407B685A607B685B683A68927911468D
S31520003C707A6992B201FA02F292B21A437B685A60CA
S31520003C807B68DA687B699BB25B00032101FA03F348
S31520003C90DB431A407B68DA607B68DA683B68DB794D
S31520003CA019467B695B0001FA03F31A437B68DA60E5
S31520003CB07B6901337B617B690F2B85D900BF00BFF0
S31520003CC01C37BD4680BC704780B483B000AF786097
S31520003CD07B684FF6FF721A607B6800221A717B6838
S31520003CE000225A717B6800229A717B680022DA7161
S31520003CF000BF0C37BD4680BC704780B485B000AF8E
S31520003D0078600B467B804FF48033FB607A88FB68B3
S31520003D101343FB60FA687B68DA617A887B68DA612C
S31520003D20FA687B68DA617B68DB69FB607B68DB6944
S31520003D30FB6000BF1437BD4680BC704780B485B099
S31520003D4000AF78600B467B800023FB737B681A6983
S31520003D507B881340002B02D00123FB7301E0002354
S31520003D60FB73FB7B18461437BD4680BC704780B476
S31520003D7083B000AF78607B681B699BB218460C370E
S31520003D80BD4680BC704780B485B000AF78600B46D6
S31520003D907B800023FB737B685A697B881340002B4A
S31520003DA002D00123FB7301E00023FB73FB7B184643
S31520003DB01437BD4680BC704780B483B000AF7860AE
S31520003DC07B685B699BB218460C37BD4680BC704742
S31520003DD080B483B000AF78600B467B807B687A889E
S31520003DE01A8300BF0C37BD4680BC704780B483B0B1
S31520003DF000AF78600B467B807B687A885A8300BF49
S31520003E000C37BD4680BC704780B483B000AF786065
S31520003E100B467B8013467B707B78002B03D07B6818
S31520003E207A881A8302E07B687A885A8300BF0C3727
S31520003E30BD4680BC704780B483B000AF78600B4627
S31520003E407B807A887B685A6100BF0C37BD4680BC70
S31520003E50704780B483B000AF78600B467B807B6868
S31520003E605A697B885A407B685A6100BF0C37BD4629
S31520003E7080BC704780B485B000AF78600B467B80ED
S31520003E8013467B700023FB600023BB607A787B8817
S31520003E9003F007039B0002FA03F3FB607B88DB0831
S31520003EA09BB21A467B68083253F822207B8803F09F
S31520003EB007039B000F2101FA03F3DB437988C90826
S31520003EC089B2084602EA03017B6800F1080243F83A
S31520003ED022107B88DB089BB21A467B68083253F88F
S31520003EE02230FA681343BB607B88DB089BB21A46F4
S31520003EF07B680832B96843F8221000BF1437BD46E4
S31520003F0080BC704780B400AF164B1B68154A43F03F
S31520003F1001031360134B00229A60124B1B68114A4F
S31520003F2023F0A85323F4102313600E4B0E4A5A6035
S31520003F300C4B0E4AC3F884200A4B0D4AC3F888203E
S31520003F40084B1B68074A23F480231360054B002285
S31520003F50DA60044B0022C3F88C2000BFBD4680BC2B
S31520003F60704700BF00380240103000240030002087
S31520003F700030002480B483B000AF0346FB71054BAC
S31520003F8000221A70034AFB79137000BF0C37BD4616
S31520003F9080BC70470238024080B582B000AF002353
S31520003FA03B600023FB710023BB71312000F056FDDE
S31520003FB00346BB713B6801333B603B68B3F5A04FBA
S31520003FC002D0BB79002BF0D0312000F047FD03460C
S31520003FD0002B02D00123FB7101E00023FB71FB794A
S31520003FE018460837BD4680BD80B485B000AF03466D
S31520003FF0FB710023FB600A4B1B68FB60FB6823F008
S31520004000F803FB60FB79DB00FA681343FB60044A84
S31520004010FB68136000BF1437BD4680BC704700BFE5
S315200040200038024080B483B000AF0346FB71044AD7
S31520004030FB79136000BF0C37BD4680BC704700BFBC
S315200040400000474280B483B000AF0346FB710C4B9F
S3152000405000221A700A4B00221A70FB79012B02D01B
S31520004060042B04D007E0064B01221A7003E0044B10
S3152000407005221A7000BF00BF0C37BD4680BC7047B2
S315200040807038024080B483B000AF0346FB71044A07
S31520004090FB79136000BF0C37BD4680BC704700BF5C
S315200040A0800E474280B485B000AFF860B9607A6070
S315200040B03B607B689A01BB681A433B685B08013BFF
S315200040C01B041A43FB681A43BB691B0603491343A7
S315200040D04B6000BF1437BD4680BC70470038024095
S315200040E080B483B000AF0346FB71044AFB791360AA
S315200040F000BF0C37BD4680BC704700BF60004742FA
S3152000410080B483B000AF786039607B689A013B68E1
S315200041101B0704491343C1F8843000BF0C37BD4642
S3152000412080BC70470038024080B483B000AF03469D
S31520004130FB71044AFB79136000BF0C37BD4680BC77
S31520004140704700BF6800474280B485B000AFF86072
S31520004150B9607A60FB689A01BB681B061A437B68C4
S315200041601B0704491343C1F8883000BF1437BD46E6
S3152000417080BC70470038024080B483B000AF03464D
S31520004180FB71044AFB79136000BF0C37BD4680BC27
S31520004190704700BF7000474280B483B000AF03462B
S315200041A0FB71044AFB79136000BF0C37BD4680BC07
S315200041B0704700BF4C00474280B485B000AF78609E
S315200041C039600023FB600A4B9B68FB60FB6823F089
S315200041D0EC63FB607A683B681343FA681343FB6021
S315200041E0034AFB68936000BF1437BD4680BC704706
S315200041F00038024080B485B000AF78603960002373
S31520004200FB600A4B9B68FB60FB6823F07843FB60EE
S315200042107A683B681343FA681343FB60034AFB68DA
S31520004220936000BF1437BD4680BC704700380240FB
S3152000423080B485B000AF78600023FB60094B9B6893
S31520004240FB60FB6823F00303FB60FA687B6813437B
S31520004250FB60044AFB68936000BF1437BD4680BCF0
S31520004260704700BF0038024080B400AF044B9B6803
S31520004270DBB203F00C03DBB21846BD4680BC7047A8
S315200042800038024080B485B000AF78600023FB6020
S31520004290094B9B68FB60FB6823F0F003FB60FA6820
S315200042A07B681343FB60044AFB68936000BF1437A6
S315200042B0BD4680BC704700BF0038024080B485B040
S315200042C000AF78600023FB60094B9B68FB60FB68AE
S315200042D023F4E053FB60FA687B681343FB60044ACF
S315200042E0FB68936000BF1437BD4680BC704700BF93
S315200042F00038024080B485B000AF78600023FB60B0
S31520004300094B9B68FB60FB6823F46043FB607B687A
S31520004310DB00FA681343FB60034AFB68936000BF27
S315200043201437BD4680BC70470038024080B489B03F
S3152000433000AF78600023BB6100237B610023FB6113
S3152000434002233B610023FB600223BB604A4B9B6830
S3152000435003F00C03BB61BB69082B11D0BB69082B8A
S3152000436044D8BB69002B03D0BB69042B04D03DE0A5
S315200043707B68424A1A603DE07B68414A1A6039E010
S315200043803D4B5B689B0D03F00103FB603A4B5B687A
S3152000439003F03F03BB60FB68002B0CD0384ABB6898
S315200043A0B2FBF3F3344A52689209C2F3080202FBC5
S315200043B003F3FB610BE0314ABB68B2FBF3F32E4AF1
S315200043C052689209C2F3080202FB03F3FB612A4BEF
S315200043D05B681B0C03F0030301335B003B61FA6946
S315200043E03B69B2FBF3F27B681A6003E07B68234AE1
S315200043F01A6000BF204B9B6803F0F003BB61BB69CA
S315200044001B09BB611F4ABB6913441B78DBB27B6166
S315200044107B681A687B69DA407B685A60164B9B6812
S3152000442003F4E053BB61BB699B0ABB61154ABB69B8
S3152000443013441B78DBB27B617B685A687B69DA4060
S315200044407B689A600C4B9B6803F46043BB61BB6935
S315200044505B0BBB610B4ABB6913441B78DBB27B61E8
S315200044607B685A687B69DA407B68DA6000BF24374C
S31520004470BD4680BC704700BF003802400024F400CF
S3152000448000127A004880002080B485B000AF7860A2
S315200044900023FB607B6803F44073B3F5407F11D1A2
S315200044A00F4B9B68FB60FB6823F4F813FB607B686B
S315200044B023F0704323F44073FA681343FB60084AE1
S315200044C0FB689360064B1A6F7B68C3F30B030449A2
S315200044D013430B6700BF1437BD4680BC704700BF2F
S315200044E00038024080B483B000AF0346FB71044A13
S315200044F0FB79136000BF0C37BD4680BC704700BFF8
S315200045003C0E474280B483B000AF0346FB71044A99
S31520004510FB79136000BF0C37BD4680BC704700BFD7
S31520004520400E474280B483B000AF7860034A7B6870
S31520004530136000BF0C37BD4680BC70475C01474204
S3152000454080B485B000AF78600023FB600A4BD3F8B7
S315200045508C30FB60FB6823F01F03FB607B68013B0C
S31520004560FA681343FB60044AFB68C2F88C3000BF2C
S315200045701437BD4680BC70470038024080B485B0F1
S3152000458000AF78600023FB600B4BD3F88C30FB60C8
S31520004590FB6823F4F853FB607B68013B1B02FA6837
S315200045A01343FB60044AFB68C2F88C3000BF143703
S315200045B0BD4680BC704700BF0038024080B485B03D
S315200045C000AF78600023FB600A4BD3F88C30FB6089
S315200045D0FB6823F44013FB60FA687B681343FB6097
S315200045E0044AFB68C2F88C3000BF1437BD4680BC35
S315200045F0704700BF0038024080B485B000AF7860B5
S315200046000023FB600A4BD3F88C30FB60FB6823F455
S315200046104003FB60FA687B681343FB60044AFB682F
S31520004620C2F88C3000BF1437BD4680BC704700BF2F
S315200046300038024080B485B000AF78600023FB606C
S315200046400A4BD3F88C30FB60FB6823F44033FB60C5
S31520004650FA687B681343FB60044AFB68C2F88C3017
S3152000466000BF1437BD4680BC704700BF00380240EB
S3152000467080B483B000AF7860034A7B68136000BFC4
S315200046800C37BD4680BC7047E011474280B483B0EA
S3152000469000AF78600B46FB70FB78002B06D0094BE9
S315200046A01A6B08497B6813430B6306E0054B1A6BAC
S315200046B07B68DB43034913400B6300BF0C37BD46C1
S315200046C080BC70470038024080B483B000AF786069
S315200046D00B46FB70FB78002B06D0094B5A6B08491A
S315200046E07B6813434B6306E0054B5A6B7B68DB43C1
S315200046F0034913404B6300BF0C37BD4680BC70474F
S315200047000038024080B483B000AF78600B46FB705F
S31520004710FB78002B06D0094B9A6B08497B6813431C
S315200047208B6306E0054B9A6B7B68DB43034913409A
S315200047308B6300BF0C37BD4680BC704700380240F3
S3152000474080B483B000AF78600B46FB70FB78002BFB
S3152000475006D0094B1A6C08497B6813430B6406E0A4
S31520004760054B1A6C7B68DB43034913400B6400BF7F
S315200047700C37BD4680BC70470038024080B483B0F9
S3152000478000AF78600B46FB70FB78002B06D0094BF8
S315200047905A6C08497B6813434B6406E0054B5A6CF8
S315200047A07B68DB43034913404B6400BF0C37BD468F
S315200047B080BC70470038024080B483B000AF786078
S315200047C00B46FB70FB78002B06D0094B1A6908496B
S315200047D07B6813430B6106E0054B1A697B68DB4354
S315200047E0034913400B6100BF0C37BD4680BC7047A0
S315200047F00038024080B483B000AF78600B46FB706F
S31520004800FB78002B06D0094B5A6908497B6813436D
S315200048104B6106E0054B5A697B68DB43034913402D
S315200048204B6100BF0C37BD4680BC70470038024044
S3152000483080B483B000AF78600B46FB70FB78002B0A
S3152000484006D0094B9A6908497B6813438B6106E0B9
S31520004850054B9A697B68DB43034913408B6100BF94
S315200048600C37BD4680BC70470038024080B483B008
S3152000487000AF78600B46FB70FB78002B06D0094B07
S315200048801A6A08497B6813430B6206E0054B1A6ACD
S315200048907B68DB43034913400B6200BF0C37BD46E0
S315200048A080BC70470038024080B483B000AF786087
S315200048B00B46FB70FB78002B06D0094B5A6A084939
S315200048C07B6813434B6206E0054B5A6A7B68DB43E1
S315200048D0034913404B6200BF0C37BD4680BC70476E
S315200048E00038024080B483B000AF78600B46FB707E
S315200048F0FB78002B06D0094B1A6D08497B681343B9
S315200049000B6506E0054B1A6D7B68DB4303491340B4
S315200049100B6500BF0C37BD4680BC7047003802408F
S3152000492080B483B000AF78600B46FB70FB78002B19
S3152000493006D0094B5A6D08497B6813434B6506E040
S31520004940054B5A6D7B68DB43034913404B6500BF1B
S315200049500C37BD4680BC70470038024080B483B017
S3152000496000AF78600B46FB70FB78002B06D0094B16
S315200049709A6D08497B6813438B6506E0054B9A6D53
S315200049807B68DB43034913408B6500BF0C37BD466C
S3152000499080BC70470038024080B483B000AF786096
S315200049A00B46FB70FB78002B06D0094B1A6E084984
S315200049B07B6813430B6606E0054B1A6E7B68DB4368
S315200049C0034913400B6600BF0C37BD4680BC7047B9
S315200049D00038024080B483B000AF78600B46FB708D
S315200049E0FB78002B06D0094B5A6E08497B68134387
S315200049F04B6606E0054B5A6E7B68DB430349134042
S31520004A004B6600BF0C37BD4680BC7047003802405D
S31520004A1080B483B000AF03460A46FB711346BB71D0
S31520004A20BB79002B08D00C4B1B78DAB20A49FB79EC
S31520004A301343DBB20B7009E0074B1B78DAB2FB7924
S31520004A40DB43DBB204491340DBB20B7000BF0C37EB
S31520004A50BD4680BC704700BF0D38024080B487B089
S31520004A6000AF0346FB710023FB6000237B6100231C
S31520004A70FB74FB795B09DBB2FB60FB68012B03D17E
S31520004A80124B1B687B6109E0FB68022B03D10F4B9D
S31520004A901B6F7B6102E00D4B5B6F7B61FB7903F043
S31520004AA01F03FB607A69FB6822FA03F303F0010314
S31520004AB0002B02D00123FB7401E00023FB74FB7C56
S31520004AC018461C37BD4680BC704700BF00380240E0
S31520004AD080B400AF044B5B6F034A43F08073536787
S31520004AE000BFBD4680BC70470038024080B485B008
S31520004AF000AF0346FB710023FB73084BDA68FB7992
S31520004B001340002B02D00123FB7301E00023FB732B
S31520004B10FB7B18461437BD4680BC704700380240E0
S31520004B2080B483B000AF0346FB71044AFB7913704F
S31520004B3000BF0C37BD4680BC704700BF0E38024010
S31520004B4080B500AF01214FF48040FFF7ADFE002174
S31520004B504FF48040FFF7A8FE00BF80BD80B483B02D
S31520004B6000AF0346FB71044AFB79136000BF0C3784
S31520004B70BD4680BC704700BF0038014080B483B07A
S31520004B8000AF0346FB71044AFB79136000BF0C3764
S31520004B90BD4680BC704700BF2000274280B485B048
S31520004BA000AF03460A46FB711346BB710023FB6028
S31520004BB0BB7903F003039B000F2202FA03F3FB6089
S31520004BC0154ABB799B08DBB2023352F82320FB68D7
S31520004BD0DB431148B9798908C9B21A408B1C40F8C1
S31520004BE023200D4ABB799B08DBB2023352F82320DF
S31520004BF0F979BB7903F003039B0001FA03F3064816
S31520004C00B9798908C9B21A438B1C40F8232000BF02
S31520004C101437BD4680BC70470038014080B483B04D
S31520004C2000AF7860034A7B68136000BF0C37BD462F
S31520004C3080BC7047DC00274280B483B000AF0346B7
S31520004C40FB71044AFB79136000BF0C37BD4680BC5C
S31520004C50704700BF0004274280B483B000AF002312
S31520004C60FB71084B1B6A03F48073002B02D00123CF
S31520004C70FB7101E00023FB71FB7918460C37BD461A
S31520004C8080BC70470038014080B582B000AF7860A4
S31520004C907B68604A934208D101210120FFF704FE78
S31520004CA000210120FFF700FEAFE07B68B3F1804FC3
S31520004CB008D101210120FFF7D9FD00210120FFF7AE
S31520004CC0D5FDA2E07B68544A934208D101210220F7
S31520004CD0FFF7CCFD00210220FFF7C8FD95E07B6899
S31520004CE04E4A934208D101210420FFF7BFFD00213F
S31520004CF00420FFF7BBFD88E07B68494A934208D130
S31520004D0001210820FFF7B2FD00210820FFF7AEFDA4
S31520004D107BE07B68434A934208D101211020FFF7AC
S31520004D20A5FD00211020FFF7A1FD6EE07B683E4A1D
S31520004D30934208D101212020FFF798FD0021202051
S31520004D40FFF794FD61E07B68384A934208D1012140
S31520004D500220FFF7A9FD00210220FFF7A5FD54E060
S31520004D607B68334A93420AD101214FF48030FFF702
S31520004D709BFD00214FF48030FFF796FD45E07B68D0
S31520004D802C4A93420AD101214FF40030FFF78CFDC3
S31520004D9000214FF40030FFF787FD36E07B68264A76
S31520004DA093420AD101214FF48020FFF77DFD002197
S31520004DB04FF48020FFF778FD27E07B681F4A934257
S31520004DC008D101214020FFF751FD00214020FFF7A7
S31520004DD04DFD1AE07B681A4A934208D101218020B2
S31520004DE0FFF744FD00218020FFF740FD0DE07B68A2
S31520004DF0144A934209D101214FF48070FFF736FD02
S31520004E0000214FF48070FFF731FD00BF0837BD4603
S31520004E1080BD00BF000001400004004000080040A3
S31520004E20000C004000100040001400400004014027
S31520004E300040014000440140004801400018004065
S31520004E40001C00400020004080B485B000AF786090
S31520004E5039600023FB817B681B88FB817B68284A9D
S31520004E60934213D07B68274A93420FD07B68B3F1D5
S31520004E70804F0BD07B68244A934207D07B68234A15
S31520004E80934203D07B68224A934208D1FB8923F0C0
S31520004E907003FB813B685A88FB891343FB817B683F
S31520004EA01C4A93420CD07B681B4A934208D0FB894C
S31520004EB023F44073FB813B681A89FB891343FB81EA
S31520004EC07B68FA891A803B685A687B68DA623B6895
S31520004ED01A887B681A857B68094A934203D07B68C7
S31520004EE0084A934204D13B689B7A1A467B681A8605
S31520004EF07B6801229A8200BF1437BD4680BC70476A
S31520004F000000014000040140000400400008004069
S31520004F10000C0040001000400014004080B483B014
S31520004F2000AF78607B684FF0FF325A607B680022C2
S31520004F301A807B6800221A817B6800225A807B684F
S31520004F4000229A7200BF0C37BD4680BC704780B4E1
S31520004F5083B000AF78600B467B8013463B807B682E
S31520004F607A881A857B683A889A8200BF0C37BD46B4
S31520004F7080BC704780B485B000AF78600B467B80DC
S31520004F800023FB817B681B88FB81FB8923F0700350
S31520004F90FB81FA897B881343FB817B68FA891A8017
S31520004FA000BF1437BD4680BC704780B483B000AFC5
S31520004FB0786039607B683A685A6200BF0C37BD4614
S31520004FC080BC704780B483B000AF786039607B685E
S31520004FD03A68DA6200BF0C37BD4680BC704780B4A1
S31520004FE083B000AF78607B685B6A18460C37BD4695
S31520004FF080BC704780B483B000AF78607B681B8D1F
S315200050009BB218460C37BD4680BC704780B483B02F
S3152000501000AF78600B46FB70FB78002B08D07B68CE
S315200050201B889BB243F002039AB27B681A8007E082
S315200050307B681B889BB223F002039AB27B681A8096
S3152000504000BF0C37BD4680BC704780B483B000AF2C
S3152000505078600B467B807B88002B08D07B681B887A
S315200050609BB243F004039AB27B681A8007E07B6800
S315200050701B889BB223F004039AB27B681A8000BF78
S315200050800C37BD4680BC704780B483B000AF7860D3
S315200050900B46FB70FB78002B08D07B681B889BB2E5
S315200050A043F080039AB27B681A8007E07B681B88EE
S315200050B09BB223F080039AB27B681A8000BF0C371C
S315200050C0BD4680BC704780B483B000AF78600B4685
S315200050D07B807B681B889BB223F008039AB27B688F
S315200050E01A807B681B889AB27B8813439AB27B68A6
S315200050F01A8000BF0C37BD4680BC704780B483B091
S3152000510000AF78600B467B807B681B889BB223F4BC
S3152000511040739AB27B681A807B681B889AB27B8818
S3152000512013439AB27B681A8000BF0C37BD4680BCF9
S31520005130704780B483B000AF78600B46FB70FB7875
S31520005140002B08D07B681B889BB243F001039AB2E0
S315200051507B681A8007E07B681B889BB223F00103DB
S315200051609AB27B681A8000BF0C37BD4680BC704758
S3152000517080B485B000AF7860396000237B8100233E
S31520005180FB810023BB817B681B8C9BB223F0010330
S315200051909AB27B681A847B681B8CFB817B689B8810
S315200051A0BB817B681B8B7B817B8923F070037B8192
S315200051B07B8923F003037B813B681A887B89134311
S315200051C07B81FB8923F00203FB813B689A89FB895B
S315200051D01343FB813B685A88FB891343FB817B6819
S315200051E01E4A934203D07B681D4A934223D1FB89F2
S315200051F023F00803FB813B68DA89FB891343FB8193
S31520005200FB8923F00403FB813B689A88FB891343BF
S31520005210FB81BB8923F48073BB81BB8923F4007394
S31520005220BB813B681A8ABB891343BB813B685A8A78
S31520005230BB891343BB817B68BA899A807B687A894C
S315200052401A833B689A687B685A637B68FA891A8452
S3152000525000BF1437BD4680BC704700BF0000014028
S315200052600004014080B485B000AF78603960002327
S315200052707B810023FB810023BB817B681B8C9BB237
S3152000528023F010039AB27B681A847B681B8CFB81FF
S315200052907B689B88BB817B681B8B7B817B8923F406
S315200052A0E0437B817B8923F440737B813B681B88A9
S315200052B01B029AB27B8913437B81FB8923F020034F
S315200052C0FB813B689B891B019AB2FB891343FB81B7
S315200052D03B685B881B019AB2FB891343FB817B6881
S315200052E0224A934203D07B68214A93422BD1FB89E1
S315200052F023F08003FB813B68DB891B019AB2FB8983
S315200053001343FB81FB8923F04003FB813B689B8889
S315200053101B019AB2FB891343FB81BB8923F480636B
S31520005320BB81BB8923F40063BB813B681B8A9B003E
S315200053309AB2BB891343BB813B685B8A9B009AB2B6
S31520005340BB891343BB817B68BA899A807B687A893B
S315200053501A833B689A687B689A637B68FA891A8401
S3152000536000BF1437BD4680BC704700BF0000014017
S315200053700004014080B485B000AF78603960002316
S315200053807B810023FB810023BB817B681B8C9BB226
S3152000539023F480739AB27B681A847B681B8CFB810A
S315200053A07B689B88BB817B689B8B7B817B8923F079
S315200053B070037B817B8923F003037B813B681A88FA
S315200053C07B8913437B81FB8923F40073FB813B6834
S315200053D09B891B029AB2FB891343FB813B685B883E
S315200053E01B029AB2FB891343FB817B68224A9342B4
S315200053F003D07B68214A93422BD1FB8923F4006397
S31520005400FB813B68DB891B029AB2FB891343FB8134
S31520005410FB8923F48063FB813B689B881B029AB23D
S31520005420FB891343FB81BB8923F48053BB81BB8952
S3152000543023F40053BB813B681B8A1B019AB2BB89AC
S315200054401343BB813B685B8A1B019AB2BB8913431A
S31520005450BB817B68BA899A807B687A899A833B6804
S315200054609A687B68DA637B68FA891A8400BF1437E6
S31520005470BD4680BC704700BF0000014000040140CB
S3152000548080B485B000AF786039600023BB810023EB
S315200054907B810023FB817B681B8C9BB223F480538A
S315200054A09AB27B681A847B681B8C7B817B689B887D
S315200054B0FB817B689B8BBB81BB8923F4E043BB814B
S315200054C0BB8923F44073BB813B681B881B029AB2BD
S315200054D0BB891343BB817B8923F400537B813B68C3
S315200054E09B891B039AB27B8913437B813B685B882C
S315200054F01B039AB27B8913437B817B68114A9342B3
S3152000550003D07B68104A93420AD1FB8923F4804357
S31520005510FB813B681B8A9B019AB2FB891343FB8163
S315200055207B68FA899A807B68BA899A833B689A68ED
S315200055307B681A647B687A891A8400BF1437BD4653
S3152000554080BC7047000001400004014080B483B055
S3152000555000AF78607B6800221A807B6800225A8020
S315200055607B6800229A807B6800229A607B680022F2
S315200055709A817B680022DA817B6800221A827B6806
S3152000558000225A8200BF0C37BD4680BC704780B4CB
S3152000559085B000AF78600B467B8013463B800023A6
S315200055A0FB6000237B817B68FB60FB681833FB6014
S315200055B07B88012202FA03F37B817B681B8C9AB2DB
S315200055C07B89DB439BB213409AB27B681A847B8823
S315200055D0002B02D07B88082B14D17B885B089BB2DA
S315200055E01A46FB681344FB60FB681968FA684FF695
S315200055F08F730B401360FB6819683A88FB680A436F
S315200056001A6019E07B88043B9BB25B089BB21A4662
S31520005610FB681344FB60FB681968FA6848F6FF7359
S315200056200B401360FB681A683B881B029BB2194625
S31520005630FB680A431A6000BF00BF1437BD4680BC12
S31520005640704780B483B000AF786039607B683A6871
S315200056505A6300BF0C37BD4680BC704780B483B008
S3152000566000AF786039607B683A689A6300BF0C3770
S31520005670BD4680BC704780B483B000AF7860396087
S315200056807B683A68DA6300BF0C37BD4680BC70473A
S3152000569080B483B000AF786039607B683A681A645A
S315200056A000BF0C37BD4680BC704780B485B000AFC4
S315200056B078600B467B800023FB817B681B8BFB81FC
S315200056C0FB8923F07003FB81FA897B881343FB81D6
S315200056D07B68FA891A8300BF1437BD4680BC7047A1
S315200056E080B485B000AF78600B467B800023FB81B9
S315200056F07B681B8BFB81FB8923F4E043FB817B8842
S315200057001B029AB2FB891343FB817B68FA891A83B1
S3152000571000BF1437BD4680BC704780B485B000AF4B
S3152000572078600B467B800023FB817B689B8BFB810B
S31520005730FB8923F07003FB81FA897B881343FB8165
S315200057407B68FA899A8300BF1437BD4680BC7047B0
S3152000575080B485B000AF78600B467B800023FB8148
S315200057607B689B8BFB81FB8923F4E043FB817B8851
S315200057701B029AB2FB891343FB817B68FA899A83C1
S3152000578000BF1437BD4680BC704780B485B000AFDB
S3152000579078600B467B800023FB817B681B8BFB811B
S315200057A0FB8923F00803FB81FA897B881343FB815D
S315200057B07B68FA891A8300BF1437BD4680BC7047C0
S315200057C080B485B000AF78600B467B800023FB81D8
S315200057D07B681B8BFB81FB8923F40063FB817B8821
S315200057E01B029AB2FB891343FB817B68FA891A83D1
S315200057F000BF1437BD4680BC704780B485B000AF6B
S3152000580078600B467B800023FB817B689B8BFB812A
S31520005810FB8923F00803FB81FA897B881343FB81EC
S315200058207B68FA899A8300BF1437BD4680BC7047CF
S3152000583080B485B000AF78600B467B800023FB8167
S315200058407B689B8BFB81FB8923F40063FB817B8830
S315200058501B029AB2FB891343FB817B68FA899A83E0
S3152000586000BF1437BD4680BC704780B485B000AFFA
S3152000587078600B467B800023FB817B681B8BFB813A
S31520005880FB8923F00403FB81FA897B881343FB8180
S315200058907B68FA891A8300BF1437BD4680BC7047DF
S315200058A080B485B000AF78600B467B800023FB81F7
S315200058B07B681B8BFB81FB8923F48063FB817B88C0
S315200058C01B029AB2FB891343FB817B68FA891A83F0
S315200058D000BF1437BD4680BC704780B485B000AF8A
S315200058E078600B467B800023FB817B689B8BFB814A
S315200058F0FB8923F00403FB81FA897B881343FB8110
S315200059007B68FA899A8300BF1437BD4680BC7047EE
S3152000591080B485B000AF78600B467B800023FB8186
S315200059207B689B8BFB81FB8923F48063FB817B88CF
S315200059301B029AB2FB891343FB817B68FA899A83FF
S3152000594000BF1437BD4680BC704780B485B000AF19
S3152000595078600B467B800023FB817B681B8BFB8159
S31520005960FB8923F08003FB81FA897B881343FB8123
S315200059707B68FA891A8300BF1437BD4680BC7047FE
S3152000598080B485B000AF78600B467B800023FB8116
S315200059907B681B8BFB81FB89C3F30E03FB817B8812
S315200059A01B029AB2FB891343FB817B68FA891A830F
S315200059B000BF1437BD4680BC704780B485B000AFA9
S315200059C078600B467B800023FB817B689B8BFB8169
S315200059D0FB8923F08003FB81FA897B881343FB81B3
S315200059E07B68FA899A8300BF1437BD4680BC70470E
S315200059F080B485B000AF78600B467B800023FB81A6
S31520005A007B689B8BFB81FB89C3F30E03FB817B8821
S31520005A101B029AB2FB891343FB817B68FA899A831E
S31520005A2000BF1437BD4680BC704780B485B000AF38
S31520005A3078600B467B800023FB817B681B8CFB8177
S31520005A40FB8923F00203FB81FA897B881343FB81C0
S31520005A507B68FA891A8400BF1437BD4680BC70471C
S31520005A6080B485B000AF78600B467B800023FB8135
S31520005A707B681B8CFB81FB8923F00803FB81FA8959
S31520005A807B881343FB817B68FA891A8400BF14370D
S31520005A90BD4680BC704780B485B000AF78600B46A9
S31520005AA07B800023FB817B681B8CFB81FB8923F099
S31520005AB02003FB817B881B019AB2FB891343FB8160
S31520005AC07B68FA891A8400BF1437BD4680BC7047AC
S31520005AD080B485B000AF78600B467B800023FB81C5
S31520005AE07B681B8CFB81FB8923F08003FB817B88F1
S31520005AF01B019AB2FB891343FB817B68FA891A84BE
S31520005B0000BF1437BD4680BC704780B485B000AF57
S31520005B1078600B467B800023FB817B681B8CFB8196
S31520005B20FB8923F40073FB817B881B029AB2FB89D5
S31520005B301343FB817B68FA891A8400BF1437BD465C
S31520005B4080BC704780B485B000AF78600B467B8000
S31520005B500023FB817B681B8CFB81FB8923F400637C
S31520005B60FB817B881B029AB2FB891343FB817B68EE
S31520005B70FA891A8400BF1437BD4680BC704780B4AA
S31520005B8085B000AF78600B467B800023FB817B6865
S31520005B901B8CFB81FB8923F40053FB817B881B0331
S31520005BA09AB2FB891343FB817B68FA891A8400BF6A
S31520005BB01437BD4680BC704780B485B000AF78608E
S31520005BC00B467B8013463B800023FB817B8801228A
S31520005BD002FA03F3FB817B681B8C9AB2FB89DB43B9
S31520005BE09BB213409AB27B681A847B681B8C9AB24C
S31520005BF039887B8801FA03F39BB213439AB27B68F8
S31520005C001A8400BF1437BD4680BC704780B485B067
S31520005C1000AF78600B467B8013463B800023FB81D8
S31520005C207B88042202FA03F3FB817B681B8C9AB2E1
S31520005C30FB89DB439BB213409AB27B681A847B684C
S31520005C401B8C9AB239887B8801FA03F39BB21343E3
S31520005C509AB27B681A8400BF1437BD4680BC704751
S31520005C6080B582B000AF786039603B681B88002B16
S31520005C700FD13B6859883B689A883B681B897868AE
S31520005C8000F097FC3B68DB881946786800F0DCF862
S31520005C9036E03B681B88042B0FD13B6859883B684C
S31520005CA09A883B681B89786800F0C5FC3B68DB88CE
S31520005CB01946786800F0E3F822E03B681B88082B39
S31520005CC00FD13B6859883B689A883B681B8978685E
S31520005CD000F0FDFC3B68DB881946786800F0ECF89C
S31520005CE00EE03B6859883B689A883B681B89786830
S31520005CF000F034FD3B68DB881946786800F0F7F839
S31520005D0000BF0837BD4680BD80B483B000AF786041
S31520005D107B6800221A807B6800225A807B680122D9
S31520005D209A807B680022DA807B6800221A8100BF75
S31520005D300C37BD4680BC704780B584B000AF786014
S31520005D4039600023FB810123BB813B685B88002BE4
S31520005D5002D10223FB8101E00023FB813B689B8863
S31520005D60012B02D10223BB8101E00123BB813B68C9
S31520005D701B88002B1CD13B6859883B689A883B6856
S31520005D801B89786800F015FC3B68DB881946786823
S31520005D9000F05AF83B681B89BA89F989786800F0BF
S31520005DA04AFC3B68DB881946786800F068F81BE0F7
S31520005DB03B6859883B689A883B681B89786800F05D
S31520005DC03AFC3B68DB881946786800F058F83B684F
S31520005DD01B89BA89F989786800F0EBFB3B68DB8878
S31520005DE01946786800F030F800BF1037BD4680BDF0
S31520005DF080B483B000AF78607B685B6B18460C3745
S31520005E00BD4680BC704780B483B000AF78607B68A5
S31520005E109B6B18460C37BD4680BC704780B483B058
S31520005E2000AF78607B68DB6B18460C37BD4680BCBC
S31520005E30704780B483B000AF78607B681B6C1846CF
S31520005E400C37BD4680BC704780B483B000AF786005
S31520005E500B467B807B681B8B9BB223F00C039AB28C
S31520005E607B681A837B681B8B9AB27B8813439AB212
S31520005E707B681A8300BF0C37BD4680BC704780B450
S31520005E8083B000AF78600B467B807B681B8B9BB210
S31520005E9023F440639AB27B681A837B681B8B9AB281
S31520005EA07B881B029BB213439AB27B681A8300BF7E
S31520005EB00C37BD4680BC704780B483B000AF786095
S31520005EC00B467B807B689B8B9BB223F00C039AB29C
S31520005ED07B689A837B689B8B9AB27B8813439AB2A2
S31520005EE07B689A8300BF0C37BD4680BC704780B460
S31520005EF083B000AF78600B467B807B689B8B9BB220
S31520005F0023F440639AB27B689A837B689B8B9AB210
S31520005F107B881B029BB213439AB27B689A8300BF8D
S31520005F200C37BD4680BC704780B483B000AF786024
S31520005F3039603B681A883B685B8813439AB23B6892
S31520005F409B8813439AB23B68DB8813439AB23B681B
S31520005F501B8913439AB23B685B8913439AB23B6809
S31520005F609B8913439AB27B68A3F8442000BF0C3761
S31520005F70BD4680BC704780B483B000AF78607B6834
S31520005F8000221A807B6800225A807B6800229A8031
S31520005F907B680022DA807B6800221A817B680022D7
S31520005FA05A817B6800229A8100BF0C37BD4680BC8F
S31520005FB0704780B483B000AF78600B46FB70FB78E7
S31520005FC0002B0CD07B68B3F844309BB26FEA434376
S31520005FD06FEA53439AB27B68A3F8442009E07B68B2
S31520005FE0B3F844309BB2C3F30E039AB27B68A3F88E
S31520005FF0442000BF0C37BD4680BC704780B483B0B8
S3152000600000AF78600B46FB70FB78002B08D07B68CE
S315200060109B889BB243F004039AB27B689A8007E080
S315200060207B689B889BB223F004039AB27B689A8094
S3152000603000BF0C37BD4680BC704780B483B000AF2C
S3152000604078600B46FB70FB78002B08D07B689B881A
S315200060509BB243F001039AB27B689A8007E07B6883
S315200060609B889BB223F001039AB27B689A8000BF7B
S315200060700C37BD4680BC704780B483B000AF7860D3
S315200060800B467B8013467B707B78002B08D07B6881
S315200060909B899AB27B8813439AB27B689A8109E0DE
S315200060A07B689B899AB27B88DB439BB213409AB26A
S315200060B07B689A8100BF0C37BD4680BC704780B490
S315200060C083B000AF78600B467B807B687A889A82A3
S315200060D000BF0C37BD4680BC704780B485B000AF8A
S315200060E078600B467B800023FB737B681B8A9AB201
S315200060F07B8813409BB2002B02D00123FB7301E067
S315200061000023FB73FB7B18461437BD4680BC7047C3
S3152000611080B483B000AF78600B467B807B88DB43FE
S315200061209AB27B681A8200BF0C37BD4680BC704786
S3152000613080B485B000AF78600B467B800023FB736C
S315200061400023BB8100237B817B681B8A9AB27B88D4
S315200061501340BB817B689B899AB27B8813407B81E5
S31520006160BB89002B05D07B89002B02D00123FB7332
S3152000617001E00023FB73FB7B18461437BD4680BC29
S31520006180704780B483B000AF78600B467B807B88F5
S31520006190DB439AB27B681A8200BF0C37BD4680BCAF
S315200061A0704780B483B000AF78600B467B8013467F
S315200061B03B807A883B8813439AB27B68A3F84820B1
S315200061C000BF0C37BD4680BC704780B483B000AF9B
S315200061D078600B467B8013467B707B78002B08D03B
S315200061E07B689B899AB27B8813439AB27B689A8193
S315200061F009E07B689B899AB27B88DB439BB213407C
S315200062009AB27B689A8100BF0C37BD4680BC704726
S3152000621080B483B000AF78600B46FB70FB78002B10
S3152000622008D07B689B889BB243F008039AB27B68B0
S315200062309A8007E07B689B889BB223F008039AB27A
S315200062407B689A8000BF0C37BD4680BC704780B4FF
S3152000625083B000AF78607B681B899BB223F007036D
S315200062609AB27B681A8100BF0C37BD4680BC704746
S3152000627080B582B000AF78600B467B807B8819465C
S31520006280786800F088F87B681B899BB243F0070387
S315200062909AB27B681A8100BF0837BD4680BD80B59B
S315200062A084B000AFF860084611461A4603467B8143
S315200062B00B463B811346FB807B89602B06D1FB88EE
S315200062C039890122F86800F0B6F905E0FB8839899A
S315200062D00122F86800F06DF97B891946F86800F00C
S315200062E05AF8FB681B899BB243F007039AB2FB68F6
S315200062F01A8100BF1037BD4680BD80B586B000AF7D
S31520006300F860084611461A4603467B810B463B81B8
S315200063101346FB800023FB82FB883A897989F8683B
S3152000632000F0A5F8FB681B89FB82FB8A23F0070394
S31520006330FB82FB8A43F00703FB82FB8A23F0700370
S31520006340FB82FB8A43F07003FB82FB68FA8A1A8180
S3152000635000BF1837BD4680BD80B584B000AFF86059
S31520006360084611461A4603467B810B463B81134657
S31520006370FB80FB883A897989F86800F078F8FB6811
S315200063801B899BB243F480439AB2FB681A8100BFF3
S315200063901037BD4680BD80B485B000AF78600B460F
S315200063A07B800023FB817B681B89FB81FB8923F093
S315200063B07003FB81FA897B881343FB817B68FA890A
S315200063C01A8100BF1437BD4680BC704780B483B0A5
S315200063D000AF78600B467B807B689B889BB223F05E
S315200063E070039AB27B689A807B689B889AB27B8876
S315200063F013439AB27B689A8000BF0C37BD4680BC97
S31520006400704780B483B000AF78600B467B807B6892
S315200064101B899BB223F007039AB27B681A817B689B
S315200064201B899AB27B8813439AB27B681A8100BF74
S315200064300C37BD4680BC704780B483B000AF78600F
S315200064400B467B807B681B899BB223F080039AB224
S315200064507B681A817B681B899AB27B8813439AB220
S315200064607B681A8100BF0C37BD4680BC704780B45C
S3152000647087B000AFF860084611461A4603467B816E
S315200064800B463B811346FB800023FB82FB681B895E
S31520006490FB82FB8ADBB2FB82FB881B029AB23B891A
S315200064A013439AB27B8913439AB2FB8A1343FB8226
S315200064B0FB68FA8A1A8100BF1C37BD4680BC70472C
S315200064C080B487B000AFF860084611461A460346E6
S315200064D07B810B463B811346FB800023FB820023F6
S315200064E0BB8200237B82FB681B89FB82FB681B8B9C
S315200064F0BB82FB681B8C7B82FB8A23F00703FB8213
S31520006500FA8A7B891343FB82BB8A23F4407323F0E8
S315200065100303BB82BB8A43F4807343F00103BB822F
S315200065207B8A23F022037B82FB881B019AB23B895C
S3152000653013439AB27B8A13437B82FB68FA8A1A81B9
S31520006540FB68BA8A1A83FB687A8A1A8400BF1C37CA
S31520006550BD4680BC704780B483B000AF78600B46E0
S31520006560FB70FB78002B08D07B689B889BB243F09E
S3152000657080039AB27B689A8007E07B689B889BB2EF
S3152000658023F080039AB27B689A8000BF0C37BD4601
S3152000659080BC704780B483B000AF78600B467B80A8
S315200065A07B687A88A3F8502000BF0C37BD4680BC94
S315200065B0704780B487B000AFF860084611461A4687
S315200065C003467B810B463B811346FB800023FB82DF
S315200065D00023BB82FB681B8C9BB223F001039AB27B
S315200065E0FB681A84FB681B8BFB82FB681B8CBB82B7
S315200065F0FB8A23F0F303FB82FB881B019AB23B89BB
S3152000660013439AB2FB8A1343FB82BB8A23F00A0305
S31520006610BB827A89BB8A13439BB243F00103BB82B8
S31520006620FB68FA8A1A83FB68BA8A1A8400BF1C3769
S31520006630BD4680BC704780B487B000AFF86008467E
S3152000664011461A4603467B810B463B811346FB8047
S315200066500023FB820023BB8200237B82FB681B8CEA
S315200066609BB223F010039AB2FB681A84FB681B8B3B
S31520006670FB82FB681B8CBB827B891B017B82FB8A8E
S3152000668023F440731B051B0DFB82FB881B039AB268
S31520006690FB8A1343FB823B891B029AB2FB8A134374
S315200066A0FB82BB8A23F0A003BB827A8ABB8A134370
S315200066B09BB243F01003BB82FB68FA8A1A83FB68FD
S315200066C0BA8A1A8400BF1C37BD4680BC704780B486
S315200066D087B000AFF860084611461A4603467B810C
S315200066E00B463B811346FB800023FB820023BB82A3
S315200066F000237B82FB681B8C9BB223F480739AB2A7
S31520006700FB681A84FB689B8BFB82FB681B8CBB8215
S315200067107B891B027B82FB8A23F0F303FB82FB88A7
S315200067201B019AB23B8913439AB2FB8A1343FB821D
S31520006730BB8A23F42063BB827A8ABB8A13439BB22B
S3152000674043F48073BB82FB68FA8A9A83FB68BA8A11
S315200067501A8400BF1C37BD4680BC704780B487B002
S3152000676000AFF860084611461A4603467B810B4661
S315200067703B811346FB800023FB820023BB82002340
S315200067807B82FB681B8C9BB223F480539AB2FB68F6
S315200067901A84FB689B8BFB82FB681B8CBB827B89E4
S315200067A01B037B82FB8A23F440731B051B0DFB8294
S315200067B03B891B029AB2FB8A1343FB82FB881B038D
S315200067C09AB2FB8A1343FB82BB8A23F400535B04F1
S315200067D05B0CBB827A8ABB8A13439BB243F48053F9
S315200067E0BB82FB68FA8A9A83FB68BA8A1A8400BF3E
S315200067F01C37BD4680BC704780B582B000AF78603C
S315200068007B683B4A934208D101211020FEF74CF8C1
S3152000681000211020FEF748F865E07B68354A934250
S315200068200AD101214FF40030FEF720F800214FF461
S315200068300030FEF71BF856E07B682F4A93420AD1B8
S3152000684001214FF48020FEF711F800214FF480201B
S31520006850FEF70CF847E07B68284A93420AD10121CB
S315200068604FF40020FEF702F800214FF40020FDF738
S31520006870FDFF38E07B68224A93420AD101214FF47A
S315200068808010FDF7F3FF00214FF48010FDF7EEFF97
S3152000689029E07B681B4A934208D101212020FEF77C
S315200068A003F800212020FDF7FFFF1CE07B68164A35
S315200068B093420AD101214FF08040FDF7D7FF0021F6
S315200068C04FF08040FDF7D2FF0DE07B680F4A9342E0
S315200068D009D101214FF00040FDF7C8FF00214FF0FC
S315200068E00040FDF7C3FF00BF0837BD4680BD00BF8F
S315200068F0001001400044004000480040004C004089
S31520006900005000400014014000780040007C004008
S3152000691080B58AB000AF7860396000237B6200239F
S315200069203B620023FB610023BB617B681B8A9BB211
S315200069307B627B6A23F440537B623B68DB881A4682
S315200069407B6A13437B627B6A9AB27B681A827B6876
S315200069509B899BB27B627B6A23F4B05323F00C03A2
S315200069607B623B689A883B681B8913439AB23B68D3
S315200069705B8913439BB21A467B6A13437B627B6A0D
S315200069809AB27B689A817B689B8A9BB27B627B6A80
S3152000699023F440737B623B689B891A467B6A1343C8
S315200069A07B627B6A9AB27B689A8207F10803184653
S315200069B0FDF7BCFC7B68304A934203D07B682F4AA4
S315200069C0934202D17B693B6201E03B693B627B6873
S315200069D09B899BB21BB2002B0CDA3A6A13469B00AA
S315200069E013449A001A443B681B685B00B2FBF3F31E
S315200069F0FB610BE03A6A13469B0013449A001A4443
S31520006A003B681B689B00B2FBF3F3FB61FB691C4AE6
S31520006A10A2FB03235B091B017B627B6A1B096422A1
S31520006A2002FB03F3FA69D31ABB617B689B899BB28D
S31520006A301BB2002B0CDABB69DB003233104AA2FBF7
S31520006A4003235B0903F007037A6A13437B620BE097
S31520006A50BB691B0132330A4AA2FB03235B0903F0FD
S31520006A600F037A6A13437B627B6A9AB27B681A8128
S31520006A7000BF2837BD4680BD0010014000140140EC
S31520006A801F85EB5180B483B000AF78607B684FF4EC
S31520006A9016521A607B6800229A807B680022DA8070
S31520006AA07B6800221A817B680C225A817B6800222F
S31520006AB09A8100BF0C37BD4680BC704780B485B034
S31520006AC000AF786039600023FB607B681B8A9BB22D
S31520006AD0FB60FB6823F47063FB603B681A883B68A5
S31520006AE05B8813439AB23B689B8813439AB23B68F0
S31520006AF0DB8813439BB21A46FB681343FB60FB6893
S31520006B009AB27B681A8200BF1437BD4680BC704794
S31520006B1080B483B000AF78607B6800221A807B68DF
S31520006B2000225A807B6800229A807B680022DA80C5
S31520006B3000BF0C37BD4680BC704780B483B000AF21
S31520006B4078600B46FB70FB78002B08D07B689B890E
S31520006B509BB243F400539AB27B689A8107E07B6824
S31520006B609B899BB223F400539AB27B689A8100BF1B
S31520006B700C37BD4680BC704780B483B000AF7860C8
S31520006B800B46FB707B681B8B9BB223F0FF039AB2EC
S31520006B907B681A837B681B8B9AB2FB789BB2134364
S31520006BA09AB27B681A8300BF0C37BD4680BC7047FB
S31520006BB080B483B000AF78600B46FB70FB78002B67
S31520006BC00AD07B689B899BB26FEA43436FEA5343A3
S31520006BD09AB27B689A8107E07B689B899BB2C3F354
S31520006BE00E039AB27B689A8100BF0C37BD4680BCE3
S31520006BF0704780B483B000AF78600B46FB70FB789B
S31520006C00002B08D07B689B8A9BB243F400639AB220
S31520006C107B689A8207E07B689B8A9BB223F4006399
S31520006C209AB27B689A8200BF0C37BD4680BC7047FB
S31520006C3080B483B000AF78600B467B807B88C3F33B
S31520006C4008039AB27B689A8000BF0C37BD4680BC89
S31520006C50704780B483B000AF78607B689B889BB216
S31520006C60C3F308039BB218460C37BD4680BC704759
S31520006C7080B483B000AF78600B46FB707B681B8ABC
S31520006C809BB223F00F039AB27B681A827B681B8A19
S31520006C909AB2FB789BB213439AB27B681A8200BFE2
S31520006CA00C37BD4680BC704780B483B000AF786097
S31520006CB00B46FB70FB78002B08D07B689B899BB228
S31520006CC043F002039AB27B689A8107E07B689B892E
S31520006CD09BB223F002039AB27B689A8100BF0C37DD
S31520006CE0BD4680BC704780B483B000AF78600B4649
S31520006CF07B807B689B899BB223F400639AB27B6876
S31520006D009A817B689B899AB27B8813439AB27B6867
S31520006D109A8100BF0C37BD4680BC704780B483B0D3
S31520006D2000AF78600B467B807B681B8A9BB223F082
S31520006D3020039AB27B681A827B681B8A9AB27B8868
S31520006D4013439AB27B681A8200BF0C37BD4680BCBB
S31520006D50704780B483B000AF78600B46FB70FB7839
S31520006D60002B08D07B681B8A9BB243F480439AB2DF
S31520006D707B681A8207E07B681B8A9BB223F48043D8
S31520006D809AB27B681A8200BF0C37BD4680BC70471A
S31520006D9080B483B000AF78607B689B899BB243F058
S31520006DA001039AB27B689A8100BF0C37BD4680BC2E
S31520006DB0704780B483B000AF78600B46FB70FB78D9
S31520006DC0002B08D07B689B8A9BB243F008039AB2BB
S31520006DD07B689A8207E07B689B8A9BB223F0080334
S31520006DE09AB27B689A8200BF0C37BD4680BC70473A
S31520006DF080B483B000AF78600B46FB707B681B8B3A
S31520006E009BB2DBB29AB27B681A837B681B8B9AB2E1
S31520006E10FB789BB21B029BB213439AB27B681A8300
S31520006E2000BF0C37BD4680BC704780B483B000AF2E
S31520006E3078600B46FB70FB78002B08D07B689B8A1A
S31520006E409BB243F020039AB27B689A8207E07B6864
S31520006E509B8A9BB223F020039AB27B689A8200BF5A
S31520006E600C37BD4680BC704780B483B000AF7860D5
S31520006E700B46FB70FB78002B08D07B689B8A9BB265
S31520006E8043F010039AB27B689A8207E07B689B8A5C
S31520006E909BB223F010039AB27B689A8200BF0C370C
S31520006EA0BD4680BC704780B483B000AF78600B4687
S31520006EB07B807B689B8A9BB223F004039AB27B6813
S31520006EC09A827B689B8A9AB27B8813439AB27B68A4
S31520006ED09A8200BF0C37BD4680BC704780B483B011
S31520006EE000AF78600B46FB70FB78002B08D07B68E0
S31520006EF09B8A9BB243F002039AB27B689A8207E090
S31520006F007B689B8A9BB223F002039AB27B689A82A3
S31520006F1000BF0C37BD4680BC704780B483B000AF3D
S31520006F2078600B467B8013467B707B78002B08D0DD
S31520006F307B689B8A9AB27B8813439AB27B689A8233
S31520006F4009E07B689B8A9AB27B88DB439BB213401D
S31520006F509AB27B689A8200BF0C37BD4680BC7047C8
S31520006F6080B487B000AF78600B467B8013467B7079
S31520006F7000233B610023FB600023BB6000237B6171
S31520006F807B687B617B88DBB25B09DBB23B617B88FC
S31520006F9003F01F03FB600122FB6802FA03F3BB60C8
S31520006FA03B69012B03D17B690C337B6109E03B698B
S31520006FB0022B03D17B6910337B6102E07B6914339A
S31520006FC07B617B78002B06D07B6919687B69BA6860
S31520006FD00A431A6006E07B691968BB68DA437B6955
S31520006FE00A401A6000BF1C37BD4680BC704780B47B
S31520006FF085B000AF78600B467B800023FB737B68EF
S315200070001B889AB27B8813409BB2002B02D00123A7
S31520007010FB7301E00023FB73FB7B18461437BD4648
S3152000702080BC704780B483B000AF78600B467B800D
S315200070307B88DB439AB27B681A8000BF0C37BD463B
S3152000704080BC704780B487B000AF78600B467B80E9
S315200070500023FB6000237B610023BB600023FB74BD
S315200070607B88DBB25B09DBB2BB607B8803F01F0346
S315200070707B6101227B6902FA03F37B61BB68012BEA
S3152000708007D17B689B899BB21A467B6913407B613B
S3152000709011E0BB68022B07D17B681B8A9BB21A467C
S315200070A07B6913407B6106E07B689B8A9BB21A460C
S315200070B07B6913407B617B881B0A9BB2FB600122A4
S315200070C0FB6802FA03F3FB607B681B889BB21A46B7
S315200070D0FB681340FB607B69002B05D0FB68002B07
S315200070E002D00123FB7401E00023FB74FB7C1846CD
S315200070F01C37BD4680BC704780B485B000AF786031
S315200071000B467B800023FB810023BB817B881B0AE7
S31520007110FB81FB89012202FA03F3BB81BB89DB4396
S315200071209AB27B681A8000BF1437BD4680BC704770
S3152000713001F0FF01102A2BDB10F0070F08D010F802
S31520007140013B013A8B422DD010F0070F42B3F6D106
S31520007150F0B441EA012141EA014122F007047FF01F
S3152000716000070023F0E80256083C85EA010586EA76
S31520007170010685FA47F5A3FA87F586FA47F6A5FAB2
S3152000718087F68EB9EED1F0BC01F0FF0102F00702BE
S3152000719032B110F8013B013A83EA010313B1F8D169
S315200071A00020704701387047002D06BF354603384A
S315200071B0073815F0010F07D1013015F4807F02BF83
S315200071C0013015F4C03F0130F0BC0138704700BFD4
S315200071D00A22002100F08AB80A23002200F07AB899
S315200071E0242B2DE9F047884601D8012B06D100F043
S315200071F0BDF8162303600020BDE8F087344E0D4607
S31520007200294615F8014B375D17F00807F8D12D2CC4
S3152000721010D12C7801278D1C33F0100115D1302C7C
S315200072200DD1297801F0DF01582908D16C78023573
S3152000723010230AE02B2C04BF2C788D1CECE7002BA6
S31520007240F6D1302C14BF0A23082307F1004E0EF185
S31520007250FF3E0021BEFBF3F90E4603FB19EAA4F11B
S31520007260300CBCF1090F10D86446A3421EDDB1F1E3
S31520007270FF3F07D0B14516D301D1A24513DB06FB4C
S315200072800346012115F8014BE9E7A4F1410CBCF1B5
S31520007290190F01D8373CE8E7A4F1610CBCF1190FAE
S315200072A004D8573CE1E74FF0FF31EBE74B1C05D103
S315200072B022230360764632B930469DE707B17642EF
S315200072C0002AF9D009B105F1FF38C2F80080F3E7AA
S315200072D059800020FFF784BF13460A46014602481C
S315200072E00068FFF77DBF00BF7496002013460A464C
S315200072F0014602480068FFF773BF00BF749600205E
S3152000730030B5141E9BB005461A4605DA8B2303605A
S315200073104FF0FF301BB030BD4FF00003199318BF5C
S315200073200123E31A02930593084B009104910393DA
S3152000733069461E9B00F0FAF8431CBCBF8B232B60CA
S31520007340002CE7D0009B00221A70E3E70802FFFF1B
S3152000735007B5009313460A46014603480068FFF71F
S31520007360CFFF03B000BD00BF74960020014B186804
S31520007370704700BF749600202DE9F0478E681F469F
S31520007380BE4282460C469046334653D8B1F90C008D
S3152000739010F4906F2BD065692368096905EB4505C4
S315200073A0A3EB010905EBD5757B1C6D104B44AB4255
S315200073B02A4684BF1D462A46430527D511465046F0
S315200073C000F0E2FB064658B321694A4600F05FFB0F
S315200073D0A38923F4906343F08003A381266165612A
S315200073E04E44A5EB09052660A5603E463B461F4652
S315200073F020683A46414600F031FBA3689B1BA360F8
S3152000740023683B4423600020BDE8F087504600F007
S3152000741043FC06460028E1D12169504600F046FB90
S315200074200C23CAF80030A38943F04003A3814FF010
S31520007430FF30E9E73E46DBE793682DE9F74F8146C3
S315200074400C461746002B50D0D2F800A0DAF804B02C
S31520007450DAF800300193BBF1000F4CD0A6685E45E8
S31520007460354661D8B4F90C0010F4906F2DD02268FF
S3152000747021696569A2EB010805EB450505EBD57584
S3152000748008F101066D105E44AE422A4684BF354699
S315200074902A46430532D51146484600F075FB064676
S315200074A0002835D04246216900F0F1FAA28922F45B
S315200074B0906242F08002A281266165614644A5EB76
S315200074C008052660A5605E465D462A460199206825
S315200074D000F0C4FAA268921BA26022682A442260A5
S315200074E0BA68A2EB0B03BB602BB9002000237B609C
S315200074F003B0BDE8F08F0AF1080AA7E7484600F076
S31520007500CBFB06460028D7D12169484600F0CEFAA3
S315200075100C23C9F80030A38943F04003A38100233C
S31520007520BB604FF0FF30E1E75E46CDE72DE9F0473F
S315200075301F468B891B069CB006460D46144610D561
S315200075400B6973B9402100F01FFB2860286130B910
S315200075500C2333604FF0FF301CB0BDE8F08740238A
S315200075606B610023099320238DF82930039730235C
S31520007570654F8DF82A304FF0010823461A78994630
S315200075801AB1252A03F10103F8D1B9EB040A0BD06D
S315200075905346224629463046FFF7EEFE013000F0DC
S315200075A0A380099A5244099299F80030002B00F0E2
S315200075B09B8000224FF0FF33CDE9053209F1010906
S315200075C0049207928DF853201A924C46052214F8FD
S315200075D0011B4D48FFF7ACFD049AD0B9D00644BF35
S315200075E020238DF85330110744BF2B238DF85330B9
S315200075F099F800302A2B13D007994B4600204FF0DC
S315200076000A0C1A78303A092A1C464AD9A8B1079199
S3152000761013E0C01B08FA00F010430490A146D4E7FB
S31520007620039B191D1B680391002BBBBF5B4242F0D5
S31520007630020207930793B8BF049223782E2B0AD110
S3152000764063782A2B32D1039B1A1D1B68039243EAC7
S31520007650E37302340593DFF8C0902178032248466D
S31520007660FFF766FD38B1049BA0EB0900402282405B
S31520007670134301340493217824488DF828100622D8
S31520007680FFF756FD002835D0214818BB039B07334A
S3152000769023F0070308330393099B0344013409931A
S315200076A06BE701330CFB01210120AAE70023059398
S315200076B0611C18464FF00A0C0A78303A092A0C4603
S315200076C003D9002BC7D00590C5E701310CFB00205C
S315200076D00123F1E703AB00932A460E4B04A930465B
S315200076E0AFF30080421CD7D1AB895B063FF532AFA2
S315200076F0099831E703AB00932A46064B04A9304686
S3152000770000F082F8EEE700BF598100206381002057
S3152000771000000000797300205F8100202DE9F047EA
S31520007720914698468A680B69089E9342B8BF1346CD
S31520007730C9F8003091F8432007460C4612B10133B0
S31520007740C9F800302368990642BFD9F800300233C1
S31520007750C9F80030256815F0060507D104F1190A85
S31520007760E368D9F800209B1AAB4229DC94F8433011
S315200077702268003B18BF012392062ED404F143024F
S3152000778041463846B047013021D02368A168226996
S3152000779003F00603042B01BFE568D9F80030ED1A83
S315200077A025EAE57518BF00258B1A2B449142C8BFE0
S315200077B01D464FF000091A344D451AD1002008E025
S315200077C00123524641463846B047013003D14FF097
S315200077D0FF30BDE8F0870135C2E7E1185A1C30209A
S315200077E081F84300224494F8451082F8431002336E
S315200077F0C4E70123224641463846B0470130E6D049
S3152000780009F10109D8E700002DE9F04398460B7EDF
S3152000781085B0782B174606460C9A0C4609D8622B5B
S3152000782001F1430108D8002B00F0DC80582B00F032
S31520007830BD8004F1420539E0A3F163001528F8D88C
S3152000784001A555F820F000BFA1780020B5780020CA
S3152000785033780020337800203378002033780020D6
S31520007860B578002033780020337800203378002044
S3152000787033780020C5790020E17800207379002034
S315200078803378002033780020ED79002033780020EB
S31520007890E178002033780020337800207B7900209F
S315200078A01368191D1B68116004F1420584F84230E3
S315200078B00123A8E013682568181D1060280601D545
S315200078C01B6803E06A06FBD5B3F90030002B03DA08
S315200078D02D225B4284F84320DFF878C10A2213E088
S315200078E02568106815F0800F50F8043B02D16D060C
S315200078F048BF9BB21060227EDFF858C16F2A5DD147
S315200079000822002084F843006568A560002D05DB69
S3152000791020681D4320F00400206051D00D46B3FBA3
S31520007920F2F002FB103E9A421CF80EE005F801ED3B
S315200079300346F4D9082A0BD12368DA0708D5236928
S3152000794062689A42DEBF302305F8013C05F1FF3517
S31520007950491B2161CDF800803B4603AA21463046CB
S31520007960FFF7DCFE013053D14FF0FF3005B0BDE804
S31520007970F083236843F020032360DFF8DCC07823FC
S3152000798084F845302068156810F0800F55F8043BC0
S3152000799003D110F0400F18BF9BB21560C50744BF36
S315200079A040F02000206023B11022AAE7DFF8A4C00F
S315200079B0E6E7226822F020022260F5E70A22A0E705
S315200079C00D46B7E71368D4F800C060691D1D156021
S315200079D01CF0800F1B6801D0186003E01CF0400FDC
S315200079E0FAD01880002323610D46B3E71368191DCA
S315200079F011601D68626800212846FFF799FB08B1CF
S31520007A00401B606063682361002384F84330A1E74C
S31520007A1023692A4639463046C0470130A4D0236818
S31520007A209B0714D4E068039B9842B8BF18469DE78D
S31520007A30012304F1190239463046C047013093D05C
S31520007A400135E36803995B1AAB42F1DCEAE70025CE
S31520007A50F7E700BF6A8100207B810020884210B5AD
S31520007A6001EB020402D98442234607D8431EA142D1
S31520007A7007D011F8012B03F8012FF8E702448242C0
S31520007A8000D110BD13F8011D02F8011DF7E70A44C5
S31520007A90914200F1FF3300D1704710B511F8014B28
S31520007AA003F8014F9142F9D110BD000037B50029E6
S31520007AB044D051F8043C0190002BA1F10404B8BF36
S31520007AC0E41800F0DDF81E4A0198136833B96360A4
S31520007AD0146003B0BDE8304000F0D8B8A34208D9FE
S31520007AE0256861198B4201BF19685B6849192160B5
S31520007AF0EDE71A465B680BB1A342FAD9116855180F
S31520007B00A5420BD1246821445418A3421160E0D128
S31520007B101C685B6853600C441460DAE702D90C23B6
S31520007B200360D6E7256861198B4204BF19685B6834
S31520007B30636004BF491921605460CAE703B030BDB1
S31520007B407423012070B50F4C0E462168054611B9E5
S31520007B5000F0D0F820603146284600F0CBF8431CD0
S31520007B6003D14FF0FF34204670BDC41C24F003041B
S31520007B70A042F8D0211A284600F0BCF80130F2D1F4
S31520007B80EFE700BF702301202DE9F843CD1C25F037
S31520007B90030508350C2D38BF0C25002D064601DBC4
S31520007BA0A94204D90C2333600020BDE8F883334F63
S31520007BB000F066F83B681C463CBB29463046FFF77A
S31520007BC0C1FF431C044656D13C68A046B8F1000FBD
S31520007BD040D1002C49D023684146304604EB0309A6
S31520007BE000F088F8814540D121686D1A2946304633
S31520007BF0FFF7A8FF013038D023682B4423603B6869
S31520007C005A685ABBC7F800800EE02268521B1ED461
S31520007C100B2A16D96119A342256018BF59606368DB
S31520007C2008BF396062514B60304600F02FF804F1EE
S31520007C300B00231D20F00700C21A1CBF1B1AA350DD
S31520007C40B3E76268A3420CBF3A605A60ECE723466A
S31520007C506468B1E74446D8F80480B7E71A465B68FB
S31520007C60A342FBD100235360DEE70C23336030466A
S31520007C7000F00CF898E70560D6E700BF74230120D2
S31520007C80014800F04CB800BF7C230120014800F0D9
S31520007C904CB800BF7C2301202DE9F041074615464C
S31520007CA00C4621B9BDE8F0411146FFF76DBF2AB950
S31520007CB0FFF7FCFE2C462046BDE8F08100F036F8A2
S31520007CC08542064602D8B5EB500FF4D829463846E9
S31520007CD0FFF75AFF804608B94446ECE7B5422A46E4
S31520007CE0214628BF3246FFF7D2FE21463846FFF707
S31520007CF0DDFEF1E738B5064C00230546084623602D
S31520007D00F8F760FE431C02D1236803B12B6038BD0F
S31520007D10802301207047704770477047704770472F
S31520007D2001207047012070477047704751F8043C86
S31520007D30181F002BBCBF0B58C01870472D4B1B6853
S31520007D40834270B5044653D0C3691BB3DB6863B165
S31520007D500025E369DB685959B1B90435802DF8D17E
S31520007D60E3692046D968FFF7A1FEE369196811B1D6
S31520007D702046FFF79BFEE3699D685DB129462046B4
S31520007D802D68FFF793FEF8E70E682046FFF78EFE74
S31520007D903146E1E7616911B12046FFF787FEE169C7
S31520007DA011B12046FFF782FE216B11B12046FFF765
S31520007DB07DFE616B11B12046FFF778FEA16B11B1F4
S31520007DC02046FFF773FEA16C11B12046FFF76EFE29
S31520007DD0616C11B12046FFF769FEE16A11B12046B8
S31520007DE0FFF764FE236A1BB12046BDE870401847A2
S31520007DF070BD00BF7496002043616E206D736720AE
S31520007E0072656365697665643A2000004B65793A48
S31520007E102025640A00000000256420000A000000D6
S31520007E2048656C6C6F2C2068656C6C6F2E2E2E0A44
S31520007E30000000004D696E3A2025642C204D6178A3
S31520007E403A2025640A0000006B3D30202D3E202577
S31520007E50640A00006261636B67726F756E64206CE2
S31520007E606F6F702072616E67653A2025640A000084
S31520007E704261636B67726F756E64206C6F6F7020E2
S31520007E80746F67676C6564204F4E0A004261636BAE
S31520007E9067726F756E64206C6F6F7020746F676782
S31520007EA06C6564204F46460A00000000456E7465E6
S31520007EB072656420696E74656765723A2025640A66
S31520007EC00000000073756D3A2025640A000000004A
S31520007ED06D656469616E3A2025640A0074686520C0
S31520007EE0332D686973746F727920686173206265B7
S31520007EF0656E206572617365640A0000766F6C7525
S31520007F006D653A2025640A006D757465643A2025EE
S31520007F10640A00004E4F54453A205F7362726B200C
S31520007F20696E20757365210A0D00000050414E4987
S31520007F304321212120000000456D70747920717540
S31520007F4065756500456D70747920706F6F6C0000E3
S31520007F500A0D000054696E7954696D6265722000BD
S31520007F6076322E303661312028323032312D303380
S31520007F702D3131290000000044657669636520496A
S31520007F805251206E6F7420737570706F72746564B1
S31520007F90202E2E2E000000000A0D43414E202331B4
S31520007FA020496E6974206661696C6564210A0D003A
S31520007FB043414E20233220496E6974206661696CE4
S31520007FC06564210A0D0000000A0D537472616E6704
S31520007FD0653A204E6F7420612043414E2023312084
S31520007FE04649464F3020495251210A0D00000000D3
S31520007FF00A0D537472616E67653A2043414E202301
S3152000800031204649464F302046756C6C210A0D00BA
S3152000801043414E2054784275662066756C6C210A61
S315200080200D0000000A0D537472616E67653A204E8A
S315200080306F742061204750494F422062697437206F
S31520008040495251210A0D00000000000001020304DC
S3152000805001020304060708090020202020202020F2
S3152000806020202828282828202020202020202020C2
S3152000807020202020202020202088101010101010D2
S31520008080101010101010101010040404040404041E
S3152000809004040410101010101010414141414141B8
S315200080A0010101010101010101010101010101019A
S315200080B001010101101010101010424242424242AA
S315200080C0020202020202020202020202020202026A
S315200080D00202020210101010200000000000000012
S315200080E0000000000000000000000000000000006A
S315200080F0000000000000000000000000000000005A
S315200081000000000000000000000000000000000049
S315200081100000000000000000000000000000000039
S315200081200000000000000000000000000000000029
S315200081300000000000000000000000000000000019
S315200081400000000000000000000000000000000009
S31520008150000000000000000000232D302B200068C6
S315200081606C4C0065666745464700303132333435FE
S31520008170363738394142434445460030313233346C
S3112000818035363738396162636465660065
S30D2000818CA4EFFF7F01000000B3
S315200090000000000002000000040000000000000034
S315200090100000000002000000040000000000000024
S315200090200400000005000000070000000400000006
S3152000903005000000070000000700000009000000EE
S3152000904007000000050000000400000000000000EA
S3152000905007000000090000000700000005000000CE
S31520009060040000000000000000000000FBFFFFFFDE
S315200090700000000000000000FBFFFFFF00000000D2
S31520009080E8070000770700000B070000A60600008F
S3152000909047060000EC050000970500004705000084
S315200090A0FB040000B304000070040000300400003C
S315200090B0F4030000BB0300008503000053030000F7
S315200090C023030000F6020000CB020000A3020000EA
S315200090D07D0200005902000038020000180200003C
S315200090E0FA0100000000000000000000D204000089
S315200090F0000000000000000000000000000000004A
S315200091000000000000000000000000000000000039
S315200091100000000000000000000000000000000029
S315200091200500000000000000000000000064004070
S31520009130E49000201D000020000000000000000038
S3152000914000000000000000000000000000000000F9
S3152000915000000000000000000000000000000000E9
S3152000916000000000000000000000000000000000D9
S3152000917000000000000000000000000000000000C9
S3152000918000000000000000000000000000000000B9
S3152000919000000000000000000000000000000000A9
S315200091A00000000000100140E4900020D1030020C0
S315200091B00000000000000000000000000000000089
S315200091C00000000000000000000000000000000079
S315200091D00000000000000000000000000000000069
S315200091E00000000000000000000000000000000059
S315200091F00000000000000000000000000000000049
S315200092000000000000000000000000000000000038
S315200092100000000000000000000000000000000028
S315200092200000000000000000000000000000000018
S315200092300000000000000000000000000000000008
S3152000924000000000000000000000000000000000F8
S3152000925000000000000000000000000000000000E8
S3152000926000000000000000000000000000000000D8
S3152000927000000000000000000000000000000000C8
S3152000928000000000000000000000000000000000B8
S3152000929000000000000000000000000000000000A8
S315200092A00000000000000000000000000000000098
S315200092B00000000000000000000000000000000088
S315200092C00000000000000000000000000000000078
S315200092D00000000000000000000000000000000068
S315200092E00000000000000000000000000000000058
S315200092F00000000000000000000000000000000048
S315200093000000000000000000000000000000000037
S315200093100000000000000000000000000000000027
S315200093200000000000000000000000000000000017
S315200093300000000000000000000000000000000007
S3152000934000000000000000000000000000000000F7
S3152000935000000000000000000000000000000000E7
S3152000936000000000000000000000000000000000D7
S3152000937000000000000000000000000000000000C7
S3152000938000000000000000000000000000000000B7
S3152000939000000000000000000000000000000000A7
S315200093A00000000000000000000000000000000097
S315200093B00000000000000000000000000000000087
S315200093C00000000000000000000000000000000077
S315200093D00000000000000000000000000000000067
S315200093E00000000000000000000000000000000057
S315200093F00000000000000000000000000000000047
S315200094000000000000000000000000000000000036
S315200094100000000000000000000000000000000026
S315200094200000000000000000000000000000000016
S315200094300000000000000000000000000000000006
S3152000944000000000000000000000000000000000F6
S3152000945000000000000000000000000000000000E6
S3152000946000000000000000000000000000000000D6
S3152000947000000000000000000000000000000000C6
S3152000948000000000000000000000000000000000B6
S3152000949000000000000000000000000000000000A6
S315200094A00000000000000000000000000000000096
S315200094B00000000000000000000000000000000086
S315200094C00000000000000000000000000000000076
S315200094D00000000000000000000000000000000066
S315200094E00000000000000000000000000000000056
S315200094F00000000000000000000000000000000046
S315200095000000000000000000000000000000000035
S315200095100000000000000000000000000000000025
S315200095200000000000000000000000000000000015
S315200095300000000000000000000000000000000005
S3152000954000000000000000000000000000000000F5
S3152000955000000000000000000000000000000000E5
S3152000956000000000000000000000000000000000D5
S3152000957000000000000000000000000000000000C5
S3152000958000000000000000000000000000000000B5
S3152000959000000000000000000000000000000000A5
S315200095A00000000000000000000000000000000095
S315200095B00000000000000000000000000000000085
S315200095C000000000E80300000000000030313233C4
S315200095D03435363738394142434445460000000089
S315200095E004A00020D4A20020282301202823012023
S315200095F0535643616C6C20657863657074696F6E31
S315200096000050656E64535620657863657074696F83
S315200096106E002C204558435F52455455524E203DEE
S315200096202000202063757272656E742074687265DE
S3152000963061643A204944203D20002C205350203D8F
S3152000964020002C202A5350203D200020206E6578B3
S3152000965074207468726561643A204944203D200074
S315200096602C205350203D20002C202A5350203D20D2
S31520009670000A0D007896002000000000000000007F
S3152000968068000000D000000000000000000000007C
S3152000969000000000000000000000000000000000A4
S315200096A00000000000000000000000000000000094
S315200096B00000000000000000000000000000000084
S309200096C00000000080
S70520000000DA
