
build/RTS-labb2.elf:     file format elf32-littlearm


Disassembly of section .text:

20000000 <startup>:
20000000:	bf00      	nop
20000002:	f8df d014 	ldr.w	sp, [pc, #20]	@ 20000018 <startup+0x18>
20000006:	f002 fa05 	bl	20002414 <Init>
2000000a:	f000 fb9f 	bl	2000074c <main>
2000000e:	f002 ba13 	b.w	20002438 <Exit>
20000012:	e7fe      	b.n	20000012 <startup+0x12>
20000014:	bf00      	nop
20000016:	0000      	.short	0x0000
20000018:	2001c000 	.word	0x2001c000

2000001c <receiver>:
extern Serial sci0;
extern Background background;
// int a = 0;

void receiver(App *self, int unused)
{
2000001c:	b580      	push	{r7, lr}
2000001e:	b086      	sub	sp, #24
20000020:	af00      	add	r7, sp, #0
20000022:	6078      	str	r0, [r7, #4]
20000024:	6039      	str	r1, [r7, #0]
  CANMsg msg;
  CAN_RECEIVE(&can0, &msg);
20000026:	f107 030c 	add.w	r3, r7, #12
2000002a:	461a      	mov	r2, r3
2000002c:	490a      	ldr	r1, [pc, #40]	@ (20000058 <receiver+0x3c>)
2000002e:	480b      	ldr	r0, [pc, #44]	@ (2000005c <receiver+0x40>)
20000030:	f001 fd78 	bl	20001b24 <sync>
  SCI_WRITE(&sci0, "Can msg received: ");
20000034:	4b0a      	ldr	r3, [pc, #40]	@ (20000060 <receiver+0x44>)
20000036:	461a      	mov	r2, r3
20000038:	490a      	ldr	r1, [pc, #40]	@ (20000064 <receiver+0x48>)
2000003a:	480b      	ldr	r0, [pc, #44]	@ (20000068 <receiver+0x4c>)
2000003c:	f001 fd72 	bl	20001b24 <sync>
  SCI_WRITE(&sci0, msg.buff);
20000040:	f107 030c 	add.w	r3, r7, #12
20000044:	3303      	adds	r3, #3
20000046:	461a      	mov	r2, r3
20000048:	4906      	ldr	r1, [pc, #24]	@ (20000064 <receiver+0x48>)
2000004a:	4807      	ldr	r0, [pc, #28]	@ (20000068 <receiver+0x4c>)
2000004c:	f001 fd6a 	bl	20001b24 <sync>
}
20000050:	bf00      	nop
20000052:	3718      	adds	r7, #24
20000054:	46bd      	mov	sp, r7
20000056:	bd80      	pop	{r7, pc}
20000058:	20000b3d 	.word	0x20000b3d
2000005c:	20009124 	.word	0x20009124
20000060:	20007ecc 	.word	0x20007ecc
20000064:	20000dd7 	.word	0x20000dd7
20000068:	2000919c 	.word	0x2000919c

2000006c <find_min_max>:
  SCI_WRITE(&sci0, "\'\n");
}
*/

void find_min_max(int *min, int *max)
{
2000006c:	b480      	push	{r7}
2000006e:	b085      	sub	sp, #20
20000070:	af00      	add	r7, sp, #0
20000072:	6078      	str	r0, [r7, #4]
20000074:	6039      	str	r1, [r7, #0]
  *min = john[0];
20000076:	4b1a      	ldr	r3, [pc, #104]	@ (200000e0 <find_min_max+0x74>)
20000078:	681a      	ldr	r2, [r3, #0]
2000007a:	687b      	ldr	r3, [r7, #4]
2000007c:	601a      	str	r2, [r3, #0]
  *max = john[0];
2000007e:	4b18      	ldr	r3, [pc, #96]	@ (200000e0 <find_min_max+0x74>)
20000080:	681a      	ldr	r2, [r3, #0]
20000082:	683b      	ldr	r3, [r7, #0]
20000084:	601a      	str	r2, [r3, #0]
  for (int i = 1; i < 32; i++)
20000086:	2301      	movs	r3, #1
20000088:	60fb      	str	r3, [r7, #12]
2000008a:	e01e      	b.n	200000ca <find_min_max+0x5e>
  {
    if (john[i] < *min)
2000008c:	4a14      	ldr	r2, [pc, #80]	@ (200000e0 <find_min_max+0x74>)
2000008e:	68fb      	ldr	r3, [r7, #12]
20000090:	f852 2023 	ldr.w	r2, [r2, r3, lsl #2]
20000094:	687b      	ldr	r3, [r7, #4]
20000096:	681b      	ldr	r3, [r3, #0]
20000098:	429a      	cmp	r2, r3
2000009a:	da05      	bge.n	200000a8 <find_min_max+0x3c>
    {
      *min = john[i];
2000009c:	4a10      	ldr	r2, [pc, #64]	@ (200000e0 <find_min_max+0x74>)
2000009e:	68fb      	ldr	r3, [r7, #12]
200000a0:	f852 2023 	ldr.w	r2, [r2, r3, lsl #2]
200000a4:	687b      	ldr	r3, [r7, #4]
200000a6:	601a      	str	r2, [r3, #0]
    }
    if (john[i] > *max)
200000a8:	4a0d      	ldr	r2, [pc, #52]	@ (200000e0 <find_min_max+0x74>)
200000aa:	68fb      	ldr	r3, [r7, #12]
200000ac:	f852 2023 	ldr.w	r2, [r2, r3, lsl #2]
200000b0:	683b      	ldr	r3, [r7, #0]
200000b2:	681b      	ldr	r3, [r3, #0]
200000b4:	429a      	cmp	r2, r3
200000b6:	dd05      	ble.n	200000c4 <find_min_max+0x58>
    {
      *max = john[i];
200000b8:	4a09      	ldr	r2, [pc, #36]	@ (200000e0 <find_min_max+0x74>)
200000ba:	68fb      	ldr	r3, [r7, #12]
200000bc:	f852 2023 	ldr.w	r2, [r2, r3, lsl #2]
200000c0:	683b      	ldr	r3, [r7, #0]
200000c2:	601a      	str	r2, [r3, #0]
  for (int i = 1; i < 32; i++)
200000c4:	68fb      	ldr	r3, [r7, #12]
200000c6:	3301      	adds	r3, #1
200000c8:	60fb      	str	r3, [r7, #12]
200000ca:	68fb      	ldr	r3, [r7, #12]
200000cc:	2b1f      	cmp	r3, #31
200000ce:	dddd      	ble.n	2000008c <find_min_max+0x20>
    }
  }
}
200000d0:	bf00      	nop
200000d2:	bf00      	nop
200000d4:	3714      	adds	r7, #20
200000d6:	46bd      	mov	sp, r7
200000d8:	f85d 7b04 	ldr.w	r7, [sp], #4
200000dc:	4770      	bx	lr
200000de:	bf00      	nop
200000e0:	20009000 	.word	0x20009000

200000e4 <x>:

int x(int k)
{
200000e4:	b480      	push	{r7}
200000e6:	b083      	sub	sp, #12
200000e8:	af00      	add	r7, sp, #0
200000ea:	6078      	str	r0, [r7, #4]
  return k + 10;
200000ec:	687b      	ldr	r3, [r7, #4]
200000ee:	330a      	adds	r3, #10
}
200000f0:	4618      	mov	r0, r3
200000f2:	370c      	adds	r7, #12
200000f4:	46bd      	mov	sp, r7
200000f6:	f85d 7b04 	ldr.w	r7, [sp], #4
200000fa:	4770      	bx	lr

200000fc <print_periods_for_key>:

void print_periods_for_key(int key)
{
200000fc:	b580      	push	{r7, lr}
200000fe:	b086      	sub	sp, #24
20000100:	af00      	add	r7, sp, #0
20000102:	6078      	str	r0, [r7, #4]
  print("Key: %d\n", key);
20000104:	6879      	ldr	r1, [r7, #4]
20000106:	4813      	ldr	r0, [pc, #76]	@ (20000154 <print_periods_for_key+0x58>)
20000108:	f000 fb88 	bl	2000081c <print>

  for (int i = 0; i < 32; i++)
2000010c:	2300      	movs	r3, #0
2000010e:	617b      	str	r3, [r7, #20]
20000110:	e015      	b.n	2000013e <print_periods_for_key+0x42>
  {
    int k = john[i] + key;
20000112:	4a11      	ldr	r2, [pc, #68]	@ (20000158 <print_periods_for_key+0x5c>)
20000114:	697b      	ldr	r3, [r7, #20]
20000116:	f852 3023 	ldr.w	r3, [r2, r3, lsl #2]
2000011a:	687a      	ldr	r2, [r7, #4]
2000011c:	4413      	add	r3, r2
2000011e:	613b      	str	r3, [r7, #16]
    int p = period[x(k)];
20000120:	6938      	ldr	r0, [r7, #16]
20000122:	f7ff ffdf 	bl	200000e4 <x>
20000126:	4603      	mov	r3, r0
20000128:	4a0c      	ldr	r2, [pc, #48]	@ (2000015c <print_periods_for_key+0x60>)
2000012a:	f852 3023 	ldr.w	r3, [r2, r3, lsl #2]
2000012e:	60fb      	str	r3, [r7, #12]
    print("%d ", p);
20000130:	68f9      	ldr	r1, [r7, #12]
20000132:	480b      	ldr	r0, [pc, #44]	@ (20000160 <print_periods_for_key+0x64>)
20000134:	f000 fb72 	bl	2000081c <print>
  for (int i = 0; i < 32; i++)
20000138:	697b      	ldr	r3, [r7, #20]
2000013a:	3301      	adds	r3, #1
2000013c:	617b      	str	r3, [r7, #20]
2000013e:	697b      	ldr	r3, [r7, #20]
20000140:	2b1f      	cmp	r3, #31
20000142:	dde6      	ble.n	20000112 <print_periods_for_key+0x16>
  }
  print("\n");
20000144:	4807      	ldr	r0, [pc, #28]	@ (20000164 <print_periods_for_key+0x68>)
20000146:	f000 fb69 	bl	2000081c <print>
}
2000014a:	bf00      	nop
2000014c:	3718      	adds	r7, #24
2000014e:	46bd      	mov	sp, r7
20000150:	bd80      	pop	{r7, pc}
20000152:	bf00      	nop
20000154:	20007ee0 	.word	0x20007ee0
20000158:	20009000 	.word	0x20009000
2000015c:	20009080 	.word	0x20009080
20000160:	20007eec 	.word	0x20007eec
20000164:	20007ef0 	.word	0x20007ef0

20000168 <startApp>:

void startApp(App *self, int arg)
{
20000168:	b580      	push	{r7, lr}
2000016a:	b086      	sub	sp, #24
2000016c:	af00      	add	r7, sp, #0
2000016e:	6078      	str	r0, [r7, #4]
20000170:	6039      	str	r1, [r7, #0]

  int min, max;

  CANMsg msg;

  CAN_INIT(&can0);
20000172:	2200      	movs	r2, #0
20000174:	4917      	ldr	r1, [pc, #92]	@ (200001d4 <startApp+0x6c>)
20000176:	4818      	ldr	r0, [pc, #96]	@ (200001d8 <startApp+0x70>)
20000178:	f001 fcd4 	bl	20001b24 <sync>
  SCI_INIT(&sci0);
2000017c:	2200      	movs	r2, #0
2000017e:	4917      	ldr	r1, [pc, #92]	@ (200001dc <startApp+0x74>)
20000180:	4817      	ldr	r0, [pc, #92]	@ (200001e0 <startApp+0x78>)
20000182:	f001 fccf 	bl	20001b24 <sync>
  SCI_WRITE(&sci0, "Hello, hello...\n");
20000186:	4b17      	ldr	r3, [pc, #92]	@ (200001e4 <startApp+0x7c>)
20000188:	461a      	mov	r2, r3
2000018a:	4917      	ldr	r1, [pc, #92]	@ (200001e8 <startApp+0x80>)
2000018c:	4814      	ldr	r0, [pc, #80]	@ (200001e0 <startApp+0x78>)
2000018e:	f001 fcc9 	bl	20001b24 <sync>

 // find_min_max(&min, &max);
  //print("Min: %d, Max: %d\n", min, max);

  //print("k=0 -> %d\n", period[x(0)]);
  test_wcet(self, 0);
20000192:	2100      	movs	r1, #0
20000194:	6878      	ldr	r0, [r7, #4]
20000196:	f000 f865 	bl	20000264 <test_wcet>
  msg.msgId = 1;
2000019a:	2301      	movs	r3, #1
2000019c:	733b      	strb	r3, [r7, #12]
  msg.nodeId = 1;
2000019e:	2301      	movs	r3, #1
200001a0:	737b      	strb	r3, [r7, #13]
  msg.length = 6;
200001a2:	2306      	movs	r3, #6
200001a4:	73bb      	strb	r3, [r7, #14]
  msg.buff[0] = 'H';
200001a6:	2348      	movs	r3, #72	@ 0x48
200001a8:	73fb      	strb	r3, [r7, #15]
  msg.buff[1] = 'e';
200001aa:	2365      	movs	r3, #101	@ 0x65
200001ac:	743b      	strb	r3, [r7, #16]
  msg.buff[2] = 'l';
200001ae:	236c      	movs	r3, #108	@ 0x6c
200001b0:	747b      	strb	r3, [r7, #17]
  msg.buff[3] = 'l';
200001b2:	236c      	movs	r3, #108	@ 0x6c
200001b4:	74bb      	strb	r3, [r7, #18]
  msg.buff[4] = 'o';
200001b6:	236f      	movs	r3, #111	@ 0x6f
200001b8:	74fb      	strb	r3, [r7, #19]
  msg.buff[5] = 0;
200001ba:	2300      	movs	r3, #0
200001bc:	753b      	strb	r3, [r7, #20]
  CAN_SEND(&can0, &msg);
200001be:	f107 030c 	add.w	r3, r7, #12
200001c2:	461a      	mov	r2, r3
200001c4:	4909      	ldr	r1, [pc, #36]	@ (200001ec <startApp+0x84>)
200001c6:	4804      	ldr	r0, [pc, #16]	@ (200001d8 <startApp+0x70>)
200001c8:	f001 fcac 	bl	20001b24 <sync>

  //AFTER(USEC(500), self, tone_generator, 0);
  //AFTER(USEC(1300), &background, background_load, 0);
}
200001cc:	bf00      	nop
200001ce:	3718      	adds	r7, #24
200001d0:	46bd      	mov	sp, r7
200001d2:	bd80      	pop	{r7, pc}
200001d4:	200008fd 	.word	0x200008fd
200001d8:	20009124 	.word	0x20009124
200001dc:	20000d31 	.word	0x20000d31
200001e0:	2000919c 	.word	0x2000919c
200001e4:	20007ef4 	.word	0x20007ef4
200001e8:	20000dd7 	.word	0x20000dd7
200001ec:	20000c07 	.word	0x20000c07

200001f0 <sumArray>:
  SCI_WRITE(&sci0, "Rcv: \'");
  SCI_WRITECHAR(&sci0, c);
  SCI_WRITE(&sci0, num);
}*/
int sumArray(int *array)
{
200001f0:	b480      	push	{r7}
200001f2:	b085      	sub	sp, #20
200001f4:	af00      	add	r7, sp, #0
200001f6:	6078      	str	r0, [r7, #4]
  int a = 0;
200001f8:	2300      	movs	r3, #0
200001fa:	60fb      	str	r3, [r7, #12]
  for (int i = 0; i < 3; i++)
200001fc:	2300      	movs	r3, #0
200001fe:	60bb      	str	r3, [r7, #8]
20000200:	e00a      	b.n	20000218 <sumArray+0x28>
  {
    a += array[i];
20000202:	68bb      	ldr	r3, [r7, #8]
20000204:	009b      	lsls	r3, r3, #2
20000206:	687a      	ldr	r2, [r7, #4]
20000208:	4413      	add	r3, r2
2000020a:	681b      	ldr	r3, [r3, #0]
2000020c:	68fa      	ldr	r2, [r7, #12]
2000020e:	4413      	add	r3, r2
20000210:	60fb      	str	r3, [r7, #12]
  for (int i = 0; i < 3; i++)
20000212:	68bb      	ldr	r3, [r7, #8]
20000214:	3301      	adds	r3, #1
20000216:	60bb      	str	r3, [r7, #8]
20000218:	68bb      	ldr	r3, [r7, #8]
2000021a:	2b02      	cmp	r3, #2
2000021c:	ddf1      	ble.n	20000202 <sumArray+0x12>
  }
  return a;
2000021e:	68fb      	ldr	r3, [r7, #12]
}
20000220:	4618      	mov	r0, r3
20000222:	3714      	adds	r7, #20
20000224:	46bd      	mov	sp, r7
20000226:	f85d 7b04 	ldr.w	r7, [sp], #4
2000022a:	4770      	bx	lr

2000022c <increase_load>:


void increase_load(Background *self, int unused)
{
2000022c:	b580      	push	{r7, lr}
2000022e:	b082      	sub	sp, #8
20000230:	af00      	add	r7, sp, #0
20000232:	6078      	str	r0, [r7, #4]
20000234:	6039      	str	r1, [r7, #0]
  if (self->background_loop_range < 8000)
20000236:	687b      	ldr	r3, [r7, #4]
20000238:	68db      	ldr	r3, [r3, #12]
2000023a:	f5b3 5ffa 	cmp.w	r3, #8000	@ 0x1f40
2000023e:	da05      	bge.n	2000024c <increase_load+0x20>
  {
    self->background_loop_range += 500;
20000240:	687b      	ldr	r3, [r7, #4]
20000242:	68db      	ldr	r3, [r3, #12]
20000244:	f503 72fa 	add.w	r2, r3, #500	@ 0x1f4
20000248:	687b      	ldr	r3, [r7, #4]
2000024a:	60da      	str	r2, [r3, #12]
  }
  print("background loop range: %d\n", self->background_loop_range);
2000024c:	687b      	ldr	r3, [r7, #4]
2000024e:	68db      	ldr	r3, [r3, #12]
20000250:	4619      	mov	r1, r3
20000252:	4803      	ldr	r0, [pc, #12]	@ (20000260 <increase_load+0x34>)
20000254:	f000 fae2 	bl	2000081c <print>
}
20000258:	bf00      	nop
2000025a:	3708      	adds	r7, #8
2000025c:	46bd      	mov	sp, r7
2000025e:	bd80      	pop	{r7, pc}
20000260:	20007f08 	.word	0x20007f08

20000264 <test_wcet>:

void test_wcet(App *self, int unused)
{
20000264:	b580      	push	{r7, lr}
20000266:	b08a      	sub	sp, #40	@ 0x28
20000268:	af00      	add	r7, sp, #0
2000026a:	6078      	str	r0, [r7, #4]
2000026c:	6039      	str	r1, [r7, #0]
  float max =0.0f;
2000026e:	f04f 0300 	mov.w	r3, #0
20000272:	627b      	str	r3, [r7, #36]	@ 0x24
  float avg =0.0f;
20000274:	f04f 0300 	mov.w	r3, #0
20000278:	623b      	str	r3, [r7, #32]
  
  for (int i = 0; i < 500; i++)
2000027a:	2300      	movs	r3, #0
2000027c:	61fb      	str	r3, [r7, #28]
2000027e:	e03e      	b.n	200002fe <test_wcet+0x9a>
  {
    Time start = CURRENT_OFFSET();
20000280:	f001 fd6e 	bl	20001d60 <CURRENT_OFFSET>
20000284:	6178      	str	r0, [r7, #20]
    //background_load_measure(self);
    for(int j =0; j<1000; j++){
20000286:	2300      	movs	r3, #0
20000288:	61bb      	str	r3, [r7, #24]
2000028a:	e006      	b.n	2000029a <test_wcet+0x36>
      tone_generator(self,0);
2000028c:	2100      	movs	r1, #0
2000028e:	6878      	ldr	r0, [r7, #4]
20000290:	f000 fa7c 	bl	2000078c <tone_generator>
    for(int j =0; j<1000; j++){
20000294:	69bb      	ldr	r3, [r7, #24]
20000296:	3301      	adds	r3, #1
20000298:	61bb      	str	r3, [r7, #24]
2000029a:	69bb      	ldr	r3, [r7, #24]
2000029c:	f5b3 7f7a 	cmp.w	r3, #1000	@ 0x3e8
200002a0:	dbf4      	blt.n	2000028c <test_wcet+0x28>
    }  
    //tone_generator_measure(self);
    Time end = CURRENT_OFFSET();
200002a2:	f001 fd5d 	bl	20001d60 <CURRENT_OFFSET>
200002a6:	6138      	str	r0, [r7, #16]

    float total_nsec = (float)(end - start) * 10000.0f; // Convert to nanoseconds
200002a8:	693a      	ldr	r2, [r7, #16]
200002aa:	697b      	ldr	r3, [r7, #20]
200002ac:	1ad3      	subs	r3, r2, r3
200002ae:	ee07 3a90 	vmov	s15, r3
200002b2:	eef8 7ae7 	vcvt.f32.s32	s15, s15
200002b6:	ed9f 7a23 	vldr	s14, [pc, #140]	@ 20000344 <test_wcet+0xe0>
200002ba:	ee67 7a87 	vmul.f32	s15, s15, s14
200002be:	edc7 7a03 	vstr	s15, [r7, #12]
    float current_avg = total_nsec / 1000.0f;
200002c2:	ed97 7a03 	vldr	s14, [r7, #12]
200002c6:	eddf 6a20 	vldr	s13, [pc, #128]	@ 20000348 <test_wcet+0xe4>
200002ca:	eec7 7a26 	vdiv.f32	s15, s14, s13
200002ce:	edc7 7a02 	vstr	s15, [r7, #8]

    
    if(current_avg > max){
200002d2:	ed97 7a02 	vldr	s14, [r7, #8]
200002d6:	edd7 7a09 	vldr	s15, [r7, #36]	@ 0x24
200002da:	eeb4 7ae7 	vcmpe.f32	s14, s15
200002de:	eef1 fa10 	vmrs	APSR_nzcv, fpscr
200002e2:	dd01      	ble.n	200002e8 <test_wcet+0x84>
      max = current_avg;
200002e4:	68bb      	ldr	r3, [r7, #8]
200002e6:	627b      	str	r3, [r7, #36]	@ 0x24
    }
    avg += current_avg;
200002e8:	ed97 7a08 	vldr	s14, [r7, #32]
200002ec:	edd7 7a02 	vldr	s15, [r7, #8]
200002f0:	ee77 7a27 	vadd.f32	s15, s14, s15
200002f4:	edc7 7a08 	vstr	s15, [r7, #32]
  for (int i = 0; i < 500; i++)
200002f8:	69fb      	ldr	r3, [r7, #28]
200002fa:	3301      	adds	r3, #1
200002fc:	61fb      	str	r3, [r7, #28]
200002fe:	69fb      	ldr	r3, [r7, #28]
20000300:	f5b3 7ffa 	cmp.w	r3, #500	@ 0x1f4
20000304:	dbbc      	blt.n	20000280 <test_wcet+0x1c>
    

  }
  avg /= 500.0;
20000306:	ed97 7a08 	vldr	s14, [r7, #32]
2000030a:	eddf 6a10 	vldr	s13, [pc, #64]	@ 2000034c <test_wcet+0xe8>
2000030e:	eec7 7a26 	vdiv.f32	s15, s14, s13
20000312:	edc7 7a08 	vstr	s15, [r7, #32]
  
  print("Max WCET: %d NSEC\n", (int)max);
20000316:	edd7 7a09 	vldr	s15, [r7, #36]	@ 0x24
2000031a:	eefd 7ae7 	vcvt.s32.f32	s15, s15
2000031e:	ee17 1a90 	vmov	r1, s15
20000322:	480b      	ldr	r0, [pc, #44]	@ (20000350 <test_wcet+0xec>)
20000324:	f000 fa7a 	bl	2000081c <print>
  print("Avg WCET: %d NSEC\n", (int)avg);
20000328:	edd7 7a08 	vldr	s15, [r7, #32]
2000032c:	eefd 7ae7 	vcvt.s32.f32	s15, s15
20000330:	ee17 1a90 	vmov	r1, s15
20000334:	4807      	ldr	r0, [pc, #28]	@ (20000354 <test_wcet+0xf0>)
20000336:	f000 fa71 	bl	2000081c <print>
} 
2000033a:	bf00      	nop
2000033c:	3728      	adds	r7, #40	@ 0x28
2000033e:	46bd      	mov	sp, r7
20000340:	bd80      	pop	{r7, pc}
20000342:	bf00      	nop
20000344:	461c4000 	.word	0x461c4000
20000348:	447a0000 	.word	0x447a0000
2000034c:	43fa0000 	.word	0x43fa0000
20000350:	20007f24 	.word	0x20007f24
20000354:	20007f38 	.word	0x20007f38

20000358 <tone_generator_measure>:
void tone_generator_measure(App *self){
20000358:	b480      	push	{r7}
2000035a:	b085      	sub	sp, #20
2000035c:	af00      	add	r7, sp, #0
2000035e:	6078      	str	r0, [r7, #4]
  volatile int i;
  for(i = 0; i < 500; i++){
20000360:	2300      	movs	r3, #0
20000362:	60fb      	str	r3, [r7, #12]
20000364:	e002      	b.n	2000036c <tone_generator_measure+0x14>
20000366:	68fb      	ldr	r3, [r7, #12]
20000368:	3301      	adds	r3, #1
2000036a:	60fb      	str	r3, [r7, #12]
2000036c:	68fb      	ldr	r3, [r7, #12]
2000036e:	f5b3 7ffa 	cmp.w	r3, #500	@ 0x1f4
20000372:	dbf8      	blt.n	20000366 <tone_generator_measure+0xe>
    
  }
}
20000374:	bf00      	nop
20000376:	bf00      	nop
20000378:	3714      	adds	r7, #20
2000037a:	46bd      	mov	sp, r7
2000037c:	f85d 7b04 	ldr.w	r7, [sp], #4
20000380:	4770      	bx	lr

20000382 <decrease_load>:
void decrease_load(Background *self, int unused)
{
20000382:	b580      	push	{r7, lr}
20000384:	b082      	sub	sp, #8
20000386:	af00      	add	r7, sp, #0
20000388:	6078      	str	r0, [r7, #4]
2000038a:	6039      	str	r1, [r7, #0]
  if (self->background_loop_range > 1000)
2000038c:	687b      	ldr	r3, [r7, #4]
2000038e:	68db      	ldr	r3, [r3, #12]
20000390:	f5b3 7f7a 	cmp.w	r3, #1000	@ 0x3e8
20000394:	dd05      	ble.n	200003a2 <decrease_load+0x20>
  {
    self->background_loop_range -= 500;
20000396:	687b      	ldr	r3, [r7, #4]
20000398:	68db      	ldr	r3, [r3, #12]
2000039a:	f5a3 72fa 	sub.w	r2, r3, #500	@ 0x1f4
2000039e:	687b      	ldr	r3, [r7, #4]
200003a0:	60da      	str	r2, [r3, #12]
  }
  print("background loop range: %d\n", self->background_loop_range);
200003a2:	687b      	ldr	r3, [r7, #4]
200003a4:	68db      	ldr	r3, [r3, #12]
200003a6:	4619      	mov	r1, r3
200003a8:	4803      	ldr	r0, [pc, #12]	@ (200003b8 <decrease_load+0x36>)
200003aa:	f000 fa37 	bl	2000081c <print>
}
200003ae:	bf00      	nop
200003b0:	3708      	adds	r7, #8
200003b2:	46bd      	mov	sp, r7
200003b4:	bd80      	pop	{r7, pc}
200003b6:	bf00      	nop
200003b8:	20007f08 	.word	0x20007f08

200003bc <togglebg>:

void togglebg(Background *self, int unused)
{
200003bc:	b580      	push	{r7, lr}
200003be:	b082      	sub	sp, #8
200003c0:	af00      	add	r7, sp, #0
200003c2:	6078      	str	r0, [r7, #4]
200003c4:	6039      	str	r1, [r7, #0]
  if (self->loop_toggle == 0)
200003c6:	687b      	ldr	r3, [r7, #4]
200003c8:	689b      	ldr	r3, [r3, #8]
200003ca:	2b00      	cmp	r3, #0
200003cc:	d109      	bne.n	200003e2 <togglebg+0x26>
  {
    self->loop_toggle = 1;
200003ce:	687b      	ldr	r3, [r7, #4]
200003d0:	2201      	movs	r2, #1
200003d2:	609a      	str	r2, [r3, #8]
    SCI_WRITE(&sci0, "Background loop toggled ON\n");
200003d4:	4b09      	ldr	r3, [pc, #36]	@ (200003fc <togglebg+0x40>)
200003d6:	461a      	mov	r2, r3
200003d8:	4909      	ldr	r1, [pc, #36]	@ (20000400 <togglebg+0x44>)
200003da:	480a      	ldr	r0, [pc, #40]	@ (20000404 <togglebg+0x48>)
200003dc:	f001 fba2 	bl	20001b24 <sync>
  else
  {
    self->loop_toggle = 0;
    SCI_WRITE(&sci0, "Background loop toggled OFF\n");
  }
}
200003e0:	e008      	b.n	200003f4 <togglebg+0x38>
    self->loop_toggle = 0;
200003e2:	687b      	ldr	r3, [r7, #4]
200003e4:	2200      	movs	r2, #0
200003e6:	609a      	str	r2, [r3, #8]
    SCI_WRITE(&sci0, "Background loop toggled OFF\n");
200003e8:	4b07      	ldr	r3, [pc, #28]	@ (20000408 <togglebg+0x4c>)
200003ea:	461a      	mov	r2, r3
200003ec:	4904      	ldr	r1, [pc, #16]	@ (20000400 <togglebg+0x44>)
200003ee:	4805      	ldr	r0, [pc, #20]	@ (20000404 <togglebg+0x48>)
200003f0:	f001 fb98 	bl	20001b24 <sync>
}
200003f4:	bf00      	nop
200003f6:	3708      	adds	r7, #8
200003f8:	46bd      	mov	sp, r7
200003fa:	bd80      	pop	{r7, pc}
200003fc:	20007f4c 	.word	0x20007f4c
20000400:	20000dd7 	.word	0x20000dd7
20000404:	2000919c 	.word	0x2000919c
20000408:	20007f68 	.word	0x20007f68

2000040c <sortArray>:

void sortArray(int *array)
{
2000040c:	b480      	push	{r7}
2000040e:	b087      	sub	sp, #28
20000410:	af00      	add	r7, sp, #0
20000412:	6078      	str	r0, [r7, #4]
  int temp;
  for (int i = 0; i < 2; i++)
20000414:	2300      	movs	r3, #0
20000416:	617b      	str	r3, [r7, #20]
20000418:	e033      	b.n	20000482 <sortArray+0x76>
  {
    for (int j = 0; j < 2 - i; j++)
2000041a:	2300      	movs	r3, #0
2000041c:	613b      	str	r3, [r7, #16]
2000041e:	e027      	b.n	20000470 <sortArray+0x64>
    {
      if (array[j] > array[j + 1])
20000420:	693b      	ldr	r3, [r7, #16]
20000422:	009b      	lsls	r3, r3, #2
20000424:	687a      	ldr	r2, [r7, #4]
20000426:	4413      	add	r3, r2
20000428:	681a      	ldr	r2, [r3, #0]
2000042a:	693b      	ldr	r3, [r7, #16]
2000042c:	3301      	adds	r3, #1
2000042e:	009b      	lsls	r3, r3, #2
20000430:	6879      	ldr	r1, [r7, #4]
20000432:	440b      	add	r3, r1
20000434:	681b      	ldr	r3, [r3, #0]
20000436:	429a      	cmp	r2, r3
20000438:	dd17      	ble.n	2000046a <sortArray+0x5e>
      {
        temp = array[j];
2000043a:	693b      	ldr	r3, [r7, #16]
2000043c:	009b      	lsls	r3, r3, #2
2000043e:	687a      	ldr	r2, [r7, #4]
20000440:	4413      	add	r3, r2
20000442:	681b      	ldr	r3, [r3, #0]
20000444:	60fb      	str	r3, [r7, #12]
        array[j] = array[j + 1];
20000446:	693b      	ldr	r3, [r7, #16]
20000448:	3301      	adds	r3, #1
2000044a:	009b      	lsls	r3, r3, #2
2000044c:	687a      	ldr	r2, [r7, #4]
2000044e:	441a      	add	r2, r3
20000450:	693b      	ldr	r3, [r7, #16]
20000452:	009b      	lsls	r3, r3, #2
20000454:	6879      	ldr	r1, [r7, #4]
20000456:	440b      	add	r3, r1
20000458:	6812      	ldr	r2, [r2, #0]
2000045a:	601a      	str	r2, [r3, #0]
        array[j + 1] = temp;
2000045c:	693b      	ldr	r3, [r7, #16]
2000045e:	3301      	adds	r3, #1
20000460:	009b      	lsls	r3, r3, #2
20000462:	687a      	ldr	r2, [r7, #4]
20000464:	4413      	add	r3, r2
20000466:	68fa      	ldr	r2, [r7, #12]
20000468:	601a      	str	r2, [r3, #0]
    for (int j = 0; j < 2 - i; j++)
2000046a:	693b      	ldr	r3, [r7, #16]
2000046c:	3301      	adds	r3, #1
2000046e:	613b      	str	r3, [r7, #16]
20000470:	697b      	ldr	r3, [r7, #20]
20000472:	f1c3 0302 	rsb	r3, r3, #2
20000476:	693a      	ldr	r2, [r7, #16]
20000478:	429a      	cmp	r2, r3
2000047a:	dbd1      	blt.n	20000420 <sortArray+0x14>
  for (int i = 0; i < 2; i++)
2000047c:	697b      	ldr	r3, [r7, #20]
2000047e:	3301      	adds	r3, #1
20000480:	617b      	str	r3, [r7, #20]
20000482:	697b      	ldr	r3, [r7, #20]
20000484:	2b01      	cmp	r3, #1
20000486:	ddc8      	ble.n	2000041a <sortArray+0xe>
      }
    }
  }
}
20000488:	bf00      	nop
2000048a:	bf00      	nop
2000048c:	371c      	adds	r7, #28
2000048e:	46bd      	mov	sp, r7
20000490:	f85d 7b04 	ldr.w	r7, [sp], #4
20000494:	4770      	bx	lr

20000496 <reader>:

void reader(App *self, int c)
{
20000496:	b580      	push	{r7, lr}
20000498:	b08c      	sub	sp, #48	@ 0x30
2000049a:	af02      	add	r7, sp, #8
2000049c:	6078      	str	r0, [r7, #4]
2000049e:	6039      	str	r1, [r7, #0]
  int inputValue;

  switch (c)
200004a0:	683b      	ldr	r3, [r7, #0]
200004a2:	2b75      	cmp	r3, #117	@ 0x75
200004a4:	f300 812b 	bgt.w	200006fe <reader+0x268>
200004a8:	683b      	ldr	r3, [r7, #0]
200004aa:	2b64      	cmp	r3, #100	@ 0x64
200004ac:	da08      	bge.n	200004c0 <reader+0x2a>
200004ae:	683b      	ldr	r3, [r7, #0]
200004b0:	2b2b      	cmp	r3, #43	@ 0x2b
200004b2:	f000 80c6 	beq.w	20000642 <reader+0x1ac>
200004b6:	683b      	ldr	r3, [r7, #0]
200004b8:	2b2d      	cmp	r3, #45	@ 0x2d
200004ba:	f000 80da 	beq.w	20000672 <reader+0x1dc>
200004be:	e11e      	b.n	200006fe <reader+0x268>
200004c0:	683b      	ldr	r3, [r7, #0]
200004c2:	3b64      	subs	r3, #100	@ 0x64
200004c4:	2b11      	cmp	r3, #17
200004c6:	f200 811a 	bhi.w	200006fe <reader+0x268>
200004ca:	a201      	add	r2, pc, #4	@ (adr r2, 200004d0 <reader+0x3a>)
200004cc:	f852 f023 	ldr.w	pc, [r2, r3, lsl #2]
200004d0:	200006db 	.word	0x200006db
200004d4:	20000519 	.word	0x20000519
200004d8:	20000617 	.word	0x20000617
200004dc:	200006ff 	.word	0x200006ff
200004e0:	200006ff 	.word	0x200006ff
200004e4:	200006ff 	.word	0x200006ff
200004e8:	200006ff 	.word	0x200006ff
200004ec:	200006ff 	.word	0x200006ff
200004f0:	200006ff 	.word	0x200006ff
200004f4:	200006a3 	.word	0x200006a3
200004f8:	200006ff 	.word	0x200006ff
200004fc:	200006ff 	.word	0x200006ff
20000500:	200006ff 	.word	0x200006ff
20000504:	200006ff 	.word	0x200006ff
20000508:	200006ff 	.word	0x200006ff
2000050c:	200006ff 	.word	0x200006ff
20000510:	200006ed 	.word	0x200006ed
20000514:	200006c9 	.word	0x200006c9
  {
  case 'e':
    int temp[3];
    self->input[self->inputIndex] = '\0';
20000518:	687b      	ldr	r3, [r7, #4]
2000051a:	6a1b      	ldr	r3, [r3, #32]
2000051c:	687a      	ldr	r2, [r7, #4]
2000051e:	4413      	add	r3, r2
20000520:	2200      	movs	r2, #0
20000522:	731a      	strb	r2, [r3, #12]
    self->inputIndex = 0;
20000524:	687b      	ldr	r3, [r7, #4]
20000526:	2200      	movs	r2, #0
20000528:	621a      	str	r2, [r3, #32]
    inputValue = atoi(self->input);
2000052a:	687b      	ldr	r3, [r7, #4]
2000052c:	330c      	adds	r3, #12
2000052e:	4618      	mov	r0, r3
20000530:	f006 febe 	bl	200072b0 <atoi>
20000534:	61f8      	str	r0, [r7, #28]
    print_periods_for_key(inputValue);
20000536:	69f8      	ldr	r0, [r7, #28]
20000538:	f7ff fde0 	bl	200000fc <print_periods_for_key>

    self->median[self->medianIndex] = inputValue;
2000053c:	687b      	ldr	r3, [r7, #4]
2000053e:	6b1b      	ldr	r3, [r3, #48]	@ 0x30
20000540:	687a      	ldr	r2, [r7, #4]
20000542:	3308      	adds	r3, #8
20000544:	009b      	lsls	r3, r3, #2
20000546:	4413      	add	r3, r2
20000548:	69fa      	ldr	r2, [r7, #28]
2000054a:	605a      	str	r2, [r3, #4]
    if (self->historyCounter < 3)
2000054c:	687b      	ldr	r3, [r7, #4]
2000054e:	6b5b      	ldr	r3, [r3, #52]	@ 0x34
20000550:	2b02      	cmp	r3, #2
20000552:	dc04      	bgt.n	2000055e <reader+0xc8>
    {
      self->historyCounter++;
20000554:	687b      	ldr	r3, [r7, #4]
20000556:	6b5b      	ldr	r3, [r3, #52]	@ 0x34
20000558:	1c5a      	adds	r2, r3, #1
2000055a:	687b      	ldr	r3, [r7, #4]
2000055c:	635a      	str	r2, [r3, #52]	@ 0x34
    }

    self->medianIndex = (self->medianIndex + 1) % 3;
2000055e:	687b      	ldr	r3, [r7, #4]
20000560:	6b1b      	ldr	r3, [r3, #48]	@ 0x30
20000562:	1c59      	adds	r1, r3, #1
20000564:	4b6e      	ldr	r3, [pc, #440]	@ (20000720 <reader+0x28a>)
20000566:	fb83 3201 	smull	r3, r2, r3, r1
2000056a:	17cb      	asrs	r3, r1, #31
2000056c:	1ad2      	subs	r2, r2, r3
2000056e:	4613      	mov	r3, r2
20000570:	005b      	lsls	r3, r3, #1
20000572:	4413      	add	r3, r2
20000574:	1aca      	subs	r2, r1, r3
20000576:	687b      	ldr	r3, [r7, #4]
20000578:	631a      	str	r2, [r3, #48]	@ 0x30
    self->sum = sumArray(self->median);
2000057a:	687b      	ldr	r3, [r7, #4]
2000057c:	3324      	adds	r3, #36	@ 0x24
2000057e:	4618      	mov	r0, r3
20000580:	f7ff fe36 	bl	200001f0 <sumArray>
20000584:	4602      	mov	r2, r0
20000586:	687b      	ldr	r3, [r7, #4]
20000588:	639a      	str	r2, [r3, #56]	@ 0x38
    temp[0] = self->median[0];
2000058a:	687b      	ldr	r3, [r7, #4]
2000058c:	6a5b      	ldr	r3, [r3, #36]	@ 0x24
2000058e:	60fb      	str	r3, [r7, #12]
    temp[1] = self->median[1];
20000590:	687b      	ldr	r3, [r7, #4]
20000592:	6a9b      	ldr	r3, [r3, #40]	@ 0x28
20000594:	613b      	str	r3, [r7, #16]
    temp[2] = self->median[2];
20000596:	687b      	ldr	r3, [r7, #4]
20000598:	6adb      	ldr	r3, [r3, #44]	@ 0x2c
2000059a:	617b      	str	r3, [r7, #20]

    sortArray(temp);
2000059c:	f107 030c 	add.w	r3, r7, #12
200005a0:	4618      	mov	r0, r3
200005a2:	f7ff ff33 	bl	2000040c <sortArray>

    print("Entered integer: %d\n", inputValue);
200005a6:	69f9      	ldr	r1, [r7, #28]
200005a8:	485e      	ldr	r0, [pc, #376]	@ (20000724 <reader+0x28e>)
200005aa:	f000 f937 	bl	2000081c <print>
    print("sum: %d\n", self->sum);
200005ae:	687b      	ldr	r3, [r7, #4]
200005b0:	6b9b      	ldr	r3, [r3, #56]	@ 0x38
200005b2:	4619      	mov	r1, r3
200005b4:	485c      	ldr	r0, [pc, #368]	@ (20000728 <reader+0x292>)
200005b6:	f000 f931 	bl	2000081c <print>
    if (self->historyCounter == 1)
200005ba:	687b      	ldr	r3, [r7, #4]
200005bc:	6b5b      	ldr	r3, [r3, #52]	@ 0x34
200005be:	2b01      	cmp	r3, #1
200005c0:	d104      	bne.n	200005cc <reader+0x136>
    {
      print("median: %d\n", inputValue);
200005c2:	69f9      	ldr	r1, [r7, #28]
200005c4:	4859      	ldr	r0, [pc, #356]	@ (2000072c <reader+0x296>)
200005c6:	f000 f929 	bl	2000081c <print>
    }
    else
    {
      print("median: %d\n", temp[1]);
    }
    break;
200005ca:	e0a4      	b.n	20000716 <reader+0x280>
    else if (self->historyCounter == 2)
200005cc:	687b      	ldr	r3, [r7, #4]
200005ce:	6b5b      	ldr	r3, [r3, #52]	@ 0x34
200005d0:	2b02      	cmp	r3, #2
200005d2:	d11a      	bne.n	2000060a <reader+0x174>
      int a = self->median[0];
200005d4:	687b      	ldr	r3, [r7, #4]
200005d6:	6a5b      	ldr	r3, [r3, #36]	@ 0x24
200005d8:	627b      	str	r3, [r7, #36]	@ 0x24
      int b = self->median[1];
200005da:	687b      	ldr	r3, [r7, #4]
200005dc:	6a9b      	ldr	r3, [r3, #40]	@ 0x28
200005de:	623b      	str	r3, [r7, #32]
      if (a > b)
200005e0:	6a7a      	ldr	r2, [r7, #36]	@ 0x24
200005e2:	6a3b      	ldr	r3, [r7, #32]
200005e4:	429a      	cmp	r2, r3
200005e6:	dd05      	ble.n	200005f4 <reader+0x15e>
        int t = a;
200005e8:	6a7b      	ldr	r3, [r7, #36]	@ 0x24
200005ea:	61bb      	str	r3, [r7, #24]
        a = b;
200005ec:	6a3b      	ldr	r3, [r7, #32]
200005ee:	627b      	str	r3, [r7, #36]	@ 0x24
        b = t;
200005f0:	69bb      	ldr	r3, [r7, #24]
200005f2:	623b      	str	r3, [r7, #32]
      print("median: %d\n", (a + b) / 2);
200005f4:	6a7a      	ldr	r2, [r7, #36]	@ 0x24
200005f6:	6a3b      	ldr	r3, [r7, #32]
200005f8:	4413      	add	r3, r2
200005fa:	0fda      	lsrs	r2, r3, #31
200005fc:	4413      	add	r3, r2
200005fe:	105b      	asrs	r3, r3, #1
20000600:	4619      	mov	r1, r3
20000602:	484a      	ldr	r0, [pc, #296]	@ (2000072c <reader+0x296>)
20000604:	f000 f90a 	bl	2000081c <print>
    break;
20000608:	e085      	b.n	20000716 <reader+0x280>
      print("median: %d\n", temp[1]);
2000060a:	693b      	ldr	r3, [r7, #16]
2000060c:	4619      	mov	r1, r3
2000060e:	4847      	ldr	r0, [pc, #284]	@ (2000072c <reader+0x296>)
20000610:	f000 f904 	bl	2000081c <print>
    break;
20000614:	e07f      	b.n	20000716 <reader+0x280>
  case 'f':
    print("the 3-history has been erased\n");
20000616:	4846      	ldr	r0, [pc, #280]	@ (20000730 <reader+0x29a>)
20000618:	f000 f900 	bl	2000081c <print>
    self->medianIndex = 0;
2000061c:	687b      	ldr	r3, [r7, #4]
2000061e:	2200      	movs	r2, #0
20000620:	631a      	str	r2, [r3, #48]	@ 0x30
    self->sum = 0;
20000622:	687b      	ldr	r3, [r7, #4]
20000624:	2200      	movs	r2, #0
20000626:	639a      	str	r2, [r3, #56]	@ 0x38
    self->median[0] = 0;
20000628:	687b      	ldr	r3, [r7, #4]
2000062a:	2200      	movs	r2, #0
2000062c:	625a      	str	r2, [r3, #36]	@ 0x24
    self->median[1] = 0;
2000062e:	687b      	ldr	r3, [r7, #4]
20000630:	2200      	movs	r2, #0
20000632:	629a      	str	r2, [r3, #40]	@ 0x28
    self->median[2] = 0;
20000634:	687b      	ldr	r3, [r7, #4]
20000636:	2200      	movs	r2, #0
20000638:	62da      	str	r2, [r3, #44]	@ 0x2c
    self->historyCounter = 0;
2000063a:	687b      	ldr	r3, [r7, #4]
2000063c:	2200      	movs	r2, #0
2000063e:	635a      	str	r2, [r3, #52]	@ 0x34
    // a = 0;
    break;
20000640:	e069      	b.n	20000716 <reader+0x280>
  case '+':
    if (self->volume < MAX_VOLUME)
20000642:	687b      	ldr	r3, [r7, #4]
20000644:	f893 303c 	ldrb.w	r3, [r3, #60]	@ 0x3c
20000648:	b2db      	uxtb	r3, r3
2000064a:	2b1d      	cmp	r3, #29
2000064c:	d808      	bhi.n	20000660 <reader+0x1ca>
      self->volume++;
2000064e:	687b      	ldr	r3, [r7, #4]
20000650:	f893 303c 	ldrb.w	r3, [r3, #60]	@ 0x3c
20000654:	b2db      	uxtb	r3, r3
20000656:	3301      	adds	r3, #1
20000658:	b2da      	uxtb	r2, r3
2000065a:	687b      	ldr	r3, [r7, #4]
2000065c:	f883 203c 	strb.w	r2, [r3, #60]	@ 0x3c
    print("volume: %d\n", self->volume);
20000660:	687b      	ldr	r3, [r7, #4]
20000662:	f893 303c 	ldrb.w	r3, [r3, #60]	@ 0x3c
20000666:	b2db      	uxtb	r3, r3
20000668:	4619      	mov	r1, r3
2000066a:	4832      	ldr	r0, [pc, #200]	@ (20000734 <reader+0x29e>)
2000066c:	f000 f8d6 	bl	2000081c <print>
    break;
20000670:	e051      	b.n	20000716 <reader+0x280>

  case '-':
    if (self->volume > MIN_VOLUME)
20000672:	687b      	ldr	r3, [r7, #4]
20000674:	f893 303c 	ldrb.w	r3, [r3, #60]	@ 0x3c
20000678:	b2db      	uxtb	r3, r3
2000067a:	2b01      	cmp	r3, #1
2000067c:	d908      	bls.n	20000690 <reader+0x1fa>
      self->volume--;
2000067e:	687b      	ldr	r3, [r7, #4]
20000680:	f893 303c 	ldrb.w	r3, [r3, #60]	@ 0x3c
20000684:	b2db      	uxtb	r3, r3
20000686:	3b01      	subs	r3, #1
20000688:	b2da      	uxtb	r2, r3
2000068a:	687b      	ldr	r3, [r7, #4]
2000068c:	f883 203c 	strb.w	r2, [r3, #60]	@ 0x3c
    print("volume: %d\n", self->volume);
20000690:	687b      	ldr	r3, [r7, #4]
20000692:	f893 303c 	ldrb.w	r3, [r3, #60]	@ 0x3c
20000696:	b2db      	uxtb	r3, r3
20000698:	4619      	mov	r1, r3
2000069a:	4826      	ldr	r0, [pc, #152]	@ (20000734 <reader+0x29e>)
2000069c:	f000 f8be 	bl	2000081c <print>
    break;
200006a0:	e039      	b.n	20000716 <reader+0x280>

  case 'm':
    self->muted ^= 1;
200006a2:	687b      	ldr	r3, [r7, #4]
200006a4:	f893 303d 	ldrb.w	r3, [r3, #61]	@ 0x3d
200006a8:	b2db      	uxtb	r3, r3
200006aa:	f083 0301 	eor.w	r3, r3, #1
200006ae:	b2da      	uxtb	r2, r3
200006b0:	687b      	ldr	r3, [r7, #4]
200006b2:	f883 203d 	strb.w	r2, [r3, #61]	@ 0x3d
    print("muted: %d\n", self->muted);
200006b6:	687b      	ldr	r3, [r7, #4]
200006b8:	f893 303d 	ldrb.w	r3, [r3, #61]	@ 0x3d
200006bc:	b2db      	uxtb	r3, r3
200006be:	4619      	mov	r1, r3
200006c0:	481d      	ldr	r0, [pc, #116]	@ (20000738 <reader+0x2a2>)
200006c2:	f000 f8ab 	bl	2000081c <print>
    break;
200006c6:	e026      	b.n	20000716 <reader+0x280>

  case 'u':
    ASYNC(&background, increase_load, 0);
200006c8:	2300      	movs	r3, #0
200006ca:	9300      	str	r3, [sp, #0]
200006cc:	4b1b      	ldr	r3, [pc, #108]	@ (2000073c <reader+0x2a6>)
200006ce:	4a1c      	ldr	r2, [pc, #112]	@ (20000740 <reader+0x2aa>)
200006d0:	2100      	movs	r1, #0
200006d2:	2000      	movs	r0, #0
200006d4:	f001 f988 	bl	200019e8 <async>
    break;
200006d8:	e01d      	b.n	20000716 <reader+0x280>

  case 'd':
    ASYNC(&background, decrease_load, 0);
200006da:	2300      	movs	r3, #0
200006dc:	9300      	str	r3, [sp, #0]
200006de:	4b19      	ldr	r3, [pc, #100]	@ (20000744 <reader+0x2ae>)
200006e0:	4a17      	ldr	r2, [pc, #92]	@ (20000740 <reader+0x2aa>)
200006e2:	2100      	movs	r1, #0
200006e4:	2000      	movs	r0, #0
200006e6:	f001 f97f 	bl	200019e8 <async>
    break;
200006ea:	e014      	b.n	20000716 <reader+0x280>

    case 't':
    ASYNC(&background, togglebg, 0);
200006ec:	2300      	movs	r3, #0
200006ee:	9300      	str	r3, [sp, #0]
200006f0:	4b15      	ldr	r3, [pc, #84]	@ (20000748 <reader+0x2b2>)
200006f2:	4a13      	ldr	r2, [pc, #76]	@ (20000740 <reader+0x2aa>)
200006f4:	2100      	movs	r1, #0
200006f6:	2000      	movs	r0, #0
200006f8:	f001 f976 	bl	200019e8 <async>
   
    break;
200006fc:	e00b      	b.n	20000716 <reader+0x280>

  default:

    self->input[self->inputIndex++] = c;
200006fe:	687b      	ldr	r3, [r7, #4]
20000700:	6a1b      	ldr	r3, [r3, #32]
20000702:	1c59      	adds	r1, r3, #1
20000704:	687a      	ldr	r2, [r7, #4]
20000706:	6211      	str	r1, [r2, #32]
20000708:	683a      	ldr	r2, [r7, #0]
2000070a:	b2d1      	uxtb	r1, r2
2000070c:	687a      	ldr	r2, [r7, #4]
2000070e:	4413      	add	r3, r2
20000710:	460a      	mov	r2, r1
20000712:	731a      	strb	r2, [r3, #12]
    break;
20000714:	bf00      	nop
  }
}
20000716:	bf00      	nop
20000718:	3728      	adds	r7, #40	@ 0x28
2000071a:	46bd      	mov	sp, r7
2000071c:	bd80      	pop	{r7, pc}
2000071e:	bf00      	nop
20000720:	55555556 	.word	0x55555556
20000724:	20007f88 	.word	0x20007f88
20000728:	20007fa0 	.word	0x20007fa0
2000072c:	20007fac 	.word	0x20007fac
20000730:	20007fb8 	.word	0x20007fb8
20000734:	20007fd8 	.word	0x20007fd8
20000738:	20007fe4 	.word	0x20007fe4
2000073c:	2000022d 	.word	0x2000022d
20000740:	200095bc 	.word	0x200095bc
20000744:	20000383 	.word	0x20000383
20000748:	200003bd 	.word	0x200003bd

2000074c <main>:

int main()
{
2000074c:	b580      	push	{r7, lr}
2000074e:	af00      	add	r7, sp, #0
  INSTALL(&sci0, sci_interrupt, SCI_IRQ0);
20000750:	2200      	movs	r2, #0
20000752:	4908      	ldr	r1, [pc, #32]	@ (20000774 <main+0x28>)
20000754:	4808      	ldr	r0, [pc, #32]	@ (20000778 <main+0x2c>)
20000756:	f001 fbd9 	bl	20001f0c <install>
  INSTALL(&can0, can_interrupt, CAN_IRQ0);
2000075a:	2201      	movs	r2, #1
2000075c:	4907      	ldr	r1, [pc, #28]	@ (2000077c <main+0x30>)
2000075e:	4808      	ldr	r0, [pc, #32]	@ (20000780 <main+0x34>)
20000760:	f001 fbd4 	bl	20001f0c <install>
  TINYTIMBER(&app, startApp, 0);
20000764:	2200      	movs	r2, #0
20000766:	4907      	ldr	r1, [pc, #28]	@ (20000784 <main+0x38>)
20000768:	4807      	ldr	r0, [pc, #28]	@ (20000788 <main+0x3c>)
2000076a:	f001 fc35 	bl	20001fd8 <tinytimber>
  return 0;
2000076e:	2300      	movs	r3, #0
}
20000770:	4618      	mov	r0, r3
20000772:	bd80      	pop	{r7, pc}
20000774:	20000e63 	.word	0x20000e63
20000778:	2000919c 	.word	0x2000919c
2000077c:	200009b5 	.word	0x200009b5
20000780:	20009124 	.word	0x20009124
20000784:	20000169 	.word	0x20000169
20000788:	200090e4 	.word	0x200090e4

2000078c <tone_generator>:

void tone_generator(App *self, int unused)
{
2000078c:	b480      	push	{r7}
2000078e:	b083      	sub	sp, #12
20000790:	af00      	add	r7, sp, #0
20000792:	6078      	str	r0, [r7, #4]
20000794:	6039      	str	r1, [r7, #0]

  if (self->muted)
20000796:	687b      	ldr	r3, [r7, #4]
20000798:	f893 303d 	ldrb.w	r3, [r3, #61]	@ 0x3d
2000079c:	b2db      	uxtb	r3, r3
2000079e:	2b00      	cmp	r3, #0
200007a0:	d003      	beq.n	200007aa <tone_generator+0x1e>
  {
    DAC = 0; // stäng av ljud
200007a2:	4b12      	ldr	r3, [pc, #72]	@ (200007ec <tone_generator+0x60>)
200007a4:	2200      	movs	r2, #0
200007a6:	701a      	strb	r2, [r3, #0]
200007a8:	e00f      	b.n	200007ca <tone_generator+0x3e>
  }
  else if (self->tone_state)
200007aa:	687b      	ldr	r3, [r7, #4]
200007ac:	f893 303e 	ldrb.w	r3, [r3, #62]	@ 0x3e
200007b0:	b2db      	uxtb	r3, r3
200007b2:	2b00      	cmp	r3, #0
200007b4:	d006      	beq.n	200007c4 <tone_generator+0x38>
  {
    DAC = self->volume;
200007b6:	4a0d      	ldr	r2, [pc, #52]	@ (200007ec <tone_generator+0x60>)
200007b8:	687b      	ldr	r3, [r7, #4]
200007ba:	f893 303c 	ldrb.w	r3, [r3, #60]	@ 0x3c
200007be:	b2db      	uxtb	r3, r3
200007c0:	7013      	strb	r3, [r2, #0]
200007c2:	e002      	b.n	200007ca <tone_generator+0x3e>
  }
  else
  {
    DAC = 0;
200007c4:	4b09      	ldr	r3, [pc, #36]	@ (200007ec <tone_generator+0x60>)
200007c6:	2200      	movs	r2, #0
200007c8:	701a      	strb	r2, [r3, #0]
  }

  self->tone_state ^= 1; // xor
200007ca:	687b      	ldr	r3, [r7, #4]
200007cc:	f893 303e 	ldrb.w	r3, [r3, #62]	@ 0x3e
200007d0:	b2db      	uxtb	r3, r3
200007d2:	f083 0301 	eor.w	r3, r3, #1
200007d6:	b2da      	uxtb	r2, r3
200007d8:	687b      	ldr	r3, [r7, #4]
200007da:	f883 203e 	strb.w	r2, [r3, #62]	@ 0x3e

  //AFTER(USEC(500), self, tone_generator, 0);
  
}
200007de:	bf00      	nop
200007e0:	370c      	adds	r7, #12
200007e2:	46bd      	mov	sp, r7
200007e4:	f85d 7b04 	ldr.w	r7, [sp], #4
200007e8:	4770      	bx	lr
200007ea:	bf00      	nop
200007ec:	4000741c 	.word	0x4000741c

200007f0 <background_load_measure>:

// test step 4


void background_load_measure(Background *self)
{
200007f0:	b480      	push	{r7}
200007f2:	b085      	sub	sp, #20
200007f4:	af00      	add	r7, sp, #0
200007f6:	6078      	str	r0, [r7, #4]
  volatile int i;

  
  
    for (i = 0; i < self->background_loop_range; i++)
200007f8:	2300      	movs	r3, #0
200007fa:	60fb      	str	r3, [r7, #12]
200007fc:	e002      	b.n	20000804 <background_load_measure+0x14>
200007fe:	68fb      	ldr	r3, [r7, #12]
20000800:	3301      	adds	r3, #1
20000802:	60fb      	str	r3, [r7, #12]
20000804:	687b      	ldr	r3, [r7, #4]
20000806:	68da      	ldr	r2, [r3, #12]
20000808:	68fb      	ldr	r3, [r7, #12]
2000080a:	429a      	cmp	r2, r3
2000080c:	dcf7      	bgt.n	200007fe <background_load_measure+0xe>

    }
  

  
2000080e:	bf00      	nop
20000810:	bf00      	nop
20000812:	3714      	adds	r7, #20
20000814:	46bd      	mov	sp, r7
20000816:	f85d 7b04 	ldr.w	r7, [sp], #4
2000081a:	4770      	bx	lr

2000081c <print>:

#define BUFFER_SIZE ((unsigned int)1024)

extern Serial sci0;

void print(char *format, ...) {
2000081c:	b40f      	push	{r0, r1, r2, r3}
2000081e:	b580      	push	{r7, lr}
20000820:	f5ad 6d81 	sub.w	sp, sp, #1032	@ 0x408
20000824:	af00      	add	r7, sp, #0
  char buffer[BUFFER_SIZE];
  va_list argp;
  va_start(argp, format);
20000826:	f207 4214 	addw	r2, r7, #1044	@ 0x414
2000082a:	f507 6381 	add.w	r3, r7, #1032	@ 0x408
2000082e:	f2a3 4304 	subw	r3, r3, #1028	@ 0x404
20000832:	601a      	str	r2, [r3, #0]
  vsnprintf(buffer, BUFFER_SIZE, format, argp);
20000834:	f507 6381 	add.w	r3, r7, #1032	@ 0x408
20000838:	f2a3 4304 	subw	r3, r3, #1028	@ 0x404
2000083c:	f107 0008 	add.w	r0, r7, #8
20000840:	681b      	ldr	r3, [r3, #0]
20000842:	f8d7 2410 	ldr.w	r2, [r7, #1040]	@ 0x410
20000846:	f44f 6180 	mov.w	r1, #1024	@ 0x400
2000084a:	f006 fdf7 	bl	2000743c <vsniprintf>
  va_end(argp);
  SCI_WRITE(&sci0, buffer);
2000084e:	f107 0308 	add.w	r3, r7, #8
20000852:	461a      	mov	r2, r3
20000854:	4905      	ldr	r1, [pc, #20]	@ (2000086c <print+0x50>)
20000856:	4806      	ldr	r0, [pc, #24]	@ (20000870 <print+0x54>)
20000858:	f001 f964 	bl	20001b24 <sync>
}
2000085c:	bf00      	nop
2000085e:	f507 6781 	add.w	r7, r7, #1032	@ 0x408
20000862:	46bd      	mov	sp, r7
20000864:	e8bd 4080 	ldmia.w	sp!, {r7, lr}
20000868:	b004      	add	sp, #16
2000086a:	4770      	bx	lr
2000086c:	20000dd7 	.word	0x20000dd7
20000870:	2000919c 	.word	0x2000919c

20000874 <NVIC_EnableIRQ>:
    The function enables a device-specific interrupt in the NVIC interrupt controller.

    \param [in]      IRQn  External interrupt number. Value cannot be negative.
 */
__STATIC_INLINE void NVIC_EnableIRQ(IRQn_Type IRQn)
{
20000874:	b480      	push	{r7}
20000876:	b083      	sub	sp, #12
20000878:	af00      	add	r7, sp, #0
2000087a:	4603      	mov	r3, r0
2000087c:	71fb      	strb	r3, [r7, #7]
/*  NVIC->ISER[((uint32_t)(IRQn) >> 5)] = (1 << ((uint32_t)(IRQn) & 0x1F));  enable interrupt */
  NVIC->ISER[(uint32_t)((int32_t)IRQn) >> 5] = (uint32_t)(1 << ((uint32_t)((int32_t)IRQn) & (uint32_t)0x1F)); /* enable interrupt */
2000087e:	79fb      	ldrb	r3, [r7, #7]
20000880:	f003 031f 	and.w	r3, r3, #31
20000884:	2201      	movs	r2, #1
20000886:	fa02 f103 	lsl.w	r1, r2, r3
2000088a:	4a06      	ldr	r2, [pc, #24]	@ (200008a4 <NVIC_EnableIRQ+0x30>)
2000088c:	f997 3007 	ldrsb.w	r3, [r7, #7]
20000890:	095b      	lsrs	r3, r3, #5
20000892:	f842 1023 	str.w	r1, [r2, r3, lsl #2]
}
20000896:	bf00      	nop
20000898:	370c      	adds	r7, #12
2000089a:	46bd      	mov	sp, r7
2000089c:	f85d 7b04 	ldr.w	r7, [sp], #4
200008a0:	4770      	bx	lr
200008a2:	bf00      	nop
200008a4:	e000e100 	.word	0xe000e100

200008a8 <NVIC_SetPriority>:

    \param [in]      IRQn  Interrupt number.
    \param [in]  priority  Priority to set.
 */
__STATIC_INLINE void NVIC_SetPriority(IRQn_Type IRQn, uint32_t priority)
{
200008a8:	b480      	push	{r7}
200008aa:	b083      	sub	sp, #12
200008ac:	af00      	add	r7, sp, #0
200008ae:	4603      	mov	r3, r0
200008b0:	6039      	str	r1, [r7, #0]
200008b2:	71fb      	strb	r3, [r7, #7]
  if(IRQn < 0) {
200008b4:	f997 3007 	ldrsb.w	r3, [r7, #7]
200008b8:	2b00      	cmp	r3, #0
200008ba:	da0b      	bge.n	200008d4 <NVIC_SetPriority+0x2c>
    SCB->SHP[((uint32_t)(IRQn) & 0xF)-4] = ((priority << (8 - __NVIC_PRIO_BITS)) & 0xff); } /* set Priority for Cortex-M  System Interrupts */
200008bc:	683b      	ldr	r3, [r7, #0]
200008be:	b2da      	uxtb	r2, r3
200008c0:	490c      	ldr	r1, [pc, #48]	@ (200008f4 <NVIC_SetPriority+0x4c>)
200008c2:	79fb      	ldrb	r3, [r7, #7]
200008c4:	f003 030f 	and.w	r3, r3, #15
200008c8:	3b04      	subs	r3, #4
200008ca:	0112      	lsls	r2, r2, #4
200008cc:	b2d2      	uxtb	r2, r2
200008ce:	440b      	add	r3, r1
200008d0:	761a      	strb	r2, [r3, #24]
  else {
    NVIC->IP[(uint32_t)(IRQn)] = ((priority << (8 - __NVIC_PRIO_BITS)) & 0xff);    }        /* set Priority for device specific Interrupts  */
}
200008d2:	e009      	b.n	200008e8 <NVIC_SetPriority+0x40>
    NVIC->IP[(uint32_t)(IRQn)] = ((priority << (8 - __NVIC_PRIO_BITS)) & 0xff);    }        /* set Priority for device specific Interrupts  */
200008d4:	683b      	ldr	r3, [r7, #0]
200008d6:	b2da      	uxtb	r2, r3
200008d8:	4907      	ldr	r1, [pc, #28]	@ (200008f8 <NVIC_SetPriority+0x50>)
200008da:	f997 3007 	ldrsb.w	r3, [r7, #7]
200008de:	0112      	lsls	r2, r2, #4
200008e0:	b2d2      	uxtb	r2, r2
200008e2:	440b      	add	r3, r1
200008e4:	f883 2300 	strb.w	r2, [r3, #768]	@ 0x300
}
200008e8:	bf00      	nop
200008ea:	370c      	adds	r7, #12
200008ec:	46bd      	mov	sp, r7
200008ee:	f85d 7b04 	ldr.w	r7, [sp], #4
200008f2:	4770      	bx	lr
200008f4:	e000ed00 	.word	0xe000ed00
200008f8:	e000e100 	.word	0xe000e100

200008fc <can_init>:
void DUMP(char *s);

//
// Initialize CAN controller
//
void can_init(Can *self, int unused) {
200008fc:	b580      	push	{r7, lr}
200008fe:	b086      	sub	sp, #24
20000900:	af00      	add	r7, sp, #0
20000902:	6078      	str	r0, [r7, #4]
20000904:	6039      	str	r1, [r7, #0]
  CAN_InitTypeDef CAN_InitStructure;

  self->count = self->head = self->tail = 0;
20000906:	687b      	ldr	r3, [r7, #4]
20000908:	2200      	movs	r2, #0
2000090a:	619a      	str	r2, [r3, #24]
2000090c:	687b      	ldr	r3, [r7, #4]
2000090e:	699a      	ldr	r2, [r3, #24]
20000910:	687b      	ldr	r3, [r7, #4]
20000912:	615a      	str	r2, [r3, #20]
20000914:	687b      	ldr	r3, [r7, #4]
20000916:	695a      	ldr	r2, [r3, #20]
20000918:	687b      	ldr	r3, [r7, #4]
2000091a:	61da      	str	r2, [r3, #28]
  //#define	__CAN_TxAck // if defined: single transmission, can_send() will
  // wait for message error or acknowledgement
  //  default: automatic retransmission, can_send() will not wait for message
  //  error or acknowledgement

  CAN_StructInit(&CAN_InitStructure);
2000091c:	f107 030c 	add.w	r3, r7, #12
20000920:	4618      	mov	r0, r3
20000922:	f001 ff49 	bl	200027b8 <CAN_StructInit>

  CAN_InitStructure.CAN_TTCM =
20000926:	2300      	movs	r3, #0
20000928:	74bb      	strb	r3, [r7, #18]
      DISABLE; // time-triggered communication mode = DISABLED
  CAN_InitStructure.CAN_ABOM =
2000092a:	2300      	movs	r3, #0
2000092c:	74fb      	strb	r3, [r7, #19]
      DISABLE; // automatic bus-off management mode = DISABLED
  CAN_InitStructure.CAN_AWUM = DISABLE; // automatic wake-up mode = DISABLED
2000092e:	2300      	movs	r3, #0
20000930:	753b      	strb	r3, [r7, #20]
#ifdef __CAN_TxAck
  CAN_InitStructure.CAN_NART = ENABLE; // non-automatic retransmission mode =
                                       // ENABLED (single transmission)
  DUMP("NOTE: CAN running with Tx Ack!\n\r");
#else
  CAN_InitStructure.CAN_NART =
20000932:	2300      	movs	r3, #0
20000934:	757b      	strb	r3, [r7, #21]
      DISABLE; // non-automatic retransmission mode = DISABLED (retransmit until
               // error or ack)
#endif
  CAN_InitStructure.CAN_RFLM = DISABLE; // receive FIFO locked mode = DISABLED
20000936:	2300      	movs	r3, #0
20000938:	75bb      	strb	r3, [r7, #22]
  CAN_InitStructure.CAN_TXFP = DISABLE; // transmit FIFO priority = DISABLED
2000093a:	2300      	movs	r3, #0
2000093c:	75fb      	strb	r3, [r7, #23]
  CAN_InitStructure.CAN_Mode = CAN_Mode_Normal; // normal CAN mode
2000093e:	2300      	movs	r3, #0
20000940:	73bb      	strb	r3, [r7, #14]
  // 42 MHz clock on APB1
  // Prescaler = 7 => time quanta tq = 1/6 us
  // Bit time = tq*(SJW + BS1 + BS2)
  // See figure 346 in F407 - Reference Manual.pdf
  //
  CAN_InitStructure.CAN_SJW = CAN_SJW_1tq; // synchronization jump width = 1
20000942:	2300      	movs	r3, #0
20000944:	73fb      	strb	r3, [r7, #15]
  CAN_InitStructure.CAN_BS1 = CAN_BS1_3tq;
20000946:	2302      	movs	r3, #2
20000948:	743b      	strb	r3, [r7, #16]
  CAN_InitStructure.CAN_BS2 = CAN_BS2_4tq;
2000094a:	2303      	movs	r3, #3
2000094c:	747b      	strb	r3, [r7, #17]
  CAN_InitStructure.CAN_Prescaler = 7; // baudrate 750kbps
2000094e:	2307      	movs	r3, #7
20000950:	81bb      	strh	r3, [r7, #12]

  if (CAN_Init(CAN1, &CAN_InitStructure) == CAN_InitStatus_Failed)
20000952:	f107 030c 	add.w	r3, r7, #12
20000956:	4619      	mov	r1, r3
20000958:	4812      	ldr	r0, [pc, #72]	@ (200009a4 <can_init+0xa8>)
2000095a:	f001 fd9b 	bl	20002494 <CAN_Init>
2000095e:	4603      	mov	r3, r0
20000960:	2b00      	cmp	r3, #0
20000962:	d102      	bne.n	2000096a <can_init+0x6e>
    DUMP("\n\rCAN #1 Init failed!\n\r");
20000964:	4810      	ldr	r0, [pc, #64]	@ (200009a8 <can_init+0xac>)
20000966:	f000 fc05 	bl	20001174 <DUMP>
  //	else
  //		DUMP("\n\rCAN #1 successful!\n\r");

  if (CAN_Init(CAN2, &CAN_InitStructure) == CAN_InitStatus_Failed)
2000096a:	f107 030c 	add.w	r3, r7, #12
2000096e:	4619      	mov	r1, r3
20000970:	480e      	ldr	r0, [pc, #56]	@ (200009ac <can_init+0xb0>)
20000972:	f001 fd8f 	bl	20002494 <CAN_Init>
20000976:	4603      	mov	r3, r0
20000978:	2b00      	cmp	r3, #0
2000097a:	d102      	bne.n	20000982 <can_init+0x86>
    DUMP("CAN #2 Init failed!\n\r");
2000097c:	480c      	ldr	r0, [pc, #48]	@ (200009b0 <can_init+0xb4>)
2000097e:	f000 fbf9 	bl	20001174 <DUMP>
  //	else
  //		DUMP("CAN #2 successful!\n\r");

  NVIC_SetPriority(CAN1_RX0_IRQn, __IRQ_PRIORITY);
20000982:	2102      	movs	r1, #2
20000984:	2014      	movs	r0, #20
20000986:	f7ff ff8f 	bl	200008a8 <NVIC_SetPriority>
  NVIC_EnableIRQ(CAN1_RX0_IRQn);
2000098a:	2014      	movs	r0, #20
2000098c:	f7ff ff72 	bl	20000874 <NVIC_EnableIRQ>
  CAN_ITConfig(CAN1, CAN_IT_FMP0, ENABLE);
20000990:	2201      	movs	r2, #1
20000992:	2102      	movs	r1, #2
20000994:	4803      	ldr	r0, [pc, #12]	@ (200009a4 <can_init+0xa8>)
20000996:	f002 fb3d 	bl	20003014 <CAN_ITConfig>
}
2000099a:	bf00      	nop
2000099c:	3718      	adds	r7, #24
2000099e:	46bd      	mov	sp, r7
200009a0:	bd80      	pop	{r7, pc}
200009a2:	bf00      	nop
200009a4:	40006400 	.word	0x40006400
200009a8:	20007ff0 	.word	0x20007ff0
200009ac:	40006800 	.word	0x40006800
200009b0:	20008008 	.word	0x20008008

200009b4 <can_interrupt>:

//
// When a message is received on the can bus, store it in a software
// buffer, notify the listener and clear the receive interrupt.
//
void can_interrupt(Can *self, int unused) {
200009b4:	b5b0      	push	{r4, r5, r7, lr}
200009b6:	b08a      	sub	sp, #40	@ 0x28
200009b8:	af02      	add	r7, sp, #8
200009ba:	6078      	str	r0, [r7, #4]
200009bc:	6039      	str	r1, [r7, #0]
  uchar index;

  if (CAN_GetFlagStatus(self->port, CAN_FLAG_FMP0) ==
200009be:	687b      	ldr	r3, [r7, #4]
200009c0:	689b      	ldr	r3, [r3, #8]
200009c2:	495a      	ldr	r1, [pc, #360]	@ (20000b2c <can_interrupt+0x178>)
200009c4:	4618      	mov	r0, r3
200009c6:	f002 fb42 	bl	2000304e <CAN_GetFlagStatus>
200009ca:	4603      	mov	r3, r0
200009cc:	2b01      	cmp	r3, #1
200009ce:	d002      	beq.n	200009d6 <can_interrupt+0x22>
      SET) { // Data received in FIFO0
             //		DUMP("\n\rYay: A CAN #1 FIFO0 IRQ!\n\r");
  } else
    DUMP("\n\rStrange: Not a CAN #1 FIFO0 IRQ!\n\r");
200009d0:	4857      	ldr	r0, [pc, #348]	@ (20000b30 <can_interrupt+0x17c>)
200009d2:	f000 fbcf 	bl	20001174 <DUMP>

  if (self->count < CAN_BUFSIZE) {
200009d6:	687b      	ldr	r3, [r7, #4]
200009d8:	69db      	ldr	r3, [r3, #28]
200009da:	2b07      	cmp	r3, #7
200009dc:	f300 809e 	bgt.w	20000b1c <can_interrupt+0x168>
    CanRxMsg RxMessage;

    CAN_Receive(self->port, CAN_FIFO0, &RxMessage);
200009e0:	687b      	ldr	r3, [r7, #4]
200009e2:	689b      	ldr	r3, [r3, #8]
200009e4:	f107 0208 	add.w	r2, r7, #8
200009e8:	2100      	movs	r1, #0
200009ea:	4618      	mov	r0, r3
200009ec:	f002 f921 	bl	20002c32 <CAN_Receive>

    self->iBuff[self->head].msgId = (RxMessage.StdId >> 4) & 0x7F;
200009f0:	68bb      	ldr	r3, [r7, #8]
200009f2:	091b      	lsrs	r3, r3, #4
200009f4:	b2db      	uxtb	r3, r3
200009f6:	687a      	ldr	r2, [r7, #4]
200009f8:	6952      	ldr	r2, [r2, #20]
200009fa:	f003 037f 	and.w	r3, r3, #127	@ 0x7f
200009fe:	b2d8      	uxtb	r0, r3
20000a00:	6879      	ldr	r1, [r7, #4]
20000a02:	4613      	mov	r3, r2
20000a04:	009b      	lsls	r3, r3, #2
20000a06:	4413      	add	r3, r2
20000a08:	005b      	lsls	r3, r3, #1
20000a0a:	4413      	add	r3, r2
20000a0c:	440b      	add	r3, r1
20000a0e:	3320      	adds	r3, #32
20000a10:	4602      	mov	r2, r0
20000a12:	701a      	strb	r2, [r3, #0]
    self->iBuff[self->head].nodeId = RxMessage.StdId & 0x0F;
20000a14:	68bb      	ldr	r3, [r7, #8]
20000a16:	b2db      	uxtb	r3, r3
20000a18:	687a      	ldr	r2, [r7, #4]
20000a1a:	6952      	ldr	r2, [r2, #20]
20000a1c:	f003 030f 	and.w	r3, r3, #15
20000a20:	b2d8      	uxtb	r0, r3
20000a22:	6879      	ldr	r1, [r7, #4]
20000a24:	4613      	mov	r3, r2
20000a26:	009b      	lsls	r3, r3, #2
20000a28:	4413      	add	r3, r2
20000a2a:	005b      	lsls	r3, r3, #1
20000a2c:	4413      	add	r3, r2
20000a2e:	440b      	add	r3, r1
20000a30:	3321      	adds	r3, #33	@ 0x21
20000a32:	4602      	mov	r2, r0
20000a34:	701a      	strb	r2, [r3, #0]

    self->iBuff[self->head].length = (RxMessage.DLC & 0x0F);
20000a36:	7cbb      	ldrb	r3, [r7, #18]
20000a38:	687a      	ldr	r2, [r7, #4]
20000a3a:	6952      	ldr	r2, [r2, #20]
20000a3c:	f003 030f 	and.w	r3, r3, #15
20000a40:	b2d8      	uxtb	r0, r3
20000a42:	6879      	ldr	r1, [r7, #4]
20000a44:	4613      	mov	r3, r2
20000a46:	009b      	lsls	r3, r3, #2
20000a48:	4413      	add	r3, r2
20000a4a:	005b      	lsls	r3, r3, #1
20000a4c:	4413      	add	r3, r2
20000a4e:	440b      	add	r3, r1
20000a50:	3322      	adds	r3, #34	@ 0x22
20000a52:	4602      	mov	r2, r0
20000a54:	701a      	strb	r2, [r3, #0]

    for (index = 0; index < self->iBuff[self->head].length; index++) {
20000a56:	2300      	movs	r3, #0
20000a58:	77fb      	strb	r3, [r7, #31]
20000a5a:	e015      	b.n	20000a88 <can_interrupt+0xd4>
      // Get received data
      self->iBuff[self->head].buff[index] = RxMessage.Data[index];
20000a5c:	7ffb      	ldrb	r3, [r7, #31]
20000a5e:	687a      	ldr	r2, [r7, #4]
20000a60:	6952      	ldr	r2, [r2, #20]
20000a62:	7ff9      	ldrb	r1, [r7, #31]
20000a64:	3320      	adds	r3, #32
20000a66:	443b      	add	r3, r7
20000a68:	f813 4c0d 	ldrb.w	r4, [r3, #-13]
20000a6c:	6878      	ldr	r0, [r7, #4]
20000a6e:	4613      	mov	r3, r2
20000a70:	009b      	lsls	r3, r3, #2
20000a72:	4413      	add	r3, r2
20000a74:	005b      	lsls	r3, r3, #1
20000a76:	4413      	add	r3, r2
20000a78:	4403      	add	r3, r0
20000a7a:	440b      	add	r3, r1
20000a7c:	3323      	adds	r3, #35	@ 0x23
20000a7e:	4622      	mov	r2, r4
20000a80:	701a      	strb	r2, [r3, #0]
    for (index = 0; index < self->iBuff[self->head].length; index++) {
20000a82:	7ffb      	ldrb	r3, [r7, #31]
20000a84:	3301      	adds	r3, #1
20000a86:	77fb      	strb	r3, [r7, #31]
20000a88:	687b      	ldr	r3, [r7, #4]
20000a8a:	695a      	ldr	r2, [r3, #20]
20000a8c:	6879      	ldr	r1, [r7, #4]
20000a8e:	4613      	mov	r3, r2
20000a90:	009b      	lsls	r3, r3, #2
20000a92:	4413      	add	r3, r2
20000a94:	005b      	lsls	r3, r3, #1
20000a96:	4413      	add	r3, r2
20000a98:	440b      	add	r3, r1
20000a9a:	3322      	adds	r3, #34	@ 0x22
20000a9c:	781b      	ldrb	r3, [r3, #0]
20000a9e:	7ffa      	ldrb	r2, [r7, #31]
20000aa0:	429a      	cmp	r2, r3
20000aa2:	d3db      	bcc.n	20000a5c <can_interrupt+0xa8>
    }

    if (self->obj) {
20000aa4:	687b      	ldr	r3, [r7, #4]
20000aa6:	68db      	ldr	r3, [r3, #12]
20000aa8:	2b00      	cmp	r3, #0
20000aaa:	d025      	beq.n	20000af8 <can_interrupt+0x144>
      ASYNC(self->obj, self->meth,
20000aac:	687b      	ldr	r3, [r7, #4]
20000aae:	68dc      	ldr	r4, [r3, #12]
20000ab0:	687b      	ldr	r3, [r7, #4]
20000ab2:	691d      	ldr	r5, [r3, #16]
20000ab4:	687b      	ldr	r3, [r7, #4]
20000ab6:	695a      	ldr	r2, [r3, #20]
20000ab8:	6879      	ldr	r1, [r7, #4]
20000aba:	4613      	mov	r3, r2
20000abc:	009b      	lsls	r3, r3, #2
20000abe:	4413      	add	r3, r2
20000ac0:	005b      	lsls	r3, r3, #1
20000ac2:	4413      	add	r3, r2
20000ac4:	440b      	add	r3, r1
20000ac6:	3320      	adds	r3, #32
20000ac8:	781b      	ldrb	r3, [r3, #0]
20000aca:	0119      	lsls	r1, r3, #4
20000acc:	687b      	ldr	r3, [r7, #4]
20000ace:	695a      	ldr	r2, [r3, #20]
20000ad0:	6878      	ldr	r0, [r7, #4]
20000ad2:	4613      	mov	r3, r2
20000ad4:	009b      	lsls	r3, r3, #2
20000ad6:	4413      	add	r3, r2
20000ad8:	005b      	lsls	r3, r3, #1
20000ada:	4413      	add	r3, r2
20000adc:	4403      	add	r3, r0
20000ade:	3321      	adds	r3, #33	@ 0x21
20000ae0:	781b      	ldrb	r3, [r3, #0]
20000ae2:	440b      	add	r3, r1
20000ae4:	9300      	str	r3, [sp, #0]
20000ae6:	462b      	mov	r3, r5
20000ae8:	4622      	mov	r2, r4
20000aea:	2100      	movs	r1, #0
20000aec:	2000      	movs	r0, #0
20000aee:	f000 ff7b 	bl	200019e8 <async>
            (self->iBuff[self->head].msgId << 4) +
                self->iBuff[self->head].nodeId);
      doIRQSchedule = 1;
20000af2:	4b10      	ldr	r3, [pc, #64]	@ (20000b34 <can_interrupt+0x180>)
20000af4:	2201      	movs	r2, #1
20000af6:	601a      	str	r2, [r3, #0]
    }

    self->head = (self->head + 1) % CAN_BUFSIZE;
20000af8:	687b      	ldr	r3, [r7, #4]
20000afa:	695b      	ldr	r3, [r3, #20]
20000afc:	3301      	adds	r3, #1
20000afe:	425a      	negs	r2, r3
20000b00:	f003 0307 	and.w	r3, r3, #7
20000b04:	f002 0207 	and.w	r2, r2, #7
20000b08:	bf58      	it	pl
20000b0a:	4253      	negpl	r3, r2
20000b0c:	687a      	ldr	r2, [r7, #4]
20000b0e:	6153      	str	r3, [r2, #20]
    self->count++;
20000b10:	687b      	ldr	r3, [r7, #4]
20000b12:	69db      	ldr	r3, [r3, #28]
20000b14:	1c5a      	adds	r2, r3, #1
20000b16:	687b      	ldr	r3, [r7, #4]
20000b18:	61da      	str	r2, [r3, #28]
  } else {
    DUMP("\n\rStrange: CAN #1 FIFO0 Full!\n\r");
    // Handle full buffers
    // Now just discards message
  }
}
20000b1a:	e002      	b.n	20000b22 <can_interrupt+0x16e>
    DUMP("\n\rStrange: CAN #1 FIFO0 Full!\n\r");
20000b1c:	4806      	ldr	r0, [pc, #24]	@ (20000b38 <can_interrupt+0x184>)
20000b1e:	f000 fb29 	bl	20001174 <DUMP>
}
20000b22:	bf00      	nop
20000b24:	3720      	adds	r7, #32
20000b26:	46bd      	mov	sp, r7
20000b28:	bdb0      	pop	{r4, r5, r7, pc}
20000b2a:	bf00      	nop
20000b2c:	12000003 	.word	0x12000003
20000b30:	20008020 	.word	0x20008020
20000b34:	20012348 	.word	0x20012348
20000b38:	20008048 	.word	0x20008048

20000b3c <can_receive>:

//
// Copy the first message from the software buffer to the supplied
// message data structure.
//
int can_receive(Can *self, CANMsg *msg) {
20000b3c:	b490      	push	{r4, r7}
20000b3e:	b084      	sub	sp, #16
20000b40:	af00      	add	r7, sp, #0
20000b42:	6078      	str	r0, [r7, #4]
20000b44:	6039      	str	r1, [r7, #0]
  uchar index;

  if (self->count > 0) {
20000b46:	687b      	ldr	r3, [r7, #4]
20000b48:	69db      	ldr	r3, [r3, #28]
20000b4a:	2b00      	cmp	r3, #0
20000b4c:	dd55      	ble.n	20000bfa <can_receive+0xbe>
    msg->msgId = self->iBuff[self->tail].msgId;
20000b4e:	687b      	ldr	r3, [r7, #4]
20000b50:	699a      	ldr	r2, [r3, #24]
20000b52:	6879      	ldr	r1, [r7, #4]
20000b54:	4613      	mov	r3, r2
20000b56:	009b      	lsls	r3, r3, #2
20000b58:	4413      	add	r3, r2
20000b5a:	005b      	lsls	r3, r3, #1
20000b5c:	4413      	add	r3, r2
20000b5e:	440b      	add	r3, r1
20000b60:	3320      	adds	r3, #32
20000b62:	781a      	ldrb	r2, [r3, #0]
20000b64:	683b      	ldr	r3, [r7, #0]
20000b66:	701a      	strb	r2, [r3, #0]
    msg->nodeId = self->iBuff[self->tail].nodeId;
20000b68:	687b      	ldr	r3, [r7, #4]
20000b6a:	699a      	ldr	r2, [r3, #24]
20000b6c:	6879      	ldr	r1, [r7, #4]
20000b6e:	4613      	mov	r3, r2
20000b70:	009b      	lsls	r3, r3, #2
20000b72:	4413      	add	r3, r2
20000b74:	005b      	lsls	r3, r3, #1
20000b76:	4413      	add	r3, r2
20000b78:	440b      	add	r3, r1
20000b7a:	3321      	adds	r3, #33	@ 0x21
20000b7c:	781a      	ldrb	r2, [r3, #0]
20000b7e:	683b      	ldr	r3, [r7, #0]
20000b80:	705a      	strb	r2, [r3, #1]
    msg->length = self->iBuff[self->tail].length;
20000b82:	687b      	ldr	r3, [r7, #4]
20000b84:	699a      	ldr	r2, [r3, #24]
20000b86:	6879      	ldr	r1, [r7, #4]
20000b88:	4613      	mov	r3, r2
20000b8a:	009b      	lsls	r3, r3, #2
20000b8c:	4413      	add	r3, r2
20000b8e:	005b      	lsls	r3, r3, #1
20000b90:	4413      	add	r3, r2
20000b92:	440b      	add	r3, r1
20000b94:	3322      	adds	r3, #34	@ 0x22
20000b96:	781a      	ldrb	r2, [r3, #0]
20000b98:	683b      	ldr	r3, [r7, #0]
20000b9a:	709a      	strb	r2, [r3, #2]

    // Get received data
    for (index = 0; index < msg->length; index++) {
20000b9c:	2300      	movs	r3, #0
20000b9e:	73fb      	strb	r3, [r7, #15]
20000ba0:	e013      	b.n	20000bca <can_receive+0x8e>
      msg->buff[index] = self->iBuff[self->tail].buff[index];
20000ba2:	687b      	ldr	r3, [r7, #4]
20000ba4:	699a      	ldr	r2, [r3, #24]
20000ba6:	7bf8      	ldrb	r0, [r7, #15]
20000ba8:	7bf9      	ldrb	r1, [r7, #15]
20000baa:	687c      	ldr	r4, [r7, #4]
20000bac:	4613      	mov	r3, r2
20000bae:	009b      	lsls	r3, r3, #2
20000bb0:	4413      	add	r3, r2
20000bb2:	005b      	lsls	r3, r3, #1
20000bb4:	4413      	add	r3, r2
20000bb6:	4423      	add	r3, r4
20000bb8:	4403      	add	r3, r0
20000bba:	3323      	adds	r3, #35	@ 0x23
20000bbc:	781a      	ldrb	r2, [r3, #0]
20000bbe:	683b      	ldr	r3, [r7, #0]
20000bc0:	440b      	add	r3, r1
20000bc2:	70da      	strb	r2, [r3, #3]
    for (index = 0; index < msg->length; index++) {
20000bc4:	7bfb      	ldrb	r3, [r7, #15]
20000bc6:	3301      	adds	r3, #1
20000bc8:	73fb      	strb	r3, [r7, #15]
20000bca:	683b      	ldr	r3, [r7, #0]
20000bcc:	789b      	ldrb	r3, [r3, #2]
20000bce:	7bfa      	ldrb	r2, [r7, #15]
20000bd0:	429a      	cmp	r2, r3
20000bd2:	d3e6      	bcc.n	20000ba2 <can_receive+0x66>
    }

    self->tail = (self->tail + 1) % CAN_BUFSIZE;
20000bd4:	687b      	ldr	r3, [r7, #4]
20000bd6:	699b      	ldr	r3, [r3, #24]
20000bd8:	3301      	adds	r3, #1
20000bda:	425a      	negs	r2, r3
20000bdc:	f003 0307 	and.w	r3, r3, #7
20000be0:	f002 0207 	and.w	r2, r2, #7
20000be4:	bf58      	it	pl
20000be6:	4253      	negpl	r3, r2
20000be8:	687a      	ldr	r2, [r7, #4]
20000bea:	6193      	str	r3, [r2, #24]
    self->count--;
20000bec:	687b      	ldr	r3, [r7, #4]
20000bee:	69db      	ldr	r3, [r3, #28]
20000bf0:	1e5a      	subs	r2, r3, #1
20000bf2:	687b      	ldr	r3, [r7, #4]
20000bf4:	61da      	str	r2, [r3, #28]
    return 0;
20000bf6:	2300      	movs	r3, #0
20000bf8:	e000      	b.n	20000bfc <can_receive+0xc0>
  }
  return 1;
20000bfa:	2301      	movs	r3, #1
}
20000bfc:	4618      	mov	r0, r3
20000bfe:	3710      	adds	r7, #16
20000c00:	46bd      	mov	sp, r7
20000c02:	bc90      	pop	{r4, r7}
20000c04:	4770      	bx	lr

20000c06 <can_send>:

//
// Copy the given message to a transmit buffer and send the message
//
int can_send(Can *self, CANMsg *msg) {
20000c06:	b580      	push	{r7, lr}
20000c08:	b08a      	sub	sp, #40	@ 0x28
20000c0a:	af00      	add	r7, sp, #0
20000c0c:	6078      	str	r0, [r7, #4]
20000c0e:	6039      	str	r1, [r7, #0]
  uchar index;
  CAN_TypeDef *canport = self->port;
20000c10:	687b      	ldr	r3, [r7, #4]
20000c12:	689b      	ldr	r3, [r3, #8]
20000c14:	623b      	str	r3, [r7, #32]
  CanTxMsg TxMessage;
  uint8_t TransmitMailbox = 0;
20000c16:	2300      	movs	r3, #0
20000c18:	77fb      	strb	r3, [r7, #31]
#ifdef __CAN_LOOPBACK
  canport = CAN2;
#endif

  // set the transmit ID, standard identifiers are used, combine IDs
  TxMessage.StdId = (msg->msgId << 4) + msg->nodeId;
20000c1a:	683b      	ldr	r3, [r7, #0]
20000c1c:	781b      	ldrb	r3, [r3, #0]
20000c1e:	011b      	lsls	r3, r3, #4
20000c20:	683a      	ldr	r2, [r7, #0]
20000c22:	7852      	ldrb	r2, [r2, #1]
20000c24:	4413      	add	r3, r2
20000c26:	60bb      	str	r3, [r7, #8]
  TxMessage.RTR = CAN_RTR_Data;
20000c28:	2300      	movs	r3, #0
20000c2a:	747b      	strb	r3, [r7, #17]
  TxMessage.IDE = CAN_Id_Standard;
20000c2c:	2300      	movs	r3, #0
20000c2e:	743b      	strb	r3, [r7, #16]
  if (msg->length > 8)
20000c30:	683b      	ldr	r3, [r7, #0]
20000c32:	789b      	ldrb	r3, [r3, #2]
20000c34:	2b08      	cmp	r3, #8
20000c36:	d902      	bls.n	20000c3e <can_send+0x38>
    msg->length = 8;
20000c38:	683b      	ldr	r3, [r7, #0]
20000c3a:	2208      	movs	r2, #8
20000c3c:	709a      	strb	r2, [r3, #2]
  TxMessage.DLC = msg->length; // set number of bytes to send
20000c3e:	683b      	ldr	r3, [r7, #0]
20000c40:	789b      	ldrb	r3, [r3, #2]
20000c42:	74bb      	strb	r3, [r7, #18]

  for (index = 0; index < msg->length; index++) {
20000c44:	2300      	movs	r3, #0
20000c46:	f887 3027 	strb.w	r3, [r7, #39]	@ 0x27
20000c4a:	e00f      	b.n	20000c6c <can_send+0x66>
    TxMessage.Data[index] = msg->buff[index]; // copy data to buffer
20000c4c:	f897 2027 	ldrb.w	r2, [r7, #39]	@ 0x27
20000c50:	f897 3027 	ldrb.w	r3, [r7, #39]	@ 0x27
20000c54:	6839      	ldr	r1, [r7, #0]
20000c56:	440a      	add	r2, r1
20000c58:	78d2      	ldrb	r2, [r2, #3]
20000c5a:	3328      	adds	r3, #40	@ 0x28
20000c5c:	443b      	add	r3, r7
20000c5e:	f803 2c15 	strb.w	r2, [r3, #-21]
  for (index = 0; index < msg->length; index++) {
20000c62:	f897 3027 	ldrb.w	r3, [r7, #39]	@ 0x27
20000c66:	3301      	adds	r3, #1
20000c68:	f887 3027 	strb.w	r3, [r7, #39]	@ 0x27
20000c6c:	683b      	ldr	r3, [r7, #0]
20000c6e:	789b      	ldrb	r3, [r3, #2]
20000c70:	f897 2027 	ldrb.w	r2, [r7, #39]	@ 0x27
20000c74:	429a      	cmp	r2, r3
20000c76:	d3e9      	bcc.n	20000c4c <can_send+0x46>
  }

  TransmitMailbox = CAN_Transmit(canport, &TxMessage);
20000c78:	f107 0308 	add.w	r3, r7, #8
20000c7c:	4619      	mov	r1, r3
20000c7e:	6a38      	ldr	r0, [r7, #32]
20000c80:	f001 fe5a 	bl	20002938 <CAN_Transmit>
20000c84:	4603      	mov	r3, r0
20000c86:	77fb      	strb	r3, [r7, #31]

  if (TransmitMailbox == CAN_TxStatus_NoMailBox) {
20000c88:	7ffb      	ldrb	r3, [r7, #31]
20000c8a:	2b04      	cmp	r3, #4
20000c8c:	d104      	bne.n	20000c98 <can_send+0x92>
    DUMP("CAN TxBuf full!\n\r");
20000c8e:	4805      	ldr	r0, [pc, #20]	@ (20000ca4 <can_send+0x9e>)
20000c90:	f000 fa70 	bl	20001174 <DUMP>
    return 1;
20000c94:	2301      	movs	r3, #1
20000c96:	e000      	b.n	20000c9a <can_send+0x94>
    DUMP("CAN Tx fail!\n\r");
    return 1;
  }
#endif

  return 0;
20000c98:	2300      	movs	r3, #0
}
20000c9a:	4618      	mov	r0, r3
20000c9c:	3728      	adds	r7, #40	@ 0x28
20000c9e:	46bd      	mov	sp, r7
20000ca0:	bd80      	pop	{r7, pc}
20000ca2:	bf00      	nop
20000ca4:	20008068 	.word	0x20008068

20000ca8 <NVIC_EnableIRQ>:
{
20000ca8:	b480      	push	{r7}
20000caa:	b083      	sub	sp, #12
20000cac:	af00      	add	r7, sp, #0
20000cae:	4603      	mov	r3, r0
20000cb0:	71fb      	strb	r3, [r7, #7]
  NVIC->ISER[(uint32_t)((int32_t)IRQn) >> 5] = (uint32_t)(1 << ((uint32_t)((int32_t)IRQn) & (uint32_t)0x1F)); /* enable interrupt */
20000cb2:	79fb      	ldrb	r3, [r7, #7]
20000cb4:	f003 031f 	and.w	r3, r3, #31
20000cb8:	2201      	movs	r2, #1
20000cba:	fa02 f103 	lsl.w	r1, r2, r3
20000cbe:	4a06      	ldr	r2, [pc, #24]	@ (20000cd8 <NVIC_EnableIRQ+0x30>)
20000cc0:	f997 3007 	ldrsb.w	r3, [r7, #7]
20000cc4:	095b      	lsrs	r3, r3, #5
20000cc6:	f842 1023 	str.w	r1, [r2, r3, lsl #2]
}
20000cca:	bf00      	nop
20000ccc:	370c      	adds	r7, #12
20000cce:	46bd      	mov	sp, r7
20000cd0:	f85d 7b04 	ldr.w	r7, [sp], #4
20000cd4:	4770      	bx	lr
20000cd6:	bf00      	nop
20000cd8:	e000e100 	.word	0xe000e100

20000cdc <NVIC_SetPriority>:
{
20000cdc:	b480      	push	{r7}
20000cde:	b083      	sub	sp, #12
20000ce0:	af00      	add	r7, sp, #0
20000ce2:	4603      	mov	r3, r0
20000ce4:	6039      	str	r1, [r7, #0]
20000ce6:	71fb      	strb	r3, [r7, #7]
  if(IRQn < 0) {
20000ce8:	f997 3007 	ldrsb.w	r3, [r7, #7]
20000cec:	2b00      	cmp	r3, #0
20000cee:	da0b      	bge.n	20000d08 <NVIC_SetPriority+0x2c>
    SCB->SHP[((uint32_t)(IRQn) & 0xF)-4] = ((priority << (8 - __NVIC_PRIO_BITS)) & 0xff); } /* set Priority for Cortex-M  System Interrupts */
20000cf0:	683b      	ldr	r3, [r7, #0]
20000cf2:	b2da      	uxtb	r2, r3
20000cf4:	490c      	ldr	r1, [pc, #48]	@ (20000d28 <NVIC_SetPriority+0x4c>)
20000cf6:	79fb      	ldrb	r3, [r7, #7]
20000cf8:	f003 030f 	and.w	r3, r3, #15
20000cfc:	3b04      	subs	r3, #4
20000cfe:	0112      	lsls	r2, r2, #4
20000d00:	b2d2      	uxtb	r2, r2
20000d02:	440b      	add	r3, r1
20000d04:	761a      	strb	r2, [r3, #24]
}
20000d06:	e009      	b.n	20000d1c <NVIC_SetPriority+0x40>
    NVIC->IP[(uint32_t)(IRQn)] = ((priority << (8 - __NVIC_PRIO_BITS)) & 0xff);    }        /* set Priority for device specific Interrupts  */
20000d08:	683b      	ldr	r3, [r7, #0]
20000d0a:	b2da      	uxtb	r2, r3
20000d0c:	4907      	ldr	r1, [pc, #28]	@ (20000d2c <NVIC_SetPriority+0x50>)
20000d0e:	f997 3007 	ldrsb.w	r3, [r7, #7]
20000d12:	0112      	lsls	r2, r2, #4
20000d14:	b2d2      	uxtb	r2, r2
20000d16:	440b      	add	r3, r1
20000d18:	f883 2300 	strb.w	r2, [r3, #768]	@ 0x300
}
20000d1c:	bf00      	nop
20000d1e:	370c      	adds	r7, #12
20000d20:	46bd      	mov	sp, r7
20000d22:	f85d 7b04 	ldr.w	r7, [sp], #4
20000d26:	4770      	bx	lr
20000d28:	e000ed00 	.word	0xe000ed00
20000d2c:	e000e100 	.word	0xe000e100

20000d30 <sci_init>:
#include "sciTinyTimber.h"
#include "TinyTimber.h"

void sci_init(Serial *self, int unused) {
20000d30:	b580      	push	{r7, lr}
20000d32:	b082      	sub	sp, #8
20000d34:	af00      	add	r7, sp, #0
20000d36:	6078      	str	r0, [r7, #4]
20000d38:	6039      	str	r1, [r7, #0]
  self->count = self->head = self->tail = 0;
20000d3a:	687b      	ldr	r3, [r7, #4]
20000d3c:	2200      	movs	r2, #0
20000d3e:	619a      	str	r2, [r3, #24]
20000d40:	687b      	ldr	r3, [r7, #4]
20000d42:	699a      	ldr	r2, [r3, #24]
20000d44:	687b      	ldr	r3, [r7, #4]
20000d46:	615a      	str	r2, [r3, #20]
20000d48:	687b      	ldr	r3, [r7, #4]
20000d4a:	695a      	ldr	r2, [r3, #20]
20000d4c:	687b      	ldr	r3, [r7, #4]
20000d4e:	61da      	str	r2, [r3, #28]

  USART_ITConfig(USART1, USART_IT_RXNE, ENABLE);
20000d50:	2201      	movs	r2, #1
20000d52:	f240 5125 	movw	r1, #1317	@ 0x525
20000d56:	480a      	ldr	r0, [pc, #40]	@ (20000d80 <sci_init+0x50>)
20000d58:	f006 f96c 	bl	20007034 <USART_ITConfig>
  USART_ITConfig(USART1, USART_IT_TXE, DISABLE);
20000d5c:	2200      	movs	r2, #0
20000d5e:	f240 7127 	movw	r1, #1831	@ 0x727
20000d62:	4807      	ldr	r0, [pc, #28]	@ (20000d80 <sci_init+0x50>)
20000d64:	f006 f966 	bl	20007034 <USART_ITConfig>
  NVIC_SetPriority(USART1_IRQn, __IRQ_PRIORITY);
20000d68:	2102      	movs	r1, #2
20000d6a:	2025      	movs	r0, #37	@ 0x25
20000d6c:	f7ff ffb6 	bl	20000cdc <NVIC_SetPriority>
  NVIC_EnableIRQ(USART1_IRQn);
20000d70:	2025      	movs	r0, #37	@ 0x25
20000d72:	f7ff ff99 	bl	20000ca8 <NVIC_EnableIRQ>
}
20000d76:	bf00      	nop
20000d78:	3708      	adds	r7, #8
20000d7a:	46bd      	mov	sp, r7
20000d7c:	bd80      	pop	{r7, pc}
20000d7e:	bf00      	nop
20000d80:	40011000 	.word	0x40011000

20000d84 <outc>:

static void outc(Serial *self, char c) {
20000d84:	b480      	push	{r7}
20000d86:	b083      	sub	sp, #12
20000d88:	af00      	add	r7, sp, #0
20000d8a:	6078      	str	r0, [r7, #4]
20000d8c:	460b      	mov	r3, r1
20000d8e:	70fb      	strb	r3, [r7, #3]
  if (self->count < SCI_BUFSIZE) {
20000d90:	687b      	ldr	r3, [r7, #4]
20000d92:	69db      	ldr	r3, [r3, #28]
20000d94:	f5b3 6f80 	cmp.w	r3, #1024	@ 0x400
20000d98:	da17      	bge.n	20000dca <outc+0x46>
    self->buf[self->head] = c;
20000d9a:	687b      	ldr	r3, [r7, #4]
20000d9c:	695b      	ldr	r3, [r3, #20]
20000d9e:	687a      	ldr	r2, [r7, #4]
20000da0:	4413      	add	r3, r2
20000da2:	78fa      	ldrb	r2, [r7, #3]
20000da4:	f883 2020 	strb.w	r2, [r3, #32]
    self->head = (self->head + 1) % SCI_BUFSIZE;
20000da8:	687b      	ldr	r3, [r7, #4]
20000daa:	695b      	ldr	r3, [r3, #20]
20000dac:	3301      	adds	r3, #1
20000dae:	425a      	negs	r2, r3
20000db0:	f3c3 0309 	ubfx	r3, r3, #0, #10
20000db4:	f3c2 0209 	ubfx	r2, r2, #0, #10
20000db8:	bf58      	it	pl
20000dba:	4253      	negpl	r3, r2
20000dbc:	687a      	ldr	r2, [r7, #4]
20000dbe:	6153      	str	r3, [r2, #20]
    self->count++;
20000dc0:	687b      	ldr	r3, [r7, #4]
20000dc2:	69db      	ldr	r3, [r3, #28]
20000dc4:	1c5a      	adds	r2, r3, #1
20000dc6:	687b      	ldr	r3, [r7, #4]
20000dc8:	61da      	str	r2, [r3, #28]
  }
  //	else
  //		Should handle overflow;
}
20000dca:	bf00      	nop
20000dcc:	370c      	adds	r7, #12
20000dce:	46bd      	mov	sp, r7
20000dd0:	f85d 7b04 	ldr.w	r7, [sp], #4
20000dd4:	4770      	bx	lr

20000dd6 <sci_write>:

void sci_write(Serial *self, char *p) {
20000dd6:	b580      	push	{r7, lr}
20000dd8:	b082      	sub	sp, #8
20000dda:	af00      	add	r7, sp, #0
20000ddc:	6078      	str	r0, [r7, #4]
20000dde:	6039      	str	r1, [r7, #0]
  if (self->count == 0)
20000de0:	687b      	ldr	r3, [r7, #4]
20000de2:	69db      	ldr	r3, [r3, #28]
20000de4:	2b00      	cmp	r3, #0
20000de6:	d118      	bne.n	20000e1a <sci_write+0x44>
    USART_ITConfig(self->port, USART_IT_TXE, ENABLE);
20000de8:	687b      	ldr	r3, [r7, #4]
20000dea:	689b      	ldr	r3, [r3, #8]
20000dec:	2201      	movs	r2, #1
20000dee:	f240 7127 	movw	r1, #1831	@ 0x727
20000df2:	4618      	mov	r0, r3
20000df4:	f006 f91e 	bl	20007034 <USART_ITConfig>

  while (*p != '\0') {
20000df8:	e00f      	b.n	20000e1a <sci_write+0x44>
    if (*p == '\n')
20000dfa:	683b      	ldr	r3, [r7, #0]
20000dfc:	781b      	ldrb	r3, [r3, #0]
20000dfe:	2b0a      	cmp	r3, #10
20000e00:	d103      	bne.n	20000e0a <sci_write+0x34>
      outc(self, '\r');
20000e02:	210d      	movs	r1, #13
20000e04:	6878      	ldr	r0, [r7, #4]
20000e06:	f7ff ffbd 	bl	20000d84 <outc>
    outc(self, *p++);
20000e0a:	683b      	ldr	r3, [r7, #0]
20000e0c:	1c5a      	adds	r2, r3, #1
20000e0e:	603a      	str	r2, [r7, #0]
20000e10:	781b      	ldrb	r3, [r3, #0]
20000e12:	4619      	mov	r1, r3
20000e14:	6878      	ldr	r0, [r7, #4]
20000e16:	f7ff ffb5 	bl	20000d84 <outc>
  while (*p != '\0') {
20000e1a:	683b      	ldr	r3, [r7, #0]
20000e1c:	781b      	ldrb	r3, [r3, #0]
20000e1e:	2b00      	cmp	r3, #0
20000e20:	d1eb      	bne.n	20000dfa <sci_write+0x24>
  }
}
20000e22:	bf00      	nop
20000e24:	bf00      	nop
20000e26:	3708      	adds	r7, #8
20000e28:	46bd      	mov	sp, r7
20000e2a:	bd80      	pop	{r7, pc}

20000e2c <sci_writechar>:

void sci_writechar(Serial *self, int c) {
20000e2c:	b580      	push	{r7, lr}
20000e2e:	b082      	sub	sp, #8
20000e30:	af00      	add	r7, sp, #0
20000e32:	6078      	str	r0, [r7, #4]
20000e34:	6039      	str	r1, [r7, #0]
  if (self->count == 0)
20000e36:	687b      	ldr	r3, [r7, #4]
20000e38:	69db      	ldr	r3, [r3, #28]
20000e3a:	2b00      	cmp	r3, #0
20000e3c:	d107      	bne.n	20000e4e <sci_writechar+0x22>
    USART_ITConfig(self->port, USART_IT_TXE, ENABLE);
20000e3e:	687b      	ldr	r3, [r7, #4]
20000e40:	689b      	ldr	r3, [r3, #8]
20000e42:	2201      	movs	r2, #1
20000e44:	f240 7127 	movw	r1, #1831	@ 0x727
20000e48:	4618      	mov	r0, r3
20000e4a:	f006 f8f3 	bl	20007034 <USART_ITConfig>
  outc(self, c);
20000e4e:	683b      	ldr	r3, [r7, #0]
20000e50:	b2db      	uxtb	r3, r3
20000e52:	4619      	mov	r1, r3
20000e54:	6878      	ldr	r0, [r7, #4]
20000e56:	f7ff ff95 	bl	20000d84 <outc>
}
20000e5a:	bf00      	nop
20000e5c:	3708      	adds	r7, #8
20000e5e:	46bd      	mov	sp, r7
20000e60:	bd80      	pop	{r7, pc}

20000e62 <sci_interrupt>:

int sci_interrupt(Serial *self, int unused) {
20000e62:	b580      	push	{r7, lr}
20000e64:	b086      	sub	sp, #24
20000e66:	af02      	add	r7, sp, #8
20000e68:	6078      	str	r0, [r7, #4]
20000e6a:	6039      	str	r1, [r7, #0]
  if (USART_GetFlagStatus(self->port, USART_FLAG_RXNE) ==
20000e6c:	687b      	ldr	r3, [r7, #4]
20000e6e:	689b      	ldr	r3, [r3, #8]
20000e70:	2120      	movs	r1, #32
20000e72:	4618      	mov	r0, r3
20000e74:	f006 f925 	bl	200070c2 <USART_GetFlagStatus>
20000e78:	4603      	mov	r3, r0
20000e7a:	2b01      	cmp	r3, #1
20000e7c:	d118      	bne.n	20000eb0 <sci_interrupt+0x4e>
      SET) { // Data received
    int c;

    c = USART_ReceiveData(self->port);
20000e7e:	687b      	ldr	r3, [r7, #4]
20000e80:	689b      	ldr	r3, [r3, #8]
20000e82:	4618      	mov	r0, r3
20000e84:	f005 ff4f 	bl	20006d26 <USART_ReceiveData>
20000e88:	4603      	mov	r3, r0
20000e8a:	60fb      	str	r3, [r7, #12]

    if (self->obj) {
20000e8c:	687b      	ldr	r3, [r7, #4]
20000e8e:	68db      	ldr	r3, [r3, #12]
20000e90:	2b00      	cmp	r3, #0
20000e92:	d00d      	beq.n	20000eb0 <sci_interrupt+0x4e>
      ASYNC(self->obj, self->meth, c);
20000e94:	687b      	ldr	r3, [r7, #4]
20000e96:	68da      	ldr	r2, [r3, #12]
20000e98:	687b      	ldr	r3, [r7, #4]
20000e9a:	6919      	ldr	r1, [r3, #16]
20000e9c:	68fb      	ldr	r3, [r7, #12]
20000e9e:	9300      	str	r3, [sp, #0]
20000ea0:	460b      	mov	r3, r1
20000ea2:	2100      	movs	r1, #0
20000ea4:	2000      	movs	r0, #0
20000ea6:	f000 fd9f 	bl	200019e8 <async>
      doIRQSchedule = 1;
20000eaa:	4b23      	ldr	r3, [pc, #140]	@ (20000f38 <sci_interrupt+0xd6>)
20000eac:	2201      	movs	r2, #1
20000eae:	601a      	str	r2, [r3, #0]
    }
  }

  if (USART_GetFlagStatus(self->port, USART_FLAG_TXE) ==
20000eb0:	687b      	ldr	r3, [r7, #4]
20000eb2:	689b      	ldr	r3, [r3, #8]
20000eb4:	2180      	movs	r1, #128	@ 0x80
20000eb6:	4618      	mov	r0, r3
20000eb8:	f006 f903 	bl	200070c2 <USART_GetFlagStatus>
20000ebc:	4603      	mov	r3, r0
20000ebe:	2b01      	cmp	r3, #1
20000ec0:	d134      	bne.n	20000f2c <sci_interrupt+0xca>
      SET) { // Transmit buffer empty
    if (self->count > 0) {
20000ec2:	687b      	ldr	r3, [r7, #4]
20000ec4:	69db      	ldr	r3, [r3, #28]
20000ec6:	2b00      	cmp	r3, #0
20000ec8:	dd28      	ble.n	20000f1c <sci_interrupt+0xba>
      USART_SendData(self->port, self->buf[self->tail]);
20000eca:	687b      	ldr	r3, [r7, #4]
20000ecc:	6898      	ldr	r0, [r3, #8]
20000ece:	687b      	ldr	r3, [r7, #4]
20000ed0:	699b      	ldr	r3, [r3, #24]
20000ed2:	687a      	ldr	r2, [r7, #4]
20000ed4:	4413      	add	r3, r2
20000ed6:	f893 3020 	ldrb.w	r3, [r3, #32]
20000eda:	4619      	mov	r1, r3
20000edc:	f005 ff12 	bl	20006d04 <USART_SendData>
      self->tail = (self->tail + 1) % SCI_BUFSIZE;
20000ee0:	687b      	ldr	r3, [r7, #4]
20000ee2:	699b      	ldr	r3, [r3, #24]
20000ee4:	3301      	adds	r3, #1
20000ee6:	425a      	negs	r2, r3
20000ee8:	f3c3 0309 	ubfx	r3, r3, #0, #10
20000eec:	f3c2 0209 	ubfx	r2, r2, #0, #10
20000ef0:	bf58      	it	pl
20000ef2:	4253      	negpl	r3, r2
20000ef4:	687a      	ldr	r2, [r7, #4]
20000ef6:	6193      	str	r3, [r2, #24]
      self->count--;
20000ef8:	687b      	ldr	r3, [r7, #4]
20000efa:	69db      	ldr	r3, [r3, #28]
20000efc:	1e5a      	subs	r2, r3, #1
20000efe:	687b      	ldr	r3, [r7, #4]
20000f00:	61da      	str	r2, [r3, #28]
      if (self->count == 0)
20000f02:	687b      	ldr	r3, [r7, #4]
20000f04:	69db      	ldr	r3, [r3, #28]
20000f06:	2b00      	cmp	r3, #0
20000f08:	d110      	bne.n	20000f2c <sci_interrupt+0xca>
        USART_ITConfig(self->port, USART_IT_TXE, DISABLE);
20000f0a:	687b      	ldr	r3, [r7, #4]
20000f0c:	689b      	ldr	r3, [r3, #8]
20000f0e:	2200      	movs	r2, #0
20000f10:	f240 7127 	movw	r1, #1831	@ 0x727
20000f14:	4618      	mov	r0, r3
20000f16:	f006 f88d 	bl	20007034 <USART_ITConfig>
20000f1a:	e007      	b.n	20000f2c <sci_interrupt+0xca>
    } else {
      USART_ITConfig(self->port, USART_IT_TXE, DISABLE);
20000f1c:	687b      	ldr	r3, [r7, #4]
20000f1e:	689b      	ldr	r3, [r3, #8]
20000f20:	2200      	movs	r2, #0
20000f22:	f240 7127 	movw	r1, #1831	@ 0x727
20000f26:	4618      	mov	r0, r3
20000f28:	f006 f884 	bl	20007034 <USART_ITConfig>
    }
  }
  return 0;
20000f2c:	2300      	movs	r3, #0
}
20000f2e:	4618      	mov	r0, r3
20000f30:	3710      	adds	r7, #16
20000f32:	46bd      	mov	sp, r7
20000f34:	bd80      	pop	{r7, pc}
20000f36:	bf00      	nop
20000f38:	20012348 	.word	0x20012348

20000f3c <NVIC_EnableIRQ>:
{
20000f3c:	b480      	push	{r7}
20000f3e:	b083      	sub	sp, #12
20000f40:	af00      	add	r7, sp, #0
20000f42:	4603      	mov	r3, r0
20000f44:	71fb      	strb	r3, [r7, #7]
  NVIC->ISER[(uint32_t)((int32_t)IRQn) >> 5] = (uint32_t)(1 << ((uint32_t)((int32_t)IRQn) & (uint32_t)0x1F)); /* enable interrupt */
20000f46:	79fb      	ldrb	r3, [r7, #7]
20000f48:	f003 031f 	and.w	r3, r3, #31
20000f4c:	2201      	movs	r2, #1
20000f4e:	fa02 f103 	lsl.w	r1, r2, r3
20000f52:	4a06      	ldr	r2, [pc, #24]	@ (20000f6c <NVIC_EnableIRQ+0x30>)
20000f54:	f997 3007 	ldrsb.w	r3, [r7, #7]
20000f58:	095b      	lsrs	r3, r3, #5
20000f5a:	f842 1023 	str.w	r1, [r2, r3, lsl #2]
}
20000f5e:	bf00      	nop
20000f60:	370c      	adds	r7, #12
20000f62:	46bd      	mov	sp, r7
20000f64:	f85d 7b04 	ldr.w	r7, [sp], #4
20000f68:	4770      	bx	lr
20000f6a:	bf00      	nop
20000f6c:	e000e100 	.word	0xe000e100

20000f70 <NVIC_SetPriority>:
{
20000f70:	b480      	push	{r7}
20000f72:	b083      	sub	sp, #12
20000f74:	af00      	add	r7, sp, #0
20000f76:	4603      	mov	r3, r0
20000f78:	6039      	str	r1, [r7, #0]
20000f7a:	71fb      	strb	r3, [r7, #7]
  if(IRQn < 0) {
20000f7c:	f997 3007 	ldrsb.w	r3, [r7, #7]
20000f80:	2b00      	cmp	r3, #0
20000f82:	da0b      	bge.n	20000f9c <NVIC_SetPriority+0x2c>
    SCB->SHP[((uint32_t)(IRQn) & 0xF)-4] = ((priority << (8 - __NVIC_PRIO_BITS)) & 0xff); } /* set Priority for Cortex-M  System Interrupts */
20000f84:	683b      	ldr	r3, [r7, #0]
20000f86:	b2da      	uxtb	r2, r3
20000f88:	490c      	ldr	r1, [pc, #48]	@ (20000fbc <NVIC_SetPriority+0x4c>)
20000f8a:	79fb      	ldrb	r3, [r7, #7]
20000f8c:	f003 030f 	and.w	r3, r3, #15
20000f90:	3b04      	subs	r3, #4
20000f92:	0112      	lsls	r2, r2, #4
20000f94:	b2d2      	uxtb	r2, r2
20000f96:	440b      	add	r3, r1
20000f98:	761a      	strb	r2, [r3, #24]
}
20000f9a:	e009      	b.n	20000fb0 <NVIC_SetPriority+0x40>
    NVIC->IP[(uint32_t)(IRQn)] = ((priority << (8 - __NVIC_PRIO_BITS)) & 0xff);    }        /* set Priority for device specific Interrupts  */
20000f9c:	683b      	ldr	r3, [r7, #0]
20000f9e:	b2da      	uxtb	r2, r3
20000fa0:	4907      	ldr	r1, [pc, #28]	@ (20000fc0 <NVIC_SetPriority+0x50>)
20000fa2:	f997 3007 	ldrsb.w	r3, [r7, #7]
20000fa6:	0112      	lsls	r2, r2, #4
20000fa8:	b2d2      	uxtb	r2, r2
20000faa:	440b      	add	r3, r1
20000fac:	f883 2300 	strb.w	r2, [r3, #768]	@ 0x300
}
20000fb0:	bf00      	nop
20000fb2:	370c      	adds	r7, #12
20000fb4:	46bd      	mov	sp, r7
20000fb6:	f85d 7b04 	ldr.w	r7, [sp], #4
20000fba:	4770      	bx	lr
20000fbc:	e000ed00 	.word	0xe000ed00
20000fc0:	e000e100 	.word	0xe000e100

20000fc4 <sio_init>:
#include "sioTinyTimber.h"
#include "TinyTimber.h"

void sio_init(SysIO *self, int unused) {
20000fc4:	b580      	push	{r7, lr}
20000fc6:	b082      	sub	sp, #8
20000fc8:	af00      	add	r7, sp, #0
20000fca:	6078      	str	r0, [r7, #4]
20000fcc:	6039      	str	r1, [r7, #0]

  GPIO_WriteBit(GPIOB, GPIO_Pin_0, (BitAction)0); // Green LED On
20000fce:	2200      	movs	r2, #0
20000fd0:	2101      	movs	r1, #1
20000fd2:	4807      	ldr	r0, [pc, #28]	@ (20000ff0 <sio_init+0x2c>)
20000fd4:	f002 ff82 	bl	20003edc <GPIO_WriteBit>

  NVIC_SetPriority(EXTI9_5_IRQn, __IRQ_PRIORITY);
20000fd8:	2102      	movs	r1, #2
20000fda:	2017      	movs	r0, #23
20000fdc:	f7ff ffc8 	bl	20000f70 <NVIC_SetPriority>
  NVIC_EnableIRQ(EXTI9_5_IRQn);
20000fe0:	2017      	movs	r0, #23
20000fe2:	f7ff ffab 	bl	20000f3c <NVIC_EnableIRQ>
}
20000fe6:	bf00      	nop
20000fe8:	3708      	adds	r7, #8
20000fea:	46bd      	mov	sp, r7
20000fec:	bd80      	pop	{r7, pc}
20000fee:	bf00      	nop
20000ff0:	40020400 	.word	0x40020400

20000ff4 <sio_read>:

int sio_read(SysIO *self, int unused) {
20000ff4:	b580      	push	{r7, lr}
20000ff6:	b082      	sub	sp, #8
20000ff8:	af00      	add	r7, sp, #0
20000ffa:	6078      	str	r0, [r7, #4]
20000ffc:	6039      	str	r1, [r7, #0]
  return GPIO_ReadInputDataBit(self->port, GPIO_Pin_7);
20000ffe:	687b      	ldr	r3, [r7, #4]
20001000:	689b      	ldr	r3, [r3, #8]
20001002:	2180      	movs	r1, #128	@ 0x80
20001004:	4618      	mov	r0, r3
20001006:	f002 ff03 	bl	20003e10 <GPIO_ReadInputDataBit>
2000100a:	4603      	mov	r3, r0
}
2000100c:	4618      	mov	r0, r3
2000100e:	3708      	adds	r7, #8
20001010:	46bd      	mov	sp, r7
20001012:	bd80      	pop	{r7, pc}

20001014 <sio_write>:

void sio_write(SysIO *self, int val) {
20001014:	b580      	push	{r7, lr}
20001016:	b082      	sub	sp, #8
20001018:	af00      	add	r7, sp, #0
2000101a:	6078      	str	r0, [r7, #4]
2000101c:	6039      	str	r1, [r7, #0]
  GPIO_WriteBit(self->port, GPIO_Pin_0, (BitAction)val);
2000101e:	687b      	ldr	r3, [r7, #4]
20001020:	689b      	ldr	r3, [r3, #8]
20001022:	683a      	ldr	r2, [r7, #0]
20001024:	b2d2      	uxtb	r2, r2
20001026:	2101      	movs	r1, #1
20001028:	4618      	mov	r0, r3
2000102a:	f002 ff57 	bl	20003edc <GPIO_WriteBit>
}
2000102e:	bf00      	nop
20001030:	3708      	adds	r7, #8
20001032:	46bd      	mov	sp, r7
20001034:	bd80      	pop	{r7, pc}

20001036 <sio_toggle>:

void sio_toggle(SysIO *self, int unused) {
20001036:	b580      	push	{r7, lr}
20001038:	b082      	sub	sp, #8
2000103a:	af00      	add	r7, sp, #0
2000103c:	6078      	str	r0, [r7, #4]
2000103e:	6039      	str	r1, [r7, #0]
  GPIO_ToggleBits(self->port, GPIO_Pin_0);
20001040:	687b      	ldr	r3, [r7, #4]
20001042:	689b      	ldr	r3, [r3, #8]
20001044:	2101      	movs	r1, #1
20001046:	4618      	mov	r0, r3
20001048:	f002 ff6d 	bl	20003f26 <GPIO_ToggleBits>
}
2000104c:	bf00      	nop
2000104e:	3708      	adds	r7, #8
20001050:	46bd      	mov	sp, r7
20001052:	bd80      	pop	{r7, pc}

20001054 <sio_trig>:

void sio_trig(SysIO *self, int rise) {
20001054:	b580      	push	{r7, lr}
20001056:	b084      	sub	sp, #16
20001058:	af00      	add	r7, sp, #0
2000105a:	6078      	str	r0, [r7, #4]
2000105c:	6039      	str	r1, [r7, #0]
  EXTI_InitTypeDef EXTI_InitStructure;

  EXTI_StructInit(&EXTI_InitStructure);
2000105e:	f107 0308 	add.w	r3, r7, #8
20001062:	4618      	mov	r0, r3
20001064:	f002 fce4 	bl	20003a30 <EXTI_StructInit>
  EXTI_InitStructure.EXTI_Line = EXTI_Line7;
20001068:	2380      	movs	r3, #128	@ 0x80
2000106a:	60bb      	str	r3, [r7, #8]
  EXTI_InitStructure.EXTI_Mode = EXTI_Mode_Interrupt;
2000106c:	2300      	movs	r3, #0
2000106e:	733b      	strb	r3, [r7, #12]
  EXTI_InitStructure.EXTI_Trigger =
      rise ? EXTI_Trigger_Rising : EXTI_Trigger_Falling;
20001070:	683b      	ldr	r3, [r7, #0]
20001072:	2b00      	cmp	r3, #0
20001074:	d001      	beq.n	2000107a <sio_trig+0x26>
20001076:	2308      	movs	r3, #8
20001078:	e000      	b.n	2000107c <sio_trig+0x28>
2000107a:	230c      	movs	r3, #12
  EXTI_InitStructure.EXTI_Trigger =
2000107c:	737b      	strb	r3, [r7, #13]
  EXTI_InitStructure.EXTI_LineCmd = ENABLE;
2000107e:	2301      	movs	r3, #1
20001080:	73bb      	strb	r3, [r7, #14]
  EXTI_Init(&EXTI_InitStructure);
20001082:	f107 0308 	add.w	r3, r7, #8
20001086:	4618      	mov	r0, r3
20001088:	f002 fc60 	bl	2000394c <EXTI_Init>
}
2000108c:	bf00      	nop
2000108e:	3710      	adds	r7, #16
20001090:	46bd      	mov	sp, r7
20001092:	bd80      	pop	{r7, pc}

20001094 <sio_interrupt>:

void DUMP(char *s);

int sio_interrupt(SysIO *self, int unused) {
20001094:	b580      	push	{r7, lr}
20001096:	b084      	sub	sp, #16
20001098:	af02      	add	r7, sp, #8
2000109a:	6078      	str	r0, [r7, #4]
2000109c:	6039      	str	r1, [r7, #0]
  if (EXTI_GetITStatus(EXTI_Line7) == SET) {
2000109e:	2080      	movs	r0, #128	@ 0x80
200010a0:	f002 fd14 	bl	20003acc <EXTI_GetITStatus>
200010a4:	4603      	mov	r3, r0
200010a6:	2b01      	cmp	r3, #1
200010a8:	d114      	bne.n	200010d4 <sio_interrupt+0x40>
    //        DUMP("\n\rYey! A GPIOB bit7 IRQ!\n\r");

    EXTI_ClearITPendingBit(EXTI_Line7); // remove interrupt request
200010aa:	2080      	movs	r0, #128	@ 0x80
200010ac:	f002 fd28 	bl	20003b00 <EXTI_ClearITPendingBit>

    if (self->obj) {
200010b0:	687b      	ldr	r3, [r7, #4]
200010b2:	68db      	ldr	r3, [r3, #12]
200010b4:	2b00      	cmp	r3, #0
200010b6:	d010      	beq.n	200010da <sio_interrupt+0x46>
      ASYNC(self->obj, self->meth, 0);
200010b8:	687b      	ldr	r3, [r7, #4]
200010ba:	68da      	ldr	r2, [r3, #12]
200010bc:	687b      	ldr	r3, [r7, #4]
200010be:	691b      	ldr	r3, [r3, #16]
200010c0:	2100      	movs	r1, #0
200010c2:	9100      	str	r1, [sp, #0]
200010c4:	2100      	movs	r1, #0
200010c6:	2000      	movs	r0, #0
200010c8:	f000 fc8e 	bl	200019e8 <async>
      doIRQSchedule = 1;
200010cc:	4b05      	ldr	r3, [pc, #20]	@ (200010e4 <sio_interrupt+0x50>)
200010ce:	2201      	movs	r2, #1
200010d0:	601a      	str	r2, [r3, #0]
200010d2:	e002      	b.n	200010da <sio_interrupt+0x46>
    }
  } else {
    DUMP("\n\rStrange: Not a GPIOB bit7 IRQ!\n\r");
200010d4:	4804      	ldr	r0, [pc, #16]	@ (200010e8 <sio_interrupt+0x54>)
200010d6:	f000 f84d 	bl	20001174 <DUMP>
  }

  return 0;
200010da:	2300      	movs	r3, #0
}
200010dc:	4618      	mov	r0, r3
200010de:	3708      	adds	r7, #8
200010e0:	46bd      	mov	sp, r7
200010e2:	bd80      	pop	{r7, pc}
200010e4:	20012348 	.word	0x20012348
200010e8:	2000807c 	.word	0x2000807c

200010ec <NVIC_EnableIRQ>:
{
200010ec:	b480      	push	{r7}
200010ee:	b083      	sub	sp, #12
200010f0:	af00      	add	r7, sp, #0
200010f2:	4603      	mov	r3, r0
200010f4:	71fb      	strb	r3, [r7, #7]
  NVIC->ISER[(uint32_t)((int32_t)IRQn) >> 5] = (uint32_t)(1 << ((uint32_t)((int32_t)IRQn) & (uint32_t)0x1F)); /* enable interrupt */
200010f6:	79fb      	ldrb	r3, [r7, #7]
200010f8:	f003 031f 	and.w	r3, r3, #31
200010fc:	2201      	movs	r2, #1
200010fe:	fa02 f103 	lsl.w	r1, r2, r3
20001102:	4a06      	ldr	r2, [pc, #24]	@ (2000111c <NVIC_EnableIRQ+0x30>)
20001104:	f997 3007 	ldrsb.w	r3, [r7, #7]
20001108:	095b      	lsrs	r3, r3, #5
2000110a:	f842 1023 	str.w	r1, [r2, r3, lsl #2]
}
2000110e:	bf00      	nop
20001110:	370c      	adds	r7, #12
20001112:	46bd      	mov	sp, r7
20001114:	f85d 7b04 	ldr.w	r7, [sp], #4
20001118:	4770      	bx	lr
2000111a:	bf00      	nop
2000111c:	e000e100 	.word	0xe000e100

20001120 <NVIC_SetPriority>:
{
20001120:	b480      	push	{r7}
20001122:	b083      	sub	sp, #12
20001124:	af00      	add	r7, sp, #0
20001126:	4603      	mov	r3, r0
20001128:	6039      	str	r1, [r7, #0]
2000112a:	71fb      	strb	r3, [r7, #7]
  if(IRQn < 0) {
2000112c:	f997 3007 	ldrsb.w	r3, [r7, #7]
20001130:	2b00      	cmp	r3, #0
20001132:	da0b      	bge.n	2000114c <NVIC_SetPriority+0x2c>
    SCB->SHP[((uint32_t)(IRQn) & 0xF)-4] = ((priority << (8 - __NVIC_PRIO_BITS)) & 0xff); } /* set Priority for Cortex-M  System Interrupts */
20001134:	683b      	ldr	r3, [r7, #0]
20001136:	b2da      	uxtb	r2, r3
20001138:	490c      	ldr	r1, [pc, #48]	@ (2000116c <NVIC_SetPriority+0x4c>)
2000113a:	79fb      	ldrb	r3, [r7, #7]
2000113c:	f003 030f 	and.w	r3, r3, #15
20001140:	3b04      	subs	r3, #4
20001142:	0112      	lsls	r2, r2, #4
20001144:	b2d2      	uxtb	r2, r2
20001146:	440b      	add	r3, r1
20001148:	761a      	strb	r2, [r3, #24]
}
2000114a:	e009      	b.n	20001160 <NVIC_SetPriority+0x40>
    NVIC->IP[(uint32_t)(IRQn)] = ((priority << (8 - __NVIC_PRIO_BITS)) & 0xff);    }        /* set Priority for device specific Interrupts  */
2000114c:	683b      	ldr	r3, [r7, #0]
2000114e:	b2da      	uxtb	r2, r3
20001150:	4907      	ldr	r1, [pc, #28]	@ (20001170 <NVIC_SetPriority+0x50>)
20001152:	f997 3007 	ldrsb.w	r3, [r7, #7]
20001156:	0112      	lsls	r2, r2, #4
20001158:	b2d2      	uxtb	r2, r2
2000115a:	440b      	add	r3, r1
2000115c:	f883 2300 	strb.w	r2, [r3, #768]	@ 0x300
}
20001160:	bf00      	nop
20001162:	370c      	adds	r7, #12
20001164:	46bd      	mov	sp, r7
20001166:	f85d 7b04 	ldr.w	r7, [sp], #4
2000116a:	4770      	bx	lr
2000116c:	e000ed00 	.word	0xe000ed00
20001170:	e000e100 	.word	0xe000e100

20001174 <DUMP>:
#include "stm32f4xx_tim.h"
#include "stm32f4xx_usart.h"

void DUMPC(char);

void DUMP(char *s) {
20001174:	b580      	push	{r7, lr}
20001176:	b082      	sub	sp, #8
20001178:	af00      	add	r7, sp, #0
2000117a:	6078      	str	r0, [r7, #4]
  while (*s) {
2000117c:	e00e      	b.n	2000119c <DUMP+0x28>
    if (*s != '\r')
2000117e:	687b      	ldr	r3, [r7, #4]
20001180:	781b      	ldrb	r3, [r3, #0]
20001182:	2b0d      	cmp	r3, #13
20001184:	d007      	beq.n	20001196 <DUMP+0x22>
      DUMPC(*s++);
20001186:	687b      	ldr	r3, [r7, #4]
20001188:	1c5a      	adds	r2, r3, #1
2000118a:	607a      	str	r2, [r7, #4]
2000118c:	781b      	ldrb	r3, [r3, #0]
2000118e:	4618      	mov	r0, r3
20001190:	f000 f95e 	bl	20001450 <DUMPC>
20001194:	e002      	b.n	2000119c <DUMP+0x28>
    else
      s++;
20001196:	687b      	ldr	r3, [r7, #4]
20001198:	3301      	adds	r3, #1
2000119a:	607b      	str	r3, [r7, #4]
  while (*s) {
2000119c:	687b      	ldr	r3, [r7, #4]
2000119e:	781b      	ldrb	r3, [r3, #0]
200011a0:	2b00      	cmp	r3, #0
200011a2:	d1ec      	bne.n	2000117e <DUMP+0xa>
  }
}
200011a4:	bf00      	nop
200011a6:	bf00      	nop
200011a8:	3708      	adds	r7, #8
200011aa:	46bd      	mov	sp, r7
200011ac:	bd80      	pop	{r7, pc}

200011ae <DUMPH>:

char hex[] = "0123456789ABCDEF";

void DUMPH(unsigned int val) {
200011ae:	b580      	push	{r7, lr}
200011b0:	b086      	sub	sp, #24
200011b2:	af00      	add	r7, sp, #0
200011b4:	6078      	str	r0, [r7, #4]
  char buf[8];
  int i = 0;
200011b6:	2300      	movs	r3, #0
200011b8:	617b      	str	r3, [r7, #20]
  do {
    buf[i++] = hex[val & 0x0F];
200011ba:	687b      	ldr	r3, [r7, #4]
200011bc:	f003 020f 	and.w	r2, r3, #15
200011c0:	697b      	ldr	r3, [r7, #20]
200011c2:	1c59      	adds	r1, r3, #1
200011c4:	6179      	str	r1, [r7, #20]
200011c6:	4910      	ldr	r1, [pc, #64]	@ (20001208 <DUMPH+0x5a>)
200011c8:	5c8a      	ldrb	r2, [r1, r2]
200011ca:	3318      	adds	r3, #24
200011cc:	443b      	add	r3, r7
200011ce:	f803 2c0c 	strb.w	r2, [r3, #-12]
    val = val >> 4;
200011d2:	687b      	ldr	r3, [r7, #4]
200011d4:	091b      	lsrs	r3, r3, #4
200011d6:	607b      	str	r3, [r7, #4]
  } while (val);
200011d8:	687b      	ldr	r3, [r7, #4]
200011da:	2b00      	cmp	r3, #0
200011dc:	d1ed      	bne.n	200011ba <DUMPH+0xc>
  while (i)
200011de:	e00a      	b.n	200011f6 <DUMPH+0x48>
    DUMPC(buf[--i]);
200011e0:	697b      	ldr	r3, [r7, #20]
200011e2:	3b01      	subs	r3, #1
200011e4:	617b      	str	r3, [r7, #20]
200011e6:	f107 020c 	add.w	r2, r7, #12
200011ea:	697b      	ldr	r3, [r7, #20]
200011ec:	4413      	add	r3, r2
200011ee:	781b      	ldrb	r3, [r3, #0]
200011f0:	4618      	mov	r0, r3
200011f2:	f000 f92d 	bl	20001450 <DUMPC>
  while (i)
200011f6:	697b      	ldr	r3, [r7, #20]
200011f8:	2b00      	cmp	r3, #0
200011fa:	d1f1      	bne.n	200011e0 <DUMPH+0x32>
}
200011fc:	bf00      	nop
200011fe:	bf00      	nop
20001200:	3718      	adds	r7, #24
20001202:	46bd      	mov	sp, r7
20001204:	bd80      	pop	{r7, pc}
20001206:	bf00      	nop
20001208:	200095cc 	.word	0x200095cc

2000120c <DUMPD>:

void DUMPD(int val) {
2000120c:	b580      	push	{r7, lr}
2000120e:	b09e      	sub	sp, #120	@ 0x78
20001210:	af00      	add	r7, sp, #0
20001212:	6078      	str	r0, [r7, #4]
  char buf[100];

  int sign = val < 0 ? -1 : 1;
20001214:	687b      	ldr	r3, [r7, #4]
20001216:	2b00      	cmp	r3, #0
20001218:	da02      	bge.n	20001220 <DUMPD+0x14>
2000121a:	f04f 33ff 	mov.w	r3, #4294967295	@ 0xffffffff
2000121e:	e000      	b.n	20001222 <DUMPD+0x16>
20001220:	2301      	movs	r3, #1
20001222:	673b      	str	r3, [r7, #112]	@ 0x70

  val = val * sign;
20001224:	687b      	ldr	r3, [r7, #4]
20001226:	6f3a      	ldr	r2, [r7, #112]	@ 0x70
20001228:	fb02 f303 	mul.w	r3, r2, r3
2000122c:	607b      	str	r3, [r7, #4]

  int i = 0;
2000122e:	2300      	movs	r3, #0
20001230:	677b      	str	r3, [r7, #116]	@ 0x74
  do {
    buf[i++] = hex[val % 10];
20001232:	6879      	ldr	r1, [r7, #4]
20001234:	4b1c      	ldr	r3, [pc, #112]	@ (200012a8 <DUMPD+0x9c>)
20001236:	fb83 2301 	smull	r2, r3, r3, r1
2000123a:	109a      	asrs	r2, r3, #2
2000123c:	17cb      	asrs	r3, r1, #31
2000123e:	1ad2      	subs	r2, r2, r3
20001240:	4613      	mov	r3, r2
20001242:	009b      	lsls	r3, r3, #2
20001244:	4413      	add	r3, r2
20001246:	005b      	lsls	r3, r3, #1
20001248:	1aca      	subs	r2, r1, r3
2000124a:	6f7b      	ldr	r3, [r7, #116]	@ 0x74
2000124c:	1c59      	adds	r1, r3, #1
2000124e:	6779      	str	r1, [r7, #116]	@ 0x74
20001250:	4916      	ldr	r1, [pc, #88]	@ (200012ac <DUMPD+0xa0>)
20001252:	5c8a      	ldrb	r2, [r1, r2]
20001254:	3378      	adds	r3, #120	@ 0x78
20001256:	443b      	add	r3, r7
20001258:	f803 2c6c 	strb.w	r2, [r3, #-108]
    val = val / 10;
2000125c:	687b      	ldr	r3, [r7, #4]
2000125e:	4a12      	ldr	r2, [pc, #72]	@ (200012a8 <DUMPD+0x9c>)
20001260:	fb82 1203 	smull	r1, r2, r2, r3
20001264:	1092      	asrs	r2, r2, #2
20001266:	17db      	asrs	r3, r3, #31
20001268:	1ad3      	subs	r3, r2, r3
2000126a:	607b      	str	r3, [r7, #4]
  } while (val);
2000126c:	687b      	ldr	r3, [r7, #4]
2000126e:	2b00      	cmp	r3, #0
20001270:	d1df      	bne.n	20001232 <DUMPD+0x26>
  if (sign < 0)
20001272:	6f3b      	ldr	r3, [r7, #112]	@ 0x70
20001274:	2b00      	cmp	r3, #0
20001276:	da0e      	bge.n	20001296 <DUMPD+0x8a>
    DUMPC('-');
20001278:	202d      	movs	r0, #45	@ 0x2d
2000127a:	f000 f8e9 	bl	20001450 <DUMPC>
  while (i)
2000127e:	e00a      	b.n	20001296 <DUMPD+0x8a>
    DUMPC(buf[--i]);
20001280:	6f7b      	ldr	r3, [r7, #116]	@ 0x74
20001282:	3b01      	subs	r3, #1
20001284:	677b      	str	r3, [r7, #116]	@ 0x74
20001286:	f107 020c 	add.w	r2, r7, #12
2000128a:	6f7b      	ldr	r3, [r7, #116]	@ 0x74
2000128c:	4413      	add	r3, r2
2000128e:	781b      	ldrb	r3, [r3, #0]
20001290:	4618      	mov	r0, r3
20001292:	f000 f8dd 	bl	20001450 <DUMPC>
  while (i)
20001296:	6f7b      	ldr	r3, [r7, #116]	@ 0x74
20001298:	2b00      	cmp	r3, #0
2000129a:	d1f1      	bne.n	20001280 <DUMPD+0x74>
}
2000129c:	bf00      	nop
2000129e:	bf00      	nop
200012a0:	3778      	adds	r7, #120	@ 0x78
200012a2:	46bd      	mov	sp, r7
200012a4:	bd80      	pop	{r7, pc}
200012a6:	bf00      	nop
200012a8:	66666667 	.word	0x66666667
200012ac:	200095cc 	.word	0x200095cc

200012b0 <sei>:

// Cortex m4 dependencies

#define __CURRENT_PRIORITY ((__get_BASEPRI() >> (8 - __NVIC_PRIO_BITS)))

void sei(void) { __set_BASEPRI(__DISABLED_PRIORITY << (8 - __NVIC_PRIO_BITS)); }
200012b0:	b480      	push	{r7}
200012b2:	b083      	sub	sp, #12
200012b4:	af00      	add	r7, sp, #0
200012b6:	2310      	movs	r3, #16
200012b8:	607b      	str	r3, [r7, #4]

    \param [in]    basePri  Base Priority value to set
 */
__attribute__( ( always_inline ) ) __STATIC_INLINE void __set_BASEPRI(uint32_t value)
{
  __ASM volatile ("MSR basepri, %0" : : "r" (value) : "memory");
200012ba:	687b      	ldr	r3, [r7, #4]
200012bc:	f383 8811 	msr	BASEPRI, r3
}
200012c0:	bf00      	nop
200012c2:	bf00      	nop
200012c4:	370c      	adds	r7, #12
200012c6:	46bd      	mov	sp, r7
200012c8:	f85d 7b04 	ldr.w	r7, [sp], #4
200012cc:	4770      	bx	lr

200012ce <cli>:
void cli(void) { __set_BASEPRI(__ENABLED_PRIORITY << (8 - __NVIC_PRIO_BITS)); }
200012ce:	b480      	push	{r7}
200012d0:	b083      	sub	sp, #12
200012d2:	af00      	add	r7, sp, #0
200012d4:	2330      	movs	r3, #48	@ 0x30
200012d6:	607b      	str	r3, [r7, #4]
  __ASM volatile ("MSR basepri, %0" : : "r" (value) : "memory");
200012d8:	687b      	ldr	r3, [r7, #4]
200012da:	f383 8811 	msr	BASEPRI, r3
}
200012de:	bf00      	nop
200012e0:	bf00      	nop
200012e2:	370c      	adds	r7, #12
200012e4:	46bd      	mov	sp, r7
200012e6:	f85d 7b04 	ldr.w	r7, [sp], #4
200012ea:	4770      	bx	lr

200012ec <_sbrk>:
#ifdef __USE_LOCAL_SBRK
// register char *__stack_ptr asm ("sp");

char *__heap_end;

void *_sbrk(int incr) {
200012ec:	b580      	push	{r7, lr}
200012ee:	b084      	sub	sp, #16
200012f0:	af00      	add	r7, sp, #0
200012f2:	6078      	str	r0, [r7, #4]
  extern char end; /* Set by linker.  */
  char *prev_heap_end;

  DUMP("NOTE: _sbrk in use!\n\r");
200012f4:	480b      	ldr	r0, [pc, #44]	@ (20001324 <_sbrk+0x38>)
200012f6:	f7ff ff3d 	bl	20001174 <DUMP>

  if (__heap_end == 0)
200012fa:	4b0b      	ldr	r3, [pc, #44]	@ (20001328 <_sbrk+0x3c>)
200012fc:	681b      	ldr	r3, [r3, #0]
200012fe:	2b00      	cmp	r3, #0
20001300:	d102      	bne.n	20001308 <_sbrk+0x1c>
    __heap_end = &end;
20001302:	4b09      	ldr	r3, [pc, #36]	@ (20001328 <_sbrk+0x3c>)
20001304:	4a09      	ldr	r2, [pc, #36]	@ (2000132c <_sbrk+0x40>)
20001306:	601a      	str	r2, [r3, #0]

  prev_heap_end = __heap_end;
20001308:	4b07      	ldr	r3, [pc, #28]	@ (20001328 <_sbrk+0x3c>)
2000130a:	681b      	ldr	r3, [r3, #0]
2000130c:	60fb      	str	r3, [r7, #12]

  //	if (__heap_end + incr > __stack_ptr) // will fail if stacks[0]-stacks[3]
  // is used 		PANIC("_sbrk: Heap and stack collision\r\n");

  __heap_end += incr;
2000130e:	4b06      	ldr	r3, [pc, #24]	@ (20001328 <_sbrk+0x3c>)
20001310:	681a      	ldr	r2, [r3, #0]
20001312:	687b      	ldr	r3, [r7, #4]
20001314:	4413      	add	r3, r2
20001316:	4a04      	ldr	r2, [pc, #16]	@ (20001328 <_sbrk+0x3c>)
20001318:	6013      	str	r3, [r2, #0]

  return (void *)prev_heap_end;
2000131a:	68fb      	ldr	r3, [r7, #12]
}
2000131c:	4618      	mov	r0, r3
2000131e:	3710      	adds	r7, #16
20001320:	46bd      	mov	sp, r7
20001322:	bd80      	pop	{r7, pc}
20001324:	200080a0 	.word	0x200080a0
20001328:	2000a000 	.word	0x2000a000
2000132c:	20012384 	.word	0x20012384

20001330 <SETSTACK>:

#define HW32_REG(ADDRESS) (*((volatile unsigned long *)(ADDRESS)))

#define SETCONTEXT(c)

void SETSTACK(CONTEXT_T *cp, struct stack *sp) {
20001330:	b480      	push	{r7}
20001332:	b085      	sub	sp, #20
20001334:	af00      	add	r7, sp, #0
20001336:	6078      	str	r0, [r7, #4]
20001338:	6039      	str	r1, [r7, #0]
  *cp = ((CONTEXT_T)sp) + STACKSIZE * sizeof(STACK_T) -
2000133a:	683b      	ldr	r3, [r7, #0]
2000133c:	f503 53f9 	add.w	r3, r3, #7968	@ 0x1f20
20001340:	3310      	adds	r3, #16
20001342:	687a      	ldr	r2, [r7, #4]
20001344:	6013      	str	r3, [r2, #0]
        CONTEXTSIZE * sizeof(CONTEXT_T);

  CONTEXT_T ci = *cp;
20001346:	687b      	ldr	r3, [r7, #4]
20001348:	681b      	ldr	r3, [r3, #0]
2000134a:	60bb      	str	r3, [r7, #8]
  int i;
  for (i = 0; i < CONTEXTSIZE; i++)
2000134c:	2300      	movs	r3, #0
2000134e:	60fb      	str	r3, [r7, #12]
20001350:	e009      	b.n	20001366 <SETSTACK+0x36>
    HW32_REG(ci + (i << 2)) = 0;
20001352:	68fb      	ldr	r3, [r7, #12]
20001354:	009a      	lsls	r2, r3, #2
20001356:	68bb      	ldr	r3, [r7, #8]
20001358:	4413      	add	r3, r2
2000135a:	461a      	mov	r2, r3
2000135c:	2300      	movs	r3, #0
2000135e:	6013      	str	r3, [r2, #0]
  for (i = 0; i < CONTEXTSIZE; i++)
20001360:	68fb      	ldr	r3, [r7, #12]
20001362:	3301      	adds	r3, #1
20001364:	60fb      	str	r3, [r7, #12]
20001366:	68fb      	ldr	r3, [r7, #12]
20001368:	2b33      	cmp	r3, #51	@ 0x33
2000136a:	ddf2      	ble.n	20001352 <SETSTACK+0x22>
  HW32_REG(ci + (CONTEXT_EXC_OFF << 2)) = 0xFFFFFFE9;
2000136c:	68bb      	ldr	r3, [r7, #8]
2000136e:	f06f 0216 	mvn.w	r2, #22
20001372:	601a      	str	r2, [r3, #0]
  HW32_REG(ci + (CONTEXT_BASEPRI_OFF << 2)) = __ENABLED_PRIORITY;
20001374:	68bb      	ldr	r3, [r7, #8]
20001376:	3304      	adds	r3, #4
20001378:	461a      	mov	r2, r3
2000137a:	2303      	movs	r3, #3
2000137c:	6013      	str	r3, [r2, #0]
  HW32_REG(ci + (CONTEXT_xPSR_OFF << 2)) = 0x01000000;
2000137e:	68bb      	ldr	r3, [r7, #8]
20001380:	3384      	adds	r3, #132	@ 0x84
20001382:	461a      	mov	r2, r3
20001384:	f04f 7380 	mov.w	r3, #16777216	@ 0x1000000
20001388:	6013      	str	r3, [r2, #0]
}
2000138a:	bf00      	nop
2000138c:	3714      	adds	r7, #20
2000138e:	46bd      	mov	sp, r7
20001390:	f85d 7b04 	ldr.w	r7, [sp], #4
20001394:	4770      	bx	lr

20001396 <SETPC>:

void SETPC(CONTEXT_T *cp, void (*fp)(void)) {
20001396:	b480      	push	{r7}
20001398:	b085      	sub	sp, #20
2000139a:	af00      	add	r7, sp, #0
2000139c:	6078      	str	r0, [r7, #4]
2000139e:	6039      	str	r1, [r7, #0]
  CONTEXT_T pc_p = *cp + (CONTEXT_PC_OFF << 2);
200013a0:	687b      	ldr	r3, [r7, #4]
200013a2:	681b      	ldr	r3, [r3, #0]
200013a4:	3380      	adds	r3, #128	@ 0x80
200013a6:	60fb      	str	r3, [r7, #12]
  HW32_REG(pc_p) = (unsigned long)fp;
200013a8:	68fb      	ldr	r3, [r7, #12]
200013aa:	683a      	ldr	r2, [r7, #0]
200013ac:	601a      	str	r2, [r3, #0]
}
200013ae:	bf00      	nop
200013b0:	3714      	adds	r7, #20
200013b2:	46bd      	mov	sp, r7
200013b4:	f85d 7b04 	ldr.w	r7, [sp], #4
200013b8:	4770      	bx	lr

200013ba <TIMER_INIT>:
#define TIM5_IRQ_VECTOR (0x2001C000 + 0x108)
#define TIMER_COMPARE_INTERRUPT void vect_TIM5(void)

TIMER_COMPARE_INTERRUPT;

void TIMER_INIT() {
200013ba:	b580      	push	{r7, lr}
200013bc:	b084      	sub	sp, #16
200013be:	af00      	add	r7, sp, #0
          (++) Prescaler value = 0x0000
          (++) Counter mode = Up counting
          (++) Clock Division = TIM_CKD_DIV1
   */

  TIM_DeInit(TIM5);
200013c0:	481c      	ldr	r0, [pc, #112]	@ (20001434 <TIMER_INIT+0x7a>)
200013c2:	f003 fccb 	bl	20004d5c <TIM_DeInit>

  TIM_TimeBaseStructInit(&TIM_TimeBaseInitStructure);
200013c6:	1d3b      	adds	r3, r7, #4
200013c8:	4618      	mov	r0, r3
200013ca:	f003 fe11 	bl	20004ff0 <TIM_TimeBaseStructInit>
  TIM_TimeBaseInitStructure.TIM_Prescaler = __TIMER_PRESCALE;
200013ce:	f240 3347 	movw	r3, #839	@ 0x347
200013d2:	80bb      	strh	r3, [r7, #4]
  TIM_TimeBaseInit(TIM5, &TIM_TimeBaseInitStructure);
200013d4:	1d3b      	adds	r3, r7, #4
200013d6:	4619      	mov	r1, r3
200013d8:	4816      	ldr	r0, [pc, #88]	@ (20001434 <TIMER_INIT+0x7a>)
200013da:	f003 fd9f 	bl	20004f1c <TIM_TimeBaseInit>

  *((void (**)(void))PendSV_IRQ_VECTOR) = vect_PendSV;
200013de:	4b16      	ldr	r3, [pc, #88]	@ (20001438 <TIMER_INIT+0x7e>)
200013e0:	4a16      	ldr	r2, [pc, #88]	@ (2000143c <TIMER_INIT+0x82>)
200013e2:	601a      	str	r2, [r3, #0]

  NVIC_SetPriority(PendSV_IRQn,
200013e4:	2102      	movs	r1, #2
200013e6:	f06f 0001 	mvn.w	r0, #1
200013ea:	f7ff fe99 	bl	20001120 <NVIC_SetPriority>
                   __IRQ_PRIORITY); // same priority as timer and USART1

  *((void (**)(void))SVCall_IRQ_VECTOR) = vect_SVCall;
200013ee:	4b14      	ldr	r3, [pc, #80]	@ (20001440 <TIMER_INIT+0x86>)
200013f0:	4a14      	ldr	r2, [pc, #80]	@ (20001444 <TIMER_INIT+0x8a>)
200013f2:	601a      	str	r2, [r3, #0]

  NVIC_SetPriority(SVCall_IRQn, 0x00); // highest priority
200013f4:	2100      	movs	r1, #0
200013f6:	f06f 0004 	mvn.w	r0, #4
200013fa:	f7ff fe91 	bl	20001120 <NVIC_SetPriority>

  *((void (**)(void))TIM5_IRQ_VECTOR) = vect_TIM5;
200013fe:	4b12      	ldr	r3, [pc, #72]	@ (20001448 <TIMER_INIT+0x8e>)
20001400:	4a12      	ldr	r2, [pc, #72]	@ (2000144c <TIMER_INIT+0x92>)
20001402:	601a      	str	r2, [r3, #0]

  NVIC_SetPriority(TIM5_IRQn, __IRQ_PRIORITY);
20001404:	2102      	movs	r1, #2
20001406:	2032      	movs	r0, #50	@ 0x32
20001408:	f7ff fe8a 	bl	20001120 <NVIC_SetPriority>
  NVIC_EnableIRQ(TIM5_IRQn);
2000140c:	2032      	movs	r0, #50	@ 0x32
2000140e:	f7ff fe6d 	bl	200010ec <NVIC_EnableIRQ>

  TIM_SetCounter(TIM5, 0);
20001412:	2100      	movs	r1, #0
20001414:	4807      	ldr	r0, [pc, #28]	@ (20001434 <TIMER_INIT+0x7a>)
20001416:	f003 fe32 	bl	2000507e <TIM_SetCounter>
  TIM_Cmd(TIM5, ENABLE);
2000141a:	2101      	movs	r1, #1
2000141c:	4805      	ldr	r0, [pc, #20]	@ (20001434 <TIMER_INIT+0x7a>)
2000141e:	f003 fef2 	bl	20005206 <TIM_Cmd>

  TIM_ITConfig(TIM5, TIM_IT_CC1, ENABLE);
20001422:	2201      	movs	r2, #1
20001424:	2102      	movs	r1, #2
20001426:	4803      	ldr	r0, [pc, #12]	@ (20001434 <TIMER_INIT+0x7a>)
20001428:	f004 fe90 	bl	2000614c <TIM_ITConfig>
}
2000142c:	bf00      	nop
2000142e:	3710      	adds	r7, #16
20001430:	46bd      	mov	sp, r7
20001432:	bd80      	pop	{r7, pc}
20001434:	40000c00 	.word	0x40000c00
20001438:	2001c038 	.word	0x2001c038
2000143c:	20002041 	.word	0x20002041
20001440:	2001c02c 	.word	0x2001c02c
20001444:	2000203d 	.word	0x2000203d
20001448:	2001c108 	.word	0x2001c108
2000144c:	200017d7 	.word	0x200017d7

20001450 <DUMPC>:

#define TIMERSET(x) (TIM_SetCompare1(TIM5, x->baseline))

#define INFINITY 0x7fffffffL

void DUMPC(char c) {
20001450:	b580      	push	{r7, lr}
20001452:	b082      	sub	sp, #8
20001454:	af00      	add	r7, sp, #0
20001456:	4603      	mov	r3, r0
20001458:	71fb      	strb	r3, [r7, #7]
  USART_SendData(USART1, c);
2000145a:	79fb      	ldrb	r3, [r7, #7]
2000145c:	b29b      	uxth	r3, r3
2000145e:	4619      	mov	r1, r3
20001460:	4807      	ldr	r0, [pc, #28]	@ (20001480 <DUMPC+0x30>)
20001462:	f005 fc4f 	bl	20006d04 <USART_SendData>
  while (USART_GetFlagStatus(USART1, USART_FLAG_TXE) == RESET)
20001466:	bf00      	nop
20001468:	2180      	movs	r1, #128	@ 0x80
2000146a:	4805      	ldr	r0, [pc, #20]	@ (20001480 <DUMPC+0x30>)
2000146c:	f005 fe29 	bl	200070c2 <USART_GetFlagStatus>
20001470:	4603      	mov	r3, r0
20001472:	2b00      	cmp	r3, #0
20001474:	d0f8      	beq.n	20001468 <DUMPC+0x18>
    ;
}
20001476:	bf00      	nop
20001478:	bf00      	nop
2000147a:	3708      	adds	r7, #8
2000147c:	46bd      	mov	sp, r7
2000147e:	bd80      	pop	{r7, pc}
20001480:	40011000 	.word	0x40011000

20001484 <vect_USART1>:
      schedule();                                                              \
    doIRQSchedule = 0;                                                         \
  }
#endif

IRQ(IRQ_USART1, vect_USART1);
20001484:	b580      	push	{r7, lr}
20001486:	af00      	add	r7, sp, #0
20001488:	4812      	ldr	r0, [pc, #72]	@ (200014d4 <vect_USART1+0x50>)
2000148a:	f003 fe12 	bl	200050b2 <TIM_GetCounter>
2000148e:	4603      	mov	r3, r0
20001490:	461a      	mov	r2, r3
20001492:	4b11      	ldr	r3, [pc, #68]	@ (200014d8 <vect_USART1+0x54>)
20001494:	601a      	str	r2, [r3, #0]
20001496:	4b11      	ldr	r3, [pc, #68]	@ (200014dc <vect_USART1+0x58>)
20001498:	2201      	movs	r2, #1
2000149a:	601a      	str	r2, [r3, #0]
2000149c:	4b10      	ldr	r3, [pc, #64]	@ (200014e0 <vect_USART1+0x5c>)
2000149e:	2200      	movs	r2, #0
200014a0:	601a      	str	r2, [r3, #0]
200014a2:	4b10      	ldr	r3, [pc, #64]	@ (200014e4 <vect_USART1+0x60>)
200014a4:	681b      	ldr	r3, [r3, #0]
200014a6:	2b00      	cmp	r3, #0
200014a8:	d006      	beq.n	200014b8 <vect_USART1+0x34>
200014aa:	4b0e      	ldr	r3, [pc, #56]	@ (200014e4 <vect_USART1+0x60>)
200014ac:	681b      	ldr	r3, [r3, #0]
200014ae:	4a0e      	ldr	r2, [pc, #56]	@ (200014e8 <vect_USART1+0x64>)
200014b0:	6812      	ldr	r2, [r2, #0]
200014b2:	2100      	movs	r1, #0
200014b4:	4610      	mov	r0, r2
200014b6:	4798      	blx	r3
200014b8:	4b08      	ldr	r3, [pc, #32]	@ (200014dc <vect_USART1+0x58>)
200014ba:	2200      	movs	r2, #0
200014bc:	601a      	str	r2, [r3, #0]
200014be:	4b08      	ldr	r3, [pc, #32]	@ (200014e0 <vect_USART1+0x5c>)
200014c0:	681b      	ldr	r3, [r3, #0]
200014c2:	2b00      	cmp	r3, #0
200014c4:	d001      	beq.n	200014ca <vect_USART1+0x46>
200014c6:	f000 fa5d 	bl	20001984 <schedule>
200014ca:	4b05      	ldr	r3, [pc, #20]	@ (200014e0 <vect_USART1+0x5c>)
200014cc:	2200      	movs	r2, #0
200014ce:	601a      	str	r2, [r3, #0]
200014d0:	bd80      	pop	{r7, pc}
200014d2:	bf00      	nop
200014d4:	40000c00 	.word	0x40000c00
200014d8:	2001234c 	.word	0x2001234c
200014dc:	20012344 	.word	0x20012344
200014e0:	20012348 	.word	0x20012348
200014e4:	20012358 	.word	0x20012358
200014e8:	20012364 	.word	0x20012364

200014ec <vect_CAN1>:
IRQ(IRQ_CAN1, vect_CAN1);
200014ec:	b580      	push	{r7, lr}
200014ee:	af00      	add	r7, sp, #0
200014f0:	4812      	ldr	r0, [pc, #72]	@ (2000153c <vect_CAN1+0x50>)
200014f2:	f003 fdde 	bl	200050b2 <TIM_GetCounter>
200014f6:	4603      	mov	r3, r0
200014f8:	461a      	mov	r2, r3
200014fa:	4b11      	ldr	r3, [pc, #68]	@ (20001540 <vect_CAN1+0x54>)
200014fc:	601a      	str	r2, [r3, #0]
200014fe:	4b11      	ldr	r3, [pc, #68]	@ (20001544 <vect_CAN1+0x58>)
20001500:	2201      	movs	r2, #1
20001502:	601a      	str	r2, [r3, #0]
20001504:	4b10      	ldr	r3, [pc, #64]	@ (20001548 <vect_CAN1+0x5c>)
20001506:	2200      	movs	r2, #0
20001508:	601a      	str	r2, [r3, #0]
2000150a:	4b10      	ldr	r3, [pc, #64]	@ (2000154c <vect_CAN1+0x60>)
2000150c:	685b      	ldr	r3, [r3, #4]
2000150e:	2b00      	cmp	r3, #0
20001510:	d006      	beq.n	20001520 <vect_CAN1+0x34>
20001512:	4b0e      	ldr	r3, [pc, #56]	@ (2000154c <vect_CAN1+0x60>)
20001514:	685b      	ldr	r3, [r3, #4]
20001516:	4a0e      	ldr	r2, [pc, #56]	@ (20001550 <vect_CAN1+0x64>)
20001518:	6852      	ldr	r2, [r2, #4]
2000151a:	2101      	movs	r1, #1
2000151c:	4610      	mov	r0, r2
2000151e:	4798      	blx	r3
20001520:	4b08      	ldr	r3, [pc, #32]	@ (20001544 <vect_CAN1+0x58>)
20001522:	2200      	movs	r2, #0
20001524:	601a      	str	r2, [r3, #0]
20001526:	4b08      	ldr	r3, [pc, #32]	@ (20001548 <vect_CAN1+0x5c>)
20001528:	681b      	ldr	r3, [r3, #0]
2000152a:	2b00      	cmp	r3, #0
2000152c:	d001      	beq.n	20001532 <vect_CAN1+0x46>
2000152e:	f000 fa29 	bl	20001984 <schedule>
20001532:	4b05      	ldr	r3, [pc, #20]	@ (20001548 <vect_CAN1+0x5c>)
20001534:	2200      	movs	r2, #0
20001536:	601a      	str	r2, [r3, #0]
20001538:	bd80      	pop	{r7, pc}
2000153a:	bf00      	nop
2000153c:	40000c00 	.word	0x40000c00
20001540:	2001234c 	.word	0x2001234c
20001544:	20012344 	.word	0x20012344
20001548:	20012348 	.word	0x20012348
2000154c:	20012358 	.word	0x20012358
20001550:	20012364 	.word	0x20012364

20001554 <vect_EXTI9_5>:
IRQ(IRQ_EXTI9_5, vect_EXTI9_5);
20001554:	b580      	push	{r7, lr}
20001556:	af00      	add	r7, sp, #0
20001558:	4812      	ldr	r0, [pc, #72]	@ (200015a4 <vect_EXTI9_5+0x50>)
2000155a:	f003 fdaa 	bl	200050b2 <TIM_GetCounter>
2000155e:	4603      	mov	r3, r0
20001560:	461a      	mov	r2, r3
20001562:	4b11      	ldr	r3, [pc, #68]	@ (200015a8 <vect_EXTI9_5+0x54>)
20001564:	601a      	str	r2, [r3, #0]
20001566:	4b11      	ldr	r3, [pc, #68]	@ (200015ac <vect_EXTI9_5+0x58>)
20001568:	2201      	movs	r2, #1
2000156a:	601a      	str	r2, [r3, #0]
2000156c:	4b10      	ldr	r3, [pc, #64]	@ (200015b0 <vect_EXTI9_5+0x5c>)
2000156e:	2200      	movs	r2, #0
20001570:	601a      	str	r2, [r3, #0]
20001572:	4b10      	ldr	r3, [pc, #64]	@ (200015b4 <vect_EXTI9_5+0x60>)
20001574:	689b      	ldr	r3, [r3, #8]
20001576:	2b00      	cmp	r3, #0
20001578:	d006      	beq.n	20001588 <vect_EXTI9_5+0x34>
2000157a:	4b0e      	ldr	r3, [pc, #56]	@ (200015b4 <vect_EXTI9_5+0x60>)
2000157c:	689b      	ldr	r3, [r3, #8]
2000157e:	4a0e      	ldr	r2, [pc, #56]	@ (200015b8 <vect_EXTI9_5+0x64>)
20001580:	6892      	ldr	r2, [r2, #8]
20001582:	2102      	movs	r1, #2
20001584:	4610      	mov	r0, r2
20001586:	4798      	blx	r3
20001588:	4b08      	ldr	r3, [pc, #32]	@ (200015ac <vect_EXTI9_5+0x58>)
2000158a:	2200      	movs	r2, #0
2000158c:	601a      	str	r2, [r3, #0]
2000158e:	4b08      	ldr	r3, [pc, #32]	@ (200015b0 <vect_EXTI9_5+0x5c>)
20001590:	681b      	ldr	r3, [r3, #0]
20001592:	2b00      	cmp	r3, #0
20001594:	d001      	beq.n	2000159a <vect_EXTI9_5+0x46>
20001596:	f000 f9f5 	bl	20001984 <schedule>
2000159a:	4b05      	ldr	r3, [pc, #20]	@ (200015b0 <vect_EXTI9_5+0x5c>)
2000159c:	2200      	movs	r2, #0
2000159e:	601a      	str	r2, [r3, #0]
200015a0:	bd80      	pop	{r7, pc}
200015a2:	bf00      	nop
200015a4:	40000c00 	.word	0x40000c00
200015a8:	2001234c 	.word	0x2001234c
200015ac:	20012344 	.word	0x20012344
200015b0:	20012348 	.word	0x20012348
200015b4:	20012358 	.word	0x20012358
200015b8:	20012364 	.word	0x20012364

200015bc <enqueueByDeadline>:

// End of target dependencies

/* queue manager */
void enqueueByDeadline(Msg p, Msg *queue) {
200015bc:	b480      	push	{r7}
200015be:	b085      	sub	sp, #20
200015c0:	af00      	add	r7, sp, #0
200015c2:	6078      	str	r0, [r7, #4]
200015c4:	6039      	str	r1, [r7, #0]
  Msg prev = NULL, q = *queue;
200015c6:	2300      	movs	r3, #0
200015c8:	60fb      	str	r3, [r7, #12]
200015ca:	683b      	ldr	r3, [r7, #0]
200015cc:	681b      	ldr	r3, [r3, #0]
200015ce:	60bb      	str	r3, [r7, #8]
  while (q && (q->deadline <= p->deadline)) {
200015d0:	e004      	b.n	200015dc <enqueueByDeadline+0x20>
    prev = q;
200015d2:	68bb      	ldr	r3, [r7, #8]
200015d4:	60fb      	str	r3, [r7, #12]
    q = q->next;
200015d6:	68bb      	ldr	r3, [r7, #8]
200015d8:	681b      	ldr	r3, [r3, #0]
200015da:	60bb      	str	r3, [r7, #8]
  while (q && (q->deadline <= p->deadline)) {
200015dc:	68bb      	ldr	r3, [r7, #8]
200015de:	2b00      	cmp	r3, #0
200015e0:	d005      	beq.n	200015ee <enqueueByDeadline+0x32>
200015e2:	68bb      	ldr	r3, [r7, #8]
200015e4:	689a      	ldr	r2, [r3, #8]
200015e6:	687b      	ldr	r3, [r7, #4]
200015e8:	689b      	ldr	r3, [r3, #8]
200015ea:	429a      	cmp	r2, r3
200015ec:	ddf1      	ble.n	200015d2 <enqueueByDeadline+0x16>
  }
  p->next = q;
200015ee:	687b      	ldr	r3, [r7, #4]
200015f0:	68ba      	ldr	r2, [r7, #8]
200015f2:	601a      	str	r2, [r3, #0]
  if (prev == NULL)
200015f4:	68fb      	ldr	r3, [r7, #12]
200015f6:	2b00      	cmp	r3, #0
200015f8:	d103      	bne.n	20001602 <enqueueByDeadline+0x46>
    *queue = p;
200015fa:	683b      	ldr	r3, [r7, #0]
200015fc:	687a      	ldr	r2, [r7, #4]
200015fe:	601a      	str	r2, [r3, #0]
  else
    prev->next = p;
}
20001600:	e002      	b.n	20001608 <enqueueByDeadline+0x4c>
    prev->next = p;
20001602:	68fb      	ldr	r3, [r7, #12]
20001604:	687a      	ldr	r2, [r7, #4]
20001606:	601a      	str	r2, [r3, #0]
}
20001608:	bf00      	nop
2000160a:	3714      	adds	r7, #20
2000160c:	46bd      	mov	sp, r7
2000160e:	f85d 7b04 	ldr.w	r7, [sp], #4
20001612:	4770      	bx	lr

20001614 <enqueueByBaseline>:

void enqueueByBaseline(Msg p, Msg *queue) {
20001614:	b480      	push	{r7}
20001616:	b085      	sub	sp, #20
20001618:	af00      	add	r7, sp, #0
2000161a:	6078      	str	r0, [r7, #4]
2000161c:	6039      	str	r1, [r7, #0]
  Msg prev = NULL, q = *queue;
2000161e:	2300      	movs	r3, #0
20001620:	60fb      	str	r3, [r7, #12]
20001622:	683b      	ldr	r3, [r7, #0]
20001624:	681b      	ldr	r3, [r3, #0]
20001626:	60bb      	str	r3, [r7, #8]
  while (q && (q->baseline <= p->baseline)) {
20001628:	e004      	b.n	20001634 <enqueueByBaseline+0x20>
    prev = q;
2000162a:	68bb      	ldr	r3, [r7, #8]
2000162c:	60fb      	str	r3, [r7, #12]
    q = q->next;
2000162e:	68bb      	ldr	r3, [r7, #8]
20001630:	681b      	ldr	r3, [r3, #0]
20001632:	60bb      	str	r3, [r7, #8]
  while (q && (q->baseline <= p->baseline)) {
20001634:	68bb      	ldr	r3, [r7, #8]
20001636:	2b00      	cmp	r3, #0
20001638:	d005      	beq.n	20001646 <enqueueByBaseline+0x32>
2000163a:	68bb      	ldr	r3, [r7, #8]
2000163c:	685a      	ldr	r2, [r3, #4]
2000163e:	687b      	ldr	r3, [r7, #4]
20001640:	685b      	ldr	r3, [r3, #4]
20001642:	429a      	cmp	r2, r3
20001644:	ddf1      	ble.n	2000162a <enqueueByBaseline+0x16>
  }
  p->next = q;
20001646:	687b      	ldr	r3, [r7, #4]
20001648:	68ba      	ldr	r2, [r7, #8]
2000164a:	601a      	str	r2, [r3, #0]
  if (prev == NULL)
2000164c:	68fb      	ldr	r3, [r7, #12]
2000164e:	2b00      	cmp	r3, #0
20001650:	d103      	bne.n	2000165a <enqueueByBaseline+0x46>
    *queue = p;
20001652:	683b      	ldr	r3, [r7, #0]
20001654:	687a      	ldr	r2, [r7, #4]
20001656:	601a      	str	r2, [r3, #0]
  else
    prev->next = p;
}
20001658:	e002      	b.n	20001660 <enqueueByBaseline+0x4c>
    prev->next = p;
2000165a:	68fb      	ldr	r3, [r7, #12]
2000165c:	687a      	ldr	r2, [r7, #4]
2000165e:	601a      	str	r2, [r3, #0]
}
20001660:	bf00      	nop
20001662:	3714      	adds	r7, #20
20001664:	46bd      	mov	sp, r7
20001666:	f85d 7b04 	ldr.w	r7, [sp], #4
2000166a:	4770      	bx	lr

2000166c <dequeue>:

Msg dequeue(Msg *queue) {
2000166c:	b580      	push	{r7, lr}
2000166e:	b084      	sub	sp, #16
20001670:	af00      	add	r7, sp, #0
20001672:	6078      	str	r0, [r7, #4]
  Msg m = *queue;
20001674:	687b      	ldr	r3, [r7, #4]
20001676:	681b      	ldr	r3, [r3, #0]
20001678:	60fb      	str	r3, [r7, #12]
  if (m)
2000167a:	68fb      	ldr	r3, [r7, #12]
2000167c:	2b00      	cmp	r3, #0
2000167e:	d004      	beq.n	2000168a <dequeue+0x1e>
    *queue = m->next;
20001680:	68fb      	ldr	r3, [r7, #12]
20001682:	681a      	ldr	r2, [r3, #0]
20001684:	687b      	ldr	r3, [r7, #4]
20001686:	601a      	str	r2, [r3, #0]
20001688:	e00c      	b.n	200016a4 <dequeue+0x38>
  else
    PANIC("Empty queue"); // Empty queue, kernel panic!!!
2000168a:	4809      	ldr	r0, [pc, #36]	@ (200016b0 <dequeue+0x44>)
2000168c:	f7ff fd72 	bl	20001174 <DUMP>
20001690:	2200      	movs	r2, #0
20001692:	2102      	movs	r1, #2
20001694:	4807      	ldr	r0, [pc, #28]	@ (200016b4 <dequeue+0x48>)
20001696:	f002 fc21 	bl	20003edc <GPIO_WriteBit>
2000169a:	4807      	ldr	r0, [pc, #28]	@ (200016b8 <dequeue+0x4c>)
2000169c:	f7ff fd6a 	bl	20001174 <DUMP>
200016a0:	bf30      	wfi
200016a2:	e7fd      	b.n	200016a0 <dequeue+0x34>
  return m;
200016a4:	68fb      	ldr	r3, [r7, #12]
}
200016a6:	4618      	mov	r0, r3
200016a8:	3710      	adds	r7, #16
200016aa:	46bd      	mov	sp, r7
200016ac:	bd80      	pop	{r7, pc}
200016ae:	bf00      	nop
200016b0:	200080b8 	.word	0x200080b8
200016b4:	40020400 	.word	0x40020400
200016b8:	200080c4 	.word	0x200080c4

200016bc <dequeue_pool>:

Msg dequeue_pool(Msg *queue) {
200016bc:	b580      	push	{r7, lr}
200016be:	b084      	sub	sp, #16
200016c0:	af00      	add	r7, sp, #0
200016c2:	6078      	str	r0, [r7, #4]
  Msg m = *queue;
200016c4:	687b      	ldr	r3, [r7, #4]
200016c6:	681b      	ldr	r3, [r3, #0]
200016c8:	60fb      	str	r3, [r7, #12]
  if (m)
200016ca:	68fb      	ldr	r3, [r7, #12]
200016cc:	2b00      	cmp	r3, #0
200016ce:	d004      	beq.n	200016da <dequeue_pool+0x1e>
    *queue = m->next;
200016d0:	68fb      	ldr	r3, [r7, #12]
200016d2:	681a      	ldr	r2, [r3, #0]
200016d4:	687b      	ldr	r3, [r7, #4]
200016d6:	601a      	str	r2, [r3, #0]
200016d8:	e00c      	b.n	200016f4 <dequeue_pool+0x38>
  else
    PANIC("Empty pool"); // Empty pool, kernel panic!!!
200016da:	4809      	ldr	r0, [pc, #36]	@ (20001700 <dequeue_pool+0x44>)
200016dc:	f7ff fd4a 	bl	20001174 <DUMP>
200016e0:	2200      	movs	r2, #0
200016e2:	2102      	movs	r1, #2
200016e4:	4807      	ldr	r0, [pc, #28]	@ (20001704 <dequeue_pool+0x48>)
200016e6:	f002 fbf9 	bl	20003edc <GPIO_WriteBit>
200016ea:	4807      	ldr	r0, [pc, #28]	@ (20001708 <dequeue_pool+0x4c>)
200016ec:	f7ff fd42 	bl	20001174 <DUMP>
200016f0:	bf30      	wfi
200016f2:	e7fd      	b.n	200016f0 <dequeue_pool+0x34>
  return m;
200016f4:	68fb      	ldr	r3, [r7, #12]
}
200016f6:	4618      	mov	r0, r3
200016f8:	3710      	adds	r7, #16
200016fa:	46bd      	mov	sp, r7
200016fc:	bd80      	pop	{r7, pc}
200016fe:	bf00      	nop
20001700:	200080b8 	.word	0x200080b8
20001704:	40020400 	.word	0x40020400
20001708:	200080d0 	.word	0x200080d0

2000170c <insert>:

void insert(Msg m, Msg *queue) {
2000170c:	b480      	push	{r7}
2000170e:	b083      	sub	sp, #12
20001710:	af00      	add	r7, sp, #0
20001712:	6078      	str	r0, [r7, #4]
20001714:	6039      	str	r1, [r7, #0]
  m->next = *queue;
20001716:	683b      	ldr	r3, [r7, #0]
20001718:	681a      	ldr	r2, [r3, #0]
2000171a:	687b      	ldr	r3, [r7, #4]
2000171c:	601a      	str	r2, [r3, #0]
  *queue = m;
2000171e:	683b      	ldr	r3, [r7, #0]
20001720:	687a      	ldr	r2, [r7, #4]
20001722:	601a      	str	r2, [r3, #0]
}
20001724:	bf00      	nop
20001726:	370c      	adds	r7, #12
20001728:	46bd      	mov	sp, r7
2000172a:	f85d 7b04 	ldr.w	r7, [sp], #4
2000172e:	4770      	bx	lr

20001730 <push>:

void push(Thread t, Thread *stack) {
20001730:	b480      	push	{r7}
20001732:	b083      	sub	sp, #12
20001734:	af00      	add	r7, sp, #0
20001736:	6078      	str	r0, [r7, #4]
20001738:	6039      	str	r1, [r7, #0]
  t->next = *stack;
2000173a:	683b      	ldr	r3, [r7, #0]
2000173c:	681a      	ldr	r2, [r3, #0]
2000173e:	687b      	ldr	r3, [r7, #4]
20001740:	609a      	str	r2, [r3, #8]
  *stack = t;
20001742:	683b      	ldr	r3, [r7, #0]
20001744:	687a      	ldr	r2, [r7, #4]
20001746:	601a      	str	r2, [r3, #0]
}
20001748:	bf00      	nop
2000174a:	370c      	adds	r7, #12
2000174c:	46bd      	mov	sp, r7
2000174e:	f85d 7b04 	ldr.w	r7, [sp], #4
20001752:	4770      	bx	lr

20001754 <pop>:

Thread pop(Thread *stack) {
20001754:	b480      	push	{r7}
20001756:	b085      	sub	sp, #20
20001758:	af00      	add	r7, sp, #0
2000175a:	6078      	str	r0, [r7, #4]
  Thread t = *stack;
2000175c:	687b      	ldr	r3, [r7, #4]
2000175e:	681b      	ldr	r3, [r3, #0]
20001760:	60fb      	str	r3, [r7, #12]
  *stack = t->next;
20001762:	68fb      	ldr	r3, [r7, #12]
20001764:	689a      	ldr	r2, [r3, #8]
20001766:	687b      	ldr	r3, [r7, #4]
20001768:	601a      	str	r2, [r3, #0]
  return t;
2000176a:	68fb      	ldr	r3, [r7, #12]
}
2000176c:	4618      	mov	r0, r3
2000176e:	3714      	adds	r7, #20
20001770:	46bd      	mov	sp, r7
20001772:	f85d 7b04 	ldr.w	r7, [sp], #4
20001776:	4770      	bx	lr

20001778 <remove>:

static int remove(Msg m, Msg *queue) {
20001778:	b480      	push	{r7}
2000177a:	b085      	sub	sp, #20
2000177c:	af00      	add	r7, sp, #0
2000177e:	6078      	str	r0, [r7, #4]
20001780:	6039      	str	r1, [r7, #0]
  Msg prev = NULL, q = *queue;
20001782:	2300      	movs	r3, #0
20001784:	60fb      	str	r3, [r7, #12]
20001786:	683b      	ldr	r3, [r7, #0]
20001788:	681b      	ldr	r3, [r3, #0]
2000178a:	60bb      	str	r3, [r7, #8]
  while (q && (q != m)) {
2000178c:	e004      	b.n	20001798 <remove+0x20>
    prev = q;
2000178e:	68bb      	ldr	r3, [r7, #8]
20001790:	60fb      	str	r3, [r7, #12]
    q = q->next;
20001792:	68bb      	ldr	r3, [r7, #8]
20001794:	681b      	ldr	r3, [r3, #0]
20001796:	60bb      	str	r3, [r7, #8]
  while (q && (q != m)) {
20001798:	68bb      	ldr	r3, [r7, #8]
2000179a:	2b00      	cmp	r3, #0
2000179c:	d003      	beq.n	200017a6 <remove+0x2e>
2000179e:	68ba      	ldr	r2, [r7, #8]
200017a0:	687b      	ldr	r3, [r7, #4]
200017a2:	429a      	cmp	r2, r3
200017a4:	d1f3      	bne.n	2000178e <remove+0x16>
  }
  if (q) {
200017a6:	68bb      	ldr	r3, [r7, #8]
200017a8:	2b00      	cmp	r3, #0
200017aa:	d00d      	beq.n	200017c8 <remove+0x50>
    if (prev)
200017ac:	68fb      	ldr	r3, [r7, #12]
200017ae:	2b00      	cmp	r3, #0
200017b0:	d004      	beq.n	200017bc <remove+0x44>
      prev->next = q->next;
200017b2:	68bb      	ldr	r3, [r7, #8]
200017b4:	681a      	ldr	r2, [r3, #0]
200017b6:	68fb      	ldr	r3, [r7, #12]
200017b8:	601a      	str	r2, [r3, #0]
200017ba:	e003      	b.n	200017c4 <remove+0x4c>
    else
      *queue = q->next;
200017bc:	68bb      	ldr	r3, [r7, #8]
200017be:	681a      	ldr	r2, [r3, #0]
200017c0:	683b      	ldr	r3, [r7, #0]
200017c2:	601a      	str	r2, [r3, #0]
    return 1;
200017c4:	2301      	movs	r3, #1
200017c6:	e000      	b.n	200017ca <remove+0x52>
  }
  return 0;
200017c8:	2300      	movs	r3, #0
}
200017ca:	4618      	mov	r0, r3
200017cc:	3714      	adds	r7, #20
200017ce:	46bd      	mov	sp, r7
200017d0:	f85d 7b04 	ldr.w	r7, [sp], #4
200017d4:	4770      	bx	lr

200017d6 <vect_TIM5>:

TIMER_COMPARE_INTERRUPT {
200017d6:	b580      	push	{r7, lr}
200017d8:	b082      	sub	sp, #8
200017da:	af00      	add	r7, sp, #0
  Time now;

  TIMER_CCLR();
200017dc:	2102      	movs	r1, #2
200017de:	481e      	ldr	r0, [pc, #120]	@ (20001858 <vect_TIM5+0x82>)
200017e0:	f004 fd39 	bl	20006256 <TIM_ClearITPendingBit>
#ifdef __USE_SAFE_TIMER
  TIM_Cmd(TIM5, DISABLE);
#endif
  TIMERGET(now);
200017e4:	481c      	ldr	r0, [pc, #112]	@ (20001858 <vect_TIM5+0x82>)
200017e6:	f003 fc64 	bl	200050b2 <TIM_GetCounter>
200017ea:	4603      	mov	r3, r0
200017ec:	607b      	str	r3, [r7, #4]
  DUMP(", timerQ = ");
  DUMPH((unsigned int)timerQ);
  DUMP("\n\r");
#endif

  while (timerQ && (timerQ->baseline - now <= 0))
200017ee:	e007      	b.n	20001800 <vect_TIM5+0x2a>
    enqueueByDeadline(dequeue(&timerQ), &msgQ);
200017f0:	481a      	ldr	r0, [pc, #104]	@ (2000185c <vect_TIM5+0x86>)
200017f2:	f7ff ff3b 	bl	2000166c <dequeue>
200017f6:	4603      	mov	r3, r0
200017f8:	4919      	ldr	r1, [pc, #100]	@ (20001860 <vect_TIM5+0x8a>)
200017fa:	4618      	mov	r0, r3
200017fc:	f7ff fede 	bl	200015bc <enqueueByDeadline>
  while (timerQ && (timerQ->baseline - now <= 0))
20001800:	4b16      	ldr	r3, [pc, #88]	@ (2000185c <vect_TIM5+0x86>)
20001802:	681b      	ldr	r3, [r3, #0]
20001804:	2b00      	cmp	r3, #0
20001806:	d006      	beq.n	20001816 <vect_TIM5+0x40>
20001808:	4b14      	ldr	r3, [pc, #80]	@ (2000185c <vect_TIM5+0x86>)
2000180a:	681b      	ldr	r3, [r3, #0]
2000180c:	685a      	ldr	r2, [r3, #4]
2000180e:	687b      	ldr	r3, [r7, #4]
20001810:	1ad3      	subs	r3, r2, r3
20001812:	2b00      	cmp	r3, #0
20001814:	ddec      	ble.n	200017f0 <vect_TIM5+0x1a>
  if (timerQ) {
20001816:	4b11      	ldr	r3, [pc, #68]	@ (2000185c <vect_TIM5+0x86>)
20001818:	681b      	ldr	r3, [r3, #0]
2000181a:	2b00      	cmp	r3, #0
2000181c:	d016      	beq.n	2000184c <vect_TIM5+0x76>
#ifdef __USE_FUTURE_CHECK_TIMER
    Time timcount = TIM_GetCounter(TIM5);
2000181e:	480e      	ldr	r0, [pc, #56]	@ (20001858 <vect_TIM5+0x82>)
20001820:	f003 fc47 	bl	200050b2 <TIM_GetCounter>
20001824:	4603      	mov	r3, r0
20001826:	603b      	str	r3, [r7, #0]
    if (timerQ->baseline < timcount)
20001828:	4b0c      	ldr	r3, [pc, #48]	@ (2000185c <vect_TIM5+0x86>)
2000182a:	681b      	ldr	r3, [r3, #0]
2000182c:	685b      	ldr	r3, [r3, #4]
2000182e:	683a      	ldr	r2, [r7, #0]
20001830:	429a      	cmp	r2, r3
20001832:	dd04      	ble.n	2000183e <vect_TIM5+0x68>
      RED_ALERT(); // Next event is in the past!
20001834:	2200      	movs	r2, #0
20001836:	2102      	movs	r1, #2
20001838:	480a      	ldr	r0, [pc, #40]	@ (20001864 <vect_TIM5+0x8e>)
2000183a:	f002 fb4f 	bl	20003edc <GPIO_WriteBit>
#endif
    TIMERSET(timerQ);
2000183e:	4b07      	ldr	r3, [pc, #28]	@ (2000185c <vect_TIM5+0x86>)
20001840:	681b      	ldr	r3, [r3, #0]
20001842:	685b      	ldr	r3, [r3, #4]
20001844:	4619      	mov	r1, r3
20001846:	4804      	ldr	r0, [pc, #16]	@ (20001858 <vect_TIM5+0x82>)
20001848:	f003 ff65 	bl	20005716 <TIM_SetCompare1>
#endif
#ifdef __USE_SAFE_TIMER
  TIM_Cmd(TIM5, ENABLE);
#endif

  schedule();
2000184c:	f000 f89a 	bl	20001984 <schedule>
}
20001850:	bf00      	nop
20001852:	3708      	adds	r7, #8
20001854:	46bd      	mov	sp, r7
20001856:	bd80      	pop	{r7, pc}
20001858:	40000c00 	.word	0x40000c00
2000185c:	20012340 	.word	0x20012340
20001860:	2001233c 	.word	0x2001233c
20001864:	40020400 	.word	0x40020400

20001868 <__svc_dispatch>:

/* context switching */

__attribute__((naked)) void __svc_dispatch(Thread next) {
20001868:	4603      	mov	r3, r0
  upcoming = next;
2000186a:	4a02      	ldr	r2, [pc, #8]	@ (20001874 <__svc_dispatch+0xc>)
2000186c:	6013      	str	r3, [r2, #0]
  asm volatile("svc 0x10\n"
2000186e:	df10      	svc	16
20001870:	46f7      	mov	pc, lr
               "mov pc, lr\n");
}
20001872:	bf00      	nop
20001874:	20012354 	.word	0x20012354

20001878 <__pendSV_dispatch>:

__attribute__((naked)) void __pendSV_dispatch(Thread next) {
20001878:	4603      	mov	r3, r0
  upcoming = next;
2000187a:	4a05      	ldr	r2, [pc, #20]	@ (20001890 <__pendSV_dispatch+0x18>)
2000187c:	6013      	str	r3, [r2, #0]
  SCB->ICSR |= (1 << 28); // SCB_ICSR_PENDSVSET_Msk
2000187e:	4b05      	ldr	r3, [pc, #20]	@ (20001894 <__pendSV_dispatch+0x1c>)
20001880:	685b      	ldr	r3, [r3, #4]
20001882:	4a04      	ldr	r2, [pc, #16]	@ (20001894 <__pendSV_dispatch+0x1c>)
20001884:	f043 5380 	orr.w	r3, r3, #268435456	@ 0x10000000
20001888:	6053      	str	r3, [r2, #4]
  asm volatile("mov pc, lr\n");
2000188a:	46f7      	mov	pc, lr
}
2000188c:	bf00      	nop
2000188e:	bf00      	nop
20001890:	20012354 	.word	0x20012354
20001894:	e000ed00 	.word	0xe000ed00

20001898 <dispatch>:

void dispatch(Thread next) {
20001898:	b580      	push	{r7, lr}
2000189a:	b082      	sub	sp, #8
2000189c:	af00      	add	r7, sp, #0
2000189e:	6078      	str	r0, [r7, #4]
  DUMP(", mode = ");
  DUMPD(__CURRENT_EXCEPTION);
  DUMP("\n\r");
#endif

  if (THREADMODE()) {
200018a0:	4b09      	ldr	r3, [pc, #36]	@ (200018c8 <dispatch+0x30>)
200018a2:	685b      	ldr	r3, [r3, #4]
200018a4:	f3c3 0308 	ubfx	r3, r3, #0, #9
200018a8:	2b00      	cmp	r3, #0
200018aa:	d103      	bne.n	200018b4 <dispatch+0x1c>
    __svc_dispatch(next);
200018ac:	6878      	ldr	r0, [r7, #4]
200018ae:	f7ff ffdb 	bl	20001868 <__svc_dispatch>
200018b2:	e002      	b.n	200018ba <dispatch+0x22>
  } else {
    __pendSV_dispatch(next);
200018b4:	6878      	ldr	r0, [r7, #4]
200018b6:	f7ff ffdf 	bl	20001878 <__pendSV_dispatch>
  }

  ENABLE(1);
200018ba:	f7ff fd08 	bl	200012ce <cli>
}
200018be:	bf00      	nop
200018c0:	3708      	adds	r7, #8
200018c2:	46bd      	mov	sp, r7
200018c4:	bd80      	pop	{r7, pc}
200018c6:	bf00      	nop
200018c8:	e000ed00 	.word	0xe000ed00

200018cc <run>:

static void run(void) {
200018cc:	b590      	push	{r4, r7, lr}
200018ce:	b085      	sub	sp, #20
200018d0:	af00      	add	r7, sp, #0
    DUMP(", Exception = ");
    DUMPD(__CURRENT_EXCEPTION);
    DUMP("\n\r");
#endif

    Msg this = current->msg = dequeue(&msgQ); // Get first pending message
200018d2:	4b23      	ldr	r3, [pc, #140]	@ (20001960 <run+0x94>)
200018d4:	681c      	ldr	r4, [r3, #0]
200018d6:	4823      	ldr	r0, [pc, #140]	@ (20001964 <run+0x98>)
200018d8:	f7ff fec8 	bl	2000166c <dequeue>
200018dc:	4603      	mov	r3, r0
200018de:	60e3      	str	r3, [r4, #12]
200018e0:	68e3      	ldr	r3, [r4, #12]
200018e2:	60bb      	str	r3, [r7, #8]
    DUMP(", method = ");
    DUMPH((unsigned int)this->method);
    DUMP("\n\r");
#endif

    ENABLE(1);
200018e4:	f7ff fcf3 	bl	200012ce <cli>
    SYNC(this->to, this->method, this->arg);
200018e8:	68bb      	ldr	r3, [r7, #8]
200018ea:	68d8      	ldr	r0, [r3, #12]
200018ec:	68bb      	ldr	r3, [r7, #8]
200018ee:	6919      	ldr	r1, [r3, #16]
200018f0:	68bb      	ldr	r3, [r7, #8]
200018f2:	695b      	ldr	r3, [r3, #20]
200018f4:	461a      	mov	r2, r3
200018f6:	f000 f915 	bl	20001b24 <sync>
    DISABLE();
200018fa:	f7ff fcd9 	bl	200012b0 <sei>

    insert(this, &msgPool);
200018fe:	491a      	ldr	r1, [pc, #104]	@ (20001968 <run+0x9c>)
20001900:	68b8      	ldr	r0, [r7, #8]
20001902:	f7ff ff03 	bl	2000170c <insert>

    oldMsg = activeStack->next->msg;
20001906:	4b19      	ldr	r3, [pc, #100]	@ (2000196c <run+0xa0>)
20001908:	681b      	ldr	r3, [r3, #0]
2000190a:	689b      	ldr	r3, [r3, #8]
2000190c:	68db      	ldr	r3, [r3, #12]
2000190e:	607b      	str	r3, [r7, #4]
    if (!msgQ || (oldMsg && (msgQ->deadline - oldMsg->deadline > 0))) {
20001910:	4b14      	ldr	r3, [pc, #80]	@ (20001964 <run+0x98>)
20001912:	681b      	ldr	r3, [r3, #0]
20001914:	2b00      	cmp	r3, #0
20001916:	d00a      	beq.n	2000192e <run+0x62>
20001918:	687b      	ldr	r3, [r7, #4]
2000191a:	2b00      	cmp	r3, #0
2000191c:	d0d9      	beq.n	200018d2 <run+0x6>
2000191e:	4b11      	ldr	r3, [pc, #68]	@ (20001964 <run+0x98>)
20001920:	681b      	ldr	r3, [r3, #0]
20001922:	689a      	ldr	r2, [r3, #8]
20001924:	687b      	ldr	r3, [r7, #4]
20001926:	689b      	ldr	r3, [r3, #8]
20001928:	1ad3      	subs	r3, r2, r3
2000192a:	2b00      	cmp	r3, #0
2000192c:	ddd1      	ble.n	200018d2 <run+0x6>
      Thread t;
      push(pop(&activeStack), &threadPool);
2000192e:	480f      	ldr	r0, [pc, #60]	@ (2000196c <run+0xa0>)
20001930:	f7ff ff10 	bl	20001754 <pop>
20001934:	4603      	mov	r3, r0
20001936:	490e      	ldr	r1, [pc, #56]	@ (20001970 <run+0xa4>)
20001938:	4618      	mov	r0, r3
2000193a:	f7ff fef9 	bl	20001730 <push>
      t = activeStack; // can't be NULL, may be &thread0
2000193e:	4b0b      	ldr	r3, [pc, #44]	@ (2000196c <run+0xa0>)
20001940:	681b      	ldr	r3, [r3, #0]
20001942:	60fb      	str	r3, [r7, #12]
      while (t->waitsFor)
20001944:	e003      	b.n	2000194e <run+0x82>
        t = t->waitsFor->ownedBy;
20001946:	68fb      	ldr	r3, [r7, #12]
20001948:	691b      	ldr	r3, [r3, #16]
2000194a:	681b      	ldr	r3, [r3, #0]
2000194c:	60fb      	str	r3, [r7, #12]
      while (t->waitsFor)
2000194e:	68fb      	ldr	r3, [r7, #12]
20001950:	691b      	ldr	r3, [r3, #16]
20001952:	2b00      	cmp	r3, #0
20001954:	d1f7      	bne.n	20001946 <run+0x7a>
#ifdef __TRACE_DISPATCH
      DUMP("dispatch() in run()");
      DUMP("\n\r");
#endif
      dispatch(t);
20001956:	68f8      	ldr	r0, [r7, #12]
20001958:	f7ff ff9e 	bl	20001898 <dispatch>
  while (1) {
2000195c:	e7b9      	b.n	200018d2 <run+0x6>
2000195e:	bf00      	nop
20001960:	200095ec 	.word	0x200095ec
20001964:	2001233c 	.word	0x2001233c
20001968:	200095e0 	.word	0x200095e0
2000196c:	200095e8 	.word	0x200095e8
20001970:	200095e4 	.word	0x200095e4

20001974 <idle>:
    }
  }
}

static void idle(void) {
20001974:	b580      	push	{r7, lr}
20001976:	af00      	add	r7, sp, #0
#ifdef __TRACE_SCHEDULE
  DUMP("schedule() in idle()");
  DUMP("\n\r");
#endif
  schedule();
20001978:	f000 f804 	bl	20001984 <schedule>
  while (1) {
    ENABLE(1);
2000197c:	f7ff fca7 	bl	200012ce <cli>
    SLEEP();
20001980:	bf30      	wfi
    ENABLE(1);
20001982:	e7fb      	b.n	2000197c <idle+0x8>

20001984 <schedule>:
  }
}

static void schedule(void) {
20001984:	b580      	push	{r7, lr}
20001986:	b082      	sub	sp, #8
20001988:	af00      	add	r7, sp, #0
  Msg topMsg = activeStack->msg;
2000198a:	4b14      	ldr	r3, [pc, #80]	@ (200019dc <schedule+0x58>)
2000198c:	681b      	ldr	r3, [r3, #0]
2000198e:	68db      	ldr	r3, [r3, #12]
20001990:	607b      	str	r3, [r7, #4]
  DUMP(", topMsg = ");
  DUMPH((unsigned int)topMsg);
  DUMP("\n\r");
#endif

  if (msgQ && threadPool &&
20001992:	4b13      	ldr	r3, [pc, #76]	@ (200019e0 <schedule+0x5c>)
20001994:	681b      	ldr	r3, [r3, #0]
20001996:	2b00      	cmp	r3, #0
20001998:	d01b      	beq.n	200019d2 <schedule+0x4e>
2000199a:	4b12      	ldr	r3, [pc, #72]	@ (200019e4 <schedule+0x60>)
2000199c:	681b      	ldr	r3, [r3, #0]
2000199e:	2b00      	cmp	r3, #0
200019a0:	d017      	beq.n	200019d2 <schedule+0x4e>
200019a2:	687b      	ldr	r3, [r7, #4]
200019a4:	2b00      	cmp	r3, #0
200019a6:	d007      	beq.n	200019b8 <schedule+0x34>
      ((!topMsg) || (msgQ->deadline - topMsg->deadline < 0))) {
200019a8:	4b0d      	ldr	r3, [pc, #52]	@ (200019e0 <schedule+0x5c>)
200019aa:	681b      	ldr	r3, [r3, #0]
200019ac:	689a      	ldr	r2, [r3, #8]
200019ae:	687b      	ldr	r3, [r7, #4]
200019b0:	689b      	ldr	r3, [r3, #8]
200019b2:	1ad3      	subs	r3, r2, r3
200019b4:	2b00      	cmp	r3, #0
200019b6:	da0c      	bge.n	200019d2 <schedule+0x4e>
    push(pop(&threadPool), &activeStack);
200019b8:	480a      	ldr	r0, [pc, #40]	@ (200019e4 <schedule+0x60>)
200019ba:	f7ff fecb 	bl	20001754 <pop>
200019be:	4603      	mov	r3, r0
200019c0:	4906      	ldr	r1, [pc, #24]	@ (200019dc <schedule+0x58>)
200019c2:	4618      	mov	r0, r3
200019c4:	f7ff feb4 	bl	20001730 <push>

#ifdef __TRACE_DISPATCH
    DUMP("dispatch() in schedule()");
    DUMP("\n\r");
#endif
    dispatch(activeStack);
200019c8:	4b04      	ldr	r3, [pc, #16]	@ (200019dc <schedule+0x58>)
200019ca:	681b      	ldr	r3, [r3, #0]
200019cc:	4618      	mov	r0, r3
200019ce:	f7ff ff63 	bl	20001898 <dispatch>
  }
}
200019d2:	bf00      	nop
200019d4:	3708      	adds	r7, #8
200019d6:	46bd      	mov	sp, r7
200019d8:	bd80      	pop	{r7, pc}
200019da:	bf00      	nop
200019dc:	200095e8 	.word	0x200095e8
200019e0:	2001233c 	.word	0x2001233c
200019e4:	200095e4 	.word	0x200095e4

200019e8 <async>:

/* communication primitives */
Msg async(Time bl, Time dl, Object *to, Method meth, int arg) {
200019e8:	b580      	push	{r7, lr}
200019ea:	b088      	sub	sp, #32
200019ec:	af00      	add	r7, sp, #0
200019ee:	60f8      	str	r0, [r7, #12]
200019f0:	60b9      	str	r1, [r7, #8]
200019f2:	607a      	str	r2, [r7, #4]
200019f4:	603b      	str	r3, [r7, #0]
  __ASM volatile ("MRS %0, basepri_max" : "=r" (result) );
200019f6:	f3ef 8312 	mrs	r3, BASEPRI_MAX
200019fa:	613b      	str	r3, [r7, #16]
  return(result);
200019fc:	693b      	ldr	r3, [r7, #16]
  Msg m;
  Time now;
  char wasEnabled = ENABLED();
200019fe:	091b      	lsrs	r3, r3, #4
20001a00:	2b01      	cmp	r3, #1
20001a02:	bf14      	ite	ne
20001a04:	2301      	movne	r3, #1
20001a06:	2300      	moveq	r3, #0
20001a08:	b2db      	uxtb	r3, r3
20001a0a:	77fb      	strb	r3, [r7, #31]
  DISABLE();
20001a0c:	f7ff fc50 	bl	200012b0 <sei>
  m = dequeue_pool(&msgPool); // Get new message template
20001a10:	483a      	ldr	r0, [pc, #232]	@ (20001afc <async+0x114>)
20001a12:	f7ff fe53 	bl	200016bc <dequeue_pool>
20001a16:	61b8      	str	r0, [r7, #24]
  m->to = to;
20001a18:	69bb      	ldr	r3, [r7, #24]
20001a1a:	687a      	ldr	r2, [r7, #4]
20001a1c:	60da      	str	r2, [r3, #12]
  m->method = meth;
20001a1e:	69bb      	ldr	r3, [r7, #24]
20001a20:	683a      	ldr	r2, [r7, #0]
20001a22:	611a      	str	r2, [r3, #16]
  m->arg = arg;
20001a24:	69bb      	ldr	r3, [r7, #24]
20001a26:	6aba      	ldr	r2, [r7, #40]	@ 0x28
20001a28:	615a      	str	r2, [r3, #20]
  m->baseline = (runAsHardware ? timestamp : current->msg->baseline) + bl;
20001a2a:	4b35      	ldr	r3, [pc, #212]	@ (20001b00 <async+0x118>)
20001a2c:	681b      	ldr	r3, [r3, #0]
20001a2e:	2b00      	cmp	r3, #0
20001a30:	d104      	bne.n	20001a3c <async+0x54>
20001a32:	4b34      	ldr	r3, [pc, #208]	@ (20001b04 <async+0x11c>)
20001a34:	681b      	ldr	r3, [r3, #0]
20001a36:	68db      	ldr	r3, [r3, #12]
20001a38:	685b      	ldr	r3, [r3, #4]
20001a3a:	e001      	b.n	20001a40 <async+0x58>
20001a3c:	4b32      	ldr	r3, [pc, #200]	@ (20001b08 <async+0x120>)
20001a3e:	681b      	ldr	r3, [r3, #0]
20001a40:	68fa      	ldr	r2, [r7, #12]
20001a42:	441a      	add	r2, r3
20001a44:	69bb      	ldr	r3, [r7, #24]
20001a46:	605a      	str	r2, [r3, #4]
  m->deadline = m->baseline + (dl > 0 ? dl : INFINITY);
20001a48:	69bb      	ldr	r3, [r7, #24]
20001a4a:	685a      	ldr	r2, [r3, #4]
20001a4c:	68bb      	ldr	r3, [r7, #8]
20001a4e:	2b00      	cmp	r3, #0
20001a50:	dd01      	ble.n	20001a56 <async+0x6e>
20001a52:	68bb      	ldr	r3, [r7, #8]
20001a54:	e001      	b.n	20001a5a <async+0x72>
20001a56:	f06f 4300 	mvn.w	r3, #2147483648	@ 0x80000000
20001a5a:	441a      	add	r2, r3
20001a5c:	69bb      	ldr	r3, [r7, #24]
20001a5e:	609a      	str	r2, [r3, #8]

#ifdef __USE_SAFE_TIMER
  TIM_Cmd(TIM5, DISABLE);
#endif
  TIMERGET(now);
20001a60:	482a      	ldr	r0, [pc, #168]	@ (20001b0c <async+0x124>)
20001a62:	f003 fb26 	bl	200050b2 <TIM_GetCounter>
20001a66:	4603      	mov	r3, r0
20001a68:	617b      	str	r3, [r7, #20]
          DUMPD(wasEnabled);
          DUMP(", runAsHardware = ");
          DUMPD(runAsHardware);
          DUMP("\n\r"); */

  if (m->baseline - now > 0) { // baseline has not yet passed
20001a6a:	69bb      	ldr	r3, [r7, #24]
20001a6c:	685a      	ldr	r2, [r3, #4]
20001a6e:	697b      	ldr	r3, [r7, #20]
20001a70:	1ad3      	subs	r3, r2, r3
20001a72:	2b00      	cmp	r3, #0
20001a74:	dd16      	ble.n	20001aa4 <async+0xbc>
#ifdef __TRACE_ASYNC1
    DUMP("enqueueByBaseline() in async()");
    DUMP("\n\r");
#endif
    enqueueByBaseline(m, &timerQ);
20001a76:	4926      	ldr	r1, [pc, #152]	@ (20001b10 <async+0x128>)
20001a78:	69b8      	ldr	r0, [r7, #24]
20001a7a:	f7ff fdcb 	bl	20001614 <enqueueByBaseline>
#ifdef __USE_FUTURE_CHECK_TIMER
    if (timerQ->baseline < now)
20001a7e:	4b24      	ldr	r3, [pc, #144]	@ (20001b10 <async+0x128>)
20001a80:	681b      	ldr	r3, [r3, #0]
20001a82:	685b      	ldr	r3, [r3, #4]
20001a84:	697a      	ldr	r2, [r7, #20]
20001a86:	429a      	cmp	r2, r3
20001a88:	dd04      	ble.n	20001a94 <async+0xac>
      RED_ALERT(); // Next event is in the past!
20001a8a:	2200      	movs	r2, #0
20001a8c:	2102      	movs	r1, #2
20001a8e:	4821      	ldr	r0, [pc, #132]	@ (20001b14 <async+0x12c>)
20001a90:	f002 fa24 	bl	20003edc <GPIO_WriteBit>
#endif
    TIMERSET(timerQ);
20001a94:	4b1e      	ldr	r3, [pc, #120]	@ (20001b10 <async+0x128>)
20001a96:	681b      	ldr	r3, [r3, #0]
20001a98:	685b      	ldr	r3, [r3, #4]
20001a9a:	4619      	mov	r1, r3
20001a9c:	481b      	ldr	r0, [pc, #108]	@ (20001b0c <async+0x124>)
20001a9e:	f003 fe3a 	bl	20005716 <TIM_SetCompare1>
20001aa2:	e021      	b.n	20001ae8 <async+0x100>
    DUMP("\n\r");
#endif
#ifdef __USE_SAFE_TIMER
    TIM_Cmd(TIM5, ENABLE);
#endif
    enqueueByDeadline(m, &msgQ);
20001aa4:	491c      	ldr	r1, [pc, #112]	@ (20001b18 <async+0x130>)
20001aa6:	69b8      	ldr	r0, [r7, #24]
20001aa8:	f7ff fd88 	bl	200015bc <enqueueByDeadline>
    if (wasEnabled && threadPool &&
20001aac:	7ffb      	ldrb	r3, [r7, #31]
20001aae:	2b00      	cmp	r3, #0
20001ab0:	d01a      	beq.n	20001ae8 <async+0x100>
20001ab2:	4b1a      	ldr	r3, [pc, #104]	@ (20001b1c <async+0x134>)
20001ab4:	681b      	ldr	r3, [r3, #0]
20001ab6:	2b00      	cmp	r3, #0
20001ab8:	d016      	beq.n	20001ae8 <async+0x100>
        (msgQ->deadline - activeStack->msg->deadline < 0)) {
20001aba:	4b17      	ldr	r3, [pc, #92]	@ (20001b18 <async+0x130>)
20001abc:	681b      	ldr	r3, [r3, #0]
20001abe:	689a      	ldr	r2, [r3, #8]
20001ac0:	4b17      	ldr	r3, [pc, #92]	@ (20001b20 <async+0x138>)
20001ac2:	681b      	ldr	r3, [r3, #0]
20001ac4:	68db      	ldr	r3, [r3, #12]
20001ac6:	689b      	ldr	r3, [r3, #8]
20001ac8:	1ad3      	subs	r3, r2, r3
    if (wasEnabled && threadPool &&
20001aca:	2b00      	cmp	r3, #0
20001acc:	da0c      	bge.n	20001ae8 <async+0x100>
      push(pop(&threadPool), &activeStack);
20001ace:	4813      	ldr	r0, [pc, #76]	@ (20001b1c <async+0x134>)
20001ad0:	f7ff fe40 	bl	20001754 <pop>
20001ad4:	4603      	mov	r3, r0
20001ad6:	4912      	ldr	r1, [pc, #72]	@ (20001b20 <async+0x138>)
20001ad8:	4618      	mov	r0, r3
20001ada:	f7ff fe29 	bl	20001730 <push>
#ifdef __TRACE_DISPATCH
      DUMP("dispatch() in async()");
      DUMP("\n\r");
#endif
      dispatch(activeStack);
20001ade:	4b10      	ldr	r3, [pc, #64]	@ (20001b20 <async+0x138>)
20001ae0:	681b      	ldr	r3, [r3, #0]
20001ae2:	4618      	mov	r0, r3
20001ae4:	f7ff fed8 	bl	20001898 <dispatch>
    }
  }

  ENABLE(wasEnabled);
20001ae8:	7ffb      	ldrb	r3, [r7, #31]
20001aea:	2b00      	cmp	r3, #0
20001aec:	d001      	beq.n	20001af2 <async+0x10a>
20001aee:	f7ff fbee 	bl	200012ce <cli>
  return m;
20001af2:	69bb      	ldr	r3, [r7, #24]
}
20001af4:	4618      	mov	r0, r3
20001af6:	3720      	adds	r7, #32
20001af8:	46bd      	mov	sp, r7
20001afa:	bd80      	pop	{r7, pc}
20001afc:	200095e0 	.word	0x200095e0
20001b00:	20012344 	.word	0x20012344
20001b04:	200095ec 	.word	0x200095ec
20001b08:	2001234c 	.word	0x2001234c
20001b0c:	40000c00 	.word	0x40000c00
20001b10:	20012340 	.word	0x20012340
20001b14:	40020400 	.word	0x40020400
20001b18:	2001233c 	.word	0x2001233c
20001b1c:	200095e4 	.word	0x200095e4
20001b20:	200095e8 	.word	0x200095e8

20001b24 <sync>:

int sync(Object *to, Method meth, int arg) {
20001b24:	b580      	push	{r7, lr}
20001b26:	b088      	sub	sp, #32
20001b28:	af00      	add	r7, sp, #0
20001b2a:	60f8      	str	r0, [r7, #12]
20001b2c:	60b9      	str	r1, [r7, #8]
20001b2e:	607a      	str	r2, [r7, #4]
  __ASM volatile ("MRS %0, basepri_max" : "=r" (result) );
20001b30:	f3ef 8312 	mrs	r3, BASEPRI_MAX
20001b34:	613b      	str	r3, [r7, #16]
  return(result);
20001b36:	693b      	ldr	r3, [r7, #16]
  Thread t;
  int result;
  char wasEnabled = ENABLED();
20001b38:	091b      	lsrs	r3, r3, #4
20001b3a:	2b01      	cmp	r3, #1
20001b3c:	bf14      	ite	ne
20001b3e:	2301      	movne	r3, #1
20001b40:	2300      	moveq	r3, #0
20001b42:	b2db      	uxtb	r3, r3
20001b44:	76fb      	strb	r3, [r7, #27]

  DISABLE();
20001b46:	f7ff fbb3 	bl	200012b0 <sei>

  //	DUMP("Entered sync(): ");
  //	DUMP("\n\r");

  t = to->ownedBy;
20001b4a:	68fb      	ldr	r3, [r7, #12]
20001b4c:	681b      	ldr	r3, [r3, #0]
20001b4e:	61fb      	str	r3, [r7, #28]
  if (t) { // to is already locked
20001b50:	69fb      	ldr	r3, [r7, #28]
20001b52:	2b00      	cmp	r3, #0
20001b54:	d037      	beq.n	20001bc6 <sync+0xa2>
    while (t->waitsFor)
20001b56:	e003      	b.n	20001b60 <sync+0x3c>
      t = t->waitsFor->ownedBy;
20001b58:	69fb      	ldr	r3, [r7, #28]
20001b5a:	691b      	ldr	r3, [r3, #16]
20001b5c:	681b      	ldr	r3, [r3, #0]
20001b5e:	61fb      	str	r3, [r7, #28]
    while (t->waitsFor)
20001b60:	69fb      	ldr	r3, [r7, #28]
20001b62:	691b      	ldr	r3, [r3, #16]
20001b64:	2b00      	cmp	r3, #0
20001b66:	d1f7      	bne.n	20001b58 <sync+0x34>
    if (t == current || !wasEnabled) { // deadlock!
20001b68:	4b30      	ldr	r3, [pc, #192]	@ (20001c2c <sync+0x108>)
20001b6a:	681b      	ldr	r3, [r3, #0]
20001b6c:	69fa      	ldr	r2, [r7, #28]
20001b6e:	429a      	cmp	r2, r3
20001b70:	d002      	beq.n	20001b78 <sync+0x54>
20001b72:	7efb      	ldrb	r3, [r7, #27]
20001b74:	2b00      	cmp	r3, #0
20001b76:	d107      	bne.n	20001b88 <sync+0x64>
      ENABLE(wasEnabled);
20001b78:	7efb      	ldrb	r3, [r7, #27]
20001b7a:	2b00      	cmp	r3, #0
20001b7c:	d001      	beq.n	20001b82 <sync+0x5e>
20001b7e:	f7ff fba6 	bl	200012ce <cli>
      return -1;
20001b82:	f04f 33ff 	mov.w	r3, #4294967295	@ 0xffffffff
20001b86:	e04d      	b.n	20001c24 <sync+0x100>
    }
    if (to->wantedBy) // must be a lower priority thread
20001b88:	68fb      	ldr	r3, [r7, #12]
20001b8a:	685b      	ldr	r3, [r3, #4]
20001b8c:	2b00      	cmp	r3, #0
20001b8e:	d003      	beq.n	20001b98 <sync+0x74>
      to->wantedBy->waitsFor = NULL;
20001b90:	68fb      	ldr	r3, [r7, #12]
20001b92:	685b      	ldr	r3, [r3, #4]
20001b94:	2200      	movs	r2, #0
20001b96:	611a      	str	r2, [r3, #16]
    to->wantedBy = current;
20001b98:	4b24      	ldr	r3, [pc, #144]	@ (20001c2c <sync+0x108>)
20001b9a:	681a      	ldr	r2, [r3, #0]
20001b9c:	68fb      	ldr	r3, [r7, #12]
20001b9e:	605a      	str	r2, [r3, #4]
    current->waitsFor = to;
20001ba0:	4b22      	ldr	r3, [pc, #136]	@ (20001c2c <sync+0x108>)
20001ba2:	681b      	ldr	r3, [r3, #0]
20001ba4:	68fa      	ldr	r2, [r7, #12]
20001ba6:	611a      	str	r2, [r3, #16]
#ifdef __TRACE_DISPATCH
    DUMP("dispatch() in sync() - already locked");
    DUMP("\n\r");
#endif
    dispatch(t);
20001ba8:	69f8      	ldr	r0, [r7, #28]
20001baa:	f7ff fe75 	bl	20001898 <dispatch>
    if (current->msg == NULL) { // message was aborted (when called from run)
20001bae:	4b1f      	ldr	r3, [pc, #124]	@ (20001c2c <sync+0x108>)
20001bb0:	681b      	ldr	r3, [r3, #0]
20001bb2:	68db      	ldr	r3, [r3, #12]
20001bb4:	2b00      	cmp	r3, #0
20001bb6:	d106      	bne.n	20001bc6 <sync+0xa2>
      ENABLE(wasEnabled);
20001bb8:	7efb      	ldrb	r3, [r7, #27]
20001bba:	2b00      	cmp	r3, #0
20001bbc:	d001      	beq.n	20001bc2 <sync+0x9e>
20001bbe:	f7ff fb86 	bl	200012ce <cli>
      return 0;
20001bc2:	2300      	movs	r3, #0
20001bc4:	e02e      	b.n	20001c24 <sync+0x100>
    }
  }
  to->ownedBy = current;
20001bc6:	4b19      	ldr	r3, [pc, #100]	@ (20001c2c <sync+0x108>)
20001bc8:	681a      	ldr	r2, [r3, #0]
20001bca:	68fb      	ldr	r3, [r7, #12]
20001bcc:	601a      	str	r2, [r3, #0]
  ENABLE(wasEnabled &&
20001bce:	7efb      	ldrb	r3, [r7, #27]
20001bd0:	2b00      	cmp	r3, #0
20001bd2:	d005      	beq.n	20001be0 <sync+0xbc>
20001bd4:	68fb      	ldr	r3, [r7, #12]
20001bd6:	685b      	ldr	r3, [r3, #4]
20001bd8:	2b01      	cmp	r3, #1
20001bda:	d001      	beq.n	20001be0 <sync+0xbc>
20001bdc:	f7ff fb77 	bl	200012ce <cli>
         (to->wantedBy !=
          INSTALLED_TAG)); // don't enable interrupts if running as handler
  result = meth(to, arg);
20001be0:	68bb      	ldr	r3, [r7, #8]
20001be2:	6879      	ldr	r1, [r7, #4]
20001be4:	68f8      	ldr	r0, [r7, #12]
20001be6:	4798      	blx	r3
20001be8:	6178      	str	r0, [r7, #20]
  DISABLE();
20001bea:	f7ff fb61 	bl	200012b0 <sei>
  to->ownedBy = NULL;
20001bee:	68fb      	ldr	r3, [r7, #12]
20001bf0:	2200      	movs	r2, #0
20001bf2:	601a      	str	r2, [r3, #0]
  t = to->wantedBy;
20001bf4:	68fb      	ldr	r3, [r7, #12]
20001bf6:	685b      	ldr	r3, [r3, #4]
20001bf8:	61fb      	str	r3, [r7, #28]
  if (t && (t != INSTALLED_TAG)) { // we have run on someone's behalf
20001bfa:	69fb      	ldr	r3, [r7, #28]
20001bfc:	2b00      	cmp	r3, #0
20001bfe:	d00b      	beq.n	20001c18 <sync+0xf4>
20001c00:	69fb      	ldr	r3, [r7, #28]
20001c02:	2b01      	cmp	r3, #1
20001c04:	d008      	beq.n	20001c18 <sync+0xf4>
    to->wantedBy = NULL;
20001c06:	68fb      	ldr	r3, [r7, #12]
20001c08:	2200      	movs	r2, #0
20001c0a:	605a      	str	r2, [r3, #4]
    t->waitsFor = NULL;
20001c0c:	69fb      	ldr	r3, [r7, #28]
20001c0e:	2200      	movs	r2, #0
20001c10:	611a      	str	r2, [r3, #16]
#ifdef __TRACE_DISPATCH
    DUMP("dispatch() in sync() - run on someone's behalf");
    DUMP("\n\r");
#endif
    dispatch(t);
20001c12:	69f8      	ldr	r0, [r7, #28]
20001c14:	f7ff fe40 	bl	20001898 <dispatch>
  }
  ENABLE(wasEnabled);
20001c18:	7efb      	ldrb	r3, [r7, #27]
20001c1a:	2b00      	cmp	r3, #0
20001c1c:	d001      	beq.n	20001c22 <sync+0xfe>
20001c1e:	f7ff fb56 	bl	200012ce <cli>
  return result;
20001c22:	697b      	ldr	r3, [r7, #20]
}
20001c24:	4618      	mov	r0, r3
20001c26:	3720      	adds	r7, #32
20001c28:	46bd      	mov	sp, r7
20001c2a:	bd80      	pop	{r7, pc}
20001c2c:	200095ec 	.word	0x200095ec

20001c30 <ABORT>:

void ABORT(Msg m) {
20001c30:	b580      	push	{r7, lr}
20001c32:	b086      	sub	sp, #24
20001c34:	af00      	add	r7, sp, #0
20001c36:	6078      	str	r0, [r7, #4]
  __ASM volatile ("MRS %0, basepri_max" : "=r" (result) );
20001c38:	f3ef 8312 	mrs	r3, BASEPRI_MAX
20001c3c:	60fb      	str	r3, [r7, #12]
  return(result);
20001c3e:	68fb      	ldr	r3, [r7, #12]
  char wasEnabled = ENABLED();
20001c40:	091b      	lsrs	r3, r3, #4
20001c42:	2b01      	cmp	r3, #1
20001c44:	bf14      	ite	ne
20001c46:	2301      	movne	r3, #1
20001c48:	2300      	moveq	r3, #0
20001c4a:	b2db      	uxtb	r3, r3
20001c4c:	74fb      	strb	r3, [r7, #19]
  DISABLE();
20001c4e:	f7ff fb2f 	bl	200012b0 <sei>

  if (remove(m, &timerQ) || remove(m, &msgQ))
20001c52:	491f      	ldr	r1, [pc, #124]	@ (20001cd0 <ABORT+0xa0>)
20001c54:	6878      	ldr	r0, [r7, #4]
20001c56:	f7ff fd8f 	bl	20001778 <remove>
20001c5a:	4603      	mov	r3, r0
20001c5c:	2b00      	cmp	r3, #0
20001c5e:	d106      	bne.n	20001c6e <ABORT+0x3e>
20001c60:	491c      	ldr	r1, [pc, #112]	@ (20001cd4 <ABORT+0xa4>)
20001c62:	6878      	ldr	r0, [r7, #4]
20001c64:	f7ff fd88 	bl	20001778 <remove>
20001c68:	4603      	mov	r3, r0
20001c6a:	2b00      	cmp	r3, #0
20001c6c:	d004      	beq.n	20001c78 <ABORT+0x48>
    insert(m, &msgPool);
20001c6e:	491a      	ldr	r1, [pc, #104]	@ (20001cd8 <ABORT+0xa8>)
20001c70:	6878      	ldr	r0, [r7, #4]
20001c72:	f7ff fd4b 	bl	2000170c <insert>
20001c76:	e021      	b.n	20001cbc <ABORT+0x8c>
  else {
    Thread t = activeStack;
20001c78:	4b18      	ldr	r3, [pc, #96]	@ (20001cdc <ABORT+0xac>)
20001c7a:	681b      	ldr	r3, [r3, #0]
20001c7c:	617b      	str	r3, [r7, #20]
    while (t) {
20001c7e:	e01a      	b.n	20001cb6 <ABORT+0x86>
      if ((t != current) && (t->msg == m) && (t->waitsFor == m->to)) {
20001c80:	4b17      	ldr	r3, [pc, #92]	@ (20001ce0 <ABORT+0xb0>)
20001c82:	681b      	ldr	r3, [r3, #0]
20001c84:	697a      	ldr	r2, [r7, #20]
20001c86:	429a      	cmp	r2, r3
20001c88:	d012      	beq.n	20001cb0 <ABORT+0x80>
20001c8a:	697b      	ldr	r3, [r7, #20]
20001c8c:	68db      	ldr	r3, [r3, #12]
20001c8e:	687a      	ldr	r2, [r7, #4]
20001c90:	429a      	cmp	r2, r3
20001c92:	d10d      	bne.n	20001cb0 <ABORT+0x80>
20001c94:	697b      	ldr	r3, [r7, #20]
20001c96:	691a      	ldr	r2, [r3, #16]
20001c98:	687b      	ldr	r3, [r7, #4]
20001c9a:	68db      	ldr	r3, [r3, #12]
20001c9c:	429a      	cmp	r2, r3
20001c9e:	d107      	bne.n	20001cb0 <ABORT+0x80>
        t->msg = NULL;
20001ca0:	697b      	ldr	r3, [r7, #20]
20001ca2:	2200      	movs	r2, #0
20001ca4:	60da      	str	r2, [r3, #12]
        insert(m, &msgPool);
20001ca6:	490c      	ldr	r1, [pc, #48]	@ (20001cd8 <ABORT+0xa8>)
20001ca8:	6878      	ldr	r0, [r7, #4]
20001caa:	f7ff fd2f 	bl	2000170c <insert>
        break;
20001cae:	e005      	b.n	20001cbc <ABORT+0x8c>
      }
      t = t->next;
20001cb0:	697b      	ldr	r3, [r7, #20]
20001cb2:	689b      	ldr	r3, [r3, #8]
20001cb4:	617b      	str	r3, [r7, #20]
    while (t) {
20001cb6:	697b      	ldr	r3, [r7, #20]
20001cb8:	2b00      	cmp	r3, #0
20001cba:	d1e1      	bne.n	20001c80 <ABORT+0x50>
    }
  }
  ENABLE(wasEnabled);
20001cbc:	7cfb      	ldrb	r3, [r7, #19]
20001cbe:	2b00      	cmp	r3, #0
20001cc0:	d001      	beq.n	20001cc6 <ABORT+0x96>
20001cc2:	f7ff fb04 	bl	200012ce <cli>
}
20001cc6:	bf00      	nop
20001cc8:	3718      	adds	r7, #24
20001cca:	46bd      	mov	sp, r7
20001ccc:	bd80      	pop	{r7, pc}
20001cce:	bf00      	nop
20001cd0:	20012340 	.word	0x20012340
20001cd4:	2001233c 	.word	0x2001233c
20001cd8:	200095e0 	.word	0x200095e0
20001cdc:	200095e8 	.word	0x200095e8
20001ce0:	200095ec 	.word	0x200095ec

20001ce4 <T_RESET>:

void T_RESET(Timer *t) {
20001ce4:	b480      	push	{r7}
20001ce6:	b085      	sub	sp, #20
20001ce8:	af00      	add	r7, sp, #0
20001cea:	6078      	str	r0, [r7, #4]
  __ASM volatile ("MRS %0, basepri_max" : "=r" (result) );
20001cec:	f3ef 8312 	mrs	r3, BASEPRI_MAX
20001cf0:	60fb      	str	r3, [r7, #12]
  return(result);
20001cf2:	68fb      	ldr	r3, [r7, #12]
  t->accum = ENABLED() ? current->msg->baseline : timestamp;
20001cf4:	091b      	lsrs	r3, r3, #4
20001cf6:	2b01      	cmp	r3, #1
20001cf8:	d004      	beq.n	20001d04 <T_RESET+0x20>
20001cfa:	4b07      	ldr	r3, [pc, #28]	@ (20001d18 <T_RESET+0x34>)
20001cfc:	681b      	ldr	r3, [r3, #0]
20001cfe:	68db      	ldr	r3, [r3, #12]
20001d00:	685b      	ldr	r3, [r3, #4]
20001d02:	e001      	b.n	20001d08 <T_RESET+0x24>
20001d04:	4b05      	ldr	r3, [pc, #20]	@ (20001d1c <T_RESET+0x38>)
20001d06:	681b      	ldr	r3, [r3, #0]
20001d08:	687a      	ldr	r2, [r7, #4]
20001d0a:	6013      	str	r3, [r2, #0]
}
20001d0c:	bf00      	nop
20001d0e:	3714      	adds	r7, #20
20001d10:	46bd      	mov	sp, r7
20001d12:	f85d 7b04 	ldr.w	r7, [sp], #4
20001d16:	4770      	bx	lr
20001d18:	200095ec 	.word	0x200095ec
20001d1c:	2001234c 	.word	0x2001234c

20001d20 <T_SAMPLE>:

Time T_SAMPLE(Timer *t) {
20001d20:	b480      	push	{r7}
20001d22:	b085      	sub	sp, #20
20001d24:	af00      	add	r7, sp, #0
20001d26:	6078      	str	r0, [r7, #4]
  __ASM volatile ("MRS %0, basepri_max" : "=r" (result) );
20001d28:	f3ef 8312 	mrs	r3, BASEPRI_MAX
20001d2c:	60fb      	str	r3, [r7, #12]
  return(result);
20001d2e:	68fb      	ldr	r3, [r7, #12]
  return (ENABLED() ? current->msg->baseline : timestamp) - t->accum;
20001d30:	091b      	lsrs	r3, r3, #4
20001d32:	2b01      	cmp	r3, #1
20001d34:	d004      	beq.n	20001d40 <T_SAMPLE+0x20>
20001d36:	4b08      	ldr	r3, [pc, #32]	@ (20001d58 <T_SAMPLE+0x38>)
20001d38:	681b      	ldr	r3, [r3, #0]
20001d3a:	68db      	ldr	r3, [r3, #12]
20001d3c:	685b      	ldr	r3, [r3, #4]
20001d3e:	e001      	b.n	20001d44 <T_SAMPLE+0x24>
20001d40:	4b06      	ldr	r3, [pc, #24]	@ (20001d5c <T_SAMPLE+0x3c>)
20001d42:	681b      	ldr	r3, [r3, #0]
20001d44:	687a      	ldr	r2, [r7, #4]
20001d46:	6812      	ldr	r2, [r2, #0]
20001d48:	1a9b      	subs	r3, r3, r2
}
20001d4a:	4618      	mov	r0, r3
20001d4c:	3714      	adds	r7, #20
20001d4e:	46bd      	mov	sp, r7
20001d50:	f85d 7b04 	ldr.w	r7, [sp], #4
20001d54:	4770      	bx	lr
20001d56:	bf00      	nop
20001d58:	200095ec 	.word	0x200095ec
20001d5c:	2001234c 	.word	0x2001234c

20001d60 <CURRENT_OFFSET>:

Time CURRENT_OFFSET(void) {
20001d60:	b580      	push	{r7, lr}
20001d62:	b084      	sub	sp, #16
20001d64:	af00      	add	r7, sp, #0
  __ASM volatile ("MRS %0, basepri_max" : "=r" (result) );
20001d66:	f3ef 8312 	mrs	r3, BASEPRI_MAX
20001d6a:	607b      	str	r3, [r7, #4]
  return(result);
20001d6c:	687b      	ldr	r3, [r7, #4]
  Time now;
  char wasEnabled = ENABLED();
20001d6e:	091b      	lsrs	r3, r3, #4
20001d70:	2b01      	cmp	r3, #1
20001d72:	bf14      	ite	ne
20001d74:	2301      	movne	r3, #1
20001d76:	2300      	moveq	r3, #0
20001d78:	b2db      	uxtb	r3, r3
20001d7a:	73fb      	strb	r3, [r7, #15]
  DISABLE();
20001d7c:	f7ff fa98 	bl	200012b0 <sei>
  TIMERGET(now);
20001d80:	480c      	ldr	r0, [pc, #48]	@ (20001db4 <CURRENT_OFFSET+0x54>)
20001d82:	f003 f996 	bl	200050b2 <TIM_GetCounter>
20001d86:	4603      	mov	r3, r0
20001d88:	60bb      	str	r3, [r7, #8]
  ENABLE(wasEnabled);
20001d8a:	7bfb      	ldrb	r3, [r7, #15]
20001d8c:	2b00      	cmp	r3, #0
20001d8e:	d001      	beq.n	20001d94 <CURRENT_OFFSET+0x34>
20001d90:	f7ff fa9d 	bl	200012ce <cli>
  return now - (wasEnabled ? current->msg->baseline : timestamp);
20001d94:	7bfb      	ldrb	r3, [r7, #15]
20001d96:	2b00      	cmp	r3, #0
20001d98:	d004      	beq.n	20001da4 <CURRENT_OFFSET+0x44>
20001d9a:	4b07      	ldr	r3, [pc, #28]	@ (20001db8 <CURRENT_OFFSET+0x58>)
20001d9c:	681b      	ldr	r3, [r3, #0]
20001d9e:	68db      	ldr	r3, [r3, #12]
20001da0:	685b      	ldr	r3, [r3, #4]
20001da2:	e001      	b.n	20001da8 <CURRENT_OFFSET+0x48>
20001da4:	4b05      	ldr	r3, [pc, #20]	@ (20001dbc <CURRENT_OFFSET+0x5c>)
20001da6:	681b      	ldr	r3, [r3, #0]
20001da8:	68ba      	ldr	r2, [r7, #8]
20001daa:	1ad3      	subs	r3, r2, r3
}
20001dac:	4618      	mov	r0, r3
20001dae:	3710      	adds	r7, #16
20001db0:	46bd      	mov	sp, r7
20001db2:	bd80      	pop	{r7, pc}
20001db4:	40000c00 	.word	0x40000c00
20001db8:	200095ec 	.word	0x200095ec
20001dbc:	2001234c 	.word	0x2001234c

20001dc0 <initialize>:

/* initialization */
static void initialize(void) {
20001dc0:	b580      	push	{r7, lr}
20001dc2:	b082      	sub	sp, #8
20001dc4:	af00      	add	r7, sp, #0
  int i;

  for (i = 0; i < NMSGS - 1; i++)
20001dc6:	2300      	movs	r3, #0
20001dc8:	607b      	str	r3, [r7, #4]
20001dca:	e012      	b.n	20001df2 <initialize+0x32>
    messages[i].next = &messages[i + 1];
20001dcc:	687b      	ldr	r3, [r7, #4]
20001dce:	1c5a      	adds	r2, r3, #1
20001dd0:	4613      	mov	r3, r2
20001dd2:	005b      	lsls	r3, r3, #1
20001dd4:	4413      	add	r3, r2
20001dd6:	00db      	lsls	r3, r3, #3
20001dd8:	4a44      	ldr	r2, [pc, #272]	@ (20001eec <initialize+0x12c>)
20001dda:	1899      	adds	r1, r3, r2
20001ddc:	4843      	ldr	r0, [pc, #268]	@ (20001eec <initialize+0x12c>)
20001dde:	687a      	ldr	r2, [r7, #4]
20001de0:	4613      	mov	r3, r2
20001de2:	005b      	lsls	r3, r3, #1
20001de4:	4413      	add	r3, r2
20001de6:	00db      	lsls	r3, r3, #3
20001de8:	4403      	add	r3, r0
20001dea:	6019      	str	r1, [r3, #0]
  for (i = 0; i < NMSGS - 1; i++)
20001dec:	687b      	ldr	r3, [r7, #4]
20001dee:	3301      	adds	r3, #1
20001df0:	607b      	str	r3, [r7, #4]
20001df2:	687b      	ldr	r3, [r7, #4]
20001df4:	2b1c      	cmp	r3, #28
20001df6:	dde9      	ble.n	20001dcc <initialize+0xc>
  messages[NMSGS - 1].next = NULL;
20001df8:	4b3c      	ldr	r3, [pc, #240]	@ (20001eec <initialize+0x12c>)
20001dfa:	2200      	movs	r2, #0
20001dfc:	f8c3 22b8 	str.w	r2, [r3, #696]	@ 0x2b8

  for (i = 0; i < NTHREADS - 1; i++)
20001e00:	2300      	movs	r3, #0
20001e02:	607b      	str	r3, [r7, #4]
20001e04:	e013      	b.n	20001e2e <initialize+0x6e>
    threads[i].next = &threads[i + 1];
20001e06:	687b      	ldr	r3, [r7, #4]
20001e08:	1c5a      	adds	r2, r3, #1
20001e0a:	4613      	mov	r3, r2
20001e0c:	009b      	lsls	r3, r3, #2
20001e0e:	4413      	add	r3, r2
20001e10:	009b      	lsls	r3, r3, #2
20001e12:	4a37      	ldr	r2, [pc, #220]	@ (20001ef0 <initialize+0x130>)
20001e14:	1899      	adds	r1, r3, r2
20001e16:	4836      	ldr	r0, [pc, #216]	@ (20001ef0 <initialize+0x130>)
20001e18:	687a      	ldr	r2, [r7, #4]
20001e1a:	4613      	mov	r3, r2
20001e1c:	009b      	lsls	r3, r3, #2
20001e1e:	4413      	add	r3, r2
20001e20:	009b      	lsls	r3, r3, #2
20001e22:	4403      	add	r3, r0
20001e24:	3308      	adds	r3, #8
20001e26:	6019      	str	r1, [r3, #0]
  for (i = 0; i < NTHREADS - 1; i++)
20001e28:	687b      	ldr	r3, [r7, #4]
20001e2a:	3301      	adds	r3, #1
20001e2c:	607b      	str	r3, [r7, #4]
20001e2e:	687b      	ldr	r3, [r7, #4]
20001e30:	2b02      	cmp	r3, #2
20001e32:	dde8      	ble.n	20001e06 <initialize+0x46>
  threads[NTHREADS - 1].next = NULL;
20001e34:	4b2e      	ldr	r3, [pc, #184]	@ (20001ef0 <initialize+0x130>)
20001e36:	2200      	movs	r2, #0
20001e38:	645a      	str	r2, [r3, #68]	@ 0x44

  for (i = 0; i < NTHREADS; i++) {
20001e3a:	2300      	movs	r3, #0
20001e3c:	607b      	str	r3, [r7, #4]
20001e3e:	e030      	b.n	20001ea2 <initialize+0xe2>
    threads[i].thread_no = i;
20001e40:	492b      	ldr	r1, [pc, #172]	@ (20001ef0 <initialize+0x130>)
20001e42:	687a      	ldr	r2, [r7, #4]
20001e44:	4613      	mov	r3, r2
20001e46:	009b      	lsls	r3, r3, #2
20001e48:	4413      	add	r3, r2
20001e4a:	009b      	lsls	r3, r3, #2
20001e4c:	440b      	add	r3, r1
20001e4e:	3304      	adds	r3, #4
20001e50:	687a      	ldr	r2, [r7, #4]
20001e52:	601a      	str	r2, [r3, #0]
    SETCONTEXT(threads[i].context);
    SETSTACK(&threads[i].context, &stacks[i]);
20001e54:	687a      	ldr	r2, [r7, #4]
20001e56:	4613      	mov	r3, r2
20001e58:	009b      	lsls	r3, r3, #2
20001e5a:	4413      	add	r3, r2
20001e5c:	009b      	lsls	r3, r3, #2
20001e5e:	4a24      	ldr	r2, [pc, #144]	@ (20001ef0 <initialize+0x130>)
20001e60:	441a      	add	r2, r3
20001e62:	687b      	ldr	r3, [r7, #4]
20001e64:	035b      	lsls	r3, r3, #13
20001e66:	4923      	ldr	r1, [pc, #140]	@ (20001ef4 <initialize+0x134>)
20001e68:	440b      	add	r3, r1
20001e6a:	4619      	mov	r1, r3
20001e6c:	4610      	mov	r0, r2
20001e6e:	f7ff fa5f 	bl	20001330 <SETSTACK>
    SETPC(&threads[i].context, run);
20001e72:	687a      	ldr	r2, [r7, #4]
20001e74:	4613      	mov	r3, r2
20001e76:	009b      	lsls	r3, r3, #2
20001e78:	4413      	add	r3, r2
20001e7a:	009b      	lsls	r3, r3, #2
20001e7c:	4a1c      	ldr	r2, [pc, #112]	@ (20001ef0 <initialize+0x130>)
20001e7e:	4413      	add	r3, r2
20001e80:	491d      	ldr	r1, [pc, #116]	@ (20001ef8 <initialize+0x138>)
20001e82:	4618      	mov	r0, r3
20001e84:	f7ff fa87 	bl	20001396 <SETPC>
    threads[i].waitsFor = NULL;
20001e88:	4919      	ldr	r1, [pc, #100]	@ (20001ef0 <initialize+0x130>)
20001e8a:	687a      	ldr	r2, [r7, #4]
20001e8c:	4613      	mov	r3, r2
20001e8e:	009b      	lsls	r3, r3, #2
20001e90:	4413      	add	r3, r2
20001e92:	009b      	lsls	r3, r3, #2
20001e94:	440b      	add	r3, r1
20001e96:	3310      	adds	r3, #16
20001e98:	2200      	movs	r2, #0
20001e9a:	601a      	str	r2, [r3, #0]
  for (i = 0; i < NTHREADS; i++) {
20001e9c:	687b      	ldr	r3, [r7, #4]
20001e9e:	3301      	adds	r3, #1
20001ea0:	607b      	str	r3, [r7, #4]
20001ea2:	687b      	ldr	r3, [r7, #4]
20001ea4:	2b03      	cmp	r3, #3
20001ea6:	ddcb      	ble.n	20001e40 <initialize+0x80>
  }

  thread0.thread_no = -1;
20001ea8:	4b14      	ldr	r3, [pc, #80]	@ (20001efc <initialize+0x13c>)
20001eaa:	f04f 32ff 	mov.w	r2, #4294967295	@ 0xffffffff
20001eae:	605a      	str	r2, [r3, #4]
  thread0.next = NULL;
20001eb0:	4b12      	ldr	r3, [pc, #72]	@ (20001efc <initialize+0x13c>)
20001eb2:	2200      	movs	r2, #0
20001eb4:	609a      	str	r2, [r3, #8]
  thread0.waitsFor = NULL;
20001eb6:	4b11      	ldr	r3, [pc, #68]	@ (20001efc <initialize+0x13c>)
20001eb8:	2200      	movs	r2, #0
20001eba:	611a      	str	r2, [r3, #16]
  thread0.msg = NULL;
20001ebc:	4b0f      	ldr	r3, [pc, #60]	@ (20001efc <initialize+0x13c>)
20001ebe:	2200      	movs	r2, #0
20001ec0:	60da      	str	r2, [r3, #12]

  DUMP("\n\r");
20001ec2:	480f      	ldr	r0, [pc, #60]	@ (20001f00 <initialize+0x140>)
20001ec4:	f7ff f956 	bl	20001174 <DUMP>
  DUMP("TinyTimber ");
20001ec8:	480e      	ldr	r0, [pc, #56]	@ (20001f04 <initialize+0x144>)
20001eca:	f7ff f953 	bl	20001174 <DUMP>
  DUMP(TINYTIMBER_VERSION);
20001ece:	480e      	ldr	r0, [pc, #56]	@ (20001f08 <initialize+0x148>)
20001ed0:	f7ff f950 	bl	20001174 <DUMP>
  DUMP("\n\r");
20001ed4:	480a      	ldr	r0, [pc, #40]	@ (20001f00 <initialize+0x140>)
20001ed6:	f7ff f94d 	bl	20001174 <DUMP>
  DUMP("\n\r");
20001eda:	4809      	ldr	r0, [pc, #36]	@ (20001f00 <initialize+0x140>)
20001edc:	f7ff f94a 	bl	20001174 <DUMP>

  TIMER_INIT();
20001ee0:	f7ff fa6b 	bl	200013ba <TIMER_INIT>
}
20001ee4:	bf00      	nop
20001ee6:	3708      	adds	r7, #8
20001ee8:	46bd      	mov	sp, r7
20001eea:	bd80      	pop	{r7, pc}
20001eec:	2000a004 	.word	0x2000a004
20001ef0:	2000a2d4 	.word	0x2000a2d4
20001ef4:	2000a328 	.word	0x2000a328
20001ef8:	200018cd 	.word	0x200018cd
20001efc:	20012328 	.word	0x20012328
20001f00:	200080dc 	.word	0x200080dc
20001f04:	200080e0 	.word	0x200080e0
20001f08:	200080ec 	.word	0x200080ec

20001f0c <install>:

void install(Object *obj, Method m, enum Vector i) {
20001f0c:	b580      	push	{r7, lr}
20001f0e:	b086      	sub	sp, #24
20001f10:	af00      	add	r7, sp, #0
20001f12:	60f8      	str	r0, [r7, #12]
20001f14:	60b9      	str	r1, [r7, #8]
20001f16:	4613      	mov	r3, r2
20001f18:	71fb      	strb	r3, [r7, #7]
  if (i >= 0 && i < N_VECTORS) {
20001f1a:	79fb      	ldrb	r3, [r7, #7]
20001f1c:	2b02      	cmp	r3, #2
20001f1e:	d841      	bhi.n	20001fa4 <install+0x98>
  __ASM volatile ("MRS %0, basepri_max" : "=r" (result) );
20001f20:	f3ef 8312 	mrs	r3, BASEPRI_MAX
20001f24:	613b      	str	r3, [r7, #16]
  return(result);
20001f26:	693b      	ldr	r3, [r7, #16]
    char wasEnabled = ENABLED();
20001f28:	091b      	lsrs	r3, r3, #4
20001f2a:	2b01      	cmp	r3, #1
20001f2c:	bf14      	ite	ne
20001f2e:	2301      	movne	r3, #1
20001f30:	2300      	moveq	r3, #0
20001f32:	b2db      	uxtb	r3, r3
20001f34:	75fb      	strb	r3, [r7, #23]
    DISABLE();
20001f36:	f7ff f9bb 	bl	200012b0 <sei>
    switch (i) {
20001f3a:	79fb      	ldrb	r3, [r7, #7]
20001f3c:	2b02      	cmp	r3, #2
20001f3e:	d00e      	beq.n	20001f5e <install+0x52>
20001f40:	2b02      	cmp	r3, #2
20001f42:	dc10      	bgt.n	20001f66 <install+0x5a>
20001f44:	2b00      	cmp	r3, #0
20001f46:	d002      	beq.n	20001f4e <install+0x42>
20001f48:	2b01      	cmp	r3, #1
20001f4a:	d004      	beq.n	20001f56 <install+0x4a>
20001f4c:	e00b      	b.n	20001f66 <install+0x5a>
    case IRQ_USART1:
      *((void (**)(void))USART1_IRQ_VECTOR) = vect_USART1;
20001f4e:	4b17      	ldr	r3, [pc, #92]	@ (20001fac <install+0xa0>)
20001f50:	4a17      	ldr	r2, [pc, #92]	@ (20001fb0 <install+0xa4>)
20001f52:	601a      	str	r2, [r3, #0]
      break;
20001f54:	e014      	b.n	20001f80 <install+0x74>

    case IRQ_CAN1:
      *((void (**)(void))CAN1_IRQ_VECTOR) = vect_CAN1;
20001f56:	4b17      	ldr	r3, [pc, #92]	@ (20001fb4 <install+0xa8>)
20001f58:	4a17      	ldr	r2, [pc, #92]	@ (20001fb8 <install+0xac>)
20001f5a:	601a      	str	r2, [r3, #0]
      break;
20001f5c:	e010      	b.n	20001f80 <install+0x74>

    case IRQ_EXTI9_5:
      *((void (**)(void))EXTI9_5_IRQ_VECTOR) = vect_EXTI9_5;
20001f5e:	4b17      	ldr	r3, [pc, #92]	@ (20001fbc <install+0xb0>)
20001f60:	4a17      	ldr	r2, [pc, #92]	@ (20001fc0 <install+0xb4>)
20001f62:	601a      	str	r2, [r3, #0]
      break;
20001f64:	e00c      	b.n	20001f80 <install+0x74>

    default:
      PANIC("Device IRQ not supported ...");
20001f66:	4817      	ldr	r0, [pc, #92]	@ (20001fc4 <install+0xb8>)
20001f68:	f7ff f904 	bl	20001174 <DUMP>
20001f6c:	2200      	movs	r2, #0
20001f6e:	2102      	movs	r1, #2
20001f70:	4815      	ldr	r0, [pc, #84]	@ (20001fc8 <install+0xbc>)
20001f72:	f001 ffb3 	bl	20003edc <GPIO_WriteBit>
20001f76:	4815      	ldr	r0, [pc, #84]	@ (20001fcc <install+0xc0>)
20001f78:	f7ff f8fc 	bl	20001174 <DUMP>
20001f7c:	bf30      	wfi
20001f7e:	e7fd      	b.n	20001f7c <install+0x70>
    }
    otable[i] = obj;
20001f80:	79fb      	ldrb	r3, [r7, #7]
20001f82:	4913      	ldr	r1, [pc, #76]	@ (20001fd0 <install+0xc4>)
20001f84:	68fa      	ldr	r2, [r7, #12]
20001f86:	f841 2023 	str.w	r2, [r1, r3, lsl #2]
    mtable[i] = m;
20001f8a:	79fb      	ldrb	r3, [r7, #7]
20001f8c:	4911      	ldr	r1, [pc, #68]	@ (20001fd4 <install+0xc8>)
20001f8e:	68ba      	ldr	r2, [r7, #8]
20001f90:	f841 2023 	str.w	r2, [r1, r3, lsl #2]
    obj->wantedBy = INSTALLED_TAG; // Mark object as subject to synchronization
20001f94:	68fb      	ldr	r3, [r7, #12]
20001f96:	2201      	movs	r2, #1
20001f98:	605a      	str	r2, [r3, #4]
                                   // by interrupt disabling
    ENABLE(wasEnabled);
20001f9a:	7dfb      	ldrb	r3, [r7, #23]
20001f9c:	2b00      	cmp	r3, #0
20001f9e:	d001      	beq.n	20001fa4 <install+0x98>
20001fa0:	f7ff f995 	bl	200012ce <cli>
  }
}
20001fa4:	bf00      	nop
20001fa6:	3718      	adds	r7, #24
20001fa8:	46bd      	mov	sp, r7
20001faa:	bd80      	pop	{r7, pc}
20001fac:	2001c0d4 	.word	0x2001c0d4
20001fb0:	20001485 	.word	0x20001485
20001fb4:	2001c090 	.word	0x2001c090
20001fb8:	200014ed 	.word	0x200014ed
20001fbc:	2001c09c 	.word	0x2001c09c
20001fc0:	20001555 	.word	0x20001555
20001fc4:	200080b8 	.word	0x200080b8
20001fc8:	40020400 	.word	0x40020400
20001fcc:	20008104 	.word	0x20008104
20001fd0:	20012364 	.word	0x20012364
20001fd4:	20012358 	.word	0x20012358

20001fd8 <tinytimber>:

int tinytimber(Object *obj, Method meth, int arg) {
20001fd8:	b580      	push	{r7, lr}
20001fda:	b086      	sub	sp, #24
20001fdc:	af02      	add	r7, sp, #8
20001fde:	60f8      	str	r0, [r7, #12]
20001fe0:	60b9      	str	r1, [r7, #8]
20001fe2:	607a      	str	r2, [r7, #4]
  DISABLE();
20001fe4:	f7ff f964 	bl	200012b0 <sei>
  initialize();
20001fe8:	f7ff feea 	bl	20001dc0 <initialize>
  if (meth != NULL) {
20001fec:	68bb      	ldr	r3, [r7, #8]
20001fee:	2b00      	cmp	r3, #0
20001ff0:	d016      	beq.n	20002020 <tinytimber+0x48>
    TIMERGET(timestamp);
20001ff2:	480f      	ldr	r0, [pc, #60]	@ (20002030 <tinytimber+0x58>)
20001ff4:	f003 f85d 	bl	200050b2 <TIM_GetCounter>
20001ff8:	4603      	mov	r3, r0
20001ffa:	461a      	mov	r2, r3
20001ffc:	4b0d      	ldr	r3, [pc, #52]	@ (20002034 <tinytimber+0x5c>)
20001ffe:	601a      	str	r2, [r3, #0]
    runAsHardware = 1;
20002000:	4b0d      	ldr	r3, [pc, #52]	@ (20002038 <tinytimber+0x60>)
20002002:	2201      	movs	r2, #1
20002004:	601a      	str	r2, [r3, #0]
    ASYNC(obj, meth, arg);
20002006:	687b      	ldr	r3, [r7, #4]
20002008:	9300      	str	r3, [sp, #0]
2000200a:	68bb      	ldr	r3, [r7, #8]
2000200c:	68fa      	ldr	r2, [r7, #12]
2000200e:	2100      	movs	r1, #0
20002010:	2000      	movs	r0, #0
20002012:	f7ff fce9 	bl	200019e8 <async>
    runAsHardware = 0;
20002016:	4b08      	ldr	r3, [pc, #32]	@ (20002038 <tinytimber+0x60>)
20002018:	2200      	movs	r2, #0
2000201a:	601a      	str	r2, [r3, #0]
#ifdef __TRACE_SCHEDULE
    DUMP("schedule() in tinytimber()");
    DUMP("\n\r");
#endif
    schedule();
2000201c:	f7ff fcb2 	bl	20001984 <schedule>
  }
  idle();
20002020:	f7ff fca8 	bl	20001974 <idle>
  return 0;
20002024:	2300      	movs	r3, #0
}
20002026:	4618      	mov	r0, r3
20002028:	3710      	adds	r7, #16
2000202a:	46bd      	mov	sp, r7
2000202c:	bd80      	pop	{r7, pc}
2000202e:	bf00      	nop
20002030:	40000c00 	.word	0x40000c00
20002034:	2001234c 	.word	0x2001234c
20002038:	20012344 	.word	0x20012344

2000203c <vect_SVCall>:
2000203c:	4931      	ldr	r1, [pc, #196]	@ (20002104 <L000b+0x26>)
2000203e:	e000      	b.n	20002042 <vect_PendSV1>

20002040 <vect_PendSV>:
20002040:	4931      	ldr	r1, [pc, #196]	@ (20002108 <L000b+0x2a>)

20002042 <vect_PendSV1>:
20002042:	f3ef 8008 	mrs	r0, MSP
20002046:	ed20 8a10 	vstmdb	r0!, {s16-s31}
2000204a:	4672      	mov	r2, lr
2000204c:	f3ef 8311 	mrs	r3, BASEPRI
20002050:	e920 0ffc 	stmdb	r0!, {r2, r3, r4, r5, r6, r7, r8, r9, sl, fp}
20002054:	4f2d      	ldr	r7, [pc, #180]	@ (2000210c <L000b+0x2e>)
20002056:	f8d7 8000 	ldr.w	r8, [r7]
2000205a:	f8c8 0000 	str.w	r0, [r8]
2000205e:	e01e      	b.n	2000209e <L000a>
20002060:	4608      	mov	r0, r1
20002062:	f7ff f887 	bl	20001174 <DUMP>
20002066:	482a      	ldr	r0, [pc, #168]	@ (20002110 <L000b+0x32>)
20002068:	f7ff f884 	bl	20001174 <DUMP>
2000206c:	4829      	ldr	r0, [pc, #164]	@ (20002114 <L000b+0x36>)
2000206e:	f7ff f881 	bl	20001174 <DUMP>
20002072:	f8d8 0004 	ldr.w	r0, [r8, #4]
20002076:	f7ff f8c9 	bl	2000120c <DUMPD>
2000207a:	4827      	ldr	r0, [pc, #156]	@ (20002118 <L000b+0x3a>)
2000207c:	f7ff f87a 	bl	20001174 <DUMP>
20002080:	f8d8 0000 	ldr.w	r0, [r8]
20002084:	f7ff f893 	bl	200011ae <DUMPH>
20002088:	4824      	ldr	r0, [pc, #144]	@ (2000211c <L000b+0x3e>)
2000208a:	f7ff f873 	bl	20001174 <DUMP>
2000208e:	f8d8 0000 	ldr.w	r0, [r8]
20002092:	6800      	ldr	r0, [r0, #0]
20002094:	f7ff f88b 	bl	200011ae <DUMPH>
20002098:	481d      	ldr	r0, [pc, #116]	@ (20002110 <L000b+0x32>)
2000209a:	f7ff f86b 	bl	20001174 <DUMP>

2000209e <L000a>:
2000209e:	f8df 8080 	ldr.w	r8, [pc, #128]	@ 20002120 <L000b+0x42>
200020a2:	f8d8 8000 	ldr.w	r8, [r8]
200020a6:	f8c7 8000 	str.w	r8, [r7]
200020aa:	e018      	b.n	200020de <L000b>
200020ac:	481d      	ldr	r0, [pc, #116]	@ (20002124 <L000b+0x46>)
200020ae:	f7ff f861 	bl	20001174 <DUMP>
200020b2:	f8d8 0004 	ldr.w	r0, [r8, #4]
200020b6:	f7ff f8a9 	bl	2000120c <DUMPD>
200020ba:	481b      	ldr	r0, [pc, #108]	@ (20002128 <L000b+0x4a>)
200020bc:	f7ff f85a 	bl	20001174 <DUMP>
200020c0:	f8d8 0000 	ldr.w	r0, [r8]
200020c4:	f7ff f873 	bl	200011ae <DUMPH>
200020c8:	4814      	ldr	r0, [pc, #80]	@ (2000211c <L000b+0x3e>)
200020ca:	f7ff f853 	bl	20001174 <DUMP>
200020ce:	f8d8 0000 	ldr.w	r0, [r8]
200020d2:	6800      	ldr	r0, [r0, #0]
200020d4:	f7ff f86b 	bl	200011ae <DUMPH>
200020d8:	480d      	ldr	r0, [pc, #52]	@ (20002110 <L000b+0x32>)
200020da:	f7ff f84b 	bl	20001174 <DUMP>

200020de <L000b>:
200020de:	4a13      	ldr	r2, [pc, #76]	@ (2000212c <L000b+0x4e>)
200020e0:	6853      	ldr	r3, [r2, #4]
200020e2:	f043 6300 	orr.w	r3, r3, #134217728	@ 0x8000000
200020e6:	6053      	str	r3, [r2, #4]
200020e8:	bf00      	nop
200020ea:	f8d8 0000 	ldr.w	r0, [r8]
200020ee:	e8b0 0ffc 	ldmia.w	r0!, {r2, r3, r4, r5, r6, r7, r8, r9, sl, fp}
200020f2:	f383 8811 	msr	BASEPRI, r3
200020f6:	4696      	mov	lr, r2
200020f8:	ecb0 8a10 	vldmia	r0!, {s16-s31}
200020fc:	f380 8808 	msr	MSP, r0
20002100:	4770      	bx	lr
20002102:	0000      	.short	0x0000
20002104:	200095f0 	.word	0x200095f0
20002108:	20009601 	.word	0x20009601
2000210c:	200095ec 	.word	0x200095ec
20002110:	20009671 	.word	0x20009671
20002114:	20009622 	.word	0x20009622
20002118:	2000963a 	.word	0x2000963a
2000211c:	20009642 	.word	0x20009642
20002120:	20012354 	.word	0x20012354
20002124:	2000964b 	.word	0x2000964b
20002128:	20009660 	.word	0x20009660
2000212c:	e000ed00 	.word	0xe000ed00

20002130 <__usart_init>:
20002130:	b480      	push	{r7}
20002132:	af00      	add	r7, sp, #0
20002134:	bf00      	nop
20002136:	46bd      	mov	sp, r7
20002138:	bc80      	pop	{r7}
2000213a:	4770      	bx	lr

2000213c <__can_init>:
2000213c:	b580      	push	{r7, lr}
2000213e:	b086      	sub	sp, #24
20002140:	af00      	add	r7, sp, #0
20002142:	4846      	ldr	r0, [pc, #280]	@ (2000225c <__can_init+0x120>)
20002144:	f001 fcea 	bl	20003b1c <GPIO_DeInit>
20002148:	4845      	ldr	r0, [pc, #276]	@ (20002260 <__can_init+0x124>)
2000214a:	f000 f97f 	bl	2000244c <CAN_DeInit>
2000214e:	4845      	ldr	r0, [pc, #276]	@ (20002264 <__can_init+0x128>)
20002150:	f000 f97c 	bl	2000244c <CAN_DeInit>
20002154:	2101      	movs	r1, #1
20002156:	f04f 7000 	mov.w	r0, #33554432	@ 0x2000000
2000215a:	f002 fb5b 	bl	20004814 <RCC_APB1PeriphClockCmd>
2000215e:	2101      	movs	r1, #1
20002160:	f04f 6080 	mov.w	r0, #67108864	@ 0x4000000
20002164:	f002 fb56 	bl	20004814 <RCC_APB1PeriphClockCmd>
20002168:	2101      	movs	r1, #1
2000216a:	2002      	movs	r0, #2
2000216c:	f002 faf8 	bl	20004760 <RCC_AHB1PeriphClockCmd>
20002170:	2209      	movs	r2, #9
20002172:	2109      	movs	r1, #9
20002174:	4839      	ldr	r0, [pc, #228]	@ (2000225c <__can_init+0x120>)
20002176:	f001 fee7 	bl	20003f48 <GPIO_PinAFConfig>
2000217a:	2209      	movs	r2, #9
2000217c:	2108      	movs	r1, #8
2000217e:	4837      	ldr	r0, [pc, #220]	@ (2000225c <__can_init+0x120>)
20002180:	f001 fee2 	bl	20003f48 <GPIO_PinAFConfig>
20002184:	f107 0310 	add.w	r3, r7, #16
20002188:	4618      	mov	r0, r3
2000218a:	f001 fe07 	bl	20003d9c <GPIO_StructInit>
2000218e:	f44f 7300 	mov.w	r3, #512	@ 0x200
20002192:	613b      	str	r3, [r7, #16]
20002194:	2302      	movs	r3, #2
20002196:	753b      	strb	r3, [r7, #20]
20002198:	2300      	movs	r3, #0
2000219a:	75bb      	strb	r3, [r7, #22]
2000219c:	2300      	movs	r3, #0
2000219e:	75fb      	strb	r3, [r7, #23]
200021a0:	2302      	movs	r3, #2
200021a2:	757b      	strb	r3, [r7, #21]
200021a4:	f107 0310 	add.w	r3, r7, #16
200021a8:	4619      	mov	r1, r3
200021aa:	482c      	ldr	r0, [pc, #176]	@ (2000225c <__can_init+0x120>)
200021ac:	f001 fd68 	bl	20003c80 <GPIO_Init>
200021b0:	f44f 7380 	mov.w	r3, #256	@ 0x100
200021b4:	613b      	str	r3, [r7, #16]
200021b6:	2302      	movs	r3, #2
200021b8:	753b      	strb	r3, [r7, #20]
200021ba:	2300      	movs	r3, #0
200021bc:	75bb      	strb	r3, [r7, #22]
200021be:	2301      	movs	r3, #1
200021c0:	75fb      	strb	r3, [r7, #23]
200021c2:	2302      	movs	r3, #2
200021c4:	757b      	strb	r3, [r7, #21]
200021c6:	f107 0310 	add.w	r3, r7, #16
200021ca:	4619      	mov	r1, r3
200021cc:	4823      	ldr	r0, [pc, #140]	@ (2000225c <__can_init+0x120>)
200021ce:	f001 fd57 	bl	20003c80 <GPIO_Init>
200021d2:	2209      	movs	r2, #9
200021d4:	2106      	movs	r1, #6
200021d6:	4821      	ldr	r0, [pc, #132]	@ (2000225c <__can_init+0x120>)
200021d8:	f001 feb6 	bl	20003f48 <GPIO_PinAFConfig>
200021dc:	2209      	movs	r2, #9
200021de:	2105      	movs	r1, #5
200021e0:	481e      	ldr	r0, [pc, #120]	@ (2000225c <__can_init+0x120>)
200021e2:	f001 feb1 	bl	20003f48 <GPIO_PinAFConfig>
200021e6:	2340      	movs	r3, #64	@ 0x40
200021e8:	613b      	str	r3, [r7, #16]
200021ea:	2302      	movs	r3, #2
200021ec:	753b      	strb	r3, [r7, #20]
200021ee:	2300      	movs	r3, #0
200021f0:	75bb      	strb	r3, [r7, #22]
200021f2:	2300      	movs	r3, #0
200021f4:	75fb      	strb	r3, [r7, #23]
200021f6:	2302      	movs	r3, #2
200021f8:	757b      	strb	r3, [r7, #21]
200021fa:	f107 0310 	add.w	r3, r7, #16
200021fe:	4619      	mov	r1, r3
20002200:	4816      	ldr	r0, [pc, #88]	@ (2000225c <__can_init+0x120>)
20002202:	f001 fd3d 	bl	20003c80 <GPIO_Init>
20002206:	2320      	movs	r3, #32
20002208:	613b      	str	r3, [r7, #16]
2000220a:	2302      	movs	r3, #2
2000220c:	753b      	strb	r3, [r7, #20]
2000220e:	2300      	movs	r3, #0
20002210:	75bb      	strb	r3, [r7, #22]
20002212:	2301      	movs	r3, #1
20002214:	75fb      	strb	r3, [r7, #23]
20002216:	2302      	movs	r3, #2
20002218:	757b      	strb	r3, [r7, #21]
2000221a:	f107 0310 	add.w	r3, r7, #16
2000221e:	4619      	mov	r1, r3
20002220:	480e      	ldr	r0, [pc, #56]	@ (2000225c <__can_init+0x120>)
20002222:	f001 fd2d 	bl	20003c80 <GPIO_Init>
20002226:	2300      	movs	r3, #0
20002228:	72bb      	strb	r3, [r7, #10]
2000222a:	2300      	movs	r3, #0
2000222c:	72fb      	strb	r3, [r7, #11]
2000222e:	2301      	movs	r3, #1
20002230:	733b      	strb	r3, [r7, #12]
20002232:	2300      	movs	r3, #0
20002234:	803b      	strh	r3, [r7, #0]
20002236:	2300      	movs	r3, #0
20002238:	807b      	strh	r3, [r7, #2]
2000223a:	2300      	movs	r3, #0
2000223c:	80bb      	strh	r3, [r7, #4]
2000223e:	2300      	movs	r3, #0
20002240:	80fb      	strh	r3, [r7, #6]
20002242:	2300      	movs	r3, #0
20002244:	813b      	strh	r3, [r7, #8]
20002246:	2301      	movs	r3, #1
20002248:	737b      	strb	r3, [r7, #13]
2000224a:	463b      	mov	r3, r7
2000224c:	4618      	mov	r0, r3
2000224e:	f000 f9f1 	bl	20002634 <CAN_FilterInit>
20002252:	bf00      	nop
20002254:	3718      	adds	r7, #24
20002256:	46bd      	mov	sp, r7
20002258:	bd80      	pop	{r7, pc}
2000225a:	bf00      	nop
2000225c:	40020400 	.word	0x40020400
20002260:	40006400 	.word	0x40006400
20002264:	40006800 	.word	0x40006800

20002268 <__dac_init>:
20002268:	b580      	push	{r7, lr}
2000226a:	b086      	sub	sp, #24
2000226c:	af00      	add	r7, sp, #0
2000226e:	2101      	movs	r1, #1
20002270:	f04f 5000 	mov.w	r0, #536870912	@ 0x20000000
20002274:	f002 face 	bl	20004814 <RCC_APB1PeriphClockCmd>
20002278:	f107 0310 	add.w	r3, r7, #16
2000227c:	4618      	mov	r0, r3
2000227e:	f001 fd8d 	bl	20003d9c <GPIO_StructInit>
20002282:	2320      	movs	r3, #32
20002284:	613b      	str	r3, [r7, #16]
20002286:	2303      	movs	r3, #3
20002288:	753b      	strb	r3, [r7, #20]
2000228a:	2300      	movs	r3, #0
2000228c:	75fb      	strb	r3, [r7, #23]
2000228e:	f107 0310 	add.w	r3, r7, #16
20002292:	4619      	mov	r1, r3
20002294:	480f      	ldr	r0, [pc, #60]	@ (200022d4 <__dac_init+0x6c>)
20002296:	f001 fcf3 	bl	20003c80 <GPIO_Init>
2000229a:	f001 f92b 	bl	200034f4 <DAC_DeInit>
2000229e:	463b      	mov	r3, r7
200022a0:	4618      	mov	r0, r3
200022a2:	f001 f967 	bl	20003574 <DAC_StructInit>
200022a6:	2300      	movs	r3, #0
200022a8:	603b      	str	r3, [r7, #0]
200022aa:	2300      	movs	r3, #0
200022ac:	607b      	str	r3, [r7, #4]
200022ae:	2300      	movs	r3, #0
200022b0:	60fb      	str	r3, [r7, #12]
200022b2:	463b      	mov	r3, r7
200022b4:	4619      	mov	r1, r3
200022b6:	2010      	movs	r0, #16
200022b8:	f001 f92a 	bl	20003510 <DAC_Init>
200022bc:	2101      	movs	r1, #1
200022be:	2010      	movs	r0, #16
200022c0:	f001 f96d 	bl	2000359e <DAC_Cmd>
200022c4:	2100      	movs	r1, #0
200022c6:	2008      	movs	r0, #8
200022c8:	f001 fa10 	bl	200036ec <DAC_SetChannel2Data>
200022cc:	bf00      	nop
200022ce:	3718      	adds	r7, #24
200022d0:	46bd      	mov	sp, r7
200022d2:	bd80      	pop	{r7, pc}
200022d4:	40020000 	.word	0x40020000

200022d8 <__sio_init>:
200022d8:	b580      	push	{r7, lr}
200022da:	b084      	sub	sp, #16
200022dc:	af00      	add	r7, sp, #0
200022de:	2101      	movs	r1, #1
200022e0:	f44f 4080 	mov.w	r0, #16384	@ 0x4000
200022e4:	f002 fab4 	bl	20004850 <RCC_APB2PeriphClockCmd>
200022e8:	2107      	movs	r1, #7
200022ea:	2001      	movs	r0, #1
200022ec:	f002 fcc0 	bl	20004c70 <SYSCFG_EXTILineConfig>
200022f0:	f001 fb12 	bl	20003918 <EXTI_DeInit>
200022f4:	463b      	mov	r3, r7
200022f6:	4618      	mov	r0, r3
200022f8:	f001 fb9a 	bl	20003a30 <EXTI_StructInit>
200022fc:	2380      	movs	r3, #128	@ 0x80
200022fe:	603b      	str	r3, [r7, #0]
20002300:	2300      	movs	r3, #0
20002302:	713b      	strb	r3, [r7, #4]
20002304:	230c      	movs	r3, #12
20002306:	717b      	strb	r3, [r7, #5]
20002308:	2301      	movs	r3, #1
2000230a:	71bb      	strb	r3, [r7, #6]
2000230c:	463b      	mov	r3, r7
2000230e:	4618      	mov	r0, r3
20002310:	f001 fb1c 	bl	2000394c <EXTI_Init>
20002314:	f107 0308 	add.w	r3, r7, #8
20002318:	4618      	mov	r0, r3
2000231a:	f001 fd3f 	bl	20003d9c <GPIO_StructInit>
2000231e:	2302      	movs	r3, #2
20002320:	60bb      	str	r3, [r7, #8]
20002322:	2301      	movs	r3, #1
20002324:	733b      	strb	r3, [r7, #12]
20002326:	2301      	movs	r3, #1
20002328:	73bb      	strb	r3, [r7, #14]
2000232a:	2300      	movs	r3, #0
2000232c:	73fb      	strb	r3, [r7, #15]
2000232e:	2301      	movs	r3, #1
20002330:	737b      	strb	r3, [r7, #13]
20002332:	f107 0308 	add.w	r3, r7, #8
20002336:	4619      	mov	r1, r3
20002338:	4818      	ldr	r0, [pc, #96]	@ (2000239c <__sio_init+0xc4>)
2000233a:	f001 fca1 	bl	20003c80 <GPIO_Init>
2000233e:	2301      	movs	r3, #1
20002340:	60bb      	str	r3, [r7, #8]
20002342:	2301      	movs	r3, #1
20002344:	733b      	strb	r3, [r7, #12]
20002346:	2301      	movs	r3, #1
20002348:	73bb      	strb	r3, [r7, #14]
2000234a:	2300      	movs	r3, #0
2000234c:	73fb      	strb	r3, [r7, #15]
2000234e:	2301      	movs	r3, #1
20002350:	737b      	strb	r3, [r7, #13]
20002352:	f107 0308 	add.w	r3, r7, #8
20002356:	4619      	mov	r1, r3
20002358:	4810      	ldr	r0, [pc, #64]	@ (2000239c <__sio_init+0xc4>)
2000235a:	f001 fc91 	bl	20003c80 <GPIO_Init>
2000235e:	2201      	movs	r2, #1
20002360:	2102      	movs	r1, #2
20002362:	480e      	ldr	r0, [pc, #56]	@ (2000239c <__sio_init+0xc4>)
20002364:	f001 fdba 	bl	20003edc <GPIO_WriteBit>
20002368:	2201      	movs	r2, #1
2000236a:	2101      	movs	r1, #1
2000236c:	480b      	ldr	r0, [pc, #44]	@ (2000239c <__sio_init+0xc4>)
2000236e:	f001 fdb5 	bl	20003edc <GPIO_WriteBit>
20002372:	2380      	movs	r3, #128	@ 0x80
20002374:	60bb      	str	r3, [r7, #8]
20002376:	2300      	movs	r3, #0
20002378:	733b      	strb	r3, [r7, #12]
2000237a:	2300      	movs	r3, #0
2000237c:	73bb      	strb	r3, [r7, #14]
2000237e:	2300      	movs	r3, #0
20002380:	73fb      	strb	r3, [r7, #15]
20002382:	2301      	movs	r3, #1
20002384:	737b      	strb	r3, [r7, #13]
20002386:	f107 0308 	add.w	r3, r7, #8
2000238a:	4619      	mov	r1, r3
2000238c:	4803      	ldr	r0, [pc, #12]	@ (2000239c <__sio_init+0xc4>)
2000238e:	f001 fc77 	bl	20003c80 <GPIO_Init>
20002392:	bf00      	nop
20002394:	3710      	adds	r7, #16
20002396:	46bd      	mov	sp, r7
20002398:	bd80      	pop	{r7, pc}
2000239a:	bf00      	nop
2000239c:	40020400 	.word	0x40020400

200023a0 <__sys_init>:
200023a0:	b480      	push	{r7}
200023a2:	b083      	sub	sp, #12
200023a4:	af00      	add	r7, sp, #0
200023a6:	f3ef 8314 	mrs	r3, CONTROL
200023aa:	603b      	str	r3, [r7, #0]
200023ac:	683b      	ldr	r3, [r7, #0]
200023ae:	f023 0303 	bic.w	r3, r3, #3
200023b2:	607b      	str	r3, [r7, #4]
200023b4:	687b      	ldr	r3, [r7, #4]
200023b6:	f383 8814 	msr	CONTROL, r3
200023ba:	bf00      	nop
200023bc:	4b06      	ldr	r3, [pc, #24]	@ (200023d8 <__sys_init+0x38>)
200023be:	f44f 7204 	mov.w	r2, #528	@ 0x210
200023c2:	615a      	str	r2, [r3, #20]
200023c4:	4b05      	ldr	r3, [pc, #20]	@ (200023dc <__sys_init+0x3c>)
200023c6:	f04f 4200 	mov.w	r2, #2147483648	@ 0x80000000
200023ca:	605a      	str	r2, [r3, #4]
200023cc:	bf00      	nop
200023ce:	370c      	adds	r7, #12
200023d0:	46bd      	mov	sp, r7
200023d2:	bc80      	pop	{r7}
200023d4:	4770      	bx	lr
200023d6:	bf00      	nop
200023d8:	e000ed00 	.word	0xe000ed00
200023dc:	e000ef30 	.word	0xe000ef30

200023e0 <__timer_init>:
200023e0:	b580      	push	{r7, lr}
200023e2:	af00      	add	r7, sp, #0
200023e4:	2101      	movs	r1, #1
200023e6:	2008      	movs	r0, #8
200023e8:	f002 fa14 	bl	20004814 <RCC_APB1PeriphClockCmd>
200023ec:	2101      	movs	r1, #1
200023ee:	2008      	movs	r0, #8
200023f0:	f002 fb3c 	bl	20004a6c <RCC_APB1PeriphClockLPModeCmd>
200023f4:	bf00      	nop
200023f6:	bd80      	pop	{r7, pc}

200023f8 <__bss_init>:
200023f8:	b480      	push	{r7}
200023fa:	af00      	add	r7, sp, #0
200023fc:	4a11      	ldr	r2, [pc, #68]	@ (20002444 <Exit+0xc>)
200023fe:	e002      	b.n	20002406 <LoopFillZerobss>

20002400 <FillZerobss>:
20002400:	2300      	movs	r3, #0
20002402:	f842 3b04 	str.w	r3, [r2], #4

20002406 <LoopFillZerobss>:
20002406:	4b10      	ldr	r3, [pc, #64]	@ (20002448 <Exit+0x10>)
20002408:	429a      	cmp	r2, r3
2000240a:	d3f9      	bcc.n	20002400 <FillZerobss>
2000240c:	bf00      	nop
2000240e:	46bd      	mov	sp, r7
20002410:	bc80      	pop	{r7}
20002412:	4770      	bx	lr

20002414 <Init>:
20002414:	b580      	push	{r7, lr}
20002416:	af00      	add	r7, sp, #0
20002418:	f7ff ffee 	bl	200023f8 <__bss_init>
2000241c:	f7ff fe88 	bl	20002130 <__usart_init>
20002420:	f7ff fe8c 	bl	2000213c <__can_init>
20002424:	f7ff ff20 	bl	20002268 <__dac_init>
20002428:	f7ff ff56 	bl	200022d8 <__sio_init>
2000242c:	f7ff ffb8 	bl	200023a0 <__sys_init>
20002430:	f7ff ffd6 	bl	200023e0 <__timer_init>
20002434:	bf00      	nop
20002436:	bd80      	pop	{r7, pc}

20002438 <Exit>:
20002438:	b480      	push	{r7}
2000243a:	af00      	add	r7, sp, #0
2000243c:	bf00      	nop
2000243e:	46bd      	mov	sp, r7
20002440:	bc80      	pop	{r7}
20002442:	4770      	bx	lr
20002444:	2000a000 	.word	0x2000a000
20002448:	20012384 	.word	0x20012384

2000244c <CAN_DeInit>:
2000244c:	b580      	push	{r7, lr}
2000244e:	b082      	sub	sp, #8
20002450:	af00      	add	r7, sp, #0
20002452:	6078      	str	r0, [r7, #4]
20002454:	687b      	ldr	r3, [r7, #4]
20002456:	4a0e      	ldr	r2, [pc, #56]	@ (20002490 <CAN_DeInit+0x44>)
20002458:	4293      	cmp	r3, r2
2000245a:	d10a      	bne.n	20002472 <CAN_DeInit+0x26>
2000245c:	2101      	movs	r1, #1
2000245e:	f04f 7000 	mov.w	r0, #33554432	@ 0x2000000
20002462:	f002 fa6d 	bl	20004940 <RCC_APB1PeriphResetCmd>
20002466:	2100      	movs	r1, #0
20002468:	f04f 7000 	mov.w	r0, #33554432	@ 0x2000000
2000246c:	f002 fa68 	bl	20004940 <RCC_APB1PeriphResetCmd>
20002470:	e009      	b.n	20002486 <CAN_DeInit+0x3a>
20002472:	2101      	movs	r1, #1
20002474:	f04f 6080 	mov.w	r0, #67108864	@ 0x4000000
20002478:	f002 fa62 	bl	20004940 <RCC_APB1PeriphResetCmd>
2000247c:	2100      	movs	r1, #0
2000247e:	f04f 6080 	mov.w	r0, #67108864	@ 0x4000000
20002482:	f002 fa5d 	bl	20004940 <RCC_APB1PeriphResetCmd>
20002486:	bf00      	nop
20002488:	3708      	adds	r7, #8
2000248a:	46bd      	mov	sp, r7
2000248c:	bd80      	pop	{r7, pc}
2000248e:	bf00      	nop
20002490:	40006400 	.word	0x40006400

20002494 <CAN_Init>:
20002494:	b480      	push	{r7}
20002496:	b085      	sub	sp, #20
20002498:	af00      	add	r7, sp, #0
2000249a:	6078      	str	r0, [r7, #4]
2000249c:	6039      	str	r1, [r7, #0]
2000249e:	2300      	movs	r3, #0
200024a0:	73fb      	strb	r3, [r7, #15]
200024a2:	2300      	movs	r3, #0
200024a4:	60bb      	str	r3, [r7, #8]
200024a6:	687b      	ldr	r3, [r7, #4]
200024a8:	681b      	ldr	r3, [r3, #0]
200024aa:	f023 0202 	bic.w	r2, r3, #2
200024ae:	687b      	ldr	r3, [r7, #4]
200024b0:	601a      	str	r2, [r3, #0]
200024b2:	687b      	ldr	r3, [r7, #4]
200024b4:	681b      	ldr	r3, [r3, #0]
200024b6:	f043 0201 	orr.w	r2, r3, #1
200024ba:	687b      	ldr	r3, [r7, #4]
200024bc:	601a      	str	r2, [r3, #0]
200024be:	e002      	b.n	200024c6 <CAN_Init+0x32>
200024c0:	68bb      	ldr	r3, [r7, #8]
200024c2:	3301      	adds	r3, #1
200024c4:	60bb      	str	r3, [r7, #8]
200024c6:	687b      	ldr	r3, [r7, #4]
200024c8:	685b      	ldr	r3, [r3, #4]
200024ca:	f003 0301 	and.w	r3, r3, #1
200024ce:	2b01      	cmp	r3, #1
200024d0:	d004      	beq.n	200024dc <CAN_Init+0x48>
200024d2:	68bb      	ldr	r3, [r7, #8]
200024d4:	f64f 72ff 	movw	r2, #65535	@ 0xffff
200024d8:	4293      	cmp	r3, r2
200024da:	d1f1      	bne.n	200024c0 <CAN_Init+0x2c>
200024dc:	687b      	ldr	r3, [r7, #4]
200024de:	685b      	ldr	r3, [r3, #4]
200024e0:	f003 0301 	and.w	r3, r3, #1
200024e4:	2b01      	cmp	r3, #1
200024e6:	d002      	beq.n	200024ee <CAN_Init+0x5a>
200024e8:	2300      	movs	r3, #0
200024ea:	73fb      	strb	r3, [r7, #15]
200024ec:	e09c      	b.n	20002628 <CAN_Init+0x194>
200024ee:	683b      	ldr	r3, [r7, #0]
200024f0:	799b      	ldrb	r3, [r3, #6]
200024f2:	2b01      	cmp	r3, #1
200024f4:	d106      	bne.n	20002504 <CAN_Init+0x70>
200024f6:	687b      	ldr	r3, [r7, #4]
200024f8:	681b      	ldr	r3, [r3, #0]
200024fa:	f043 0280 	orr.w	r2, r3, #128	@ 0x80
200024fe:	687b      	ldr	r3, [r7, #4]
20002500:	601a      	str	r2, [r3, #0]
20002502:	e005      	b.n	20002510 <CAN_Init+0x7c>
20002504:	687b      	ldr	r3, [r7, #4]
20002506:	681b      	ldr	r3, [r3, #0]
20002508:	f023 0280 	bic.w	r2, r3, #128	@ 0x80
2000250c:	687b      	ldr	r3, [r7, #4]
2000250e:	601a      	str	r2, [r3, #0]
20002510:	683b      	ldr	r3, [r7, #0]
20002512:	79db      	ldrb	r3, [r3, #7]
20002514:	2b01      	cmp	r3, #1
20002516:	d106      	bne.n	20002526 <CAN_Init+0x92>
20002518:	687b      	ldr	r3, [r7, #4]
2000251a:	681b      	ldr	r3, [r3, #0]
2000251c:	f043 0240 	orr.w	r2, r3, #64	@ 0x40
20002520:	687b      	ldr	r3, [r7, #4]
20002522:	601a      	str	r2, [r3, #0]
20002524:	e005      	b.n	20002532 <CAN_Init+0x9e>
20002526:	687b      	ldr	r3, [r7, #4]
20002528:	681b      	ldr	r3, [r3, #0]
2000252a:	f023 0240 	bic.w	r2, r3, #64	@ 0x40
2000252e:	687b      	ldr	r3, [r7, #4]
20002530:	601a      	str	r2, [r3, #0]
20002532:	683b      	ldr	r3, [r7, #0]
20002534:	7a1b      	ldrb	r3, [r3, #8]
20002536:	2b01      	cmp	r3, #1
20002538:	d106      	bne.n	20002548 <CAN_Init+0xb4>
2000253a:	687b      	ldr	r3, [r7, #4]
2000253c:	681b      	ldr	r3, [r3, #0]
2000253e:	f043 0220 	orr.w	r2, r3, #32
20002542:	687b      	ldr	r3, [r7, #4]
20002544:	601a      	str	r2, [r3, #0]
20002546:	e005      	b.n	20002554 <CAN_Init+0xc0>
20002548:	687b      	ldr	r3, [r7, #4]
2000254a:	681b      	ldr	r3, [r3, #0]
2000254c:	f023 0220 	bic.w	r2, r3, #32
20002550:	687b      	ldr	r3, [r7, #4]
20002552:	601a      	str	r2, [r3, #0]
20002554:	683b      	ldr	r3, [r7, #0]
20002556:	7a5b      	ldrb	r3, [r3, #9]
20002558:	2b01      	cmp	r3, #1
2000255a:	d106      	bne.n	2000256a <CAN_Init+0xd6>
2000255c:	687b      	ldr	r3, [r7, #4]
2000255e:	681b      	ldr	r3, [r3, #0]
20002560:	f043 0210 	orr.w	r2, r3, #16
20002564:	687b      	ldr	r3, [r7, #4]
20002566:	601a      	str	r2, [r3, #0]
20002568:	e005      	b.n	20002576 <CAN_Init+0xe2>
2000256a:	687b      	ldr	r3, [r7, #4]
2000256c:	681b      	ldr	r3, [r3, #0]
2000256e:	f023 0210 	bic.w	r2, r3, #16
20002572:	687b      	ldr	r3, [r7, #4]
20002574:	601a      	str	r2, [r3, #0]
20002576:	683b      	ldr	r3, [r7, #0]
20002578:	7a9b      	ldrb	r3, [r3, #10]
2000257a:	2b01      	cmp	r3, #1
2000257c:	d106      	bne.n	2000258c <CAN_Init+0xf8>
2000257e:	687b      	ldr	r3, [r7, #4]
20002580:	681b      	ldr	r3, [r3, #0]
20002582:	f043 0208 	orr.w	r2, r3, #8
20002586:	687b      	ldr	r3, [r7, #4]
20002588:	601a      	str	r2, [r3, #0]
2000258a:	e005      	b.n	20002598 <CAN_Init+0x104>
2000258c:	687b      	ldr	r3, [r7, #4]
2000258e:	681b      	ldr	r3, [r3, #0]
20002590:	f023 0208 	bic.w	r2, r3, #8
20002594:	687b      	ldr	r3, [r7, #4]
20002596:	601a      	str	r2, [r3, #0]
20002598:	683b      	ldr	r3, [r7, #0]
2000259a:	7adb      	ldrb	r3, [r3, #11]
2000259c:	2b01      	cmp	r3, #1
2000259e:	d106      	bne.n	200025ae <CAN_Init+0x11a>
200025a0:	687b      	ldr	r3, [r7, #4]
200025a2:	681b      	ldr	r3, [r3, #0]
200025a4:	f043 0204 	orr.w	r2, r3, #4
200025a8:	687b      	ldr	r3, [r7, #4]
200025aa:	601a      	str	r2, [r3, #0]
200025ac:	e005      	b.n	200025ba <CAN_Init+0x126>
200025ae:	687b      	ldr	r3, [r7, #4]
200025b0:	681b      	ldr	r3, [r3, #0]
200025b2:	f023 0204 	bic.w	r2, r3, #4
200025b6:	687b      	ldr	r3, [r7, #4]
200025b8:	601a      	str	r2, [r3, #0]
200025ba:	683b      	ldr	r3, [r7, #0]
200025bc:	789b      	ldrb	r3, [r3, #2]
200025be:	079a      	lsls	r2, r3, #30
200025c0:	683b      	ldr	r3, [r7, #0]
200025c2:	78db      	ldrb	r3, [r3, #3]
200025c4:	061b      	lsls	r3, r3, #24
200025c6:	431a      	orrs	r2, r3
200025c8:	683b      	ldr	r3, [r7, #0]
200025ca:	791b      	ldrb	r3, [r3, #4]
200025cc:	041b      	lsls	r3, r3, #16
200025ce:	431a      	orrs	r2, r3
200025d0:	683b      	ldr	r3, [r7, #0]
200025d2:	795b      	ldrb	r3, [r3, #5]
200025d4:	051b      	lsls	r3, r3, #20
200025d6:	431a      	orrs	r2, r3
200025d8:	683b      	ldr	r3, [r7, #0]
200025da:	881b      	ldrh	r3, [r3, #0]
200025dc:	3b01      	subs	r3, #1
200025de:	431a      	orrs	r2, r3
200025e0:	687b      	ldr	r3, [r7, #4]
200025e2:	61da      	str	r2, [r3, #28]
200025e4:	687b      	ldr	r3, [r7, #4]
200025e6:	681b      	ldr	r3, [r3, #0]
200025e8:	f023 0201 	bic.w	r2, r3, #1
200025ec:	687b      	ldr	r3, [r7, #4]
200025ee:	601a      	str	r2, [r3, #0]
200025f0:	2300      	movs	r3, #0
200025f2:	60bb      	str	r3, [r7, #8]
200025f4:	e002      	b.n	200025fc <CAN_Init+0x168>
200025f6:	68bb      	ldr	r3, [r7, #8]
200025f8:	3301      	adds	r3, #1
200025fa:	60bb      	str	r3, [r7, #8]
200025fc:	687b      	ldr	r3, [r7, #4]
200025fe:	685b      	ldr	r3, [r3, #4]
20002600:	f003 0301 	and.w	r3, r3, #1
20002604:	2b01      	cmp	r3, #1
20002606:	d104      	bne.n	20002612 <CAN_Init+0x17e>
20002608:	68bb      	ldr	r3, [r7, #8]
2000260a:	f64f 72ff 	movw	r2, #65535	@ 0xffff
2000260e:	4293      	cmp	r3, r2
20002610:	d1f1      	bne.n	200025f6 <CAN_Init+0x162>
20002612:	687b      	ldr	r3, [r7, #4]
20002614:	685b      	ldr	r3, [r3, #4]
20002616:	f003 0301 	and.w	r3, r3, #1
2000261a:	2b01      	cmp	r3, #1
2000261c:	d102      	bne.n	20002624 <CAN_Init+0x190>
2000261e:	2300      	movs	r3, #0
20002620:	73fb      	strb	r3, [r7, #15]
20002622:	e001      	b.n	20002628 <CAN_Init+0x194>
20002624:	2301      	movs	r3, #1
20002626:	73fb      	strb	r3, [r7, #15]
20002628:	7bfb      	ldrb	r3, [r7, #15]
2000262a:	4618      	mov	r0, r3
2000262c:	3714      	adds	r7, #20
2000262e:	46bd      	mov	sp, r7
20002630:	bc80      	pop	{r7}
20002632:	4770      	bx	lr

20002634 <CAN_FilterInit>:
20002634:	b490      	push	{r4, r7}
20002636:	b084      	sub	sp, #16
20002638:	af00      	add	r7, sp, #0
2000263a:	6078      	str	r0, [r7, #4]
2000263c:	2300      	movs	r3, #0
2000263e:	60fb      	str	r3, [r7, #12]
20002640:	687b      	ldr	r3, [r7, #4]
20002642:	7a9b      	ldrb	r3, [r3, #10]
20002644:	461a      	mov	r2, r3
20002646:	2301      	movs	r3, #1
20002648:	4093      	lsls	r3, r2
2000264a:	60fb      	str	r3, [r7, #12]
2000264c:	4b59      	ldr	r3, [pc, #356]	@ (200027b4 <CAN_FilterInit+0x180>)
2000264e:	f8d3 3200 	ldr.w	r3, [r3, #512]	@ 0x200
20002652:	4a58      	ldr	r2, [pc, #352]	@ (200027b4 <CAN_FilterInit+0x180>)
20002654:	f043 0301 	orr.w	r3, r3, #1
20002658:	f8c2 3200 	str.w	r3, [r2, #512]	@ 0x200
2000265c:	4b55      	ldr	r3, [pc, #340]	@ (200027b4 <CAN_FilterInit+0x180>)
2000265e:	f8d3 221c 	ldr.w	r2, [r3, #540]	@ 0x21c
20002662:	68fb      	ldr	r3, [r7, #12]
20002664:	43db      	mvns	r3, r3
20002666:	4953      	ldr	r1, [pc, #332]	@ (200027b4 <CAN_FilterInit+0x180>)
20002668:	4013      	ands	r3, r2
2000266a:	f8c1 321c 	str.w	r3, [r1, #540]	@ 0x21c
2000266e:	687b      	ldr	r3, [r7, #4]
20002670:	7b1b      	ldrb	r3, [r3, #12]
20002672:	2b00      	cmp	r3, #0
20002674:	d129      	bne.n	200026ca <CAN_FilterInit+0x96>
20002676:	4b4f      	ldr	r3, [pc, #316]	@ (200027b4 <CAN_FilterInit+0x180>)
20002678:	f8d3 220c 	ldr.w	r2, [r3, #524]	@ 0x20c
2000267c:	68fb      	ldr	r3, [r7, #12]
2000267e:	43db      	mvns	r3, r3
20002680:	494c      	ldr	r1, [pc, #304]	@ (200027b4 <CAN_FilterInit+0x180>)
20002682:	4013      	ands	r3, r2
20002684:	f8c1 320c 	str.w	r3, [r1, #524]	@ 0x20c
20002688:	687b      	ldr	r3, [r7, #4]
2000268a:	88db      	ldrh	r3, [r3, #6]
2000268c:	041b      	lsls	r3, r3, #16
2000268e:	687a      	ldr	r2, [r7, #4]
20002690:	8852      	ldrh	r2, [r2, #2]
20002692:	4614      	mov	r4, r2
20002694:	4947      	ldr	r1, [pc, #284]	@ (200027b4 <CAN_FilterInit+0x180>)
20002696:	687a      	ldr	r2, [r7, #4]
20002698:	7a92      	ldrb	r2, [r2, #10]
2000269a:	4610      	mov	r0, r2
2000269c:	ea43 0204 	orr.w	r2, r3, r4
200026a0:	f100 0348 	add.w	r3, r0, #72	@ 0x48
200026a4:	f841 2033 	str.w	r2, [r1, r3, lsl #3]
200026a8:	687b      	ldr	r3, [r7, #4]
200026aa:	889b      	ldrh	r3, [r3, #4]
200026ac:	041b      	lsls	r3, r3, #16
200026ae:	687a      	ldr	r2, [r7, #4]
200026b0:	8812      	ldrh	r2, [r2, #0]
200026b2:	4614      	mov	r4, r2
200026b4:	493f      	ldr	r1, [pc, #252]	@ (200027b4 <CAN_FilterInit+0x180>)
200026b6:	687a      	ldr	r2, [r7, #4]
200026b8:	7a92      	ldrb	r2, [r2, #10]
200026ba:	4610      	mov	r0, r2
200026bc:	ea43 0204 	orr.w	r2, r3, r4
200026c0:	f100 0348 	add.w	r3, r0, #72	@ 0x48
200026c4:	00db      	lsls	r3, r3, #3
200026c6:	440b      	add	r3, r1
200026c8:	605a      	str	r2, [r3, #4]
200026ca:	687b      	ldr	r3, [r7, #4]
200026cc:	7b1b      	ldrb	r3, [r3, #12]
200026ce:	2b01      	cmp	r3, #1
200026d0:	d128      	bne.n	20002724 <CAN_FilterInit+0xf0>
200026d2:	4b38      	ldr	r3, [pc, #224]	@ (200027b4 <CAN_FilterInit+0x180>)
200026d4:	f8d3 220c 	ldr.w	r2, [r3, #524]	@ 0x20c
200026d8:	4936      	ldr	r1, [pc, #216]	@ (200027b4 <CAN_FilterInit+0x180>)
200026da:	68fb      	ldr	r3, [r7, #12]
200026dc:	4313      	orrs	r3, r2
200026de:	f8c1 320c 	str.w	r3, [r1, #524]	@ 0x20c
200026e2:	687b      	ldr	r3, [r7, #4]
200026e4:	881b      	ldrh	r3, [r3, #0]
200026e6:	041b      	lsls	r3, r3, #16
200026e8:	687a      	ldr	r2, [r7, #4]
200026ea:	8852      	ldrh	r2, [r2, #2]
200026ec:	4614      	mov	r4, r2
200026ee:	4931      	ldr	r1, [pc, #196]	@ (200027b4 <CAN_FilterInit+0x180>)
200026f0:	687a      	ldr	r2, [r7, #4]
200026f2:	7a92      	ldrb	r2, [r2, #10]
200026f4:	4610      	mov	r0, r2
200026f6:	ea43 0204 	orr.w	r2, r3, r4
200026fa:	f100 0348 	add.w	r3, r0, #72	@ 0x48
200026fe:	f841 2033 	str.w	r2, [r1, r3, lsl #3]
20002702:	687b      	ldr	r3, [r7, #4]
20002704:	889b      	ldrh	r3, [r3, #4]
20002706:	041b      	lsls	r3, r3, #16
20002708:	687a      	ldr	r2, [r7, #4]
2000270a:	88d2      	ldrh	r2, [r2, #6]
2000270c:	4614      	mov	r4, r2
2000270e:	4929      	ldr	r1, [pc, #164]	@ (200027b4 <CAN_FilterInit+0x180>)
20002710:	687a      	ldr	r2, [r7, #4]
20002712:	7a92      	ldrb	r2, [r2, #10]
20002714:	4610      	mov	r0, r2
20002716:	ea43 0204 	orr.w	r2, r3, r4
2000271a:	f100 0348 	add.w	r3, r0, #72	@ 0x48
2000271e:	00db      	lsls	r3, r3, #3
20002720:	440b      	add	r3, r1
20002722:	605a      	str	r2, [r3, #4]
20002724:	687b      	ldr	r3, [r7, #4]
20002726:	7adb      	ldrb	r3, [r3, #11]
20002728:	2b00      	cmp	r3, #0
2000272a:	d109      	bne.n	20002740 <CAN_FilterInit+0x10c>
2000272c:	4b21      	ldr	r3, [pc, #132]	@ (200027b4 <CAN_FilterInit+0x180>)
2000272e:	f8d3 2204 	ldr.w	r2, [r3, #516]	@ 0x204
20002732:	68fb      	ldr	r3, [r7, #12]
20002734:	43db      	mvns	r3, r3
20002736:	491f      	ldr	r1, [pc, #124]	@ (200027b4 <CAN_FilterInit+0x180>)
20002738:	4013      	ands	r3, r2
2000273a:	f8c1 3204 	str.w	r3, [r1, #516]	@ 0x204
2000273e:	e007      	b.n	20002750 <CAN_FilterInit+0x11c>
20002740:	4b1c      	ldr	r3, [pc, #112]	@ (200027b4 <CAN_FilterInit+0x180>)
20002742:	f8d3 2204 	ldr.w	r2, [r3, #516]	@ 0x204
20002746:	491b      	ldr	r1, [pc, #108]	@ (200027b4 <CAN_FilterInit+0x180>)
20002748:	68fb      	ldr	r3, [r7, #12]
2000274a:	4313      	orrs	r3, r2
2000274c:	f8c1 3204 	str.w	r3, [r1, #516]	@ 0x204
20002750:	687b      	ldr	r3, [r7, #4]
20002752:	891b      	ldrh	r3, [r3, #8]
20002754:	2b00      	cmp	r3, #0
20002756:	d108      	bne.n	2000276a <CAN_FilterInit+0x136>
20002758:	4b16      	ldr	r3, [pc, #88]	@ (200027b4 <CAN_FilterInit+0x180>)
2000275a:	f8d3 2214 	ldr.w	r2, [r3, #532]	@ 0x214
2000275e:	68fb      	ldr	r3, [r7, #12]
20002760:	43db      	mvns	r3, r3
20002762:	4914      	ldr	r1, [pc, #80]	@ (200027b4 <CAN_FilterInit+0x180>)
20002764:	4013      	ands	r3, r2
20002766:	f8c1 3214 	str.w	r3, [r1, #532]	@ 0x214
2000276a:	687b      	ldr	r3, [r7, #4]
2000276c:	891b      	ldrh	r3, [r3, #8]
2000276e:	2b01      	cmp	r3, #1
20002770:	d107      	bne.n	20002782 <CAN_FilterInit+0x14e>
20002772:	4b10      	ldr	r3, [pc, #64]	@ (200027b4 <CAN_FilterInit+0x180>)
20002774:	f8d3 2214 	ldr.w	r2, [r3, #532]	@ 0x214
20002778:	490e      	ldr	r1, [pc, #56]	@ (200027b4 <CAN_FilterInit+0x180>)
2000277a:	68fb      	ldr	r3, [r7, #12]
2000277c:	4313      	orrs	r3, r2
2000277e:	f8c1 3214 	str.w	r3, [r1, #532]	@ 0x214
20002782:	687b      	ldr	r3, [r7, #4]
20002784:	7b5b      	ldrb	r3, [r3, #13]
20002786:	2b01      	cmp	r3, #1
20002788:	d107      	bne.n	2000279a <CAN_FilterInit+0x166>
2000278a:	4b0a      	ldr	r3, [pc, #40]	@ (200027b4 <CAN_FilterInit+0x180>)
2000278c:	f8d3 221c 	ldr.w	r2, [r3, #540]	@ 0x21c
20002790:	4908      	ldr	r1, [pc, #32]	@ (200027b4 <CAN_FilterInit+0x180>)
20002792:	68fb      	ldr	r3, [r7, #12]
20002794:	4313      	orrs	r3, r2
20002796:	f8c1 321c 	str.w	r3, [r1, #540]	@ 0x21c
2000279a:	4b06      	ldr	r3, [pc, #24]	@ (200027b4 <CAN_FilterInit+0x180>)
2000279c:	f8d3 3200 	ldr.w	r3, [r3, #512]	@ 0x200
200027a0:	4a04      	ldr	r2, [pc, #16]	@ (200027b4 <CAN_FilterInit+0x180>)
200027a2:	f023 0301 	bic.w	r3, r3, #1
200027a6:	f8c2 3200 	str.w	r3, [r2, #512]	@ 0x200
200027aa:	bf00      	nop
200027ac:	3710      	adds	r7, #16
200027ae:	46bd      	mov	sp, r7
200027b0:	bc90      	pop	{r4, r7}
200027b2:	4770      	bx	lr
200027b4:	40006400 	.word	0x40006400

200027b8 <CAN_StructInit>:
200027b8:	b480      	push	{r7}
200027ba:	b083      	sub	sp, #12
200027bc:	af00      	add	r7, sp, #0
200027be:	6078      	str	r0, [r7, #4]
200027c0:	687b      	ldr	r3, [r7, #4]
200027c2:	2200      	movs	r2, #0
200027c4:	719a      	strb	r2, [r3, #6]
200027c6:	687b      	ldr	r3, [r7, #4]
200027c8:	2200      	movs	r2, #0
200027ca:	71da      	strb	r2, [r3, #7]
200027cc:	687b      	ldr	r3, [r7, #4]
200027ce:	2200      	movs	r2, #0
200027d0:	721a      	strb	r2, [r3, #8]
200027d2:	687b      	ldr	r3, [r7, #4]
200027d4:	2200      	movs	r2, #0
200027d6:	725a      	strb	r2, [r3, #9]
200027d8:	687b      	ldr	r3, [r7, #4]
200027da:	2200      	movs	r2, #0
200027dc:	729a      	strb	r2, [r3, #10]
200027de:	687b      	ldr	r3, [r7, #4]
200027e0:	2200      	movs	r2, #0
200027e2:	72da      	strb	r2, [r3, #11]
200027e4:	687b      	ldr	r3, [r7, #4]
200027e6:	2200      	movs	r2, #0
200027e8:	709a      	strb	r2, [r3, #2]
200027ea:	687b      	ldr	r3, [r7, #4]
200027ec:	2200      	movs	r2, #0
200027ee:	70da      	strb	r2, [r3, #3]
200027f0:	687b      	ldr	r3, [r7, #4]
200027f2:	2203      	movs	r2, #3
200027f4:	711a      	strb	r2, [r3, #4]
200027f6:	687b      	ldr	r3, [r7, #4]
200027f8:	2202      	movs	r2, #2
200027fa:	715a      	strb	r2, [r3, #5]
200027fc:	687b      	ldr	r3, [r7, #4]
200027fe:	2201      	movs	r2, #1
20002800:	801a      	strh	r2, [r3, #0]
20002802:	bf00      	nop
20002804:	370c      	adds	r7, #12
20002806:	46bd      	mov	sp, r7
20002808:	bc80      	pop	{r7}
2000280a:	4770      	bx	lr

2000280c <CAN_SlaveStartBank>:
2000280c:	b480      	push	{r7}
2000280e:	b083      	sub	sp, #12
20002810:	af00      	add	r7, sp, #0
20002812:	4603      	mov	r3, r0
20002814:	71fb      	strb	r3, [r7, #7]
20002816:	4b14      	ldr	r3, [pc, #80]	@ (20002868 <CAN_SlaveStartBank+0x5c>)
20002818:	f8d3 3200 	ldr.w	r3, [r3, #512]	@ 0x200
2000281c:	4a12      	ldr	r2, [pc, #72]	@ (20002868 <CAN_SlaveStartBank+0x5c>)
2000281e:	f043 0301 	orr.w	r3, r3, #1
20002822:	f8c2 3200 	str.w	r3, [r2, #512]	@ 0x200
20002826:	4b10      	ldr	r3, [pc, #64]	@ (20002868 <CAN_SlaveStartBank+0x5c>)
20002828:	f8d3 3200 	ldr.w	r3, [r3, #512]	@ 0x200
2000282c:	4a0e      	ldr	r2, [pc, #56]	@ (20002868 <CAN_SlaveStartBank+0x5c>)
2000282e:	f423 537c 	bic.w	r3, r3, #16128	@ 0x3f00
20002832:	f023 030e 	bic.w	r3, r3, #14
20002836:	f8c2 3200 	str.w	r3, [r2, #512]	@ 0x200
2000283a:	4b0b      	ldr	r3, [pc, #44]	@ (20002868 <CAN_SlaveStartBank+0x5c>)
2000283c:	f8d3 2200 	ldr.w	r2, [r3, #512]	@ 0x200
20002840:	79fb      	ldrb	r3, [r7, #7]
20002842:	021b      	lsls	r3, r3, #8
20002844:	4908      	ldr	r1, [pc, #32]	@ (20002868 <CAN_SlaveStartBank+0x5c>)
20002846:	4313      	orrs	r3, r2
20002848:	f8c1 3200 	str.w	r3, [r1, #512]	@ 0x200
2000284c:	4b06      	ldr	r3, [pc, #24]	@ (20002868 <CAN_SlaveStartBank+0x5c>)
2000284e:	f8d3 3200 	ldr.w	r3, [r3, #512]	@ 0x200
20002852:	4a05      	ldr	r2, [pc, #20]	@ (20002868 <CAN_SlaveStartBank+0x5c>)
20002854:	f023 0301 	bic.w	r3, r3, #1
20002858:	f8c2 3200 	str.w	r3, [r2, #512]	@ 0x200
2000285c:	bf00      	nop
2000285e:	370c      	adds	r7, #12
20002860:	46bd      	mov	sp, r7
20002862:	bc80      	pop	{r7}
20002864:	4770      	bx	lr
20002866:	bf00      	nop
20002868:	40006400 	.word	0x40006400

2000286c <CAN_DBGFreeze>:
2000286c:	b480      	push	{r7}
2000286e:	b083      	sub	sp, #12
20002870:	af00      	add	r7, sp, #0
20002872:	6078      	str	r0, [r7, #4]
20002874:	460b      	mov	r3, r1
20002876:	70fb      	strb	r3, [r7, #3]
20002878:	78fb      	ldrb	r3, [r7, #3]
2000287a:	2b00      	cmp	r3, #0
2000287c:	d006      	beq.n	2000288c <CAN_DBGFreeze+0x20>
2000287e:	687b      	ldr	r3, [r7, #4]
20002880:	681b      	ldr	r3, [r3, #0]
20002882:	f443 3280 	orr.w	r2, r3, #65536	@ 0x10000
20002886:	687b      	ldr	r3, [r7, #4]
20002888:	601a      	str	r2, [r3, #0]
2000288a:	e005      	b.n	20002898 <CAN_DBGFreeze+0x2c>
2000288c:	687b      	ldr	r3, [r7, #4]
2000288e:	681b      	ldr	r3, [r3, #0]
20002890:	f423 3280 	bic.w	r2, r3, #65536	@ 0x10000
20002894:	687b      	ldr	r3, [r7, #4]
20002896:	601a      	str	r2, [r3, #0]
20002898:	bf00      	nop
2000289a:	370c      	adds	r7, #12
2000289c:	46bd      	mov	sp, r7
2000289e:	bc80      	pop	{r7}
200028a0:	4770      	bx	lr

200028a2 <CAN_TTComModeCmd>:
200028a2:	b480      	push	{r7}
200028a4:	b083      	sub	sp, #12
200028a6:	af00      	add	r7, sp, #0
200028a8:	6078      	str	r0, [r7, #4]
200028aa:	460b      	mov	r3, r1
200028ac:	70fb      	strb	r3, [r7, #3]
200028ae:	78fb      	ldrb	r3, [r7, #3]
200028b0:	2b00      	cmp	r3, #0
200028b2:	d01e      	beq.n	200028f2 <CAN_TTComModeCmd+0x50>
200028b4:	687b      	ldr	r3, [r7, #4]
200028b6:	681b      	ldr	r3, [r3, #0]
200028b8:	f043 0280 	orr.w	r2, r3, #128	@ 0x80
200028bc:	687b      	ldr	r3, [r7, #4]
200028be:	601a      	str	r2, [r3, #0]
200028c0:	687b      	ldr	r3, [r7, #4]
200028c2:	f8d3 3184 	ldr.w	r3, [r3, #388]	@ 0x184
200028c6:	f443 7280 	orr.w	r2, r3, #256	@ 0x100
200028ca:	687b      	ldr	r3, [r7, #4]
200028cc:	f8c3 2184 	str.w	r2, [r3, #388]	@ 0x184
200028d0:	687b      	ldr	r3, [r7, #4]
200028d2:	f8d3 3194 	ldr.w	r3, [r3, #404]	@ 0x194
200028d6:	f443 7280 	orr.w	r2, r3, #256	@ 0x100
200028da:	687b      	ldr	r3, [r7, #4]
200028dc:	f8c3 2194 	str.w	r2, [r3, #404]	@ 0x194
200028e0:	687b      	ldr	r3, [r7, #4]
200028e2:	f8d3 31a4 	ldr.w	r3, [r3, #420]	@ 0x1a4
200028e6:	f443 7280 	orr.w	r2, r3, #256	@ 0x100
200028ea:	687b      	ldr	r3, [r7, #4]
200028ec:	f8c3 21a4 	str.w	r2, [r3, #420]	@ 0x1a4
200028f0:	e01d      	b.n	2000292e <CAN_TTComModeCmd+0x8c>
200028f2:	687b      	ldr	r3, [r7, #4]
200028f4:	681b      	ldr	r3, [r3, #0]
200028f6:	f023 0280 	bic.w	r2, r3, #128	@ 0x80
200028fa:	687b      	ldr	r3, [r7, #4]
200028fc:	601a      	str	r2, [r3, #0]
200028fe:	687b      	ldr	r3, [r7, #4]
20002900:	f8d3 3184 	ldr.w	r3, [r3, #388]	@ 0x184
20002904:	f423 7280 	bic.w	r2, r3, #256	@ 0x100
20002908:	687b      	ldr	r3, [r7, #4]
2000290a:	f8c3 2184 	str.w	r2, [r3, #388]	@ 0x184
2000290e:	687b      	ldr	r3, [r7, #4]
20002910:	f8d3 3194 	ldr.w	r3, [r3, #404]	@ 0x194
20002914:	f423 7280 	bic.w	r2, r3, #256	@ 0x100
20002918:	687b      	ldr	r3, [r7, #4]
2000291a:	f8c3 2194 	str.w	r2, [r3, #404]	@ 0x194
2000291e:	687b      	ldr	r3, [r7, #4]
20002920:	f8d3 31a4 	ldr.w	r3, [r3, #420]	@ 0x1a4
20002924:	f423 7280 	bic.w	r2, r3, #256	@ 0x100
20002928:	687b      	ldr	r3, [r7, #4]
2000292a:	f8c3 21a4 	str.w	r2, [r3, #420]	@ 0x1a4
2000292e:	bf00      	nop
20002930:	370c      	adds	r7, #12
20002932:	46bd      	mov	sp, r7
20002934:	bc80      	pop	{r7}
20002936:	4770      	bx	lr

20002938 <CAN_Transmit>:
20002938:	b480      	push	{r7}
2000293a:	b085      	sub	sp, #20
2000293c:	af00      	add	r7, sp, #0
2000293e:	6078      	str	r0, [r7, #4]
20002940:	6039      	str	r1, [r7, #0]
20002942:	2300      	movs	r3, #0
20002944:	73fb      	strb	r3, [r7, #15]
20002946:	687b      	ldr	r3, [r7, #4]
20002948:	689b      	ldr	r3, [r3, #8]
2000294a:	f003 6380 	and.w	r3, r3, #67108864	@ 0x4000000
2000294e:	f1b3 6f80 	cmp.w	r3, #67108864	@ 0x4000000
20002952:	d102      	bne.n	2000295a <CAN_Transmit+0x22>
20002954:	2300      	movs	r3, #0
20002956:	73fb      	strb	r3, [r7, #15]
20002958:	e015      	b.n	20002986 <CAN_Transmit+0x4e>
2000295a:	687b      	ldr	r3, [r7, #4]
2000295c:	689b      	ldr	r3, [r3, #8]
2000295e:	f003 6300 	and.w	r3, r3, #134217728	@ 0x8000000
20002962:	f1b3 6f00 	cmp.w	r3, #134217728	@ 0x8000000
20002966:	d102      	bne.n	2000296e <CAN_Transmit+0x36>
20002968:	2301      	movs	r3, #1
2000296a:	73fb      	strb	r3, [r7, #15]
2000296c:	e00b      	b.n	20002986 <CAN_Transmit+0x4e>
2000296e:	687b      	ldr	r3, [r7, #4]
20002970:	689b      	ldr	r3, [r3, #8]
20002972:	f003 5380 	and.w	r3, r3, #268435456	@ 0x10000000
20002976:	f1b3 5f80 	cmp.w	r3, #268435456	@ 0x10000000
2000297a:	d102      	bne.n	20002982 <CAN_Transmit+0x4a>
2000297c:	2302      	movs	r3, #2
2000297e:	73fb      	strb	r3, [r7, #15]
20002980:	e001      	b.n	20002986 <CAN_Transmit+0x4e>
20002982:	2304      	movs	r3, #4
20002984:	73fb      	strb	r3, [r7, #15]
20002986:	7bfb      	ldrb	r3, [r7, #15]
20002988:	2b04      	cmp	r3, #4
2000298a:	f000 809f 	beq.w	20002acc <CAN_Transmit+0x194>
2000298e:	7bfb      	ldrb	r3, [r7, #15]
20002990:	687a      	ldr	r2, [r7, #4]
20002992:	3318      	adds	r3, #24
20002994:	011b      	lsls	r3, r3, #4
20002996:	4413      	add	r3, r2
20002998:	681a      	ldr	r2, [r3, #0]
2000299a:	7bfb      	ldrb	r3, [r7, #15]
2000299c:	f002 0201 	and.w	r2, r2, #1
200029a0:	6879      	ldr	r1, [r7, #4]
200029a2:	3318      	adds	r3, #24
200029a4:	011b      	lsls	r3, r3, #4
200029a6:	440b      	add	r3, r1
200029a8:	601a      	str	r2, [r3, #0]
200029aa:	683b      	ldr	r3, [r7, #0]
200029ac:	7a1b      	ldrb	r3, [r3, #8]
200029ae:	2b00      	cmp	r3, #0
200029b0:	d113      	bne.n	200029da <CAN_Transmit+0xa2>
200029b2:	7bfb      	ldrb	r3, [r7, #15]
200029b4:	687a      	ldr	r2, [r7, #4]
200029b6:	3318      	adds	r3, #24
200029b8:	011b      	lsls	r3, r3, #4
200029ba:	4413      	add	r3, r2
200029bc:	6819      	ldr	r1, [r3, #0]
200029be:	683b      	ldr	r3, [r7, #0]
200029c0:	681b      	ldr	r3, [r3, #0]
200029c2:	055b      	lsls	r3, r3, #21
200029c4:	683a      	ldr	r2, [r7, #0]
200029c6:	7a52      	ldrb	r2, [r2, #9]
200029c8:	431a      	orrs	r2, r3
200029ca:	7bfb      	ldrb	r3, [r7, #15]
200029cc:	430a      	orrs	r2, r1
200029ce:	6879      	ldr	r1, [r7, #4]
200029d0:	3318      	adds	r3, #24
200029d2:	011b      	lsls	r3, r3, #4
200029d4:	440b      	add	r3, r1
200029d6:	601a      	str	r2, [r3, #0]
200029d8:	e015      	b.n	20002a06 <CAN_Transmit+0xce>
200029da:	7bfb      	ldrb	r3, [r7, #15]
200029dc:	687a      	ldr	r2, [r7, #4]
200029de:	3318      	adds	r3, #24
200029e0:	011b      	lsls	r3, r3, #4
200029e2:	4413      	add	r3, r2
200029e4:	6819      	ldr	r1, [r3, #0]
200029e6:	683b      	ldr	r3, [r7, #0]
200029e8:	685b      	ldr	r3, [r3, #4]
200029ea:	00db      	lsls	r3, r3, #3
200029ec:	683a      	ldr	r2, [r7, #0]
200029ee:	7a12      	ldrb	r2, [r2, #8]
200029f0:	4313      	orrs	r3, r2
200029f2:	683a      	ldr	r2, [r7, #0]
200029f4:	7a52      	ldrb	r2, [r2, #9]
200029f6:	431a      	orrs	r2, r3
200029f8:	7bfb      	ldrb	r3, [r7, #15]
200029fa:	430a      	orrs	r2, r1
200029fc:	6879      	ldr	r1, [r7, #4]
200029fe:	3318      	adds	r3, #24
20002a00:	011b      	lsls	r3, r3, #4
20002a02:	440b      	add	r3, r1
20002a04:	601a      	str	r2, [r3, #0]
20002a06:	683b      	ldr	r3, [r7, #0]
20002a08:	7a9b      	ldrb	r3, [r3, #10]
20002a0a:	f003 030f 	and.w	r3, r3, #15
20002a0e:	b2da      	uxtb	r2, r3
20002a10:	683b      	ldr	r3, [r7, #0]
20002a12:	729a      	strb	r2, [r3, #10]
20002a14:	7bfb      	ldrb	r3, [r7, #15]
20002a16:	687a      	ldr	r2, [r7, #4]
20002a18:	3318      	adds	r3, #24
20002a1a:	011b      	lsls	r3, r3, #4
20002a1c:	4413      	add	r3, r2
20002a1e:	3304      	adds	r3, #4
20002a20:	681a      	ldr	r2, [r3, #0]
20002a22:	7bfb      	ldrb	r3, [r7, #15]
20002a24:	f022 020f 	bic.w	r2, r2, #15
20002a28:	6879      	ldr	r1, [r7, #4]
20002a2a:	3318      	adds	r3, #24
20002a2c:	011b      	lsls	r3, r3, #4
20002a2e:	440b      	add	r3, r1
20002a30:	3304      	adds	r3, #4
20002a32:	601a      	str	r2, [r3, #0]
20002a34:	7bfb      	ldrb	r3, [r7, #15]
20002a36:	687a      	ldr	r2, [r7, #4]
20002a38:	3318      	adds	r3, #24
20002a3a:	011b      	lsls	r3, r3, #4
20002a3c:	4413      	add	r3, r2
20002a3e:	3304      	adds	r3, #4
20002a40:	681a      	ldr	r2, [r3, #0]
20002a42:	683b      	ldr	r3, [r7, #0]
20002a44:	7a9b      	ldrb	r3, [r3, #10]
20002a46:	4619      	mov	r1, r3
20002a48:	7bfb      	ldrb	r3, [r7, #15]
20002a4a:	430a      	orrs	r2, r1
20002a4c:	6879      	ldr	r1, [r7, #4]
20002a4e:	3318      	adds	r3, #24
20002a50:	011b      	lsls	r3, r3, #4
20002a52:	440b      	add	r3, r1
20002a54:	3304      	adds	r3, #4
20002a56:	601a      	str	r2, [r3, #0]
20002a58:	683b      	ldr	r3, [r7, #0]
20002a5a:	7b9b      	ldrb	r3, [r3, #14]
20002a5c:	061a      	lsls	r2, r3, #24
20002a5e:	683b      	ldr	r3, [r7, #0]
20002a60:	7b5b      	ldrb	r3, [r3, #13]
20002a62:	041b      	lsls	r3, r3, #16
20002a64:	431a      	orrs	r2, r3
20002a66:	683b      	ldr	r3, [r7, #0]
20002a68:	7b1b      	ldrb	r3, [r3, #12]
20002a6a:	021b      	lsls	r3, r3, #8
20002a6c:	431a      	orrs	r2, r3
20002a6e:	683b      	ldr	r3, [r7, #0]
20002a70:	7adb      	ldrb	r3, [r3, #11]
20002a72:	4619      	mov	r1, r3
20002a74:	7bfb      	ldrb	r3, [r7, #15]
20002a76:	430a      	orrs	r2, r1
20002a78:	6879      	ldr	r1, [r7, #4]
20002a7a:	011b      	lsls	r3, r3, #4
20002a7c:	440b      	add	r3, r1
20002a7e:	f503 73c4 	add.w	r3, r3, #392	@ 0x188
20002a82:	601a      	str	r2, [r3, #0]
20002a84:	683b      	ldr	r3, [r7, #0]
20002a86:	7c9b      	ldrb	r3, [r3, #18]
20002a88:	061a      	lsls	r2, r3, #24
20002a8a:	683b      	ldr	r3, [r7, #0]
20002a8c:	7c5b      	ldrb	r3, [r3, #17]
20002a8e:	041b      	lsls	r3, r3, #16
20002a90:	431a      	orrs	r2, r3
20002a92:	683b      	ldr	r3, [r7, #0]
20002a94:	7c1b      	ldrb	r3, [r3, #16]
20002a96:	021b      	lsls	r3, r3, #8
20002a98:	431a      	orrs	r2, r3
20002a9a:	683b      	ldr	r3, [r7, #0]
20002a9c:	7bdb      	ldrb	r3, [r3, #15]
20002a9e:	4619      	mov	r1, r3
20002aa0:	7bfb      	ldrb	r3, [r7, #15]
20002aa2:	430a      	orrs	r2, r1
20002aa4:	6879      	ldr	r1, [r7, #4]
20002aa6:	011b      	lsls	r3, r3, #4
20002aa8:	440b      	add	r3, r1
20002aaa:	f503 73c6 	add.w	r3, r3, #396	@ 0x18c
20002aae:	601a      	str	r2, [r3, #0]
20002ab0:	7bfb      	ldrb	r3, [r7, #15]
20002ab2:	687a      	ldr	r2, [r7, #4]
20002ab4:	3318      	adds	r3, #24
20002ab6:	011b      	lsls	r3, r3, #4
20002ab8:	4413      	add	r3, r2
20002aba:	681a      	ldr	r2, [r3, #0]
20002abc:	7bfb      	ldrb	r3, [r7, #15]
20002abe:	f042 0201 	orr.w	r2, r2, #1
20002ac2:	6879      	ldr	r1, [r7, #4]
20002ac4:	3318      	adds	r3, #24
20002ac6:	011b      	lsls	r3, r3, #4
20002ac8:	440b      	add	r3, r1
20002aca:	601a      	str	r2, [r3, #0]
20002acc:	7bfb      	ldrb	r3, [r7, #15]
20002ace:	4618      	mov	r0, r3
20002ad0:	3714      	adds	r7, #20
20002ad2:	46bd      	mov	sp, r7
20002ad4:	bc80      	pop	{r7}
20002ad6:	4770      	bx	lr

20002ad8 <CAN_TransmitStatus>:
20002ad8:	b480      	push	{r7}
20002ada:	b085      	sub	sp, #20
20002adc:	af00      	add	r7, sp, #0
20002ade:	6078      	str	r0, [r7, #4]
20002ae0:	460b      	mov	r3, r1
20002ae2:	70fb      	strb	r3, [r7, #3]
20002ae4:	2300      	movs	r3, #0
20002ae6:	60fb      	str	r3, [r7, #12]
20002ae8:	78fb      	ldrb	r3, [r7, #3]
20002aea:	2b02      	cmp	r3, #2
20002aec:	d012      	beq.n	20002b14 <CAN_TransmitStatus+0x3c>
20002aee:	2b02      	cmp	r3, #2
20002af0:	dc16      	bgt.n	20002b20 <CAN_TransmitStatus+0x48>
20002af2:	2b00      	cmp	r3, #0
20002af4:	d002      	beq.n	20002afc <CAN_TransmitStatus+0x24>
20002af6:	2b01      	cmp	r3, #1
20002af8:	d006      	beq.n	20002b08 <CAN_TransmitStatus+0x30>
20002afa:	e011      	b.n	20002b20 <CAN_TransmitStatus+0x48>
20002afc:	687b      	ldr	r3, [r7, #4]
20002afe:	689a      	ldr	r2, [r3, #8]
20002b00:	4b30      	ldr	r3, [pc, #192]	@ (20002bc4 <CAN_TransmitStatus+0xec>)
20002b02:	4013      	ands	r3, r2
20002b04:	60fb      	str	r3, [r7, #12]
20002b06:	e00e      	b.n	20002b26 <CAN_TransmitStatus+0x4e>
20002b08:	687b      	ldr	r3, [r7, #4]
20002b0a:	689a      	ldr	r2, [r3, #8]
20002b0c:	4b2e      	ldr	r3, [pc, #184]	@ (20002bc8 <CAN_TransmitStatus+0xf0>)
20002b0e:	4013      	ands	r3, r2
20002b10:	60fb      	str	r3, [r7, #12]
20002b12:	e008      	b.n	20002b26 <CAN_TransmitStatus+0x4e>
20002b14:	687b      	ldr	r3, [r7, #4]
20002b16:	689a      	ldr	r2, [r3, #8]
20002b18:	4b2c      	ldr	r3, [pc, #176]	@ (20002bcc <CAN_TransmitStatus+0xf4>)
20002b1a:	4013      	ands	r3, r2
20002b1c:	60fb      	str	r3, [r7, #12]
20002b1e:	e002      	b.n	20002b26 <CAN_TransmitStatus+0x4e>
20002b20:	2300      	movs	r3, #0
20002b22:	60fb      	str	r3, [r7, #12]
20002b24:	bf00      	nop
20002b26:	68fb      	ldr	r3, [r7, #12]
20002b28:	4a28      	ldr	r2, [pc, #160]	@ (20002bcc <CAN_TransmitStatus+0xf4>)
20002b2a:	4293      	cmp	r3, r2
20002b2c:	d03d      	beq.n	20002baa <CAN_TransmitStatus+0xd2>
20002b2e:	68fb      	ldr	r3, [r7, #12]
20002b30:	4a26      	ldr	r2, [pc, #152]	@ (20002bcc <CAN_TransmitStatus+0xf4>)
20002b32:	4293      	cmp	r3, r2
20002b34:	d83c      	bhi.n	20002bb0 <CAN_TransmitStatus+0xd8>
20002b36:	68fb      	ldr	r3, [r7, #12]
20002b38:	4a25      	ldr	r2, [pc, #148]	@ (20002bd0 <CAN_TransmitStatus+0xf8>)
20002b3a:	4293      	cmp	r3, r2
20002b3c:	d02c      	beq.n	20002b98 <CAN_TransmitStatus+0xc0>
20002b3e:	68fb      	ldr	r3, [r7, #12]
20002b40:	4a23      	ldr	r2, [pc, #140]	@ (20002bd0 <CAN_TransmitStatus+0xf8>)
20002b42:	4293      	cmp	r3, r2
20002b44:	d834      	bhi.n	20002bb0 <CAN_TransmitStatus+0xd8>
20002b46:	68fb      	ldr	r3, [r7, #12]
20002b48:	4a1f      	ldr	r2, [pc, #124]	@ (20002bc8 <CAN_TransmitStatus+0xf0>)
20002b4a:	4293      	cmp	r3, r2
20002b4c:	d02a      	beq.n	20002ba4 <CAN_TransmitStatus+0xcc>
20002b4e:	68fb      	ldr	r3, [r7, #12]
20002b50:	4a1d      	ldr	r2, [pc, #116]	@ (20002bc8 <CAN_TransmitStatus+0xf0>)
20002b52:	4293      	cmp	r3, r2
20002b54:	d82c      	bhi.n	20002bb0 <CAN_TransmitStatus+0xd8>
20002b56:	68fb      	ldr	r3, [r7, #12]
20002b58:	4a1e      	ldr	r2, [pc, #120]	@ (20002bd4 <CAN_TransmitStatus+0xfc>)
20002b5a:	4293      	cmp	r3, r2
20002b5c:	d019      	beq.n	20002b92 <CAN_TransmitStatus+0xba>
20002b5e:	68fb      	ldr	r3, [r7, #12]
20002b60:	4a1c      	ldr	r2, [pc, #112]	@ (20002bd4 <CAN_TransmitStatus+0xfc>)
20002b62:	4293      	cmp	r3, r2
20002b64:	d824      	bhi.n	20002bb0 <CAN_TransmitStatus+0xd8>
20002b66:	68fb      	ldr	r3, [r7, #12]
20002b68:	4a16      	ldr	r2, [pc, #88]	@ (20002bc4 <CAN_TransmitStatus+0xec>)
20002b6a:	4293      	cmp	r3, r2
20002b6c:	d017      	beq.n	20002b9e <CAN_TransmitStatus+0xc6>
20002b6e:	68fb      	ldr	r3, [r7, #12]
20002b70:	4a14      	ldr	r2, [pc, #80]	@ (20002bc4 <CAN_TransmitStatus+0xec>)
20002b72:	4293      	cmp	r3, r2
20002b74:	d81c      	bhi.n	20002bb0 <CAN_TransmitStatus+0xd8>
20002b76:	68fb      	ldr	r3, [r7, #12]
20002b78:	2b00      	cmp	r3, #0
20002b7a:	d004      	beq.n	20002b86 <CAN_TransmitStatus+0xae>
20002b7c:	68fb      	ldr	r3, [r7, #12]
20002b7e:	4a16      	ldr	r2, [pc, #88]	@ (20002bd8 <CAN_TransmitStatus+0x100>)
20002b80:	4293      	cmp	r3, r2
20002b82:	d003      	beq.n	20002b8c <CAN_TransmitStatus+0xb4>
20002b84:	e014      	b.n	20002bb0 <CAN_TransmitStatus+0xd8>
20002b86:	2302      	movs	r3, #2
20002b88:	60fb      	str	r3, [r7, #12]
20002b8a:	e014      	b.n	20002bb6 <CAN_TransmitStatus+0xde>
20002b8c:	2300      	movs	r3, #0
20002b8e:	60fb      	str	r3, [r7, #12]
20002b90:	e011      	b.n	20002bb6 <CAN_TransmitStatus+0xde>
20002b92:	2300      	movs	r3, #0
20002b94:	60fb      	str	r3, [r7, #12]
20002b96:	e00e      	b.n	20002bb6 <CAN_TransmitStatus+0xde>
20002b98:	2300      	movs	r3, #0
20002b9a:	60fb      	str	r3, [r7, #12]
20002b9c:	e00b      	b.n	20002bb6 <CAN_TransmitStatus+0xde>
20002b9e:	2301      	movs	r3, #1
20002ba0:	60fb      	str	r3, [r7, #12]
20002ba2:	e008      	b.n	20002bb6 <CAN_TransmitStatus+0xde>
20002ba4:	2301      	movs	r3, #1
20002ba6:	60fb      	str	r3, [r7, #12]
20002ba8:	e005      	b.n	20002bb6 <CAN_TransmitStatus+0xde>
20002baa:	2301      	movs	r3, #1
20002bac:	60fb      	str	r3, [r7, #12]
20002bae:	e002      	b.n	20002bb6 <CAN_TransmitStatus+0xde>
20002bb0:	2300      	movs	r3, #0
20002bb2:	60fb      	str	r3, [r7, #12]
20002bb4:	bf00      	nop
20002bb6:	68fb      	ldr	r3, [r7, #12]
20002bb8:	b2db      	uxtb	r3, r3
20002bba:	4618      	mov	r0, r3
20002bbc:	3714      	adds	r7, #20
20002bbe:	46bd      	mov	sp, r7
20002bc0:	bc80      	pop	{r7}
20002bc2:	4770      	bx	lr
20002bc4:	04000003 	.word	0x04000003
20002bc8:	08000300 	.word	0x08000300
20002bcc:	10030000 	.word	0x10030000
20002bd0:	10010000 	.word	0x10010000
20002bd4:	08000100 	.word	0x08000100
20002bd8:	04000001 	.word	0x04000001

20002bdc <CAN_CancelTransmit>:
20002bdc:	b480      	push	{r7}
20002bde:	b083      	sub	sp, #12
20002be0:	af00      	add	r7, sp, #0
20002be2:	6078      	str	r0, [r7, #4]
20002be4:	460b      	mov	r3, r1
20002be6:	70fb      	strb	r3, [r7, #3]
20002be8:	78fb      	ldrb	r3, [r7, #3]
20002bea:	2b02      	cmp	r3, #2
20002bec:	d014      	beq.n	20002c18 <CAN_CancelTransmit+0x3c>
20002bee:	2b02      	cmp	r3, #2
20002bf0:	dc19      	bgt.n	20002c26 <CAN_CancelTransmit+0x4a>
20002bf2:	2b00      	cmp	r3, #0
20002bf4:	d002      	beq.n	20002bfc <CAN_CancelTransmit+0x20>
20002bf6:	2b01      	cmp	r3, #1
20002bf8:	d007      	beq.n	20002c0a <CAN_CancelTransmit+0x2e>
20002bfa:	e014      	b.n	20002c26 <CAN_CancelTransmit+0x4a>
20002bfc:	687b      	ldr	r3, [r7, #4]
20002bfe:	689b      	ldr	r3, [r3, #8]
20002c00:	f043 0280 	orr.w	r2, r3, #128	@ 0x80
20002c04:	687b      	ldr	r3, [r7, #4]
20002c06:	609a      	str	r2, [r3, #8]
20002c08:	e00e      	b.n	20002c28 <CAN_CancelTransmit+0x4c>
20002c0a:	687b      	ldr	r3, [r7, #4]
20002c0c:	689b      	ldr	r3, [r3, #8]
20002c0e:	f443 4200 	orr.w	r2, r3, #32768	@ 0x8000
20002c12:	687b      	ldr	r3, [r7, #4]
20002c14:	609a      	str	r2, [r3, #8]
20002c16:	e007      	b.n	20002c28 <CAN_CancelTransmit+0x4c>
20002c18:	687b      	ldr	r3, [r7, #4]
20002c1a:	689b      	ldr	r3, [r3, #8]
20002c1c:	f443 0200 	orr.w	r2, r3, #8388608	@ 0x800000
20002c20:	687b      	ldr	r3, [r7, #4]
20002c22:	609a      	str	r2, [r3, #8]
20002c24:	e000      	b.n	20002c28 <CAN_CancelTransmit+0x4c>
20002c26:	bf00      	nop
20002c28:	bf00      	nop
20002c2a:	370c      	adds	r7, #12
20002c2c:	46bd      	mov	sp, r7
20002c2e:	bc80      	pop	{r7}
20002c30:	4770      	bx	lr

20002c32 <CAN_Receive>:
20002c32:	b480      	push	{r7}
20002c34:	b085      	sub	sp, #20
20002c36:	af00      	add	r7, sp, #0
20002c38:	60f8      	str	r0, [r7, #12]
20002c3a:	460b      	mov	r3, r1
20002c3c:	607a      	str	r2, [r7, #4]
20002c3e:	72fb      	strb	r3, [r7, #11]
20002c40:	7afb      	ldrb	r3, [r7, #11]
20002c42:	68fa      	ldr	r2, [r7, #12]
20002c44:	331b      	adds	r3, #27
20002c46:	011b      	lsls	r3, r3, #4
20002c48:	4413      	add	r3, r2
20002c4a:	681b      	ldr	r3, [r3, #0]
20002c4c:	b2db      	uxtb	r3, r3
20002c4e:	f003 0304 	and.w	r3, r3, #4
20002c52:	b2da      	uxtb	r2, r3
20002c54:	687b      	ldr	r3, [r7, #4]
20002c56:	721a      	strb	r2, [r3, #8]
20002c58:	687b      	ldr	r3, [r7, #4]
20002c5a:	7a1b      	ldrb	r3, [r3, #8]
20002c5c:	2b00      	cmp	r3, #0
20002c5e:	d10b      	bne.n	20002c78 <CAN_Receive+0x46>
20002c60:	7afb      	ldrb	r3, [r7, #11]
20002c62:	68fa      	ldr	r2, [r7, #12]
20002c64:	331b      	adds	r3, #27
20002c66:	011b      	lsls	r3, r3, #4
20002c68:	4413      	add	r3, r2
20002c6a:	681b      	ldr	r3, [r3, #0]
20002c6c:	0d5b      	lsrs	r3, r3, #21
20002c6e:	f3c3 020a 	ubfx	r2, r3, #0, #11
20002c72:	687b      	ldr	r3, [r7, #4]
20002c74:	601a      	str	r2, [r3, #0]
20002c76:	e00a      	b.n	20002c8e <CAN_Receive+0x5c>
20002c78:	7afb      	ldrb	r3, [r7, #11]
20002c7a:	68fa      	ldr	r2, [r7, #12]
20002c7c:	331b      	adds	r3, #27
20002c7e:	011b      	lsls	r3, r3, #4
20002c80:	4413      	add	r3, r2
20002c82:	681b      	ldr	r3, [r3, #0]
20002c84:	08db      	lsrs	r3, r3, #3
20002c86:	f023 4260 	bic.w	r2, r3, #3758096384	@ 0xe0000000
20002c8a:	687b      	ldr	r3, [r7, #4]
20002c8c:	605a      	str	r2, [r3, #4]
20002c8e:	7afb      	ldrb	r3, [r7, #11]
20002c90:	68fa      	ldr	r2, [r7, #12]
20002c92:	331b      	adds	r3, #27
20002c94:	011b      	lsls	r3, r3, #4
20002c96:	4413      	add	r3, r2
20002c98:	681b      	ldr	r3, [r3, #0]
20002c9a:	b2db      	uxtb	r3, r3
20002c9c:	f003 0302 	and.w	r3, r3, #2
20002ca0:	b2da      	uxtb	r2, r3
20002ca2:	687b      	ldr	r3, [r7, #4]
20002ca4:	725a      	strb	r2, [r3, #9]
20002ca6:	7afb      	ldrb	r3, [r7, #11]
20002ca8:	68fa      	ldr	r2, [r7, #12]
20002caa:	331b      	adds	r3, #27
20002cac:	011b      	lsls	r3, r3, #4
20002cae:	4413      	add	r3, r2
20002cb0:	3304      	adds	r3, #4
20002cb2:	681b      	ldr	r3, [r3, #0]
20002cb4:	b2db      	uxtb	r3, r3
20002cb6:	f003 030f 	and.w	r3, r3, #15
20002cba:	b2da      	uxtb	r2, r3
20002cbc:	687b      	ldr	r3, [r7, #4]
20002cbe:	729a      	strb	r2, [r3, #10]
20002cc0:	7afb      	ldrb	r3, [r7, #11]
20002cc2:	68fa      	ldr	r2, [r7, #12]
20002cc4:	331b      	adds	r3, #27
20002cc6:	011b      	lsls	r3, r3, #4
20002cc8:	4413      	add	r3, r2
20002cca:	3304      	adds	r3, #4
20002ccc:	681b      	ldr	r3, [r3, #0]
20002cce:	0a1b      	lsrs	r3, r3, #8
20002cd0:	b2da      	uxtb	r2, r3
20002cd2:	687b      	ldr	r3, [r7, #4]
20002cd4:	74da      	strb	r2, [r3, #19]
20002cd6:	7afb      	ldrb	r3, [r7, #11]
20002cd8:	68fa      	ldr	r2, [r7, #12]
20002cda:	011b      	lsls	r3, r3, #4
20002cdc:	4413      	add	r3, r2
20002cde:	f503 73dc 	add.w	r3, r3, #440	@ 0x1b8
20002ce2:	681b      	ldr	r3, [r3, #0]
20002ce4:	b2da      	uxtb	r2, r3
20002ce6:	687b      	ldr	r3, [r7, #4]
20002ce8:	72da      	strb	r2, [r3, #11]
20002cea:	7afb      	ldrb	r3, [r7, #11]
20002cec:	68fa      	ldr	r2, [r7, #12]
20002cee:	011b      	lsls	r3, r3, #4
20002cf0:	4413      	add	r3, r2
20002cf2:	f503 73dc 	add.w	r3, r3, #440	@ 0x1b8
20002cf6:	681b      	ldr	r3, [r3, #0]
20002cf8:	0a1b      	lsrs	r3, r3, #8
20002cfa:	b2da      	uxtb	r2, r3
20002cfc:	687b      	ldr	r3, [r7, #4]
20002cfe:	731a      	strb	r2, [r3, #12]
20002d00:	7afb      	ldrb	r3, [r7, #11]
20002d02:	68fa      	ldr	r2, [r7, #12]
20002d04:	011b      	lsls	r3, r3, #4
20002d06:	4413      	add	r3, r2
20002d08:	f503 73dc 	add.w	r3, r3, #440	@ 0x1b8
20002d0c:	681b      	ldr	r3, [r3, #0]
20002d0e:	0c1b      	lsrs	r3, r3, #16
20002d10:	b2da      	uxtb	r2, r3
20002d12:	687b      	ldr	r3, [r7, #4]
20002d14:	735a      	strb	r2, [r3, #13]
20002d16:	7afb      	ldrb	r3, [r7, #11]
20002d18:	68fa      	ldr	r2, [r7, #12]
20002d1a:	011b      	lsls	r3, r3, #4
20002d1c:	4413      	add	r3, r2
20002d1e:	f503 73dc 	add.w	r3, r3, #440	@ 0x1b8
20002d22:	681b      	ldr	r3, [r3, #0]
20002d24:	0e1b      	lsrs	r3, r3, #24
20002d26:	b2da      	uxtb	r2, r3
20002d28:	687b      	ldr	r3, [r7, #4]
20002d2a:	739a      	strb	r2, [r3, #14]
20002d2c:	7afb      	ldrb	r3, [r7, #11]
20002d2e:	68fa      	ldr	r2, [r7, #12]
20002d30:	011b      	lsls	r3, r3, #4
20002d32:	4413      	add	r3, r2
20002d34:	f503 73de 	add.w	r3, r3, #444	@ 0x1bc
20002d38:	681b      	ldr	r3, [r3, #0]
20002d3a:	b2da      	uxtb	r2, r3
20002d3c:	687b      	ldr	r3, [r7, #4]
20002d3e:	73da      	strb	r2, [r3, #15]
20002d40:	7afb      	ldrb	r3, [r7, #11]
20002d42:	68fa      	ldr	r2, [r7, #12]
20002d44:	011b      	lsls	r3, r3, #4
20002d46:	4413      	add	r3, r2
20002d48:	f503 73de 	add.w	r3, r3, #444	@ 0x1bc
20002d4c:	681b      	ldr	r3, [r3, #0]
20002d4e:	0a1b      	lsrs	r3, r3, #8
20002d50:	b2da      	uxtb	r2, r3
20002d52:	687b      	ldr	r3, [r7, #4]
20002d54:	741a      	strb	r2, [r3, #16]
20002d56:	7afb      	ldrb	r3, [r7, #11]
20002d58:	68fa      	ldr	r2, [r7, #12]
20002d5a:	011b      	lsls	r3, r3, #4
20002d5c:	4413      	add	r3, r2
20002d5e:	f503 73de 	add.w	r3, r3, #444	@ 0x1bc
20002d62:	681b      	ldr	r3, [r3, #0]
20002d64:	0c1b      	lsrs	r3, r3, #16
20002d66:	b2da      	uxtb	r2, r3
20002d68:	687b      	ldr	r3, [r7, #4]
20002d6a:	745a      	strb	r2, [r3, #17]
20002d6c:	7afb      	ldrb	r3, [r7, #11]
20002d6e:	68fa      	ldr	r2, [r7, #12]
20002d70:	011b      	lsls	r3, r3, #4
20002d72:	4413      	add	r3, r2
20002d74:	f503 73de 	add.w	r3, r3, #444	@ 0x1bc
20002d78:	681b      	ldr	r3, [r3, #0]
20002d7a:	0e1b      	lsrs	r3, r3, #24
20002d7c:	b2da      	uxtb	r2, r3
20002d7e:	687b      	ldr	r3, [r7, #4]
20002d80:	749a      	strb	r2, [r3, #18]
20002d82:	7afb      	ldrb	r3, [r7, #11]
20002d84:	2b00      	cmp	r3, #0
20002d86:	d106      	bne.n	20002d96 <CAN_Receive+0x164>
20002d88:	68fb      	ldr	r3, [r7, #12]
20002d8a:	68db      	ldr	r3, [r3, #12]
20002d8c:	f043 0220 	orr.w	r2, r3, #32
20002d90:	68fb      	ldr	r3, [r7, #12]
20002d92:	60da      	str	r2, [r3, #12]
20002d94:	e005      	b.n	20002da2 <CAN_Receive+0x170>
20002d96:	68fb      	ldr	r3, [r7, #12]
20002d98:	691b      	ldr	r3, [r3, #16]
20002d9a:	f043 0220 	orr.w	r2, r3, #32
20002d9e:	68fb      	ldr	r3, [r7, #12]
20002da0:	611a      	str	r2, [r3, #16]
20002da2:	bf00      	nop
20002da4:	3714      	adds	r7, #20
20002da6:	46bd      	mov	sp, r7
20002da8:	bc80      	pop	{r7}
20002daa:	4770      	bx	lr

20002dac <CAN_FIFORelease>:
20002dac:	b480      	push	{r7}
20002dae:	b083      	sub	sp, #12
20002db0:	af00      	add	r7, sp, #0
20002db2:	6078      	str	r0, [r7, #4]
20002db4:	460b      	mov	r3, r1
20002db6:	70fb      	strb	r3, [r7, #3]
20002db8:	78fb      	ldrb	r3, [r7, #3]
20002dba:	2b00      	cmp	r3, #0
20002dbc:	d106      	bne.n	20002dcc <CAN_FIFORelease+0x20>
20002dbe:	687b      	ldr	r3, [r7, #4]
20002dc0:	68db      	ldr	r3, [r3, #12]
20002dc2:	f043 0220 	orr.w	r2, r3, #32
20002dc6:	687b      	ldr	r3, [r7, #4]
20002dc8:	60da      	str	r2, [r3, #12]
20002dca:	e005      	b.n	20002dd8 <CAN_FIFORelease+0x2c>
20002dcc:	687b      	ldr	r3, [r7, #4]
20002dce:	691b      	ldr	r3, [r3, #16]
20002dd0:	f043 0220 	orr.w	r2, r3, #32
20002dd4:	687b      	ldr	r3, [r7, #4]
20002dd6:	611a      	str	r2, [r3, #16]
20002dd8:	bf00      	nop
20002dda:	370c      	adds	r7, #12
20002ddc:	46bd      	mov	sp, r7
20002dde:	bc80      	pop	{r7}
20002de0:	4770      	bx	lr

20002de2 <CAN_MessagePending>:
20002de2:	b480      	push	{r7}
20002de4:	b085      	sub	sp, #20
20002de6:	af00      	add	r7, sp, #0
20002de8:	6078      	str	r0, [r7, #4]
20002dea:	460b      	mov	r3, r1
20002dec:	70fb      	strb	r3, [r7, #3]
20002dee:	2300      	movs	r3, #0
20002df0:	73fb      	strb	r3, [r7, #15]
20002df2:	78fb      	ldrb	r3, [r7, #3]
20002df4:	2b00      	cmp	r3, #0
20002df6:	d106      	bne.n	20002e06 <CAN_MessagePending+0x24>
20002df8:	687b      	ldr	r3, [r7, #4]
20002dfa:	68db      	ldr	r3, [r3, #12]
20002dfc:	b2db      	uxtb	r3, r3
20002dfe:	f003 0303 	and.w	r3, r3, #3
20002e02:	73fb      	strb	r3, [r7, #15]
20002e04:	e00b      	b.n	20002e1e <CAN_MessagePending+0x3c>
20002e06:	78fb      	ldrb	r3, [r7, #3]
20002e08:	2b01      	cmp	r3, #1
20002e0a:	d106      	bne.n	20002e1a <CAN_MessagePending+0x38>
20002e0c:	687b      	ldr	r3, [r7, #4]
20002e0e:	691b      	ldr	r3, [r3, #16]
20002e10:	b2db      	uxtb	r3, r3
20002e12:	f003 0303 	and.w	r3, r3, #3
20002e16:	73fb      	strb	r3, [r7, #15]
20002e18:	e001      	b.n	20002e1e <CAN_MessagePending+0x3c>
20002e1a:	2300      	movs	r3, #0
20002e1c:	73fb      	strb	r3, [r7, #15]
20002e1e:	7bfb      	ldrb	r3, [r7, #15]
20002e20:	4618      	mov	r0, r3
20002e22:	3714      	adds	r7, #20
20002e24:	46bd      	mov	sp, r7
20002e26:	bc80      	pop	{r7}
20002e28:	4770      	bx	lr

20002e2a <CAN_OperatingModeRequest>:
20002e2a:	b480      	push	{r7}
20002e2c:	b085      	sub	sp, #20
20002e2e:	af00      	add	r7, sp, #0
20002e30:	6078      	str	r0, [r7, #4]
20002e32:	460b      	mov	r3, r1
20002e34:	70fb      	strb	r3, [r7, #3]
20002e36:	2300      	movs	r3, #0
20002e38:	73fb      	strb	r3, [r7, #15]
20002e3a:	f64f 73ff 	movw	r3, #65535	@ 0xffff
20002e3e:	60bb      	str	r3, [r7, #8]
20002e40:	78fb      	ldrb	r3, [r7, #3]
20002e42:	2b00      	cmp	r3, #0
20002e44:	d120      	bne.n	20002e88 <CAN_OperatingModeRequest+0x5e>
20002e46:	687b      	ldr	r3, [r7, #4]
20002e48:	681b      	ldr	r3, [r3, #0]
20002e4a:	f023 0303 	bic.w	r3, r3, #3
20002e4e:	f043 0201 	orr.w	r2, r3, #1
20002e52:	687b      	ldr	r3, [r7, #4]
20002e54:	601a      	str	r2, [r3, #0]
20002e56:	e002      	b.n	20002e5e <CAN_OperatingModeRequest+0x34>
20002e58:	68bb      	ldr	r3, [r7, #8]
20002e5a:	3b01      	subs	r3, #1
20002e5c:	60bb      	str	r3, [r7, #8]
20002e5e:	687b      	ldr	r3, [r7, #4]
20002e60:	685b      	ldr	r3, [r3, #4]
20002e62:	f003 0303 	and.w	r3, r3, #3
20002e66:	2b01      	cmp	r3, #1
20002e68:	d002      	beq.n	20002e70 <CAN_OperatingModeRequest+0x46>
20002e6a:	68bb      	ldr	r3, [r7, #8]
20002e6c:	2b00      	cmp	r3, #0
20002e6e:	d1f3      	bne.n	20002e58 <CAN_OperatingModeRequest+0x2e>
20002e70:	687b      	ldr	r3, [r7, #4]
20002e72:	685b      	ldr	r3, [r3, #4]
20002e74:	f003 0303 	and.w	r3, r3, #3
20002e78:	2b01      	cmp	r3, #1
20002e7a:	d002      	beq.n	20002e82 <CAN_OperatingModeRequest+0x58>
20002e7c:	2300      	movs	r3, #0
20002e7e:	73fb      	strb	r3, [r7, #15]
20002e80:	e04a      	b.n	20002f18 <CAN_OperatingModeRequest+0xee>
20002e82:	2301      	movs	r3, #1
20002e84:	73fb      	strb	r3, [r7, #15]
20002e86:	e047      	b.n	20002f18 <CAN_OperatingModeRequest+0xee>
20002e88:	78fb      	ldrb	r3, [r7, #3]
20002e8a:	2b01      	cmp	r3, #1
20002e8c:	d11e      	bne.n	20002ecc <CAN_OperatingModeRequest+0xa2>
20002e8e:	687b      	ldr	r3, [r7, #4]
20002e90:	681b      	ldr	r3, [r3, #0]
20002e92:	f023 0203 	bic.w	r2, r3, #3
20002e96:	687b      	ldr	r3, [r7, #4]
20002e98:	601a      	str	r2, [r3, #0]
20002e9a:	e002      	b.n	20002ea2 <CAN_OperatingModeRequest+0x78>
20002e9c:	68bb      	ldr	r3, [r7, #8]
20002e9e:	3b01      	subs	r3, #1
20002ea0:	60bb      	str	r3, [r7, #8]
20002ea2:	687b      	ldr	r3, [r7, #4]
20002ea4:	685b      	ldr	r3, [r3, #4]
20002ea6:	f003 0303 	and.w	r3, r3, #3
20002eaa:	2b00      	cmp	r3, #0
20002eac:	d002      	beq.n	20002eb4 <CAN_OperatingModeRequest+0x8a>
20002eae:	68bb      	ldr	r3, [r7, #8]
20002eb0:	2b00      	cmp	r3, #0
20002eb2:	d1f3      	bne.n	20002e9c <CAN_OperatingModeRequest+0x72>
20002eb4:	687b      	ldr	r3, [r7, #4]
20002eb6:	685b      	ldr	r3, [r3, #4]
20002eb8:	f003 0303 	and.w	r3, r3, #3
20002ebc:	2b00      	cmp	r3, #0
20002ebe:	d002      	beq.n	20002ec6 <CAN_OperatingModeRequest+0x9c>
20002ec0:	2300      	movs	r3, #0
20002ec2:	73fb      	strb	r3, [r7, #15]
20002ec4:	e028      	b.n	20002f18 <CAN_OperatingModeRequest+0xee>
20002ec6:	2301      	movs	r3, #1
20002ec8:	73fb      	strb	r3, [r7, #15]
20002eca:	e025      	b.n	20002f18 <CAN_OperatingModeRequest+0xee>
20002ecc:	78fb      	ldrb	r3, [r7, #3]
20002ece:	2b02      	cmp	r3, #2
20002ed0:	d120      	bne.n	20002f14 <CAN_OperatingModeRequest+0xea>
20002ed2:	687b      	ldr	r3, [r7, #4]
20002ed4:	681b      	ldr	r3, [r3, #0]
20002ed6:	f023 0303 	bic.w	r3, r3, #3
20002eda:	f043 0202 	orr.w	r2, r3, #2
20002ede:	687b      	ldr	r3, [r7, #4]
20002ee0:	601a      	str	r2, [r3, #0]
20002ee2:	e002      	b.n	20002eea <CAN_OperatingModeRequest+0xc0>
20002ee4:	68bb      	ldr	r3, [r7, #8]
20002ee6:	3b01      	subs	r3, #1
20002ee8:	60bb      	str	r3, [r7, #8]
20002eea:	687b      	ldr	r3, [r7, #4]
20002eec:	685b      	ldr	r3, [r3, #4]
20002eee:	f003 0303 	and.w	r3, r3, #3
20002ef2:	2b02      	cmp	r3, #2
20002ef4:	d002      	beq.n	20002efc <CAN_OperatingModeRequest+0xd2>
20002ef6:	68bb      	ldr	r3, [r7, #8]
20002ef8:	2b00      	cmp	r3, #0
20002efa:	d1f3      	bne.n	20002ee4 <CAN_OperatingModeRequest+0xba>
20002efc:	687b      	ldr	r3, [r7, #4]
20002efe:	685b      	ldr	r3, [r3, #4]
20002f00:	f003 0303 	and.w	r3, r3, #3
20002f04:	2b02      	cmp	r3, #2
20002f06:	d002      	beq.n	20002f0e <CAN_OperatingModeRequest+0xe4>
20002f08:	2300      	movs	r3, #0
20002f0a:	73fb      	strb	r3, [r7, #15]
20002f0c:	e004      	b.n	20002f18 <CAN_OperatingModeRequest+0xee>
20002f0e:	2301      	movs	r3, #1
20002f10:	73fb      	strb	r3, [r7, #15]
20002f12:	e001      	b.n	20002f18 <CAN_OperatingModeRequest+0xee>
20002f14:	2300      	movs	r3, #0
20002f16:	73fb      	strb	r3, [r7, #15]
20002f18:	7bfb      	ldrb	r3, [r7, #15]
20002f1a:	4618      	mov	r0, r3
20002f1c:	3714      	adds	r7, #20
20002f1e:	46bd      	mov	sp, r7
20002f20:	bc80      	pop	{r7}
20002f22:	4770      	bx	lr

20002f24 <CAN_Sleep>:
20002f24:	b480      	push	{r7}
20002f26:	b085      	sub	sp, #20
20002f28:	af00      	add	r7, sp, #0
20002f2a:	6078      	str	r0, [r7, #4]
20002f2c:	2300      	movs	r3, #0
20002f2e:	73fb      	strb	r3, [r7, #15]
20002f30:	687b      	ldr	r3, [r7, #4]
20002f32:	681b      	ldr	r3, [r3, #0]
20002f34:	f023 0303 	bic.w	r3, r3, #3
20002f38:	f043 0202 	orr.w	r2, r3, #2
20002f3c:	687b      	ldr	r3, [r7, #4]
20002f3e:	601a      	str	r2, [r3, #0]
20002f40:	687b      	ldr	r3, [r7, #4]
20002f42:	685b      	ldr	r3, [r3, #4]
20002f44:	f003 0303 	and.w	r3, r3, #3
20002f48:	2b02      	cmp	r3, #2
20002f4a:	d101      	bne.n	20002f50 <CAN_Sleep+0x2c>
20002f4c:	2301      	movs	r3, #1
20002f4e:	73fb      	strb	r3, [r7, #15]
20002f50:	7bfb      	ldrb	r3, [r7, #15]
20002f52:	4618      	mov	r0, r3
20002f54:	3714      	adds	r7, #20
20002f56:	46bd      	mov	sp, r7
20002f58:	bc80      	pop	{r7}
20002f5a:	4770      	bx	lr

20002f5c <CAN_WakeUp>:
20002f5c:	b480      	push	{r7}
20002f5e:	b085      	sub	sp, #20
20002f60:	af00      	add	r7, sp, #0
20002f62:	6078      	str	r0, [r7, #4]
20002f64:	f64f 73ff 	movw	r3, #65535	@ 0xffff
20002f68:	60fb      	str	r3, [r7, #12]
20002f6a:	2300      	movs	r3, #0
20002f6c:	72fb      	strb	r3, [r7, #11]
20002f6e:	687b      	ldr	r3, [r7, #4]
20002f70:	681b      	ldr	r3, [r3, #0]
20002f72:	f023 0202 	bic.w	r2, r3, #2
20002f76:	687b      	ldr	r3, [r7, #4]
20002f78:	601a      	str	r2, [r3, #0]
20002f7a:	e002      	b.n	20002f82 <CAN_WakeUp+0x26>
20002f7c:	68fb      	ldr	r3, [r7, #12]
20002f7e:	3b01      	subs	r3, #1
20002f80:	60fb      	str	r3, [r7, #12]
20002f82:	687b      	ldr	r3, [r7, #4]
20002f84:	685b      	ldr	r3, [r3, #4]
20002f86:	f003 0302 	and.w	r3, r3, #2
20002f8a:	2b02      	cmp	r3, #2
20002f8c:	d102      	bne.n	20002f94 <CAN_WakeUp+0x38>
20002f8e:	68fb      	ldr	r3, [r7, #12]
20002f90:	2b00      	cmp	r3, #0
20002f92:	d1f3      	bne.n	20002f7c <CAN_WakeUp+0x20>
20002f94:	687b      	ldr	r3, [r7, #4]
20002f96:	685b      	ldr	r3, [r3, #4]
20002f98:	f003 0302 	and.w	r3, r3, #2
20002f9c:	2b02      	cmp	r3, #2
20002f9e:	d001      	beq.n	20002fa4 <CAN_WakeUp+0x48>
20002fa0:	2301      	movs	r3, #1
20002fa2:	72fb      	strb	r3, [r7, #11]
20002fa4:	7afb      	ldrb	r3, [r7, #11]
20002fa6:	4618      	mov	r0, r3
20002fa8:	3714      	adds	r7, #20
20002faa:	46bd      	mov	sp, r7
20002fac:	bc80      	pop	{r7}
20002fae:	4770      	bx	lr

20002fb0 <CAN_GetLastErrorCode>:
20002fb0:	b480      	push	{r7}
20002fb2:	b085      	sub	sp, #20
20002fb4:	af00      	add	r7, sp, #0
20002fb6:	6078      	str	r0, [r7, #4]
20002fb8:	2300      	movs	r3, #0
20002fba:	73fb      	strb	r3, [r7, #15]
20002fbc:	687b      	ldr	r3, [r7, #4]
20002fbe:	699b      	ldr	r3, [r3, #24]
20002fc0:	b2db      	uxtb	r3, r3
20002fc2:	f003 0370 	and.w	r3, r3, #112	@ 0x70
20002fc6:	73fb      	strb	r3, [r7, #15]
20002fc8:	7bfb      	ldrb	r3, [r7, #15]
20002fca:	4618      	mov	r0, r3
20002fcc:	3714      	adds	r7, #20
20002fce:	46bd      	mov	sp, r7
20002fd0:	bc80      	pop	{r7}
20002fd2:	4770      	bx	lr

20002fd4 <CAN_GetReceiveErrorCounter>:
20002fd4:	b480      	push	{r7}
20002fd6:	b085      	sub	sp, #20
20002fd8:	af00      	add	r7, sp, #0
20002fda:	6078      	str	r0, [r7, #4]
20002fdc:	2300      	movs	r3, #0
20002fde:	73fb      	strb	r3, [r7, #15]
20002fe0:	687b      	ldr	r3, [r7, #4]
20002fe2:	699b      	ldr	r3, [r3, #24]
20002fe4:	0e1b      	lsrs	r3, r3, #24
20002fe6:	73fb      	strb	r3, [r7, #15]
20002fe8:	7bfb      	ldrb	r3, [r7, #15]
20002fea:	4618      	mov	r0, r3
20002fec:	3714      	adds	r7, #20
20002fee:	46bd      	mov	sp, r7
20002ff0:	bc80      	pop	{r7}
20002ff2:	4770      	bx	lr

20002ff4 <CAN_GetLSBTransmitErrorCounter>:
20002ff4:	b480      	push	{r7}
20002ff6:	b085      	sub	sp, #20
20002ff8:	af00      	add	r7, sp, #0
20002ffa:	6078      	str	r0, [r7, #4]
20002ffc:	2300      	movs	r3, #0
20002ffe:	73fb      	strb	r3, [r7, #15]
20003000:	687b      	ldr	r3, [r7, #4]
20003002:	699b      	ldr	r3, [r3, #24]
20003004:	0c1b      	lsrs	r3, r3, #16
20003006:	73fb      	strb	r3, [r7, #15]
20003008:	7bfb      	ldrb	r3, [r7, #15]
2000300a:	4618      	mov	r0, r3
2000300c:	3714      	adds	r7, #20
2000300e:	46bd      	mov	sp, r7
20003010:	bc80      	pop	{r7}
20003012:	4770      	bx	lr

20003014 <CAN_ITConfig>:
20003014:	b480      	push	{r7}
20003016:	b085      	sub	sp, #20
20003018:	af00      	add	r7, sp, #0
2000301a:	60f8      	str	r0, [r7, #12]
2000301c:	60b9      	str	r1, [r7, #8]
2000301e:	4613      	mov	r3, r2
20003020:	71fb      	strb	r3, [r7, #7]
20003022:	79fb      	ldrb	r3, [r7, #7]
20003024:	2b00      	cmp	r3, #0
20003026:	d006      	beq.n	20003036 <CAN_ITConfig+0x22>
20003028:	68fb      	ldr	r3, [r7, #12]
2000302a:	695a      	ldr	r2, [r3, #20]
2000302c:	68bb      	ldr	r3, [r7, #8]
2000302e:	431a      	orrs	r2, r3
20003030:	68fb      	ldr	r3, [r7, #12]
20003032:	615a      	str	r2, [r3, #20]
20003034:	e006      	b.n	20003044 <CAN_ITConfig+0x30>
20003036:	68fb      	ldr	r3, [r7, #12]
20003038:	695a      	ldr	r2, [r3, #20]
2000303a:	68bb      	ldr	r3, [r7, #8]
2000303c:	43db      	mvns	r3, r3
2000303e:	401a      	ands	r2, r3
20003040:	68fb      	ldr	r3, [r7, #12]
20003042:	615a      	str	r2, [r3, #20]
20003044:	bf00      	nop
20003046:	3714      	adds	r7, #20
20003048:	46bd      	mov	sp, r7
2000304a:	bc80      	pop	{r7}
2000304c:	4770      	bx	lr

2000304e <CAN_GetFlagStatus>:
2000304e:	b480      	push	{r7}
20003050:	b085      	sub	sp, #20
20003052:	af00      	add	r7, sp, #0
20003054:	6078      	str	r0, [r7, #4]
20003056:	6039      	str	r1, [r7, #0]
20003058:	2300      	movs	r3, #0
2000305a:	73fb      	strb	r3, [r7, #15]
2000305c:	683b      	ldr	r3, [r7, #0]
2000305e:	f403 0370 	and.w	r3, r3, #15728640	@ 0xf00000
20003062:	2b00      	cmp	r3, #0
20003064:	d00d      	beq.n	20003082 <CAN_GetFlagStatus+0x34>
20003066:	687b      	ldr	r3, [r7, #4]
20003068:	699a      	ldr	r2, [r3, #24]
2000306a:	683b      	ldr	r3, [r7, #0]
2000306c:	4013      	ands	r3, r2
2000306e:	f3c3 0313 	ubfx	r3, r3, #0, #20
20003072:	2b00      	cmp	r3, #0
20003074:	d002      	beq.n	2000307c <CAN_GetFlagStatus+0x2e>
20003076:	2301      	movs	r3, #1
20003078:	73fb      	strb	r3, [r7, #15]
2000307a:	e048      	b.n	2000310e <CAN_GetFlagStatus+0xc0>
2000307c:	2300      	movs	r3, #0
2000307e:	73fb      	strb	r3, [r7, #15]
20003080:	e045      	b.n	2000310e <CAN_GetFlagStatus+0xc0>
20003082:	683b      	ldr	r3, [r7, #0]
20003084:	f003 7380 	and.w	r3, r3, #16777216	@ 0x1000000
20003088:	2b00      	cmp	r3, #0
2000308a:	d00d      	beq.n	200030a8 <CAN_GetFlagStatus+0x5a>
2000308c:	687b      	ldr	r3, [r7, #4]
2000308e:	685a      	ldr	r2, [r3, #4]
20003090:	683b      	ldr	r3, [r7, #0]
20003092:	4013      	ands	r3, r2
20003094:	f3c3 0313 	ubfx	r3, r3, #0, #20
20003098:	2b00      	cmp	r3, #0
2000309a:	d002      	beq.n	200030a2 <CAN_GetFlagStatus+0x54>
2000309c:	2301      	movs	r3, #1
2000309e:	73fb      	strb	r3, [r7, #15]
200030a0:	e035      	b.n	2000310e <CAN_GetFlagStatus+0xc0>
200030a2:	2300      	movs	r3, #0
200030a4:	73fb      	strb	r3, [r7, #15]
200030a6:	e032      	b.n	2000310e <CAN_GetFlagStatus+0xc0>
200030a8:	683b      	ldr	r3, [r7, #0]
200030aa:	f003 6300 	and.w	r3, r3, #134217728	@ 0x8000000
200030ae:	2b00      	cmp	r3, #0
200030b0:	d00d      	beq.n	200030ce <CAN_GetFlagStatus+0x80>
200030b2:	687b      	ldr	r3, [r7, #4]
200030b4:	689a      	ldr	r2, [r3, #8]
200030b6:	683b      	ldr	r3, [r7, #0]
200030b8:	4013      	ands	r3, r2
200030ba:	f3c3 0313 	ubfx	r3, r3, #0, #20
200030be:	2b00      	cmp	r3, #0
200030c0:	d002      	beq.n	200030c8 <CAN_GetFlagStatus+0x7a>
200030c2:	2301      	movs	r3, #1
200030c4:	73fb      	strb	r3, [r7, #15]
200030c6:	e022      	b.n	2000310e <CAN_GetFlagStatus+0xc0>
200030c8:	2300      	movs	r3, #0
200030ca:	73fb      	strb	r3, [r7, #15]
200030cc:	e01f      	b.n	2000310e <CAN_GetFlagStatus+0xc0>
200030ce:	683b      	ldr	r3, [r7, #0]
200030d0:	f003 7300 	and.w	r3, r3, #33554432	@ 0x2000000
200030d4:	2b00      	cmp	r3, #0
200030d6:	d00d      	beq.n	200030f4 <CAN_GetFlagStatus+0xa6>
200030d8:	687b      	ldr	r3, [r7, #4]
200030da:	68da      	ldr	r2, [r3, #12]
200030dc:	683b      	ldr	r3, [r7, #0]
200030de:	4013      	ands	r3, r2
200030e0:	f3c3 0313 	ubfx	r3, r3, #0, #20
200030e4:	2b00      	cmp	r3, #0
200030e6:	d002      	beq.n	200030ee <CAN_GetFlagStatus+0xa0>
200030e8:	2301      	movs	r3, #1
200030ea:	73fb      	strb	r3, [r7, #15]
200030ec:	e00f      	b.n	2000310e <CAN_GetFlagStatus+0xc0>
200030ee:	2300      	movs	r3, #0
200030f0:	73fb      	strb	r3, [r7, #15]
200030f2:	e00c      	b.n	2000310e <CAN_GetFlagStatus+0xc0>
200030f4:	687b      	ldr	r3, [r7, #4]
200030f6:	691a      	ldr	r2, [r3, #16]
200030f8:	683b      	ldr	r3, [r7, #0]
200030fa:	4013      	ands	r3, r2
200030fc:	f3c3 0313 	ubfx	r3, r3, #0, #20
20003100:	2b00      	cmp	r3, #0
20003102:	d002      	beq.n	2000310a <CAN_GetFlagStatus+0xbc>
20003104:	2301      	movs	r3, #1
20003106:	73fb      	strb	r3, [r7, #15]
20003108:	e001      	b.n	2000310e <CAN_GetFlagStatus+0xc0>
2000310a:	2300      	movs	r3, #0
2000310c:	73fb      	strb	r3, [r7, #15]
2000310e:	7bfb      	ldrb	r3, [r7, #15]
20003110:	4618      	mov	r0, r3
20003112:	3714      	adds	r7, #20
20003114:	46bd      	mov	sp, r7
20003116:	bc80      	pop	{r7}
20003118:	4770      	bx	lr

2000311a <CAN_ClearFlag>:
2000311a:	b480      	push	{r7}
2000311c:	b085      	sub	sp, #20
2000311e:	af00      	add	r7, sp, #0
20003120:	6078      	str	r0, [r7, #4]
20003122:	6039      	str	r1, [r7, #0]
20003124:	2300      	movs	r3, #0
20003126:	60fb      	str	r3, [r7, #12]
20003128:	683b      	ldr	r3, [r7, #0]
2000312a:	4a17      	ldr	r2, [pc, #92]	@ (20003188 <CAN_ClearFlag+0x6e>)
2000312c:	4293      	cmp	r3, r2
2000312e:	d103      	bne.n	20003138 <CAN_ClearFlag+0x1e>
20003130:	687b      	ldr	r3, [r7, #4]
20003132:	2200      	movs	r2, #0
20003134:	619a      	str	r2, [r3, #24]
20003136:	e021      	b.n	2000317c <CAN_ClearFlag+0x62>
20003138:	683b      	ldr	r3, [r7, #0]
2000313a:	f3c3 0313 	ubfx	r3, r3, #0, #20
2000313e:	60fb      	str	r3, [r7, #12]
20003140:	683b      	ldr	r3, [r7, #0]
20003142:	f003 7300 	and.w	r3, r3, #33554432	@ 0x2000000
20003146:	2b00      	cmp	r3, #0
20003148:	d003      	beq.n	20003152 <CAN_ClearFlag+0x38>
2000314a:	687b      	ldr	r3, [r7, #4]
2000314c:	68fa      	ldr	r2, [r7, #12]
2000314e:	60da      	str	r2, [r3, #12]
20003150:	e014      	b.n	2000317c <CAN_ClearFlag+0x62>
20003152:	683b      	ldr	r3, [r7, #0]
20003154:	f003 6380 	and.w	r3, r3, #67108864	@ 0x4000000
20003158:	2b00      	cmp	r3, #0
2000315a:	d003      	beq.n	20003164 <CAN_ClearFlag+0x4a>
2000315c:	687b      	ldr	r3, [r7, #4]
2000315e:	68fa      	ldr	r2, [r7, #12]
20003160:	611a      	str	r2, [r3, #16]
20003162:	e00b      	b.n	2000317c <CAN_ClearFlag+0x62>
20003164:	683b      	ldr	r3, [r7, #0]
20003166:	f003 6300 	and.w	r3, r3, #134217728	@ 0x8000000
2000316a:	2b00      	cmp	r3, #0
2000316c:	d003      	beq.n	20003176 <CAN_ClearFlag+0x5c>
2000316e:	687b      	ldr	r3, [r7, #4]
20003170:	68fa      	ldr	r2, [r7, #12]
20003172:	609a      	str	r2, [r3, #8]
20003174:	e002      	b.n	2000317c <CAN_ClearFlag+0x62>
20003176:	687b      	ldr	r3, [r7, #4]
20003178:	68fa      	ldr	r2, [r7, #12]
2000317a:	605a      	str	r2, [r3, #4]
2000317c:	bf00      	nop
2000317e:	3714      	adds	r7, #20
20003180:	46bd      	mov	sp, r7
20003182:	bc80      	pop	{r7}
20003184:	4770      	bx	lr
20003186:	bf00      	nop
20003188:	30f00070 	.word	0x30f00070

2000318c <CAN_GetITStatus>:
2000318c:	b580      	push	{r7, lr}
2000318e:	b084      	sub	sp, #16
20003190:	af00      	add	r7, sp, #0
20003192:	6078      	str	r0, [r7, #4]
20003194:	6039      	str	r1, [r7, #0]
20003196:	2300      	movs	r3, #0
20003198:	73fb      	strb	r3, [r7, #15]
2000319a:	687b      	ldr	r3, [r7, #4]
2000319c:	695a      	ldr	r2, [r3, #20]
2000319e:	683b      	ldr	r3, [r7, #0]
200031a0:	4013      	ands	r3, r2
200031a2:	2b00      	cmp	r3, #0
200031a4:	f000 80f0 	beq.w	20003388 <CAN_GetITStatus+0x1fc>
200031a8:	683b      	ldr	r3, [r7, #0]
200031aa:	f5b3 3f00 	cmp.w	r3, #131072	@ 0x20000
200031ae:	f000 80b2 	beq.w	20003316 <CAN_GetITStatus+0x18a>
200031b2:	683b      	ldr	r3, [r7, #0]
200031b4:	f5b3 3f00 	cmp.w	r3, #131072	@ 0x20000
200031b8:	f200 80e3 	bhi.w	20003382 <CAN_GetITStatus+0x1f6>
200031bc:	683b      	ldr	r3, [r7, #0]
200031be:	f5b3 3f80 	cmp.w	r3, #65536	@ 0x10000
200031c2:	f000 809f 	beq.w	20003304 <CAN_GetITStatus+0x178>
200031c6:	683b      	ldr	r3, [r7, #0]
200031c8:	f5b3 3f80 	cmp.w	r3, #65536	@ 0x10000
200031cc:	f200 80d9 	bhi.w	20003382 <CAN_GetITStatus+0x1f6>
200031d0:	683b      	ldr	r3, [r7, #0]
200031d2:	f5b3 4f00 	cmp.w	r3, #32768	@ 0x8000
200031d6:	f000 80cb 	beq.w	20003370 <CAN_GetITStatus+0x1e4>
200031da:	683b      	ldr	r3, [r7, #0]
200031dc:	f5b3 4f00 	cmp.w	r3, #32768	@ 0x8000
200031e0:	f200 80cf 	bhi.w	20003382 <CAN_GetITStatus+0x1f6>
200031e4:	683b      	ldr	r3, [r7, #0]
200031e6:	f5b3 6f00 	cmp.w	r3, #2048	@ 0x800
200031ea:	f000 80b8 	beq.w	2000335e <CAN_GetITStatus+0x1d2>
200031ee:	683b      	ldr	r3, [r7, #0]
200031f0:	f5b3 6f00 	cmp.w	r3, #2048	@ 0x800
200031f4:	f200 80c5 	bhi.w	20003382 <CAN_GetITStatus+0x1f6>
200031f8:	683b      	ldr	r3, [r7, #0]
200031fa:	f5b3 6f80 	cmp.w	r3, #1024	@ 0x400
200031fe:	f000 80a5 	beq.w	2000334c <CAN_GetITStatus+0x1c0>
20003202:	683b      	ldr	r3, [r7, #0]
20003204:	f5b3 6f80 	cmp.w	r3, #1024	@ 0x400
20003208:	f200 80bb 	bhi.w	20003382 <CAN_GetITStatus+0x1f6>
2000320c:	683b      	ldr	r3, [r7, #0]
2000320e:	f5b3 7f00 	cmp.w	r3, #512	@ 0x200
20003212:	f000 8092 	beq.w	2000333a <CAN_GetITStatus+0x1ae>
20003216:	683b      	ldr	r3, [r7, #0]
20003218:	f5b3 7f00 	cmp.w	r3, #512	@ 0x200
2000321c:	f200 80b1 	bhi.w	20003382 <CAN_GetITStatus+0x1f6>
20003220:	683b      	ldr	r3, [r7, #0]
20003222:	f5b3 7f80 	cmp.w	r3, #256	@ 0x100
20003226:	d07f      	beq.n	20003328 <CAN_GetITStatus+0x19c>
20003228:	683b      	ldr	r3, [r7, #0]
2000322a:	f5b3 7f80 	cmp.w	r3, #256	@ 0x100
2000322e:	f200 80a8 	bhi.w	20003382 <CAN_GetITStatus+0x1f6>
20003232:	683b      	ldr	r3, [r7, #0]
20003234:	2b40      	cmp	r3, #64	@ 0x40
20003236:	d05c      	beq.n	200032f2 <CAN_GetITStatus+0x166>
20003238:	683b      	ldr	r3, [r7, #0]
2000323a:	2b40      	cmp	r3, #64	@ 0x40
2000323c:	f200 80a1 	bhi.w	20003382 <CAN_GetITStatus+0x1f6>
20003240:	683b      	ldr	r3, [r7, #0]
20003242:	2b20      	cmp	r3, #32
20003244:	d04c      	beq.n	200032e0 <CAN_GetITStatus+0x154>
20003246:	683b      	ldr	r3, [r7, #0]
20003248:	2b20      	cmp	r3, #32
2000324a:	f200 809a 	bhi.w	20003382 <CAN_GetITStatus+0x1f6>
2000324e:	683b      	ldr	r3, [r7, #0]
20003250:	2b10      	cmp	r3, #16
20003252:	d03c      	beq.n	200032ce <CAN_GetITStatus+0x142>
20003254:	683b      	ldr	r3, [r7, #0]
20003256:	2b10      	cmp	r3, #16
20003258:	f200 8093 	bhi.w	20003382 <CAN_GetITStatus+0x1f6>
2000325c:	683b      	ldr	r3, [r7, #0]
2000325e:	2b08      	cmp	r3, #8
20003260:	d02c      	beq.n	200032bc <CAN_GetITStatus+0x130>
20003262:	683b      	ldr	r3, [r7, #0]
20003264:	2b08      	cmp	r3, #8
20003266:	f200 808c 	bhi.w	20003382 <CAN_GetITStatus+0x1f6>
2000326a:	683b      	ldr	r3, [r7, #0]
2000326c:	2b04      	cmp	r3, #4
2000326e:	d01c      	beq.n	200032aa <CAN_GetITStatus+0x11e>
20003270:	683b      	ldr	r3, [r7, #0]
20003272:	2b04      	cmp	r3, #4
20003274:	f200 8085 	bhi.w	20003382 <CAN_GetITStatus+0x1f6>
20003278:	683b      	ldr	r3, [r7, #0]
2000327a:	2b01      	cmp	r3, #1
2000327c:	d003      	beq.n	20003286 <CAN_GetITStatus+0xfa>
2000327e:	683b      	ldr	r3, [r7, #0]
20003280:	2b02      	cmp	r3, #2
20003282:	d009      	beq.n	20003298 <CAN_GetITStatus+0x10c>
20003284:	e07d      	b.n	20003382 <CAN_GetITStatus+0x1f6>
20003286:	687b      	ldr	r3, [r7, #4]
20003288:	689b      	ldr	r3, [r3, #8]
2000328a:	4943      	ldr	r1, [pc, #268]	@ (20003398 <CAN_GetITStatus+0x20c>)
2000328c:	4618      	mov	r0, r3
2000328e:	f000 f919 	bl	200034c4 <CheckITStatus>
20003292:	4603      	mov	r3, r0
20003294:	73fb      	strb	r3, [r7, #15]
20003296:	e079      	b.n	2000338c <CAN_GetITStatus+0x200>
20003298:	687b      	ldr	r3, [r7, #4]
2000329a:	68db      	ldr	r3, [r3, #12]
2000329c:	2103      	movs	r1, #3
2000329e:	4618      	mov	r0, r3
200032a0:	f000 f910 	bl	200034c4 <CheckITStatus>
200032a4:	4603      	mov	r3, r0
200032a6:	73fb      	strb	r3, [r7, #15]
200032a8:	e070      	b.n	2000338c <CAN_GetITStatus+0x200>
200032aa:	687b      	ldr	r3, [r7, #4]
200032ac:	68db      	ldr	r3, [r3, #12]
200032ae:	2108      	movs	r1, #8
200032b0:	4618      	mov	r0, r3
200032b2:	f000 f907 	bl	200034c4 <CheckITStatus>
200032b6:	4603      	mov	r3, r0
200032b8:	73fb      	strb	r3, [r7, #15]
200032ba:	e067      	b.n	2000338c <CAN_GetITStatus+0x200>
200032bc:	687b      	ldr	r3, [r7, #4]
200032be:	68db      	ldr	r3, [r3, #12]
200032c0:	2110      	movs	r1, #16
200032c2:	4618      	mov	r0, r3
200032c4:	f000 f8fe 	bl	200034c4 <CheckITStatus>
200032c8:	4603      	mov	r3, r0
200032ca:	73fb      	strb	r3, [r7, #15]
200032cc:	e05e      	b.n	2000338c <CAN_GetITStatus+0x200>
200032ce:	687b      	ldr	r3, [r7, #4]
200032d0:	691b      	ldr	r3, [r3, #16]
200032d2:	2103      	movs	r1, #3
200032d4:	4618      	mov	r0, r3
200032d6:	f000 f8f5 	bl	200034c4 <CheckITStatus>
200032da:	4603      	mov	r3, r0
200032dc:	73fb      	strb	r3, [r7, #15]
200032de:	e055      	b.n	2000338c <CAN_GetITStatus+0x200>
200032e0:	687b      	ldr	r3, [r7, #4]
200032e2:	691b      	ldr	r3, [r3, #16]
200032e4:	2108      	movs	r1, #8
200032e6:	4618      	mov	r0, r3
200032e8:	f000 f8ec 	bl	200034c4 <CheckITStatus>
200032ec:	4603      	mov	r3, r0
200032ee:	73fb      	strb	r3, [r7, #15]
200032f0:	e04c      	b.n	2000338c <CAN_GetITStatus+0x200>
200032f2:	687b      	ldr	r3, [r7, #4]
200032f4:	691b      	ldr	r3, [r3, #16]
200032f6:	2110      	movs	r1, #16
200032f8:	4618      	mov	r0, r3
200032fa:	f000 f8e3 	bl	200034c4 <CheckITStatus>
200032fe:	4603      	mov	r3, r0
20003300:	73fb      	strb	r3, [r7, #15]
20003302:	e043      	b.n	2000338c <CAN_GetITStatus+0x200>
20003304:	687b      	ldr	r3, [r7, #4]
20003306:	685b      	ldr	r3, [r3, #4]
20003308:	2108      	movs	r1, #8
2000330a:	4618      	mov	r0, r3
2000330c:	f000 f8da 	bl	200034c4 <CheckITStatus>
20003310:	4603      	mov	r3, r0
20003312:	73fb      	strb	r3, [r7, #15]
20003314:	e03a      	b.n	2000338c <CAN_GetITStatus+0x200>
20003316:	687b      	ldr	r3, [r7, #4]
20003318:	685b      	ldr	r3, [r3, #4]
2000331a:	2110      	movs	r1, #16
2000331c:	4618      	mov	r0, r3
2000331e:	f000 f8d1 	bl	200034c4 <CheckITStatus>
20003322:	4603      	mov	r3, r0
20003324:	73fb      	strb	r3, [r7, #15]
20003326:	e031      	b.n	2000338c <CAN_GetITStatus+0x200>
20003328:	687b      	ldr	r3, [r7, #4]
2000332a:	699b      	ldr	r3, [r3, #24]
2000332c:	2101      	movs	r1, #1
2000332e:	4618      	mov	r0, r3
20003330:	f000 f8c8 	bl	200034c4 <CheckITStatus>
20003334:	4603      	mov	r3, r0
20003336:	73fb      	strb	r3, [r7, #15]
20003338:	e028      	b.n	2000338c <CAN_GetITStatus+0x200>
2000333a:	687b      	ldr	r3, [r7, #4]
2000333c:	699b      	ldr	r3, [r3, #24]
2000333e:	2102      	movs	r1, #2
20003340:	4618      	mov	r0, r3
20003342:	f000 f8bf 	bl	200034c4 <CheckITStatus>
20003346:	4603      	mov	r3, r0
20003348:	73fb      	strb	r3, [r7, #15]
2000334a:	e01f      	b.n	2000338c <CAN_GetITStatus+0x200>
2000334c:	687b      	ldr	r3, [r7, #4]
2000334e:	699b      	ldr	r3, [r3, #24]
20003350:	2104      	movs	r1, #4
20003352:	4618      	mov	r0, r3
20003354:	f000 f8b6 	bl	200034c4 <CheckITStatus>
20003358:	4603      	mov	r3, r0
2000335a:	73fb      	strb	r3, [r7, #15]
2000335c:	e016      	b.n	2000338c <CAN_GetITStatus+0x200>
2000335e:	687b      	ldr	r3, [r7, #4]
20003360:	699b      	ldr	r3, [r3, #24]
20003362:	2170      	movs	r1, #112	@ 0x70
20003364:	4618      	mov	r0, r3
20003366:	f000 f8ad 	bl	200034c4 <CheckITStatus>
2000336a:	4603      	mov	r3, r0
2000336c:	73fb      	strb	r3, [r7, #15]
2000336e:	e00d      	b.n	2000338c <CAN_GetITStatus+0x200>
20003370:	687b      	ldr	r3, [r7, #4]
20003372:	685b      	ldr	r3, [r3, #4]
20003374:	2104      	movs	r1, #4
20003376:	4618      	mov	r0, r3
20003378:	f000 f8a4 	bl	200034c4 <CheckITStatus>
2000337c:	4603      	mov	r3, r0
2000337e:	73fb      	strb	r3, [r7, #15]
20003380:	e004      	b.n	2000338c <CAN_GetITStatus+0x200>
20003382:	2300      	movs	r3, #0
20003384:	73fb      	strb	r3, [r7, #15]
20003386:	e001      	b.n	2000338c <CAN_GetITStatus+0x200>
20003388:	2300      	movs	r3, #0
2000338a:	73fb      	strb	r3, [r7, #15]
2000338c:	7bfb      	ldrb	r3, [r7, #15]
2000338e:	4618      	mov	r0, r3
20003390:	3710      	adds	r7, #16
20003392:	46bd      	mov	sp, r7
20003394:	bd80      	pop	{r7, pc}
20003396:	bf00      	nop
20003398:	00010101 	.word	0x00010101

2000339c <CAN_ClearITPendingBit>:
2000339c:	b480      	push	{r7}
2000339e:	b083      	sub	sp, #12
200033a0:	af00      	add	r7, sp, #0
200033a2:	6078      	str	r0, [r7, #4]
200033a4:	6039      	str	r1, [r7, #0]
200033a6:	683b      	ldr	r3, [r7, #0]
200033a8:	f5b3 3f00 	cmp.w	r3, #131072	@ 0x20000
200033ac:	d064      	beq.n	20003478 <CAN_ClearITPendingBit+0xdc>
200033ae:	683b      	ldr	r3, [r7, #0]
200033b0:	f5b3 3f00 	cmp.w	r3, #131072	@ 0x20000
200033b4:	d87e      	bhi.n	200034b4 <CAN_ClearITPendingBit+0x118>
200033b6:	683b      	ldr	r3, [r7, #0]
200033b8:	f5b3 3f80 	cmp.w	r3, #65536	@ 0x10000
200033bc:	d058      	beq.n	20003470 <CAN_ClearITPendingBit+0xd4>
200033be:	683b      	ldr	r3, [r7, #0]
200033c0:	f5b3 3f80 	cmp.w	r3, #65536	@ 0x10000
200033c4:	d876      	bhi.n	200034b4 <CAN_ClearITPendingBit+0x118>
200033c6:	683b      	ldr	r3, [r7, #0]
200033c8:	f5b3 4f00 	cmp.w	r3, #32768	@ 0x8000
200033cc:	d06b      	beq.n	200034a6 <CAN_ClearITPendingBit+0x10a>
200033ce:	683b      	ldr	r3, [r7, #0]
200033d0:	f5b3 4f00 	cmp.w	r3, #32768	@ 0x8000
200033d4:	d86e      	bhi.n	200034b4 <CAN_ClearITPendingBit+0x118>
200033d6:	683b      	ldr	r3, [r7, #0]
200033d8:	f5b3 6f00 	cmp.w	r3, #2048	@ 0x800
200033dc:	d05c      	beq.n	20003498 <CAN_ClearITPendingBit+0xfc>
200033de:	683b      	ldr	r3, [r7, #0]
200033e0:	f5b3 6f00 	cmp.w	r3, #2048	@ 0x800
200033e4:	d866      	bhi.n	200034b4 <CAN_ClearITPendingBit+0x118>
200033e6:	683b      	ldr	r3, [r7, #0]
200033e8:	f5b3 6f80 	cmp.w	r3, #1024	@ 0x400
200033ec:	d050      	beq.n	20003490 <CAN_ClearITPendingBit+0xf4>
200033ee:	683b      	ldr	r3, [r7, #0]
200033f0:	f5b3 6f80 	cmp.w	r3, #1024	@ 0x400
200033f4:	d85e      	bhi.n	200034b4 <CAN_ClearITPendingBit+0x118>
200033f6:	683b      	ldr	r3, [r7, #0]
200033f8:	f5b3 7f00 	cmp.w	r3, #512	@ 0x200
200033fc:	d044      	beq.n	20003488 <CAN_ClearITPendingBit+0xec>
200033fe:	683b      	ldr	r3, [r7, #0]
20003400:	f5b3 7f00 	cmp.w	r3, #512	@ 0x200
20003404:	d856      	bhi.n	200034b4 <CAN_ClearITPendingBit+0x118>
20003406:	683b      	ldr	r3, [r7, #0]
20003408:	f5b3 7f80 	cmp.w	r3, #256	@ 0x100
2000340c:	d038      	beq.n	20003480 <CAN_ClearITPendingBit+0xe4>
2000340e:	683b      	ldr	r3, [r7, #0]
20003410:	f5b3 7f80 	cmp.w	r3, #256	@ 0x100
20003414:	d84e      	bhi.n	200034b4 <CAN_ClearITPendingBit+0x118>
20003416:	683b      	ldr	r3, [r7, #0]
20003418:	2b40      	cmp	r3, #64	@ 0x40
2000341a:	d025      	beq.n	20003468 <CAN_ClearITPendingBit+0xcc>
2000341c:	683b      	ldr	r3, [r7, #0]
2000341e:	2b40      	cmp	r3, #64	@ 0x40
20003420:	d848      	bhi.n	200034b4 <CAN_ClearITPendingBit+0x118>
20003422:	683b      	ldr	r3, [r7, #0]
20003424:	2b20      	cmp	r3, #32
20003426:	d01b      	beq.n	20003460 <CAN_ClearITPendingBit+0xc4>
20003428:	683b      	ldr	r3, [r7, #0]
2000342a:	2b20      	cmp	r3, #32
2000342c:	d842      	bhi.n	200034b4 <CAN_ClearITPendingBit+0x118>
2000342e:	683b      	ldr	r3, [r7, #0]
20003430:	2b08      	cmp	r3, #8
20003432:	d011      	beq.n	20003458 <CAN_ClearITPendingBit+0xbc>
20003434:	683b      	ldr	r3, [r7, #0]
20003436:	2b08      	cmp	r3, #8
20003438:	d83c      	bhi.n	200034b4 <CAN_ClearITPendingBit+0x118>
2000343a:	683b      	ldr	r3, [r7, #0]
2000343c:	2b01      	cmp	r3, #1
2000343e:	d003      	beq.n	20003448 <CAN_ClearITPendingBit+0xac>
20003440:	683b      	ldr	r3, [r7, #0]
20003442:	2b04      	cmp	r3, #4
20003444:	d004      	beq.n	20003450 <CAN_ClearITPendingBit+0xb4>
20003446:	e035      	b.n	200034b4 <CAN_ClearITPendingBit+0x118>
20003448:	687b      	ldr	r3, [r7, #4]
2000344a:	4a1d      	ldr	r2, [pc, #116]	@ (200034c0 <CAN_ClearITPendingBit+0x124>)
2000344c:	609a      	str	r2, [r3, #8]
2000344e:	e032      	b.n	200034b6 <CAN_ClearITPendingBit+0x11a>
20003450:	687b      	ldr	r3, [r7, #4]
20003452:	2208      	movs	r2, #8
20003454:	60da      	str	r2, [r3, #12]
20003456:	e02e      	b.n	200034b6 <CAN_ClearITPendingBit+0x11a>
20003458:	687b      	ldr	r3, [r7, #4]
2000345a:	2210      	movs	r2, #16
2000345c:	60da      	str	r2, [r3, #12]
2000345e:	e02a      	b.n	200034b6 <CAN_ClearITPendingBit+0x11a>
20003460:	687b      	ldr	r3, [r7, #4]
20003462:	2208      	movs	r2, #8
20003464:	611a      	str	r2, [r3, #16]
20003466:	e026      	b.n	200034b6 <CAN_ClearITPendingBit+0x11a>
20003468:	687b      	ldr	r3, [r7, #4]
2000346a:	2210      	movs	r2, #16
2000346c:	611a      	str	r2, [r3, #16]
2000346e:	e022      	b.n	200034b6 <CAN_ClearITPendingBit+0x11a>
20003470:	687b      	ldr	r3, [r7, #4]
20003472:	2208      	movs	r2, #8
20003474:	605a      	str	r2, [r3, #4]
20003476:	e01e      	b.n	200034b6 <CAN_ClearITPendingBit+0x11a>
20003478:	687b      	ldr	r3, [r7, #4]
2000347a:	2210      	movs	r2, #16
2000347c:	605a      	str	r2, [r3, #4]
2000347e:	e01a      	b.n	200034b6 <CAN_ClearITPendingBit+0x11a>
20003480:	687b      	ldr	r3, [r7, #4]
20003482:	2204      	movs	r2, #4
20003484:	605a      	str	r2, [r3, #4]
20003486:	e016      	b.n	200034b6 <CAN_ClearITPendingBit+0x11a>
20003488:	687b      	ldr	r3, [r7, #4]
2000348a:	2204      	movs	r2, #4
2000348c:	605a      	str	r2, [r3, #4]
2000348e:	e012      	b.n	200034b6 <CAN_ClearITPendingBit+0x11a>
20003490:	687b      	ldr	r3, [r7, #4]
20003492:	2204      	movs	r2, #4
20003494:	605a      	str	r2, [r3, #4]
20003496:	e00e      	b.n	200034b6 <CAN_ClearITPendingBit+0x11a>
20003498:	687b      	ldr	r3, [r7, #4]
2000349a:	2200      	movs	r2, #0
2000349c:	619a      	str	r2, [r3, #24]
2000349e:	687b      	ldr	r3, [r7, #4]
200034a0:	2204      	movs	r2, #4
200034a2:	605a      	str	r2, [r3, #4]
200034a4:	e007      	b.n	200034b6 <CAN_ClearITPendingBit+0x11a>
200034a6:	687b      	ldr	r3, [r7, #4]
200034a8:	2200      	movs	r2, #0
200034aa:	619a      	str	r2, [r3, #24]
200034ac:	687b      	ldr	r3, [r7, #4]
200034ae:	2204      	movs	r2, #4
200034b0:	605a      	str	r2, [r3, #4]
200034b2:	e000      	b.n	200034b6 <CAN_ClearITPendingBit+0x11a>
200034b4:	bf00      	nop
200034b6:	bf00      	nop
200034b8:	370c      	adds	r7, #12
200034ba:	46bd      	mov	sp, r7
200034bc:	bc80      	pop	{r7}
200034be:	4770      	bx	lr
200034c0:	00010101 	.word	0x00010101

200034c4 <CheckITStatus>:
200034c4:	b480      	push	{r7}
200034c6:	b085      	sub	sp, #20
200034c8:	af00      	add	r7, sp, #0
200034ca:	6078      	str	r0, [r7, #4]
200034cc:	6039      	str	r1, [r7, #0]
200034ce:	2300      	movs	r3, #0
200034d0:	73fb      	strb	r3, [r7, #15]
200034d2:	687a      	ldr	r2, [r7, #4]
200034d4:	683b      	ldr	r3, [r7, #0]
200034d6:	4013      	ands	r3, r2
200034d8:	2b00      	cmp	r3, #0
200034da:	d002      	beq.n	200034e2 <CheckITStatus+0x1e>
200034dc:	2301      	movs	r3, #1
200034de:	73fb      	strb	r3, [r7, #15]
200034e0:	e001      	b.n	200034e6 <CheckITStatus+0x22>
200034e2:	2300      	movs	r3, #0
200034e4:	73fb      	strb	r3, [r7, #15]
200034e6:	7bfb      	ldrb	r3, [r7, #15]
200034e8:	4618      	mov	r0, r3
200034ea:	3714      	adds	r7, #20
200034ec:	46bd      	mov	sp, r7
200034ee:	bc80      	pop	{r7}
200034f0:	4770      	bx	lr
200034f2:	bf00      	nop

200034f4 <DAC_DeInit>:
200034f4:	b580      	push	{r7, lr}
200034f6:	af00      	add	r7, sp, #0
200034f8:	2101      	movs	r1, #1
200034fa:	f04f 5000 	mov.w	r0, #536870912	@ 0x20000000
200034fe:	f001 fa1f 	bl	20004940 <RCC_APB1PeriphResetCmd>
20003502:	2100      	movs	r1, #0
20003504:	f04f 5000 	mov.w	r0, #536870912	@ 0x20000000
20003508:	f001 fa1a 	bl	20004940 <RCC_APB1PeriphResetCmd>
2000350c:	bf00      	nop
2000350e:	bd80      	pop	{r7, pc}

20003510 <DAC_Init>:
20003510:	b480      	push	{r7}
20003512:	b085      	sub	sp, #20
20003514:	af00      	add	r7, sp, #0
20003516:	6078      	str	r0, [r7, #4]
20003518:	6039      	str	r1, [r7, #0]
2000351a:	2300      	movs	r3, #0
2000351c:	60fb      	str	r3, [r7, #12]
2000351e:	2300      	movs	r3, #0
20003520:	60bb      	str	r3, [r7, #8]
20003522:	4b13      	ldr	r3, [pc, #76]	@ (20003570 <DAC_Init+0x60>)
20003524:	681b      	ldr	r3, [r3, #0]
20003526:	60fb      	str	r3, [r7, #12]
20003528:	f640 72fe 	movw	r2, #4094	@ 0xffe
2000352c:	687b      	ldr	r3, [r7, #4]
2000352e:	fa02 f303 	lsl.w	r3, r2, r3
20003532:	43db      	mvns	r3, r3
20003534:	68fa      	ldr	r2, [r7, #12]
20003536:	4013      	ands	r3, r2
20003538:	60fb      	str	r3, [r7, #12]
2000353a:	683b      	ldr	r3, [r7, #0]
2000353c:	681a      	ldr	r2, [r3, #0]
2000353e:	683b      	ldr	r3, [r7, #0]
20003540:	685b      	ldr	r3, [r3, #4]
20003542:	431a      	orrs	r2, r3
20003544:	683b      	ldr	r3, [r7, #0]
20003546:	689b      	ldr	r3, [r3, #8]
20003548:	431a      	orrs	r2, r3
2000354a:	683b      	ldr	r3, [r7, #0]
2000354c:	68db      	ldr	r3, [r3, #12]
2000354e:	4313      	orrs	r3, r2
20003550:	60bb      	str	r3, [r7, #8]
20003552:	68ba      	ldr	r2, [r7, #8]
20003554:	687b      	ldr	r3, [r7, #4]
20003556:	fa02 f303 	lsl.w	r3, r2, r3
2000355a:	68fa      	ldr	r2, [r7, #12]
2000355c:	4313      	orrs	r3, r2
2000355e:	60fb      	str	r3, [r7, #12]
20003560:	4a03      	ldr	r2, [pc, #12]	@ (20003570 <DAC_Init+0x60>)
20003562:	68fb      	ldr	r3, [r7, #12]
20003564:	6013      	str	r3, [r2, #0]
20003566:	bf00      	nop
20003568:	3714      	adds	r7, #20
2000356a:	46bd      	mov	sp, r7
2000356c:	bc80      	pop	{r7}
2000356e:	4770      	bx	lr
20003570:	40007400 	.word	0x40007400

20003574 <DAC_StructInit>:
20003574:	b480      	push	{r7}
20003576:	b083      	sub	sp, #12
20003578:	af00      	add	r7, sp, #0
2000357a:	6078      	str	r0, [r7, #4]
2000357c:	687b      	ldr	r3, [r7, #4]
2000357e:	2200      	movs	r2, #0
20003580:	601a      	str	r2, [r3, #0]
20003582:	687b      	ldr	r3, [r7, #4]
20003584:	2200      	movs	r2, #0
20003586:	605a      	str	r2, [r3, #4]
20003588:	687b      	ldr	r3, [r7, #4]
2000358a:	2200      	movs	r2, #0
2000358c:	609a      	str	r2, [r3, #8]
2000358e:	687b      	ldr	r3, [r7, #4]
20003590:	2200      	movs	r2, #0
20003592:	60da      	str	r2, [r3, #12]
20003594:	bf00      	nop
20003596:	370c      	adds	r7, #12
20003598:	46bd      	mov	sp, r7
2000359a:	bc80      	pop	{r7}
2000359c:	4770      	bx	lr

2000359e <DAC_Cmd>:
2000359e:	b480      	push	{r7}
200035a0:	b083      	sub	sp, #12
200035a2:	af00      	add	r7, sp, #0
200035a4:	6078      	str	r0, [r7, #4]
200035a6:	460b      	mov	r3, r1
200035a8:	70fb      	strb	r3, [r7, #3]
200035aa:	78fb      	ldrb	r3, [r7, #3]
200035ac:	2b00      	cmp	r3, #0
200035ae:	d009      	beq.n	200035c4 <DAC_Cmd+0x26>
200035b0:	4b0c      	ldr	r3, [pc, #48]	@ (200035e4 <DAC_Cmd+0x46>)
200035b2:	681a      	ldr	r2, [r3, #0]
200035b4:	2101      	movs	r1, #1
200035b6:	687b      	ldr	r3, [r7, #4]
200035b8:	fa01 f303 	lsl.w	r3, r1, r3
200035bc:	4909      	ldr	r1, [pc, #36]	@ (200035e4 <DAC_Cmd+0x46>)
200035be:	4313      	orrs	r3, r2
200035c0:	600b      	str	r3, [r1, #0]
200035c2:	e009      	b.n	200035d8 <DAC_Cmd+0x3a>
200035c4:	4b07      	ldr	r3, [pc, #28]	@ (200035e4 <DAC_Cmd+0x46>)
200035c6:	681a      	ldr	r2, [r3, #0]
200035c8:	2101      	movs	r1, #1
200035ca:	687b      	ldr	r3, [r7, #4]
200035cc:	fa01 f303 	lsl.w	r3, r1, r3
200035d0:	43db      	mvns	r3, r3
200035d2:	4904      	ldr	r1, [pc, #16]	@ (200035e4 <DAC_Cmd+0x46>)
200035d4:	4013      	ands	r3, r2
200035d6:	600b      	str	r3, [r1, #0]
200035d8:	bf00      	nop
200035da:	370c      	adds	r7, #12
200035dc:	46bd      	mov	sp, r7
200035de:	bc80      	pop	{r7}
200035e0:	4770      	bx	lr
200035e2:	bf00      	nop
200035e4:	40007400 	.word	0x40007400

200035e8 <DAC_SoftwareTriggerCmd>:
200035e8:	b480      	push	{r7}
200035ea:	b083      	sub	sp, #12
200035ec:	af00      	add	r7, sp, #0
200035ee:	6078      	str	r0, [r7, #4]
200035f0:	460b      	mov	r3, r1
200035f2:	70fb      	strb	r3, [r7, #3]
200035f4:	78fb      	ldrb	r3, [r7, #3]
200035f6:	2b00      	cmp	r3, #0
200035f8:	d00a      	beq.n	20003610 <DAC_SoftwareTriggerCmd+0x28>
200035fa:	4b0d      	ldr	r3, [pc, #52]	@ (20003630 <DAC_SoftwareTriggerCmd+0x48>)
200035fc:	685a      	ldr	r2, [r3, #4]
200035fe:	687b      	ldr	r3, [r7, #4]
20003600:	091b      	lsrs	r3, r3, #4
20003602:	2101      	movs	r1, #1
20003604:	fa01 f303 	lsl.w	r3, r1, r3
20003608:	4909      	ldr	r1, [pc, #36]	@ (20003630 <DAC_SoftwareTriggerCmd+0x48>)
2000360a:	4313      	orrs	r3, r2
2000360c:	604b      	str	r3, [r1, #4]
2000360e:	e00a      	b.n	20003626 <DAC_SoftwareTriggerCmd+0x3e>
20003610:	4b07      	ldr	r3, [pc, #28]	@ (20003630 <DAC_SoftwareTriggerCmd+0x48>)
20003612:	685a      	ldr	r2, [r3, #4]
20003614:	687b      	ldr	r3, [r7, #4]
20003616:	091b      	lsrs	r3, r3, #4
20003618:	2101      	movs	r1, #1
2000361a:	fa01 f303 	lsl.w	r3, r1, r3
2000361e:	43db      	mvns	r3, r3
20003620:	4903      	ldr	r1, [pc, #12]	@ (20003630 <DAC_SoftwareTriggerCmd+0x48>)
20003622:	4013      	ands	r3, r2
20003624:	604b      	str	r3, [r1, #4]
20003626:	bf00      	nop
20003628:	370c      	adds	r7, #12
2000362a:	46bd      	mov	sp, r7
2000362c:	bc80      	pop	{r7}
2000362e:	4770      	bx	lr
20003630:	40007400 	.word	0x40007400

20003634 <DAC_DualSoftwareTriggerCmd>:
20003634:	b480      	push	{r7}
20003636:	b083      	sub	sp, #12
20003638:	af00      	add	r7, sp, #0
2000363a:	4603      	mov	r3, r0
2000363c:	71fb      	strb	r3, [r7, #7]
2000363e:	79fb      	ldrb	r3, [r7, #7]
20003640:	2b00      	cmp	r3, #0
20003642:	d006      	beq.n	20003652 <DAC_DualSoftwareTriggerCmd+0x1e>
20003644:	4b08      	ldr	r3, [pc, #32]	@ (20003668 <DAC_DualSoftwareTriggerCmd+0x34>)
20003646:	685b      	ldr	r3, [r3, #4]
20003648:	4a07      	ldr	r2, [pc, #28]	@ (20003668 <DAC_DualSoftwareTriggerCmd+0x34>)
2000364a:	f043 0303 	orr.w	r3, r3, #3
2000364e:	6053      	str	r3, [r2, #4]
20003650:	e005      	b.n	2000365e <DAC_DualSoftwareTriggerCmd+0x2a>
20003652:	4b05      	ldr	r3, [pc, #20]	@ (20003668 <DAC_DualSoftwareTriggerCmd+0x34>)
20003654:	685b      	ldr	r3, [r3, #4]
20003656:	4a04      	ldr	r2, [pc, #16]	@ (20003668 <DAC_DualSoftwareTriggerCmd+0x34>)
20003658:	f023 0303 	bic.w	r3, r3, #3
2000365c:	6053      	str	r3, [r2, #4]
2000365e:	bf00      	nop
20003660:	370c      	adds	r7, #12
20003662:	46bd      	mov	sp, r7
20003664:	bc80      	pop	{r7}
20003666:	4770      	bx	lr
20003668:	40007400 	.word	0x40007400

2000366c <DAC_WaveGenerationCmd>:
2000366c:	b480      	push	{r7}
2000366e:	b085      	sub	sp, #20
20003670:	af00      	add	r7, sp, #0
20003672:	60f8      	str	r0, [r7, #12]
20003674:	60b9      	str	r1, [r7, #8]
20003676:	4613      	mov	r3, r2
20003678:	71fb      	strb	r3, [r7, #7]
2000367a:	79fb      	ldrb	r3, [r7, #7]
2000367c:	2b00      	cmp	r3, #0
2000367e:	d009      	beq.n	20003694 <DAC_WaveGenerationCmd+0x28>
20003680:	4b0c      	ldr	r3, [pc, #48]	@ (200036b4 <DAC_WaveGenerationCmd+0x48>)
20003682:	681a      	ldr	r2, [r3, #0]
20003684:	68b9      	ldr	r1, [r7, #8]
20003686:	68fb      	ldr	r3, [r7, #12]
20003688:	fa01 f303 	lsl.w	r3, r1, r3
2000368c:	4909      	ldr	r1, [pc, #36]	@ (200036b4 <DAC_WaveGenerationCmd+0x48>)
2000368e:	4313      	orrs	r3, r2
20003690:	600b      	str	r3, [r1, #0]
20003692:	e009      	b.n	200036a8 <DAC_WaveGenerationCmd+0x3c>
20003694:	4b07      	ldr	r3, [pc, #28]	@ (200036b4 <DAC_WaveGenerationCmd+0x48>)
20003696:	681a      	ldr	r2, [r3, #0]
20003698:	68b9      	ldr	r1, [r7, #8]
2000369a:	68fb      	ldr	r3, [r7, #12]
2000369c:	fa01 f303 	lsl.w	r3, r1, r3
200036a0:	43db      	mvns	r3, r3
200036a2:	4904      	ldr	r1, [pc, #16]	@ (200036b4 <DAC_WaveGenerationCmd+0x48>)
200036a4:	4013      	ands	r3, r2
200036a6:	600b      	str	r3, [r1, #0]
200036a8:	bf00      	nop
200036aa:	3714      	adds	r7, #20
200036ac:	46bd      	mov	sp, r7
200036ae:	bc80      	pop	{r7}
200036b0:	4770      	bx	lr
200036b2:	bf00      	nop
200036b4:	40007400 	.word	0x40007400

200036b8 <DAC_SetChannel1Data>:
200036b8:	b480      	push	{r7}
200036ba:	b085      	sub	sp, #20
200036bc:	af00      	add	r7, sp, #0
200036be:	6078      	str	r0, [r7, #4]
200036c0:	460b      	mov	r3, r1
200036c2:	807b      	strh	r3, [r7, #2]
200036c4:	2300      	movs	r3, #0
200036c6:	60fb      	str	r3, [r7, #12]
200036c8:	4b07      	ldr	r3, [pc, #28]	@ (200036e8 <DAC_SetChannel1Data+0x30>)
200036ca:	60fb      	str	r3, [r7, #12]
200036cc:	68fa      	ldr	r2, [r7, #12]
200036ce:	687b      	ldr	r3, [r7, #4]
200036d0:	4413      	add	r3, r2
200036d2:	3308      	adds	r3, #8
200036d4:	60fb      	str	r3, [r7, #12]
200036d6:	68fb      	ldr	r3, [r7, #12]
200036d8:	461a      	mov	r2, r3
200036da:	887b      	ldrh	r3, [r7, #2]
200036dc:	6013      	str	r3, [r2, #0]
200036de:	bf00      	nop
200036e0:	3714      	adds	r7, #20
200036e2:	46bd      	mov	sp, r7
200036e4:	bc80      	pop	{r7}
200036e6:	4770      	bx	lr
200036e8:	40007400 	.word	0x40007400

200036ec <DAC_SetChannel2Data>:
200036ec:	b480      	push	{r7}
200036ee:	b085      	sub	sp, #20
200036f0:	af00      	add	r7, sp, #0
200036f2:	6078      	str	r0, [r7, #4]
200036f4:	460b      	mov	r3, r1
200036f6:	807b      	strh	r3, [r7, #2]
200036f8:	2300      	movs	r3, #0
200036fa:	60fb      	str	r3, [r7, #12]
200036fc:	4b07      	ldr	r3, [pc, #28]	@ (2000371c <DAC_SetChannel2Data+0x30>)
200036fe:	60fb      	str	r3, [r7, #12]
20003700:	68fa      	ldr	r2, [r7, #12]
20003702:	687b      	ldr	r3, [r7, #4]
20003704:	4413      	add	r3, r2
20003706:	3314      	adds	r3, #20
20003708:	60fb      	str	r3, [r7, #12]
2000370a:	68fb      	ldr	r3, [r7, #12]
2000370c:	461a      	mov	r2, r3
2000370e:	887b      	ldrh	r3, [r7, #2]
20003710:	6013      	str	r3, [r2, #0]
20003712:	bf00      	nop
20003714:	3714      	adds	r7, #20
20003716:	46bd      	mov	sp, r7
20003718:	bc80      	pop	{r7}
2000371a:	4770      	bx	lr
2000371c:	40007400 	.word	0x40007400

20003720 <DAC_SetDualChannelData>:
20003720:	b480      	push	{r7}
20003722:	b085      	sub	sp, #20
20003724:	af00      	add	r7, sp, #0
20003726:	6078      	str	r0, [r7, #4]
20003728:	460b      	mov	r3, r1
2000372a:	807b      	strh	r3, [r7, #2]
2000372c:	4613      	mov	r3, r2
2000372e:	803b      	strh	r3, [r7, #0]
20003730:	2300      	movs	r3, #0
20003732:	60fb      	str	r3, [r7, #12]
20003734:	2300      	movs	r3, #0
20003736:	60bb      	str	r3, [r7, #8]
20003738:	687b      	ldr	r3, [r7, #4]
2000373a:	2b08      	cmp	r3, #8
2000373c:	d105      	bne.n	2000374a <DAC_SetDualChannelData+0x2a>
2000373e:	887b      	ldrh	r3, [r7, #2]
20003740:	021a      	lsls	r2, r3, #8
20003742:	883b      	ldrh	r3, [r7, #0]
20003744:	4313      	orrs	r3, r2
20003746:	60fb      	str	r3, [r7, #12]
20003748:	e004      	b.n	20003754 <DAC_SetDualChannelData+0x34>
2000374a:	887b      	ldrh	r3, [r7, #2]
2000374c:	041a      	lsls	r2, r3, #16
2000374e:	883b      	ldrh	r3, [r7, #0]
20003750:	4313      	orrs	r3, r2
20003752:	60fb      	str	r3, [r7, #12]
20003754:	4b07      	ldr	r3, [pc, #28]	@ (20003774 <DAC_SetDualChannelData+0x54>)
20003756:	60bb      	str	r3, [r7, #8]
20003758:	687a      	ldr	r2, [r7, #4]
2000375a:	68bb      	ldr	r3, [r7, #8]
2000375c:	4413      	add	r3, r2
2000375e:	3320      	adds	r3, #32
20003760:	60bb      	str	r3, [r7, #8]
20003762:	68bb      	ldr	r3, [r7, #8]
20003764:	68fa      	ldr	r2, [r7, #12]
20003766:	601a      	str	r2, [r3, #0]
20003768:	bf00      	nop
2000376a:	3714      	adds	r7, #20
2000376c:	46bd      	mov	sp, r7
2000376e:	bc80      	pop	{r7}
20003770:	4770      	bx	lr
20003772:	bf00      	nop
20003774:	40007400 	.word	0x40007400

20003778 <DAC_GetDataOutputValue>:
20003778:	b480      	push	{r7}
2000377a:	b085      	sub	sp, #20
2000377c:	af00      	add	r7, sp, #0
2000377e:	6078      	str	r0, [r7, #4]
20003780:	2300      	movs	r3, #0
20003782:	60fb      	str	r3, [r7, #12]
20003784:	4b07      	ldr	r3, [pc, #28]	@ (200037a4 <DAC_GetDataOutputValue+0x2c>)
20003786:	60fb      	str	r3, [r7, #12]
20003788:	687b      	ldr	r3, [r7, #4]
2000378a:	089a      	lsrs	r2, r3, #2
2000378c:	68fb      	ldr	r3, [r7, #12]
2000378e:	4413      	add	r3, r2
20003790:	332c      	adds	r3, #44	@ 0x2c
20003792:	60fb      	str	r3, [r7, #12]
20003794:	68fb      	ldr	r3, [r7, #12]
20003796:	681b      	ldr	r3, [r3, #0]
20003798:	b29b      	uxth	r3, r3
2000379a:	4618      	mov	r0, r3
2000379c:	3714      	adds	r7, #20
2000379e:	46bd      	mov	sp, r7
200037a0:	bc80      	pop	{r7}
200037a2:	4770      	bx	lr
200037a4:	40007400 	.word	0x40007400

200037a8 <DAC_DMACmd>:
200037a8:	b480      	push	{r7}
200037aa:	b083      	sub	sp, #12
200037ac:	af00      	add	r7, sp, #0
200037ae:	6078      	str	r0, [r7, #4]
200037b0:	460b      	mov	r3, r1
200037b2:	70fb      	strb	r3, [r7, #3]
200037b4:	78fb      	ldrb	r3, [r7, #3]
200037b6:	2b00      	cmp	r3, #0
200037b8:	d00a      	beq.n	200037d0 <DAC_DMACmd+0x28>
200037ba:	4b0d      	ldr	r3, [pc, #52]	@ (200037f0 <DAC_DMACmd+0x48>)
200037bc:	681a      	ldr	r2, [r3, #0]
200037be:	f44f 5180 	mov.w	r1, #4096	@ 0x1000
200037c2:	687b      	ldr	r3, [r7, #4]
200037c4:	fa01 f303 	lsl.w	r3, r1, r3
200037c8:	4909      	ldr	r1, [pc, #36]	@ (200037f0 <DAC_DMACmd+0x48>)
200037ca:	4313      	orrs	r3, r2
200037cc:	600b      	str	r3, [r1, #0]
200037ce:	e00a      	b.n	200037e6 <DAC_DMACmd+0x3e>
200037d0:	4b07      	ldr	r3, [pc, #28]	@ (200037f0 <DAC_DMACmd+0x48>)
200037d2:	681a      	ldr	r2, [r3, #0]
200037d4:	f44f 5180 	mov.w	r1, #4096	@ 0x1000
200037d8:	687b      	ldr	r3, [r7, #4]
200037da:	fa01 f303 	lsl.w	r3, r1, r3
200037de:	43db      	mvns	r3, r3
200037e0:	4903      	ldr	r1, [pc, #12]	@ (200037f0 <DAC_DMACmd+0x48>)
200037e2:	4013      	ands	r3, r2
200037e4:	600b      	str	r3, [r1, #0]
200037e6:	bf00      	nop
200037e8:	370c      	adds	r7, #12
200037ea:	46bd      	mov	sp, r7
200037ec:	bc80      	pop	{r7}
200037ee:	4770      	bx	lr
200037f0:	40007400 	.word	0x40007400

200037f4 <DAC_ITConfig>:
200037f4:	b480      	push	{r7}
200037f6:	b085      	sub	sp, #20
200037f8:	af00      	add	r7, sp, #0
200037fa:	60f8      	str	r0, [r7, #12]
200037fc:	60b9      	str	r1, [r7, #8]
200037fe:	4613      	mov	r3, r2
20003800:	71fb      	strb	r3, [r7, #7]
20003802:	79fb      	ldrb	r3, [r7, #7]
20003804:	2b00      	cmp	r3, #0
20003806:	d009      	beq.n	2000381c <DAC_ITConfig+0x28>
20003808:	4b0c      	ldr	r3, [pc, #48]	@ (2000383c <DAC_ITConfig+0x48>)
2000380a:	681a      	ldr	r2, [r3, #0]
2000380c:	68b9      	ldr	r1, [r7, #8]
2000380e:	68fb      	ldr	r3, [r7, #12]
20003810:	fa01 f303 	lsl.w	r3, r1, r3
20003814:	4909      	ldr	r1, [pc, #36]	@ (2000383c <DAC_ITConfig+0x48>)
20003816:	4313      	orrs	r3, r2
20003818:	600b      	str	r3, [r1, #0]
2000381a:	e009      	b.n	20003830 <DAC_ITConfig+0x3c>
2000381c:	4b07      	ldr	r3, [pc, #28]	@ (2000383c <DAC_ITConfig+0x48>)
2000381e:	681a      	ldr	r2, [r3, #0]
20003820:	68b9      	ldr	r1, [r7, #8]
20003822:	68fb      	ldr	r3, [r7, #12]
20003824:	fa01 f303 	lsl.w	r3, r1, r3
20003828:	43db      	mvns	r3, r3
2000382a:	4904      	ldr	r1, [pc, #16]	@ (2000383c <DAC_ITConfig+0x48>)
2000382c:	4013      	ands	r3, r2
2000382e:	600b      	str	r3, [r1, #0]
20003830:	bf00      	nop
20003832:	3714      	adds	r7, #20
20003834:	46bd      	mov	sp, r7
20003836:	bc80      	pop	{r7}
20003838:	4770      	bx	lr
2000383a:	bf00      	nop
2000383c:	40007400 	.word	0x40007400

20003840 <DAC_GetFlagStatus>:
20003840:	b480      	push	{r7}
20003842:	b085      	sub	sp, #20
20003844:	af00      	add	r7, sp, #0
20003846:	6078      	str	r0, [r7, #4]
20003848:	6039      	str	r1, [r7, #0]
2000384a:	2300      	movs	r3, #0
2000384c:	73fb      	strb	r3, [r7, #15]
2000384e:	4b0a      	ldr	r3, [pc, #40]	@ (20003878 <DAC_GetFlagStatus+0x38>)
20003850:	6b5a      	ldr	r2, [r3, #52]	@ 0x34
20003852:	6839      	ldr	r1, [r7, #0]
20003854:	687b      	ldr	r3, [r7, #4]
20003856:	fa01 f303 	lsl.w	r3, r1, r3
2000385a:	4013      	ands	r3, r2
2000385c:	2b00      	cmp	r3, #0
2000385e:	d002      	beq.n	20003866 <DAC_GetFlagStatus+0x26>
20003860:	2301      	movs	r3, #1
20003862:	73fb      	strb	r3, [r7, #15]
20003864:	e001      	b.n	2000386a <DAC_GetFlagStatus+0x2a>
20003866:	2300      	movs	r3, #0
20003868:	73fb      	strb	r3, [r7, #15]
2000386a:	7bfb      	ldrb	r3, [r7, #15]
2000386c:	4618      	mov	r0, r3
2000386e:	3714      	adds	r7, #20
20003870:	46bd      	mov	sp, r7
20003872:	bc80      	pop	{r7}
20003874:	4770      	bx	lr
20003876:	bf00      	nop
20003878:	40007400 	.word	0x40007400

2000387c <DAC_ClearFlag>:
2000387c:	b480      	push	{r7}
2000387e:	b083      	sub	sp, #12
20003880:	af00      	add	r7, sp, #0
20003882:	6078      	str	r0, [r7, #4]
20003884:	6039      	str	r1, [r7, #0]
20003886:	4905      	ldr	r1, [pc, #20]	@ (2000389c <DAC_ClearFlag+0x20>)
20003888:	683a      	ldr	r2, [r7, #0]
2000388a:	687b      	ldr	r3, [r7, #4]
2000388c:	fa02 f303 	lsl.w	r3, r2, r3
20003890:	634b      	str	r3, [r1, #52]	@ 0x34
20003892:	bf00      	nop
20003894:	370c      	adds	r7, #12
20003896:	46bd      	mov	sp, r7
20003898:	bc80      	pop	{r7}
2000389a:	4770      	bx	lr
2000389c:	40007400 	.word	0x40007400

200038a0 <DAC_GetITStatus>:
200038a0:	b480      	push	{r7}
200038a2:	b085      	sub	sp, #20
200038a4:	af00      	add	r7, sp, #0
200038a6:	6078      	str	r0, [r7, #4]
200038a8:	6039      	str	r1, [r7, #0]
200038aa:	2300      	movs	r3, #0
200038ac:	73fb      	strb	r3, [r7, #15]
200038ae:	2300      	movs	r3, #0
200038b0:	60bb      	str	r3, [r7, #8]
200038b2:	4b0f      	ldr	r3, [pc, #60]	@ (200038f0 <DAC_GetITStatus+0x50>)
200038b4:	681a      	ldr	r2, [r3, #0]
200038b6:	6839      	ldr	r1, [r7, #0]
200038b8:	687b      	ldr	r3, [r7, #4]
200038ba:	fa01 f303 	lsl.w	r3, r1, r3
200038be:	4013      	ands	r3, r2
200038c0:	60bb      	str	r3, [r7, #8]
200038c2:	4b0b      	ldr	r3, [pc, #44]	@ (200038f0 <DAC_GetITStatus+0x50>)
200038c4:	6b5a      	ldr	r2, [r3, #52]	@ 0x34
200038c6:	6839      	ldr	r1, [r7, #0]
200038c8:	687b      	ldr	r3, [r7, #4]
200038ca:	fa01 f303 	lsl.w	r3, r1, r3
200038ce:	4013      	ands	r3, r2
200038d0:	2b00      	cmp	r3, #0
200038d2:	d005      	beq.n	200038e0 <DAC_GetITStatus+0x40>
200038d4:	68bb      	ldr	r3, [r7, #8]
200038d6:	2b00      	cmp	r3, #0
200038d8:	d002      	beq.n	200038e0 <DAC_GetITStatus+0x40>
200038da:	2301      	movs	r3, #1
200038dc:	73fb      	strb	r3, [r7, #15]
200038de:	e001      	b.n	200038e4 <DAC_GetITStatus+0x44>
200038e0:	2300      	movs	r3, #0
200038e2:	73fb      	strb	r3, [r7, #15]
200038e4:	7bfb      	ldrb	r3, [r7, #15]
200038e6:	4618      	mov	r0, r3
200038e8:	3714      	adds	r7, #20
200038ea:	46bd      	mov	sp, r7
200038ec:	bc80      	pop	{r7}
200038ee:	4770      	bx	lr
200038f0:	40007400 	.word	0x40007400

200038f4 <DAC_ClearITPendingBit>:
200038f4:	b480      	push	{r7}
200038f6:	b083      	sub	sp, #12
200038f8:	af00      	add	r7, sp, #0
200038fa:	6078      	str	r0, [r7, #4]
200038fc:	6039      	str	r1, [r7, #0]
200038fe:	4905      	ldr	r1, [pc, #20]	@ (20003914 <DAC_ClearITPendingBit+0x20>)
20003900:	683a      	ldr	r2, [r7, #0]
20003902:	687b      	ldr	r3, [r7, #4]
20003904:	fa02 f303 	lsl.w	r3, r2, r3
20003908:	634b      	str	r3, [r1, #52]	@ 0x34
2000390a:	bf00      	nop
2000390c:	370c      	adds	r7, #12
2000390e:	46bd      	mov	sp, r7
20003910:	bc80      	pop	{r7}
20003912:	4770      	bx	lr
20003914:	40007400 	.word	0x40007400

20003918 <EXTI_DeInit>:
20003918:	b480      	push	{r7}
2000391a:	af00      	add	r7, sp, #0
2000391c:	4b09      	ldr	r3, [pc, #36]	@ (20003944 <EXTI_DeInit+0x2c>)
2000391e:	2200      	movs	r2, #0
20003920:	601a      	str	r2, [r3, #0]
20003922:	4b08      	ldr	r3, [pc, #32]	@ (20003944 <EXTI_DeInit+0x2c>)
20003924:	2200      	movs	r2, #0
20003926:	605a      	str	r2, [r3, #4]
20003928:	4b06      	ldr	r3, [pc, #24]	@ (20003944 <EXTI_DeInit+0x2c>)
2000392a:	2200      	movs	r2, #0
2000392c:	609a      	str	r2, [r3, #8]
2000392e:	4b05      	ldr	r3, [pc, #20]	@ (20003944 <EXTI_DeInit+0x2c>)
20003930:	2200      	movs	r2, #0
20003932:	60da      	str	r2, [r3, #12]
20003934:	4b03      	ldr	r3, [pc, #12]	@ (20003944 <EXTI_DeInit+0x2c>)
20003936:	4a04      	ldr	r2, [pc, #16]	@ (20003948 <EXTI_DeInit+0x30>)
20003938:	615a      	str	r2, [r3, #20]
2000393a:	bf00      	nop
2000393c:	46bd      	mov	sp, r7
2000393e:	bc80      	pop	{r7}
20003940:	4770      	bx	lr
20003942:	bf00      	nop
20003944:	40013c00 	.word	0x40013c00
20003948:	007fffff 	.word	0x007fffff

2000394c <EXTI_Init>:
2000394c:	b480      	push	{r7}
2000394e:	b085      	sub	sp, #20
20003950:	af00      	add	r7, sp, #0
20003952:	6078      	str	r0, [r7, #4]
20003954:	2300      	movs	r3, #0
20003956:	60fb      	str	r3, [r7, #12]
20003958:	4b34      	ldr	r3, [pc, #208]	@ (20003a2c <EXTI_Init+0xe0>)
2000395a:	60fb      	str	r3, [r7, #12]
2000395c:	687b      	ldr	r3, [r7, #4]
2000395e:	799b      	ldrb	r3, [r3, #6]
20003960:	2b00      	cmp	r3, #0
20003962:	d04f      	beq.n	20003a04 <EXTI_Init+0xb8>
20003964:	4b31      	ldr	r3, [pc, #196]	@ (20003a2c <EXTI_Init+0xe0>)
20003966:	681a      	ldr	r2, [r3, #0]
20003968:	687b      	ldr	r3, [r7, #4]
2000396a:	681b      	ldr	r3, [r3, #0]
2000396c:	43db      	mvns	r3, r3
2000396e:	492f      	ldr	r1, [pc, #188]	@ (20003a2c <EXTI_Init+0xe0>)
20003970:	4013      	ands	r3, r2
20003972:	600b      	str	r3, [r1, #0]
20003974:	4b2d      	ldr	r3, [pc, #180]	@ (20003a2c <EXTI_Init+0xe0>)
20003976:	685a      	ldr	r2, [r3, #4]
20003978:	687b      	ldr	r3, [r7, #4]
2000397a:	681b      	ldr	r3, [r3, #0]
2000397c:	43db      	mvns	r3, r3
2000397e:	492b      	ldr	r1, [pc, #172]	@ (20003a2c <EXTI_Init+0xe0>)
20003980:	4013      	ands	r3, r2
20003982:	604b      	str	r3, [r1, #4]
20003984:	687b      	ldr	r3, [r7, #4]
20003986:	791b      	ldrb	r3, [r3, #4]
20003988:	461a      	mov	r2, r3
2000398a:	68fb      	ldr	r3, [r7, #12]
2000398c:	4413      	add	r3, r2
2000398e:	60fb      	str	r3, [r7, #12]
20003990:	68fb      	ldr	r3, [r7, #12]
20003992:	6819      	ldr	r1, [r3, #0]
20003994:	687b      	ldr	r3, [r7, #4]
20003996:	681a      	ldr	r2, [r3, #0]
20003998:	68fb      	ldr	r3, [r7, #12]
2000399a:	430a      	orrs	r2, r1
2000399c:	601a      	str	r2, [r3, #0]
2000399e:	4b23      	ldr	r3, [pc, #140]	@ (20003a2c <EXTI_Init+0xe0>)
200039a0:	689a      	ldr	r2, [r3, #8]
200039a2:	687b      	ldr	r3, [r7, #4]
200039a4:	681b      	ldr	r3, [r3, #0]
200039a6:	43db      	mvns	r3, r3
200039a8:	4920      	ldr	r1, [pc, #128]	@ (20003a2c <EXTI_Init+0xe0>)
200039aa:	4013      	ands	r3, r2
200039ac:	608b      	str	r3, [r1, #8]
200039ae:	4b1f      	ldr	r3, [pc, #124]	@ (20003a2c <EXTI_Init+0xe0>)
200039b0:	68da      	ldr	r2, [r3, #12]
200039b2:	687b      	ldr	r3, [r7, #4]
200039b4:	681b      	ldr	r3, [r3, #0]
200039b6:	43db      	mvns	r3, r3
200039b8:	491c      	ldr	r1, [pc, #112]	@ (20003a2c <EXTI_Init+0xe0>)
200039ba:	4013      	ands	r3, r2
200039bc:	60cb      	str	r3, [r1, #12]
200039be:	687b      	ldr	r3, [r7, #4]
200039c0:	795b      	ldrb	r3, [r3, #5]
200039c2:	2b10      	cmp	r3, #16
200039c4:	d10e      	bne.n	200039e4 <EXTI_Init+0x98>
200039c6:	4b19      	ldr	r3, [pc, #100]	@ (20003a2c <EXTI_Init+0xe0>)
200039c8:	689a      	ldr	r2, [r3, #8]
200039ca:	687b      	ldr	r3, [r7, #4]
200039cc:	681b      	ldr	r3, [r3, #0]
200039ce:	4917      	ldr	r1, [pc, #92]	@ (20003a2c <EXTI_Init+0xe0>)
200039d0:	4313      	orrs	r3, r2
200039d2:	608b      	str	r3, [r1, #8]
200039d4:	4b15      	ldr	r3, [pc, #84]	@ (20003a2c <EXTI_Init+0xe0>)
200039d6:	68da      	ldr	r2, [r3, #12]
200039d8:	687b      	ldr	r3, [r7, #4]
200039da:	681b      	ldr	r3, [r3, #0]
200039dc:	4913      	ldr	r1, [pc, #76]	@ (20003a2c <EXTI_Init+0xe0>)
200039de:	4313      	orrs	r3, r2
200039e0:	60cb      	str	r3, [r1, #12]
200039e2:	e01d      	b.n	20003a20 <EXTI_Init+0xd4>
200039e4:	4b11      	ldr	r3, [pc, #68]	@ (20003a2c <EXTI_Init+0xe0>)
200039e6:	60fb      	str	r3, [r7, #12]
200039e8:	687b      	ldr	r3, [r7, #4]
200039ea:	795b      	ldrb	r3, [r3, #5]
200039ec:	461a      	mov	r2, r3
200039ee:	68fb      	ldr	r3, [r7, #12]
200039f0:	4413      	add	r3, r2
200039f2:	60fb      	str	r3, [r7, #12]
200039f4:	68fb      	ldr	r3, [r7, #12]
200039f6:	6819      	ldr	r1, [r3, #0]
200039f8:	687b      	ldr	r3, [r7, #4]
200039fa:	681a      	ldr	r2, [r3, #0]
200039fc:	68fb      	ldr	r3, [r7, #12]
200039fe:	430a      	orrs	r2, r1
20003a00:	601a      	str	r2, [r3, #0]
20003a02:	e00d      	b.n	20003a20 <EXTI_Init+0xd4>
20003a04:	687b      	ldr	r3, [r7, #4]
20003a06:	791b      	ldrb	r3, [r3, #4]
20003a08:	461a      	mov	r2, r3
20003a0a:	68fb      	ldr	r3, [r7, #12]
20003a0c:	4413      	add	r3, r2
20003a0e:	60fb      	str	r3, [r7, #12]
20003a10:	68fb      	ldr	r3, [r7, #12]
20003a12:	6819      	ldr	r1, [r3, #0]
20003a14:	687b      	ldr	r3, [r7, #4]
20003a16:	681b      	ldr	r3, [r3, #0]
20003a18:	43da      	mvns	r2, r3
20003a1a:	68fb      	ldr	r3, [r7, #12]
20003a1c:	400a      	ands	r2, r1
20003a1e:	601a      	str	r2, [r3, #0]
20003a20:	bf00      	nop
20003a22:	3714      	adds	r7, #20
20003a24:	46bd      	mov	sp, r7
20003a26:	bc80      	pop	{r7}
20003a28:	4770      	bx	lr
20003a2a:	bf00      	nop
20003a2c:	40013c00 	.word	0x40013c00

20003a30 <EXTI_StructInit>:
20003a30:	b480      	push	{r7}
20003a32:	b083      	sub	sp, #12
20003a34:	af00      	add	r7, sp, #0
20003a36:	6078      	str	r0, [r7, #4]
20003a38:	687b      	ldr	r3, [r7, #4]
20003a3a:	2200      	movs	r2, #0
20003a3c:	601a      	str	r2, [r3, #0]
20003a3e:	687b      	ldr	r3, [r7, #4]
20003a40:	2200      	movs	r2, #0
20003a42:	711a      	strb	r2, [r3, #4]
20003a44:	687b      	ldr	r3, [r7, #4]
20003a46:	220c      	movs	r2, #12
20003a48:	715a      	strb	r2, [r3, #5]
20003a4a:	687b      	ldr	r3, [r7, #4]
20003a4c:	2200      	movs	r2, #0
20003a4e:	719a      	strb	r2, [r3, #6]
20003a50:	bf00      	nop
20003a52:	370c      	adds	r7, #12
20003a54:	46bd      	mov	sp, r7
20003a56:	bc80      	pop	{r7}
20003a58:	4770      	bx	lr

20003a5a <EXTI_GenerateSWInterrupt>:
20003a5a:	b480      	push	{r7}
20003a5c:	b083      	sub	sp, #12
20003a5e:	af00      	add	r7, sp, #0
20003a60:	6078      	str	r0, [r7, #4]
20003a62:	4b05      	ldr	r3, [pc, #20]	@ (20003a78 <EXTI_GenerateSWInterrupt+0x1e>)
20003a64:	691a      	ldr	r2, [r3, #16]
20003a66:	4904      	ldr	r1, [pc, #16]	@ (20003a78 <EXTI_GenerateSWInterrupt+0x1e>)
20003a68:	687b      	ldr	r3, [r7, #4]
20003a6a:	4313      	orrs	r3, r2
20003a6c:	610b      	str	r3, [r1, #16]
20003a6e:	bf00      	nop
20003a70:	370c      	adds	r7, #12
20003a72:	46bd      	mov	sp, r7
20003a74:	bc80      	pop	{r7}
20003a76:	4770      	bx	lr
20003a78:	40013c00 	.word	0x40013c00

20003a7c <EXTI_GetFlagStatus>:
20003a7c:	b480      	push	{r7}
20003a7e:	b085      	sub	sp, #20
20003a80:	af00      	add	r7, sp, #0
20003a82:	6078      	str	r0, [r7, #4]
20003a84:	2300      	movs	r3, #0
20003a86:	73fb      	strb	r3, [r7, #15]
20003a88:	4b08      	ldr	r3, [pc, #32]	@ (20003aac <EXTI_GetFlagStatus+0x30>)
20003a8a:	695a      	ldr	r2, [r3, #20]
20003a8c:	687b      	ldr	r3, [r7, #4]
20003a8e:	4013      	ands	r3, r2
20003a90:	2b00      	cmp	r3, #0
20003a92:	d002      	beq.n	20003a9a <EXTI_GetFlagStatus+0x1e>
20003a94:	2301      	movs	r3, #1
20003a96:	73fb      	strb	r3, [r7, #15]
20003a98:	e001      	b.n	20003a9e <EXTI_GetFlagStatus+0x22>
20003a9a:	2300      	movs	r3, #0
20003a9c:	73fb      	strb	r3, [r7, #15]
20003a9e:	7bfb      	ldrb	r3, [r7, #15]
20003aa0:	4618      	mov	r0, r3
20003aa2:	3714      	adds	r7, #20
20003aa4:	46bd      	mov	sp, r7
20003aa6:	bc80      	pop	{r7}
20003aa8:	4770      	bx	lr
20003aaa:	bf00      	nop
20003aac:	40013c00 	.word	0x40013c00

20003ab0 <EXTI_ClearFlag>:
20003ab0:	b480      	push	{r7}
20003ab2:	b083      	sub	sp, #12
20003ab4:	af00      	add	r7, sp, #0
20003ab6:	6078      	str	r0, [r7, #4]
20003ab8:	4a03      	ldr	r2, [pc, #12]	@ (20003ac8 <EXTI_ClearFlag+0x18>)
20003aba:	687b      	ldr	r3, [r7, #4]
20003abc:	6153      	str	r3, [r2, #20]
20003abe:	bf00      	nop
20003ac0:	370c      	adds	r7, #12
20003ac2:	46bd      	mov	sp, r7
20003ac4:	bc80      	pop	{r7}
20003ac6:	4770      	bx	lr
20003ac8:	40013c00 	.word	0x40013c00

20003acc <EXTI_GetITStatus>:
20003acc:	b480      	push	{r7}
20003ace:	b085      	sub	sp, #20
20003ad0:	af00      	add	r7, sp, #0
20003ad2:	6078      	str	r0, [r7, #4]
20003ad4:	2300      	movs	r3, #0
20003ad6:	73fb      	strb	r3, [r7, #15]
20003ad8:	4b08      	ldr	r3, [pc, #32]	@ (20003afc <EXTI_GetITStatus+0x30>)
20003ada:	695a      	ldr	r2, [r3, #20]
20003adc:	687b      	ldr	r3, [r7, #4]
20003ade:	4013      	ands	r3, r2
20003ae0:	2b00      	cmp	r3, #0
20003ae2:	d002      	beq.n	20003aea <EXTI_GetITStatus+0x1e>
20003ae4:	2301      	movs	r3, #1
20003ae6:	73fb      	strb	r3, [r7, #15]
20003ae8:	e001      	b.n	20003aee <EXTI_GetITStatus+0x22>
20003aea:	2300      	movs	r3, #0
20003aec:	73fb      	strb	r3, [r7, #15]
20003aee:	7bfb      	ldrb	r3, [r7, #15]
20003af0:	4618      	mov	r0, r3
20003af2:	3714      	adds	r7, #20
20003af4:	46bd      	mov	sp, r7
20003af6:	bc80      	pop	{r7}
20003af8:	4770      	bx	lr
20003afa:	bf00      	nop
20003afc:	40013c00 	.word	0x40013c00

20003b00 <EXTI_ClearITPendingBit>:
20003b00:	b480      	push	{r7}
20003b02:	b083      	sub	sp, #12
20003b04:	af00      	add	r7, sp, #0
20003b06:	6078      	str	r0, [r7, #4]
20003b08:	4a03      	ldr	r2, [pc, #12]	@ (20003b18 <EXTI_ClearITPendingBit+0x18>)
20003b0a:	687b      	ldr	r3, [r7, #4]
20003b0c:	6153      	str	r3, [r2, #20]
20003b0e:	bf00      	nop
20003b10:	370c      	adds	r7, #12
20003b12:	46bd      	mov	sp, r7
20003b14:	bc80      	pop	{r7}
20003b16:	4770      	bx	lr
20003b18:	40013c00 	.word	0x40013c00

20003b1c <GPIO_DeInit>:
20003b1c:	b580      	push	{r7, lr}
20003b1e:	b082      	sub	sp, #8
20003b20:	af00      	add	r7, sp, #0
20003b22:	6078      	str	r0, [r7, #4]
20003b24:	687b      	ldr	r3, [r7, #4]
20003b26:	4a4b      	ldr	r2, [pc, #300]	@ (20003c54 <GPIO_DeInit+0x138>)
20003b28:	4293      	cmp	r3, r2
20003b2a:	d108      	bne.n	20003b3e <GPIO_DeInit+0x22>
20003b2c:	2101      	movs	r1, #1
20003b2e:	2001      	movs	r0, #1
20003b30:	f000 feac 	bl	2000488c <RCC_AHB1PeriphResetCmd>
20003b34:	2100      	movs	r1, #0
20003b36:	2001      	movs	r0, #1
20003b38:	f000 fea8 	bl	2000488c <RCC_AHB1PeriphResetCmd>
20003b3c:	e086      	b.n	20003c4c <GPIO_DeInit+0x130>
20003b3e:	687b      	ldr	r3, [r7, #4]
20003b40:	4a45      	ldr	r2, [pc, #276]	@ (20003c58 <GPIO_DeInit+0x13c>)
20003b42:	4293      	cmp	r3, r2
20003b44:	d108      	bne.n	20003b58 <GPIO_DeInit+0x3c>
20003b46:	2101      	movs	r1, #1
20003b48:	2002      	movs	r0, #2
20003b4a:	f000 fe9f 	bl	2000488c <RCC_AHB1PeriphResetCmd>
20003b4e:	2100      	movs	r1, #0
20003b50:	2002      	movs	r0, #2
20003b52:	f000 fe9b 	bl	2000488c <RCC_AHB1PeriphResetCmd>
20003b56:	e079      	b.n	20003c4c <GPIO_DeInit+0x130>
20003b58:	687b      	ldr	r3, [r7, #4]
20003b5a:	4a40      	ldr	r2, [pc, #256]	@ (20003c5c <GPIO_DeInit+0x140>)
20003b5c:	4293      	cmp	r3, r2
20003b5e:	d108      	bne.n	20003b72 <GPIO_DeInit+0x56>
20003b60:	2101      	movs	r1, #1
20003b62:	2004      	movs	r0, #4
20003b64:	f000 fe92 	bl	2000488c <RCC_AHB1PeriphResetCmd>
20003b68:	2100      	movs	r1, #0
20003b6a:	2004      	movs	r0, #4
20003b6c:	f000 fe8e 	bl	2000488c <RCC_AHB1PeriphResetCmd>
20003b70:	e06c      	b.n	20003c4c <GPIO_DeInit+0x130>
20003b72:	687b      	ldr	r3, [r7, #4]
20003b74:	4a3a      	ldr	r2, [pc, #232]	@ (20003c60 <GPIO_DeInit+0x144>)
20003b76:	4293      	cmp	r3, r2
20003b78:	d108      	bne.n	20003b8c <GPIO_DeInit+0x70>
20003b7a:	2101      	movs	r1, #1
20003b7c:	2008      	movs	r0, #8
20003b7e:	f000 fe85 	bl	2000488c <RCC_AHB1PeriphResetCmd>
20003b82:	2100      	movs	r1, #0
20003b84:	2008      	movs	r0, #8
20003b86:	f000 fe81 	bl	2000488c <RCC_AHB1PeriphResetCmd>
20003b8a:	e05f      	b.n	20003c4c <GPIO_DeInit+0x130>
20003b8c:	687b      	ldr	r3, [r7, #4]
20003b8e:	4a35      	ldr	r2, [pc, #212]	@ (20003c64 <GPIO_DeInit+0x148>)
20003b90:	4293      	cmp	r3, r2
20003b92:	d108      	bne.n	20003ba6 <GPIO_DeInit+0x8a>
20003b94:	2101      	movs	r1, #1
20003b96:	2010      	movs	r0, #16
20003b98:	f000 fe78 	bl	2000488c <RCC_AHB1PeriphResetCmd>
20003b9c:	2100      	movs	r1, #0
20003b9e:	2010      	movs	r0, #16
20003ba0:	f000 fe74 	bl	2000488c <RCC_AHB1PeriphResetCmd>
20003ba4:	e052      	b.n	20003c4c <GPIO_DeInit+0x130>
20003ba6:	687b      	ldr	r3, [r7, #4]
20003ba8:	4a2f      	ldr	r2, [pc, #188]	@ (20003c68 <GPIO_DeInit+0x14c>)
20003baa:	4293      	cmp	r3, r2
20003bac:	d108      	bne.n	20003bc0 <GPIO_DeInit+0xa4>
20003bae:	2101      	movs	r1, #1
20003bb0:	2020      	movs	r0, #32
20003bb2:	f000 fe6b 	bl	2000488c <RCC_AHB1PeriphResetCmd>
20003bb6:	2100      	movs	r1, #0
20003bb8:	2020      	movs	r0, #32
20003bba:	f000 fe67 	bl	2000488c <RCC_AHB1PeriphResetCmd>
20003bbe:	e045      	b.n	20003c4c <GPIO_DeInit+0x130>
20003bc0:	687b      	ldr	r3, [r7, #4]
20003bc2:	4a2a      	ldr	r2, [pc, #168]	@ (20003c6c <GPIO_DeInit+0x150>)
20003bc4:	4293      	cmp	r3, r2
20003bc6:	d108      	bne.n	20003bda <GPIO_DeInit+0xbe>
20003bc8:	2101      	movs	r1, #1
20003bca:	2040      	movs	r0, #64	@ 0x40
20003bcc:	f000 fe5e 	bl	2000488c <RCC_AHB1PeriphResetCmd>
20003bd0:	2100      	movs	r1, #0
20003bd2:	2040      	movs	r0, #64	@ 0x40
20003bd4:	f000 fe5a 	bl	2000488c <RCC_AHB1PeriphResetCmd>
20003bd8:	e038      	b.n	20003c4c <GPIO_DeInit+0x130>
20003bda:	687b      	ldr	r3, [r7, #4]
20003bdc:	4a24      	ldr	r2, [pc, #144]	@ (20003c70 <GPIO_DeInit+0x154>)
20003bde:	4293      	cmp	r3, r2
20003be0:	d108      	bne.n	20003bf4 <GPIO_DeInit+0xd8>
20003be2:	2101      	movs	r1, #1
20003be4:	2080      	movs	r0, #128	@ 0x80
20003be6:	f000 fe51 	bl	2000488c <RCC_AHB1PeriphResetCmd>
20003bea:	2100      	movs	r1, #0
20003bec:	2080      	movs	r0, #128	@ 0x80
20003bee:	f000 fe4d 	bl	2000488c <RCC_AHB1PeriphResetCmd>
20003bf2:	e02b      	b.n	20003c4c <GPIO_DeInit+0x130>
20003bf4:	687b      	ldr	r3, [r7, #4]
20003bf6:	4a1f      	ldr	r2, [pc, #124]	@ (20003c74 <GPIO_DeInit+0x158>)
20003bf8:	4293      	cmp	r3, r2
20003bfa:	d10a      	bne.n	20003c12 <GPIO_DeInit+0xf6>
20003bfc:	2101      	movs	r1, #1
20003bfe:	f44f 7080 	mov.w	r0, #256	@ 0x100
20003c02:	f000 fe43 	bl	2000488c <RCC_AHB1PeriphResetCmd>
20003c06:	2100      	movs	r1, #0
20003c08:	f44f 7080 	mov.w	r0, #256	@ 0x100
20003c0c:	f000 fe3e 	bl	2000488c <RCC_AHB1PeriphResetCmd>
20003c10:	e01c      	b.n	20003c4c <GPIO_DeInit+0x130>
20003c12:	687b      	ldr	r3, [r7, #4]
20003c14:	4a18      	ldr	r2, [pc, #96]	@ (20003c78 <GPIO_DeInit+0x15c>)
20003c16:	4293      	cmp	r3, r2
20003c18:	d10a      	bne.n	20003c30 <GPIO_DeInit+0x114>
20003c1a:	2101      	movs	r1, #1
20003c1c:	f44f 7000 	mov.w	r0, #512	@ 0x200
20003c20:	f000 fe34 	bl	2000488c <RCC_AHB1PeriphResetCmd>
20003c24:	2100      	movs	r1, #0
20003c26:	f44f 7000 	mov.w	r0, #512	@ 0x200
20003c2a:	f000 fe2f 	bl	2000488c <RCC_AHB1PeriphResetCmd>
20003c2e:	e00d      	b.n	20003c4c <GPIO_DeInit+0x130>
20003c30:	687b      	ldr	r3, [r7, #4]
20003c32:	4a12      	ldr	r2, [pc, #72]	@ (20003c7c <GPIO_DeInit+0x160>)
20003c34:	4293      	cmp	r3, r2
20003c36:	d109      	bne.n	20003c4c <GPIO_DeInit+0x130>
20003c38:	2101      	movs	r1, #1
20003c3a:	f44f 6080 	mov.w	r0, #1024	@ 0x400
20003c3e:	f000 fe25 	bl	2000488c <RCC_AHB1PeriphResetCmd>
20003c42:	2100      	movs	r1, #0
20003c44:	f44f 6080 	mov.w	r0, #1024	@ 0x400
20003c48:	f000 fe20 	bl	2000488c <RCC_AHB1PeriphResetCmd>
20003c4c:	bf00      	nop
20003c4e:	3708      	adds	r7, #8
20003c50:	46bd      	mov	sp, r7
20003c52:	bd80      	pop	{r7, pc}
20003c54:	40020000 	.word	0x40020000
20003c58:	40020400 	.word	0x40020400
20003c5c:	40020800 	.word	0x40020800
20003c60:	40020c00 	.word	0x40020c00
20003c64:	40021000 	.word	0x40021000
20003c68:	40021400 	.word	0x40021400
20003c6c:	40021800 	.word	0x40021800
20003c70:	40021c00 	.word	0x40021c00
20003c74:	40022000 	.word	0x40022000
20003c78:	40022400 	.word	0x40022400
20003c7c:	40022800 	.word	0x40022800

20003c80 <GPIO_Init>:
20003c80:	b480      	push	{r7}
20003c82:	b087      	sub	sp, #28
20003c84:	af00      	add	r7, sp, #0
20003c86:	6078      	str	r0, [r7, #4]
20003c88:	6039      	str	r1, [r7, #0]
20003c8a:	2300      	movs	r3, #0
20003c8c:	617b      	str	r3, [r7, #20]
20003c8e:	2300      	movs	r3, #0
20003c90:	613b      	str	r3, [r7, #16]
20003c92:	2300      	movs	r3, #0
20003c94:	60fb      	str	r3, [r7, #12]
20003c96:	2300      	movs	r3, #0
20003c98:	617b      	str	r3, [r7, #20]
20003c9a:	e076      	b.n	20003d8a <GPIO_Init+0x10a>
20003c9c:	2201      	movs	r2, #1
20003c9e:	697b      	ldr	r3, [r7, #20]
20003ca0:	fa02 f303 	lsl.w	r3, r2, r3
20003ca4:	613b      	str	r3, [r7, #16]
20003ca6:	683b      	ldr	r3, [r7, #0]
20003ca8:	681b      	ldr	r3, [r3, #0]
20003caa:	693a      	ldr	r2, [r7, #16]
20003cac:	4013      	ands	r3, r2
20003cae:	60fb      	str	r3, [r7, #12]
20003cb0:	68fa      	ldr	r2, [r7, #12]
20003cb2:	693b      	ldr	r3, [r7, #16]
20003cb4:	429a      	cmp	r2, r3
20003cb6:	d165      	bne.n	20003d84 <GPIO_Init+0x104>
20003cb8:	687b      	ldr	r3, [r7, #4]
20003cba:	681a      	ldr	r2, [r3, #0]
20003cbc:	697b      	ldr	r3, [r7, #20]
20003cbe:	005b      	lsls	r3, r3, #1
20003cc0:	2103      	movs	r1, #3
20003cc2:	fa01 f303 	lsl.w	r3, r1, r3
20003cc6:	43db      	mvns	r3, r3
20003cc8:	401a      	ands	r2, r3
20003cca:	687b      	ldr	r3, [r7, #4]
20003ccc:	601a      	str	r2, [r3, #0]
20003cce:	687b      	ldr	r3, [r7, #4]
20003cd0:	681a      	ldr	r2, [r3, #0]
20003cd2:	683b      	ldr	r3, [r7, #0]
20003cd4:	791b      	ldrb	r3, [r3, #4]
20003cd6:	4619      	mov	r1, r3
20003cd8:	697b      	ldr	r3, [r7, #20]
20003cda:	005b      	lsls	r3, r3, #1
20003cdc:	fa01 f303 	lsl.w	r3, r1, r3
20003ce0:	431a      	orrs	r2, r3
20003ce2:	687b      	ldr	r3, [r7, #4]
20003ce4:	601a      	str	r2, [r3, #0]
20003ce6:	683b      	ldr	r3, [r7, #0]
20003ce8:	791b      	ldrb	r3, [r3, #4]
20003cea:	2b01      	cmp	r3, #1
20003cec:	d003      	beq.n	20003cf6 <GPIO_Init+0x76>
20003cee:	683b      	ldr	r3, [r7, #0]
20003cf0:	791b      	ldrb	r3, [r3, #4]
20003cf2:	2b02      	cmp	r3, #2
20003cf4:	d12e      	bne.n	20003d54 <GPIO_Init+0xd4>
20003cf6:	687b      	ldr	r3, [r7, #4]
20003cf8:	689a      	ldr	r2, [r3, #8]
20003cfa:	697b      	ldr	r3, [r7, #20]
20003cfc:	005b      	lsls	r3, r3, #1
20003cfe:	2103      	movs	r1, #3
20003d00:	fa01 f303 	lsl.w	r3, r1, r3
20003d04:	43db      	mvns	r3, r3
20003d06:	401a      	ands	r2, r3
20003d08:	687b      	ldr	r3, [r7, #4]
20003d0a:	609a      	str	r2, [r3, #8]
20003d0c:	687b      	ldr	r3, [r7, #4]
20003d0e:	689a      	ldr	r2, [r3, #8]
20003d10:	683b      	ldr	r3, [r7, #0]
20003d12:	795b      	ldrb	r3, [r3, #5]
20003d14:	4619      	mov	r1, r3
20003d16:	697b      	ldr	r3, [r7, #20]
20003d18:	005b      	lsls	r3, r3, #1
20003d1a:	fa01 f303 	lsl.w	r3, r1, r3
20003d1e:	431a      	orrs	r2, r3
20003d20:	687b      	ldr	r3, [r7, #4]
20003d22:	609a      	str	r2, [r3, #8]
20003d24:	687b      	ldr	r3, [r7, #4]
20003d26:	685a      	ldr	r2, [r3, #4]
20003d28:	697b      	ldr	r3, [r7, #20]
20003d2a:	b29b      	uxth	r3, r3
20003d2c:	4619      	mov	r1, r3
20003d2e:	2301      	movs	r3, #1
20003d30:	408b      	lsls	r3, r1
20003d32:	43db      	mvns	r3, r3
20003d34:	401a      	ands	r2, r3
20003d36:	687b      	ldr	r3, [r7, #4]
20003d38:	605a      	str	r2, [r3, #4]
20003d3a:	687b      	ldr	r3, [r7, #4]
20003d3c:	685b      	ldr	r3, [r3, #4]
20003d3e:	683a      	ldr	r2, [r7, #0]
20003d40:	7992      	ldrb	r2, [r2, #6]
20003d42:	4611      	mov	r1, r2
20003d44:	697a      	ldr	r2, [r7, #20]
20003d46:	b292      	uxth	r2, r2
20003d48:	fa01 f202 	lsl.w	r2, r1, r2
20003d4c:	b292      	uxth	r2, r2
20003d4e:	431a      	orrs	r2, r3
20003d50:	687b      	ldr	r3, [r7, #4]
20003d52:	605a      	str	r2, [r3, #4]
20003d54:	687b      	ldr	r3, [r7, #4]
20003d56:	68da      	ldr	r2, [r3, #12]
20003d58:	697b      	ldr	r3, [r7, #20]
20003d5a:	b29b      	uxth	r3, r3
20003d5c:	005b      	lsls	r3, r3, #1
20003d5e:	2103      	movs	r1, #3
20003d60:	fa01 f303 	lsl.w	r3, r1, r3
20003d64:	43db      	mvns	r3, r3
20003d66:	401a      	ands	r2, r3
20003d68:	687b      	ldr	r3, [r7, #4]
20003d6a:	60da      	str	r2, [r3, #12]
20003d6c:	687b      	ldr	r3, [r7, #4]
20003d6e:	68da      	ldr	r2, [r3, #12]
20003d70:	683b      	ldr	r3, [r7, #0]
20003d72:	79db      	ldrb	r3, [r3, #7]
20003d74:	4619      	mov	r1, r3
20003d76:	697b      	ldr	r3, [r7, #20]
20003d78:	005b      	lsls	r3, r3, #1
20003d7a:	fa01 f303 	lsl.w	r3, r1, r3
20003d7e:	431a      	orrs	r2, r3
20003d80:	687b      	ldr	r3, [r7, #4]
20003d82:	60da      	str	r2, [r3, #12]
20003d84:	697b      	ldr	r3, [r7, #20]
20003d86:	3301      	adds	r3, #1
20003d88:	617b      	str	r3, [r7, #20]
20003d8a:	697b      	ldr	r3, [r7, #20]
20003d8c:	2b0f      	cmp	r3, #15
20003d8e:	d985      	bls.n	20003c9c <GPIO_Init+0x1c>
20003d90:	bf00      	nop
20003d92:	bf00      	nop
20003d94:	371c      	adds	r7, #28
20003d96:	46bd      	mov	sp, r7
20003d98:	bc80      	pop	{r7}
20003d9a:	4770      	bx	lr

20003d9c <GPIO_StructInit>:
20003d9c:	b480      	push	{r7}
20003d9e:	b083      	sub	sp, #12
20003da0:	af00      	add	r7, sp, #0
20003da2:	6078      	str	r0, [r7, #4]
20003da4:	687b      	ldr	r3, [r7, #4]
20003da6:	f64f 72ff 	movw	r2, #65535	@ 0xffff
20003daa:	601a      	str	r2, [r3, #0]
20003dac:	687b      	ldr	r3, [r7, #4]
20003dae:	2200      	movs	r2, #0
20003db0:	711a      	strb	r2, [r3, #4]
20003db2:	687b      	ldr	r3, [r7, #4]
20003db4:	2200      	movs	r2, #0
20003db6:	715a      	strb	r2, [r3, #5]
20003db8:	687b      	ldr	r3, [r7, #4]
20003dba:	2200      	movs	r2, #0
20003dbc:	719a      	strb	r2, [r3, #6]
20003dbe:	687b      	ldr	r3, [r7, #4]
20003dc0:	2200      	movs	r2, #0
20003dc2:	71da      	strb	r2, [r3, #7]
20003dc4:	bf00      	nop
20003dc6:	370c      	adds	r7, #12
20003dc8:	46bd      	mov	sp, r7
20003dca:	bc80      	pop	{r7}
20003dcc:	4770      	bx	lr

20003dce <GPIO_PinLockConfig>:
20003dce:	b480      	push	{r7}
20003dd0:	b085      	sub	sp, #20
20003dd2:	af00      	add	r7, sp, #0
20003dd4:	6078      	str	r0, [r7, #4]
20003dd6:	460b      	mov	r3, r1
20003dd8:	807b      	strh	r3, [r7, #2]
20003dda:	f44f 3380 	mov.w	r3, #65536	@ 0x10000
20003dde:	60fb      	str	r3, [r7, #12]
20003de0:	887a      	ldrh	r2, [r7, #2]
20003de2:	68fb      	ldr	r3, [r7, #12]
20003de4:	4313      	orrs	r3, r2
20003de6:	60fb      	str	r3, [r7, #12]
20003de8:	68fa      	ldr	r2, [r7, #12]
20003dea:	687b      	ldr	r3, [r7, #4]
20003dec:	61da      	str	r2, [r3, #28]
20003dee:	887a      	ldrh	r2, [r7, #2]
20003df0:	687b      	ldr	r3, [r7, #4]
20003df2:	61da      	str	r2, [r3, #28]
20003df4:	68fa      	ldr	r2, [r7, #12]
20003df6:	687b      	ldr	r3, [r7, #4]
20003df8:	61da      	str	r2, [r3, #28]
20003dfa:	687b      	ldr	r3, [r7, #4]
20003dfc:	69db      	ldr	r3, [r3, #28]
20003dfe:	60fb      	str	r3, [r7, #12]
20003e00:	687b      	ldr	r3, [r7, #4]
20003e02:	69db      	ldr	r3, [r3, #28]
20003e04:	60fb      	str	r3, [r7, #12]
20003e06:	bf00      	nop
20003e08:	3714      	adds	r7, #20
20003e0a:	46bd      	mov	sp, r7
20003e0c:	bc80      	pop	{r7}
20003e0e:	4770      	bx	lr

20003e10 <GPIO_ReadInputDataBit>:
20003e10:	b480      	push	{r7}
20003e12:	b085      	sub	sp, #20
20003e14:	af00      	add	r7, sp, #0
20003e16:	6078      	str	r0, [r7, #4]
20003e18:	460b      	mov	r3, r1
20003e1a:	807b      	strh	r3, [r7, #2]
20003e1c:	2300      	movs	r3, #0
20003e1e:	73fb      	strb	r3, [r7, #15]
20003e20:	687b      	ldr	r3, [r7, #4]
20003e22:	691a      	ldr	r2, [r3, #16]
20003e24:	887b      	ldrh	r3, [r7, #2]
20003e26:	4013      	ands	r3, r2
20003e28:	2b00      	cmp	r3, #0
20003e2a:	d002      	beq.n	20003e32 <GPIO_ReadInputDataBit+0x22>
20003e2c:	2301      	movs	r3, #1
20003e2e:	73fb      	strb	r3, [r7, #15]
20003e30:	e001      	b.n	20003e36 <GPIO_ReadInputDataBit+0x26>
20003e32:	2300      	movs	r3, #0
20003e34:	73fb      	strb	r3, [r7, #15]
20003e36:	7bfb      	ldrb	r3, [r7, #15]
20003e38:	4618      	mov	r0, r3
20003e3a:	3714      	adds	r7, #20
20003e3c:	46bd      	mov	sp, r7
20003e3e:	bc80      	pop	{r7}
20003e40:	4770      	bx	lr

20003e42 <GPIO_ReadInputData>:
20003e42:	b480      	push	{r7}
20003e44:	b083      	sub	sp, #12
20003e46:	af00      	add	r7, sp, #0
20003e48:	6078      	str	r0, [r7, #4]
20003e4a:	687b      	ldr	r3, [r7, #4]
20003e4c:	691b      	ldr	r3, [r3, #16]
20003e4e:	b29b      	uxth	r3, r3
20003e50:	4618      	mov	r0, r3
20003e52:	370c      	adds	r7, #12
20003e54:	46bd      	mov	sp, r7
20003e56:	bc80      	pop	{r7}
20003e58:	4770      	bx	lr

20003e5a <GPIO_ReadOutputDataBit>:
20003e5a:	b480      	push	{r7}
20003e5c:	b085      	sub	sp, #20
20003e5e:	af00      	add	r7, sp, #0
20003e60:	6078      	str	r0, [r7, #4]
20003e62:	460b      	mov	r3, r1
20003e64:	807b      	strh	r3, [r7, #2]
20003e66:	2300      	movs	r3, #0
20003e68:	73fb      	strb	r3, [r7, #15]
20003e6a:	687b      	ldr	r3, [r7, #4]
20003e6c:	695a      	ldr	r2, [r3, #20]
20003e6e:	887b      	ldrh	r3, [r7, #2]
20003e70:	4013      	ands	r3, r2
20003e72:	2b00      	cmp	r3, #0
20003e74:	d002      	beq.n	20003e7c <GPIO_ReadOutputDataBit+0x22>
20003e76:	2301      	movs	r3, #1
20003e78:	73fb      	strb	r3, [r7, #15]
20003e7a:	e001      	b.n	20003e80 <GPIO_ReadOutputDataBit+0x26>
20003e7c:	2300      	movs	r3, #0
20003e7e:	73fb      	strb	r3, [r7, #15]
20003e80:	7bfb      	ldrb	r3, [r7, #15]
20003e82:	4618      	mov	r0, r3
20003e84:	3714      	adds	r7, #20
20003e86:	46bd      	mov	sp, r7
20003e88:	bc80      	pop	{r7}
20003e8a:	4770      	bx	lr

20003e8c <GPIO_ReadOutputData>:
20003e8c:	b480      	push	{r7}
20003e8e:	b083      	sub	sp, #12
20003e90:	af00      	add	r7, sp, #0
20003e92:	6078      	str	r0, [r7, #4]
20003e94:	687b      	ldr	r3, [r7, #4]
20003e96:	695b      	ldr	r3, [r3, #20]
20003e98:	b29b      	uxth	r3, r3
20003e9a:	4618      	mov	r0, r3
20003e9c:	370c      	adds	r7, #12
20003e9e:	46bd      	mov	sp, r7
20003ea0:	bc80      	pop	{r7}
20003ea2:	4770      	bx	lr

20003ea4 <GPIO_SetBits>:
20003ea4:	b480      	push	{r7}
20003ea6:	b083      	sub	sp, #12
20003ea8:	af00      	add	r7, sp, #0
20003eaa:	6078      	str	r0, [r7, #4]
20003eac:	460b      	mov	r3, r1
20003eae:	807b      	strh	r3, [r7, #2]
20003eb0:	687b      	ldr	r3, [r7, #4]
20003eb2:	887a      	ldrh	r2, [r7, #2]
20003eb4:	831a      	strh	r2, [r3, #24]
20003eb6:	bf00      	nop
20003eb8:	370c      	adds	r7, #12
20003eba:	46bd      	mov	sp, r7
20003ebc:	bc80      	pop	{r7}
20003ebe:	4770      	bx	lr

20003ec0 <GPIO_ResetBits>:
20003ec0:	b480      	push	{r7}
20003ec2:	b083      	sub	sp, #12
20003ec4:	af00      	add	r7, sp, #0
20003ec6:	6078      	str	r0, [r7, #4]
20003ec8:	460b      	mov	r3, r1
20003eca:	807b      	strh	r3, [r7, #2]
20003ecc:	687b      	ldr	r3, [r7, #4]
20003ece:	887a      	ldrh	r2, [r7, #2]
20003ed0:	835a      	strh	r2, [r3, #26]
20003ed2:	bf00      	nop
20003ed4:	370c      	adds	r7, #12
20003ed6:	46bd      	mov	sp, r7
20003ed8:	bc80      	pop	{r7}
20003eda:	4770      	bx	lr

20003edc <GPIO_WriteBit>:
20003edc:	b480      	push	{r7}
20003ede:	b083      	sub	sp, #12
20003ee0:	af00      	add	r7, sp, #0
20003ee2:	6078      	str	r0, [r7, #4]
20003ee4:	460b      	mov	r3, r1
20003ee6:	807b      	strh	r3, [r7, #2]
20003ee8:	4613      	mov	r3, r2
20003eea:	707b      	strb	r3, [r7, #1]
20003eec:	787b      	ldrb	r3, [r7, #1]
20003eee:	2b00      	cmp	r3, #0
20003ef0:	d003      	beq.n	20003efa <GPIO_WriteBit+0x1e>
20003ef2:	687b      	ldr	r3, [r7, #4]
20003ef4:	887a      	ldrh	r2, [r7, #2]
20003ef6:	831a      	strh	r2, [r3, #24]
20003ef8:	e002      	b.n	20003f00 <GPIO_WriteBit+0x24>
20003efa:	687b      	ldr	r3, [r7, #4]
20003efc:	887a      	ldrh	r2, [r7, #2]
20003efe:	835a      	strh	r2, [r3, #26]
20003f00:	bf00      	nop
20003f02:	370c      	adds	r7, #12
20003f04:	46bd      	mov	sp, r7
20003f06:	bc80      	pop	{r7}
20003f08:	4770      	bx	lr

20003f0a <GPIO_Write>:
20003f0a:	b480      	push	{r7}
20003f0c:	b083      	sub	sp, #12
20003f0e:	af00      	add	r7, sp, #0
20003f10:	6078      	str	r0, [r7, #4]
20003f12:	460b      	mov	r3, r1
20003f14:	807b      	strh	r3, [r7, #2]
20003f16:	887a      	ldrh	r2, [r7, #2]
20003f18:	687b      	ldr	r3, [r7, #4]
20003f1a:	615a      	str	r2, [r3, #20]
20003f1c:	bf00      	nop
20003f1e:	370c      	adds	r7, #12
20003f20:	46bd      	mov	sp, r7
20003f22:	bc80      	pop	{r7}
20003f24:	4770      	bx	lr

20003f26 <GPIO_ToggleBits>:
20003f26:	b480      	push	{r7}
20003f28:	b083      	sub	sp, #12
20003f2a:	af00      	add	r7, sp, #0
20003f2c:	6078      	str	r0, [r7, #4]
20003f2e:	460b      	mov	r3, r1
20003f30:	807b      	strh	r3, [r7, #2]
20003f32:	687b      	ldr	r3, [r7, #4]
20003f34:	695a      	ldr	r2, [r3, #20]
20003f36:	887b      	ldrh	r3, [r7, #2]
20003f38:	405a      	eors	r2, r3
20003f3a:	687b      	ldr	r3, [r7, #4]
20003f3c:	615a      	str	r2, [r3, #20]
20003f3e:	bf00      	nop
20003f40:	370c      	adds	r7, #12
20003f42:	46bd      	mov	sp, r7
20003f44:	bc80      	pop	{r7}
20003f46:	4770      	bx	lr

20003f48 <GPIO_PinAFConfig>:
20003f48:	b480      	push	{r7}
20003f4a:	b085      	sub	sp, #20
20003f4c:	af00      	add	r7, sp, #0
20003f4e:	6078      	str	r0, [r7, #4]
20003f50:	460b      	mov	r3, r1
20003f52:	807b      	strh	r3, [r7, #2]
20003f54:	4613      	mov	r3, r2
20003f56:	707b      	strb	r3, [r7, #1]
20003f58:	2300      	movs	r3, #0
20003f5a:	60fb      	str	r3, [r7, #12]
20003f5c:	2300      	movs	r3, #0
20003f5e:	60bb      	str	r3, [r7, #8]
20003f60:	787a      	ldrb	r2, [r7, #1]
20003f62:	887b      	ldrh	r3, [r7, #2]
20003f64:	f003 0307 	and.w	r3, r3, #7
20003f68:	009b      	lsls	r3, r3, #2
20003f6a:	fa02 f303 	lsl.w	r3, r2, r3
20003f6e:	60fb      	str	r3, [r7, #12]
20003f70:	887b      	ldrh	r3, [r7, #2]
20003f72:	08db      	lsrs	r3, r3, #3
20003f74:	b29b      	uxth	r3, r3
20003f76:	461a      	mov	r2, r3
20003f78:	687b      	ldr	r3, [r7, #4]
20003f7a:	3208      	adds	r2, #8
20003f7c:	f853 2022 	ldr.w	r2, [r3, r2, lsl #2]
20003f80:	887b      	ldrh	r3, [r7, #2]
20003f82:	f003 0307 	and.w	r3, r3, #7
20003f86:	009b      	lsls	r3, r3, #2
20003f88:	210f      	movs	r1, #15
20003f8a:	fa01 f303 	lsl.w	r3, r1, r3
20003f8e:	43db      	mvns	r3, r3
20003f90:	8879      	ldrh	r1, [r7, #2]
20003f92:	08c9      	lsrs	r1, r1, #3
20003f94:	b289      	uxth	r1, r1
20003f96:	4608      	mov	r0, r1
20003f98:	ea02 0103 	and.w	r1, r2, r3
20003f9c:	687b      	ldr	r3, [r7, #4]
20003f9e:	f100 0208 	add.w	r2, r0, #8
20003fa2:	f843 1022 	str.w	r1, [r3, r2, lsl #2]
20003fa6:	887b      	ldrh	r3, [r7, #2]
20003fa8:	08db      	lsrs	r3, r3, #3
20003faa:	b29b      	uxth	r3, r3
20003fac:	461a      	mov	r2, r3
20003fae:	687b      	ldr	r3, [r7, #4]
20003fb0:	3208      	adds	r2, #8
20003fb2:	f853 3022 	ldr.w	r3, [r3, r2, lsl #2]
20003fb6:	68fa      	ldr	r2, [r7, #12]
20003fb8:	4313      	orrs	r3, r2
20003fba:	60bb      	str	r3, [r7, #8]
20003fbc:	887b      	ldrh	r3, [r7, #2]
20003fbe:	08db      	lsrs	r3, r3, #3
20003fc0:	b29b      	uxth	r3, r3
20003fc2:	461a      	mov	r2, r3
20003fc4:	687b      	ldr	r3, [r7, #4]
20003fc6:	3208      	adds	r2, #8
20003fc8:	68b9      	ldr	r1, [r7, #8]
20003fca:	f843 1022 	str.w	r1, [r3, r2, lsl #2]
20003fce:	bf00      	nop
20003fd0:	3714      	adds	r7, #20
20003fd2:	46bd      	mov	sp, r7
20003fd4:	bc80      	pop	{r7}
20003fd6:	4770      	bx	lr

20003fd8 <RCC_DeInit>:
20003fd8:	b480      	push	{r7}
20003fda:	af00      	add	r7, sp, #0
20003fdc:	4b16      	ldr	r3, [pc, #88]	@ (20004038 <RCC_DeInit+0x60>)
20003fde:	681b      	ldr	r3, [r3, #0]
20003fe0:	4a15      	ldr	r2, [pc, #84]	@ (20004038 <RCC_DeInit+0x60>)
20003fe2:	f043 0301 	orr.w	r3, r3, #1
20003fe6:	6013      	str	r3, [r2, #0]
20003fe8:	4b13      	ldr	r3, [pc, #76]	@ (20004038 <RCC_DeInit+0x60>)
20003fea:	2200      	movs	r2, #0
20003fec:	609a      	str	r2, [r3, #8]
20003fee:	4b12      	ldr	r3, [pc, #72]	@ (20004038 <RCC_DeInit+0x60>)
20003ff0:	681b      	ldr	r3, [r3, #0]
20003ff2:	4a11      	ldr	r2, [pc, #68]	@ (20004038 <RCC_DeInit+0x60>)
20003ff4:	f023 53a8 	bic.w	r3, r3, #352321536	@ 0x15000000
20003ff8:	f423 2310 	bic.w	r3, r3, #589824	@ 0x90000
20003ffc:	6013      	str	r3, [r2, #0]
20003ffe:	4b0e      	ldr	r3, [pc, #56]	@ (20004038 <RCC_DeInit+0x60>)
20004000:	4a0e      	ldr	r2, [pc, #56]	@ (2000403c <RCC_DeInit+0x64>)
20004002:	605a      	str	r2, [r3, #4]
20004004:	4b0c      	ldr	r3, [pc, #48]	@ (20004038 <RCC_DeInit+0x60>)
20004006:	4a0e      	ldr	r2, [pc, #56]	@ (20004040 <RCC_DeInit+0x68>)
20004008:	f8c3 2084 	str.w	r2, [r3, #132]	@ 0x84
2000400c:	4b0a      	ldr	r3, [pc, #40]	@ (20004038 <RCC_DeInit+0x60>)
2000400e:	4a0d      	ldr	r2, [pc, #52]	@ (20004044 <RCC_DeInit+0x6c>)
20004010:	f8c3 2088 	str.w	r2, [r3, #136]	@ 0x88
20004014:	4b08      	ldr	r3, [pc, #32]	@ (20004038 <RCC_DeInit+0x60>)
20004016:	681b      	ldr	r3, [r3, #0]
20004018:	4a07      	ldr	r2, [pc, #28]	@ (20004038 <RCC_DeInit+0x60>)
2000401a:	f423 2380 	bic.w	r3, r3, #262144	@ 0x40000
2000401e:	6013      	str	r3, [r2, #0]
20004020:	4b05      	ldr	r3, [pc, #20]	@ (20004038 <RCC_DeInit+0x60>)
20004022:	2200      	movs	r2, #0
20004024:	60da      	str	r2, [r3, #12]
20004026:	4b04      	ldr	r3, [pc, #16]	@ (20004038 <RCC_DeInit+0x60>)
20004028:	2200      	movs	r2, #0
2000402a:	f8c3 208c 	str.w	r2, [r3, #140]	@ 0x8c
2000402e:	bf00      	nop
20004030:	46bd      	mov	sp, r7
20004032:	bc80      	pop	{r7}
20004034:	4770      	bx	lr
20004036:	bf00      	nop
20004038:	40023800 	.word	0x40023800
2000403c:	24003010 	.word	0x24003010
20004040:	20003000 	.word	0x20003000
20004044:	24003000 	.word	0x24003000

20004048 <RCC_HSEConfig>:
20004048:	b480      	push	{r7}
2000404a:	b083      	sub	sp, #12
2000404c:	af00      	add	r7, sp, #0
2000404e:	4603      	mov	r3, r0
20004050:	71fb      	strb	r3, [r7, #7]
20004052:	4b05      	ldr	r3, [pc, #20]	@ (20004068 <RCC_HSEConfig+0x20>)
20004054:	2200      	movs	r2, #0
20004056:	701a      	strb	r2, [r3, #0]
20004058:	4a03      	ldr	r2, [pc, #12]	@ (20004068 <RCC_HSEConfig+0x20>)
2000405a:	79fb      	ldrb	r3, [r7, #7]
2000405c:	7013      	strb	r3, [r2, #0]
2000405e:	bf00      	nop
20004060:	370c      	adds	r7, #12
20004062:	46bd      	mov	sp, r7
20004064:	bc80      	pop	{r7}
20004066:	4770      	bx	lr
20004068:	40023802 	.word	0x40023802

2000406c <RCC_WaitForHSEStartUp>:
2000406c:	b580      	push	{r7, lr}
2000406e:	b082      	sub	sp, #8
20004070:	af00      	add	r7, sp, #0
20004072:	2300      	movs	r3, #0
20004074:	603b      	str	r3, [r7, #0]
20004076:	2300      	movs	r3, #0
20004078:	71fb      	strb	r3, [r7, #7]
2000407a:	2300      	movs	r3, #0
2000407c:	71bb      	strb	r3, [r7, #6]
2000407e:	2031      	movs	r0, #49	@ 0x31
20004080:	f000 fd56 	bl	20004b30 <RCC_GetFlagStatus>
20004084:	4603      	mov	r3, r0
20004086:	71bb      	strb	r3, [r7, #6]
20004088:	683b      	ldr	r3, [r7, #0]
2000408a:	3301      	adds	r3, #1
2000408c:	603b      	str	r3, [r7, #0]
2000408e:	683b      	ldr	r3, [r7, #0]
20004090:	f5b3 4fa0 	cmp.w	r3, #20480	@ 0x5000
20004094:	d002      	beq.n	2000409c <RCC_WaitForHSEStartUp+0x30>
20004096:	79bb      	ldrb	r3, [r7, #6]
20004098:	2b00      	cmp	r3, #0
2000409a:	d0f0      	beq.n	2000407e <RCC_WaitForHSEStartUp+0x12>
2000409c:	2031      	movs	r0, #49	@ 0x31
2000409e:	f000 fd47 	bl	20004b30 <RCC_GetFlagStatus>
200040a2:	4603      	mov	r3, r0
200040a4:	2b00      	cmp	r3, #0
200040a6:	d002      	beq.n	200040ae <RCC_WaitForHSEStartUp+0x42>
200040a8:	2301      	movs	r3, #1
200040aa:	71fb      	strb	r3, [r7, #7]
200040ac:	e001      	b.n	200040b2 <RCC_WaitForHSEStartUp+0x46>
200040ae:	2300      	movs	r3, #0
200040b0:	71fb      	strb	r3, [r7, #7]
200040b2:	79fb      	ldrb	r3, [r7, #7]
200040b4:	4618      	mov	r0, r3
200040b6:	3708      	adds	r7, #8
200040b8:	46bd      	mov	sp, r7
200040ba:	bd80      	pop	{r7, pc}

200040bc <RCC_AdjustHSICalibrationValue>:
200040bc:	b480      	push	{r7}
200040be:	b085      	sub	sp, #20
200040c0:	af00      	add	r7, sp, #0
200040c2:	4603      	mov	r3, r0
200040c4:	71fb      	strb	r3, [r7, #7]
200040c6:	2300      	movs	r3, #0
200040c8:	60fb      	str	r3, [r7, #12]
200040ca:	4b0a      	ldr	r3, [pc, #40]	@ (200040f4 <RCC_AdjustHSICalibrationValue+0x38>)
200040cc:	681b      	ldr	r3, [r3, #0]
200040ce:	60fb      	str	r3, [r7, #12]
200040d0:	68fb      	ldr	r3, [r7, #12]
200040d2:	f023 03f8 	bic.w	r3, r3, #248	@ 0xf8
200040d6:	60fb      	str	r3, [r7, #12]
200040d8:	79fb      	ldrb	r3, [r7, #7]
200040da:	00db      	lsls	r3, r3, #3
200040dc:	68fa      	ldr	r2, [r7, #12]
200040de:	4313      	orrs	r3, r2
200040e0:	60fb      	str	r3, [r7, #12]
200040e2:	4a04      	ldr	r2, [pc, #16]	@ (200040f4 <RCC_AdjustHSICalibrationValue+0x38>)
200040e4:	68fb      	ldr	r3, [r7, #12]
200040e6:	6013      	str	r3, [r2, #0]
200040e8:	bf00      	nop
200040ea:	3714      	adds	r7, #20
200040ec:	46bd      	mov	sp, r7
200040ee:	bc80      	pop	{r7}
200040f0:	4770      	bx	lr
200040f2:	bf00      	nop
200040f4:	40023800 	.word	0x40023800

200040f8 <RCC_HSICmd>:
200040f8:	b480      	push	{r7}
200040fa:	b083      	sub	sp, #12
200040fc:	af00      	add	r7, sp, #0
200040fe:	4603      	mov	r3, r0
20004100:	71fb      	strb	r3, [r7, #7]
20004102:	4a04      	ldr	r2, [pc, #16]	@ (20004114 <RCC_HSICmd+0x1c>)
20004104:	79fb      	ldrb	r3, [r7, #7]
20004106:	6013      	str	r3, [r2, #0]
20004108:	bf00      	nop
2000410a:	370c      	adds	r7, #12
2000410c:	46bd      	mov	sp, r7
2000410e:	bc80      	pop	{r7}
20004110:	4770      	bx	lr
20004112:	bf00      	nop
20004114:	42470000 	.word	0x42470000

20004118 <RCC_LSEConfig>:
20004118:	b480      	push	{r7}
2000411a:	b083      	sub	sp, #12
2000411c:	af00      	add	r7, sp, #0
2000411e:	4603      	mov	r3, r0
20004120:	71fb      	strb	r3, [r7, #7]
20004122:	4b0c      	ldr	r3, [pc, #48]	@ (20004154 <RCC_LSEConfig+0x3c>)
20004124:	2200      	movs	r2, #0
20004126:	701a      	strb	r2, [r3, #0]
20004128:	4b0a      	ldr	r3, [pc, #40]	@ (20004154 <RCC_LSEConfig+0x3c>)
2000412a:	2200      	movs	r2, #0
2000412c:	701a      	strb	r2, [r3, #0]
2000412e:	79fb      	ldrb	r3, [r7, #7]
20004130:	2b01      	cmp	r3, #1
20004132:	d002      	beq.n	2000413a <RCC_LSEConfig+0x22>
20004134:	2b04      	cmp	r3, #4
20004136:	d004      	beq.n	20004142 <RCC_LSEConfig+0x2a>
20004138:	e007      	b.n	2000414a <RCC_LSEConfig+0x32>
2000413a:	4b06      	ldr	r3, [pc, #24]	@ (20004154 <RCC_LSEConfig+0x3c>)
2000413c:	2201      	movs	r2, #1
2000413e:	701a      	strb	r2, [r3, #0]
20004140:	e003      	b.n	2000414a <RCC_LSEConfig+0x32>
20004142:	4b04      	ldr	r3, [pc, #16]	@ (20004154 <RCC_LSEConfig+0x3c>)
20004144:	2205      	movs	r2, #5
20004146:	701a      	strb	r2, [r3, #0]
20004148:	bf00      	nop
2000414a:	bf00      	nop
2000414c:	370c      	adds	r7, #12
2000414e:	46bd      	mov	sp, r7
20004150:	bc80      	pop	{r7}
20004152:	4770      	bx	lr
20004154:	40023870 	.word	0x40023870

20004158 <RCC_LSICmd>:
20004158:	b480      	push	{r7}
2000415a:	b083      	sub	sp, #12
2000415c:	af00      	add	r7, sp, #0
2000415e:	4603      	mov	r3, r0
20004160:	71fb      	strb	r3, [r7, #7]
20004162:	4a04      	ldr	r2, [pc, #16]	@ (20004174 <RCC_LSICmd+0x1c>)
20004164:	79fb      	ldrb	r3, [r7, #7]
20004166:	6013      	str	r3, [r2, #0]
20004168:	bf00      	nop
2000416a:	370c      	adds	r7, #12
2000416c:	46bd      	mov	sp, r7
2000416e:	bc80      	pop	{r7}
20004170:	4770      	bx	lr
20004172:	bf00      	nop
20004174:	42470e80 	.word	0x42470e80

20004178 <RCC_PLLConfig>:
20004178:	b480      	push	{r7}
2000417a:	b085      	sub	sp, #20
2000417c:	af00      	add	r7, sp, #0
2000417e:	60f8      	str	r0, [r7, #12]
20004180:	60b9      	str	r1, [r7, #8]
20004182:	607a      	str	r2, [r7, #4]
20004184:	603b      	str	r3, [r7, #0]
20004186:	687b      	ldr	r3, [r7, #4]
20004188:	019a      	lsls	r2, r3, #6
2000418a:	68bb      	ldr	r3, [r7, #8]
2000418c:	431a      	orrs	r2, r3
2000418e:	683b      	ldr	r3, [r7, #0]
20004190:	085b      	lsrs	r3, r3, #1
20004192:	3b01      	subs	r3, #1
20004194:	041b      	lsls	r3, r3, #16
20004196:	431a      	orrs	r2, r3
20004198:	68fb      	ldr	r3, [r7, #12]
2000419a:	431a      	orrs	r2, r3
2000419c:	69bb      	ldr	r3, [r7, #24]
2000419e:	061b      	lsls	r3, r3, #24
200041a0:	4903      	ldr	r1, [pc, #12]	@ (200041b0 <RCC_PLLConfig+0x38>)
200041a2:	4313      	orrs	r3, r2
200041a4:	604b      	str	r3, [r1, #4]
200041a6:	bf00      	nop
200041a8:	3714      	adds	r7, #20
200041aa:	46bd      	mov	sp, r7
200041ac:	bc80      	pop	{r7}
200041ae:	4770      	bx	lr
200041b0:	40023800 	.word	0x40023800

200041b4 <RCC_PLLCmd>:
200041b4:	b480      	push	{r7}
200041b6:	b083      	sub	sp, #12
200041b8:	af00      	add	r7, sp, #0
200041ba:	4603      	mov	r3, r0
200041bc:	71fb      	strb	r3, [r7, #7]
200041be:	4a04      	ldr	r2, [pc, #16]	@ (200041d0 <RCC_PLLCmd+0x1c>)
200041c0:	79fb      	ldrb	r3, [r7, #7]
200041c2:	6013      	str	r3, [r2, #0]
200041c4:	bf00      	nop
200041c6:	370c      	adds	r7, #12
200041c8:	46bd      	mov	sp, r7
200041ca:	bc80      	pop	{r7}
200041cc:	4770      	bx	lr
200041ce:	bf00      	nop
200041d0:	42470060 	.word	0x42470060

200041d4 <RCC_PLLI2SConfig>:
200041d4:	b480      	push	{r7}
200041d6:	b083      	sub	sp, #12
200041d8:	af00      	add	r7, sp, #0
200041da:	6078      	str	r0, [r7, #4]
200041dc:	6039      	str	r1, [r7, #0]
200041de:	687b      	ldr	r3, [r7, #4]
200041e0:	019a      	lsls	r2, r3, #6
200041e2:	683b      	ldr	r3, [r7, #0]
200041e4:	071b      	lsls	r3, r3, #28
200041e6:	4904      	ldr	r1, [pc, #16]	@ (200041f8 <RCC_PLLI2SConfig+0x24>)
200041e8:	4313      	orrs	r3, r2
200041ea:	f8c1 3084 	str.w	r3, [r1, #132]	@ 0x84
200041ee:	bf00      	nop
200041f0:	370c      	adds	r7, #12
200041f2:	46bd      	mov	sp, r7
200041f4:	bc80      	pop	{r7}
200041f6:	4770      	bx	lr
200041f8:	40023800 	.word	0x40023800

200041fc <RCC_PLLI2SCmd>:
200041fc:	b480      	push	{r7}
200041fe:	b083      	sub	sp, #12
20004200:	af00      	add	r7, sp, #0
20004202:	4603      	mov	r3, r0
20004204:	71fb      	strb	r3, [r7, #7]
20004206:	4a04      	ldr	r2, [pc, #16]	@ (20004218 <RCC_PLLI2SCmd+0x1c>)
20004208:	79fb      	ldrb	r3, [r7, #7]
2000420a:	6013      	str	r3, [r2, #0]
2000420c:	bf00      	nop
2000420e:	370c      	adds	r7, #12
20004210:	46bd      	mov	sp, r7
20004212:	bc80      	pop	{r7}
20004214:	4770      	bx	lr
20004216:	bf00      	nop
20004218:	42470068 	.word	0x42470068

2000421c <RCC_PLLSAIConfig>:
2000421c:	b480      	push	{r7}
2000421e:	b085      	sub	sp, #20
20004220:	af00      	add	r7, sp, #0
20004222:	60f8      	str	r0, [r7, #12]
20004224:	60b9      	str	r1, [r7, #8]
20004226:	607a      	str	r2, [r7, #4]
20004228:	68fb      	ldr	r3, [r7, #12]
2000422a:	019a      	lsls	r2, r3, #6
2000422c:	68bb      	ldr	r3, [r7, #8]
2000422e:	061b      	lsls	r3, r3, #24
20004230:	431a      	orrs	r2, r3
20004232:	687b      	ldr	r3, [r7, #4]
20004234:	071b      	lsls	r3, r3, #28
20004236:	4904      	ldr	r1, [pc, #16]	@ (20004248 <RCC_PLLSAIConfig+0x2c>)
20004238:	4313      	orrs	r3, r2
2000423a:	f8c1 3088 	str.w	r3, [r1, #136]	@ 0x88
2000423e:	bf00      	nop
20004240:	3714      	adds	r7, #20
20004242:	46bd      	mov	sp, r7
20004244:	bc80      	pop	{r7}
20004246:	4770      	bx	lr
20004248:	40023800 	.word	0x40023800

2000424c <RCC_PLLSAICmd>:
2000424c:	b480      	push	{r7}
2000424e:	b083      	sub	sp, #12
20004250:	af00      	add	r7, sp, #0
20004252:	4603      	mov	r3, r0
20004254:	71fb      	strb	r3, [r7, #7]
20004256:	4a04      	ldr	r2, [pc, #16]	@ (20004268 <RCC_PLLSAICmd+0x1c>)
20004258:	79fb      	ldrb	r3, [r7, #7]
2000425a:	6013      	str	r3, [r2, #0]
2000425c:	bf00      	nop
2000425e:	370c      	adds	r7, #12
20004260:	46bd      	mov	sp, r7
20004262:	bc80      	pop	{r7}
20004264:	4770      	bx	lr
20004266:	bf00      	nop
20004268:	42470070 	.word	0x42470070

2000426c <RCC_ClockSecuritySystemCmd>:
2000426c:	b480      	push	{r7}
2000426e:	b083      	sub	sp, #12
20004270:	af00      	add	r7, sp, #0
20004272:	4603      	mov	r3, r0
20004274:	71fb      	strb	r3, [r7, #7]
20004276:	4a04      	ldr	r2, [pc, #16]	@ (20004288 <RCC_ClockSecuritySystemCmd+0x1c>)
20004278:	79fb      	ldrb	r3, [r7, #7]
2000427a:	6013      	str	r3, [r2, #0]
2000427c:	bf00      	nop
2000427e:	370c      	adds	r7, #12
20004280:	46bd      	mov	sp, r7
20004282:	bc80      	pop	{r7}
20004284:	4770      	bx	lr
20004286:	bf00      	nop
20004288:	4247004c 	.word	0x4247004c

2000428c <RCC_MCO1Config>:
2000428c:	b480      	push	{r7}
2000428e:	b085      	sub	sp, #20
20004290:	af00      	add	r7, sp, #0
20004292:	6078      	str	r0, [r7, #4]
20004294:	6039      	str	r1, [r7, #0]
20004296:	2300      	movs	r3, #0
20004298:	60fb      	str	r3, [r7, #12]
2000429a:	4b0a      	ldr	r3, [pc, #40]	@ (200042c4 <RCC_MCO1Config+0x38>)
2000429c:	689b      	ldr	r3, [r3, #8]
2000429e:	60fb      	str	r3, [r7, #12]
200042a0:	68fb      	ldr	r3, [r7, #12]
200042a2:	f023 63ec 	bic.w	r3, r3, #123731968	@ 0x7600000
200042a6:	60fb      	str	r3, [r7, #12]
200042a8:	687a      	ldr	r2, [r7, #4]
200042aa:	683b      	ldr	r3, [r7, #0]
200042ac:	4313      	orrs	r3, r2
200042ae:	68fa      	ldr	r2, [r7, #12]
200042b0:	4313      	orrs	r3, r2
200042b2:	60fb      	str	r3, [r7, #12]
200042b4:	4a03      	ldr	r2, [pc, #12]	@ (200042c4 <RCC_MCO1Config+0x38>)
200042b6:	68fb      	ldr	r3, [r7, #12]
200042b8:	6093      	str	r3, [r2, #8]
200042ba:	bf00      	nop
200042bc:	3714      	adds	r7, #20
200042be:	46bd      	mov	sp, r7
200042c0:	bc80      	pop	{r7}
200042c2:	4770      	bx	lr
200042c4:	40023800 	.word	0x40023800

200042c8 <RCC_MCO2Config>:
200042c8:	b480      	push	{r7}
200042ca:	b085      	sub	sp, #20
200042cc:	af00      	add	r7, sp, #0
200042ce:	6078      	str	r0, [r7, #4]
200042d0:	6039      	str	r1, [r7, #0]
200042d2:	2300      	movs	r3, #0
200042d4:	60fb      	str	r3, [r7, #12]
200042d6:	4b0a      	ldr	r3, [pc, #40]	@ (20004300 <RCC_MCO2Config+0x38>)
200042d8:	689b      	ldr	r3, [r3, #8]
200042da:	60fb      	str	r3, [r7, #12]
200042dc:	68fb      	ldr	r3, [r7, #12]
200042de:	f023 4378 	bic.w	r3, r3, #4160749568	@ 0xf8000000
200042e2:	60fb      	str	r3, [r7, #12]
200042e4:	687a      	ldr	r2, [r7, #4]
200042e6:	683b      	ldr	r3, [r7, #0]
200042e8:	4313      	orrs	r3, r2
200042ea:	68fa      	ldr	r2, [r7, #12]
200042ec:	4313      	orrs	r3, r2
200042ee:	60fb      	str	r3, [r7, #12]
200042f0:	4a03      	ldr	r2, [pc, #12]	@ (20004300 <RCC_MCO2Config+0x38>)
200042f2:	68fb      	ldr	r3, [r7, #12]
200042f4:	6093      	str	r3, [r2, #8]
200042f6:	bf00      	nop
200042f8:	3714      	adds	r7, #20
200042fa:	46bd      	mov	sp, r7
200042fc:	bc80      	pop	{r7}
200042fe:	4770      	bx	lr
20004300:	40023800 	.word	0x40023800

20004304 <RCC_SYSCLKConfig>:
20004304:	b480      	push	{r7}
20004306:	b085      	sub	sp, #20
20004308:	af00      	add	r7, sp, #0
2000430a:	6078      	str	r0, [r7, #4]
2000430c:	2300      	movs	r3, #0
2000430e:	60fb      	str	r3, [r7, #12]
20004310:	4b09      	ldr	r3, [pc, #36]	@ (20004338 <RCC_SYSCLKConfig+0x34>)
20004312:	689b      	ldr	r3, [r3, #8]
20004314:	60fb      	str	r3, [r7, #12]
20004316:	68fb      	ldr	r3, [r7, #12]
20004318:	f023 0303 	bic.w	r3, r3, #3
2000431c:	60fb      	str	r3, [r7, #12]
2000431e:	68fa      	ldr	r2, [r7, #12]
20004320:	687b      	ldr	r3, [r7, #4]
20004322:	4313      	orrs	r3, r2
20004324:	60fb      	str	r3, [r7, #12]
20004326:	4a04      	ldr	r2, [pc, #16]	@ (20004338 <RCC_SYSCLKConfig+0x34>)
20004328:	68fb      	ldr	r3, [r7, #12]
2000432a:	6093      	str	r3, [r2, #8]
2000432c:	bf00      	nop
2000432e:	3714      	adds	r7, #20
20004330:	46bd      	mov	sp, r7
20004332:	bc80      	pop	{r7}
20004334:	4770      	bx	lr
20004336:	bf00      	nop
20004338:	40023800 	.word	0x40023800

2000433c <RCC_GetSYSCLKSource>:
2000433c:	b480      	push	{r7}
2000433e:	af00      	add	r7, sp, #0
20004340:	4b04      	ldr	r3, [pc, #16]	@ (20004354 <RCC_GetSYSCLKSource+0x18>)
20004342:	689b      	ldr	r3, [r3, #8]
20004344:	b2db      	uxtb	r3, r3
20004346:	f003 030c 	and.w	r3, r3, #12
2000434a:	b2db      	uxtb	r3, r3
2000434c:	4618      	mov	r0, r3
2000434e:	46bd      	mov	sp, r7
20004350:	bc80      	pop	{r7}
20004352:	4770      	bx	lr
20004354:	40023800 	.word	0x40023800

20004358 <RCC_HCLKConfig>:
20004358:	b480      	push	{r7}
2000435a:	b085      	sub	sp, #20
2000435c:	af00      	add	r7, sp, #0
2000435e:	6078      	str	r0, [r7, #4]
20004360:	2300      	movs	r3, #0
20004362:	60fb      	str	r3, [r7, #12]
20004364:	4b09      	ldr	r3, [pc, #36]	@ (2000438c <RCC_HCLKConfig+0x34>)
20004366:	689b      	ldr	r3, [r3, #8]
20004368:	60fb      	str	r3, [r7, #12]
2000436a:	68fb      	ldr	r3, [r7, #12]
2000436c:	f023 03f0 	bic.w	r3, r3, #240	@ 0xf0
20004370:	60fb      	str	r3, [r7, #12]
20004372:	68fa      	ldr	r2, [r7, #12]
20004374:	687b      	ldr	r3, [r7, #4]
20004376:	4313      	orrs	r3, r2
20004378:	60fb      	str	r3, [r7, #12]
2000437a:	4a04      	ldr	r2, [pc, #16]	@ (2000438c <RCC_HCLKConfig+0x34>)
2000437c:	68fb      	ldr	r3, [r7, #12]
2000437e:	6093      	str	r3, [r2, #8]
20004380:	bf00      	nop
20004382:	3714      	adds	r7, #20
20004384:	46bd      	mov	sp, r7
20004386:	bc80      	pop	{r7}
20004388:	4770      	bx	lr
2000438a:	bf00      	nop
2000438c:	40023800 	.word	0x40023800

20004390 <RCC_PCLK1Config>:
20004390:	b480      	push	{r7}
20004392:	b085      	sub	sp, #20
20004394:	af00      	add	r7, sp, #0
20004396:	6078      	str	r0, [r7, #4]
20004398:	2300      	movs	r3, #0
2000439a:	60fb      	str	r3, [r7, #12]
2000439c:	4b09      	ldr	r3, [pc, #36]	@ (200043c4 <RCC_PCLK1Config+0x34>)
2000439e:	689b      	ldr	r3, [r3, #8]
200043a0:	60fb      	str	r3, [r7, #12]
200043a2:	68fb      	ldr	r3, [r7, #12]
200043a4:	f423 53e0 	bic.w	r3, r3, #7168	@ 0x1c00
200043a8:	60fb      	str	r3, [r7, #12]
200043aa:	68fa      	ldr	r2, [r7, #12]
200043ac:	687b      	ldr	r3, [r7, #4]
200043ae:	4313      	orrs	r3, r2
200043b0:	60fb      	str	r3, [r7, #12]
200043b2:	4a04      	ldr	r2, [pc, #16]	@ (200043c4 <RCC_PCLK1Config+0x34>)
200043b4:	68fb      	ldr	r3, [r7, #12]
200043b6:	6093      	str	r3, [r2, #8]
200043b8:	bf00      	nop
200043ba:	3714      	adds	r7, #20
200043bc:	46bd      	mov	sp, r7
200043be:	bc80      	pop	{r7}
200043c0:	4770      	bx	lr
200043c2:	bf00      	nop
200043c4:	40023800 	.word	0x40023800

200043c8 <RCC_PCLK2Config>:
200043c8:	b480      	push	{r7}
200043ca:	b085      	sub	sp, #20
200043cc:	af00      	add	r7, sp, #0
200043ce:	6078      	str	r0, [r7, #4]
200043d0:	2300      	movs	r3, #0
200043d2:	60fb      	str	r3, [r7, #12]
200043d4:	4b09      	ldr	r3, [pc, #36]	@ (200043fc <RCC_PCLK2Config+0x34>)
200043d6:	689b      	ldr	r3, [r3, #8]
200043d8:	60fb      	str	r3, [r7, #12]
200043da:	68fb      	ldr	r3, [r7, #12]
200043dc:	f423 4360 	bic.w	r3, r3, #57344	@ 0xe000
200043e0:	60fb      	str	r3, [r7, #12]
200043e2:	687b      	ldr	r3, [r7, #4]
200043e4:	00db      	lsls	r3, r3, #3
200043e6:	68fa      	ldr	r2, [r7, #12]
200043e8:	4313      	orrs	r3, r2
200043ea:	60fb      	str	r3, [r7, #12]
200043ec:	4a03      	ldr	r2, [pc, #12]	@ (200043fc <RCC_PCLK2Config+0x34>)
200043ee:	68fb      	ldr	r3, [r7, #12]
200043f0:	6093      	str	r3, [r2, #8]
200043f2:	bf00      	nop
200043f4:	3714      	adds	r7, #20
200043f6:	46bd      	mov	sp, r7
200043f8:	bc80      	pop	{r7}
200043fa:	4770      	bx	lr
200043fc:	40023800 	.word	0x40023800

20004400 <RCC_GetClocksFreq>:
20004400:	b480      	push	{r7}
20004402:	b089      	sub	sp, #36	@ 0x24
20004404:	af00      	add	r7, sp, #0
20004406:	6078      	str	r0, [r7, #4]
20004408:	2300      	movs	r3, #0
2000440a:	61bb      	str	r3, [r7, #24]
2000440c:	2300      	movs	r3, #0
2000440e:	617b      	str	r3, [r7, #20]
20004410:	2300      	movs	r3, #0
20004412:	61fb      	str	r3, [r7, #28]
20004414:	2302      	movs	r3, #2
20004416:	613b      	str	r3, [r7, #16]
20004418:	2300      	movs	r3, #0
2000441a:	60fb      	str	r3, [r7, #12]
2000441c:	2302      	movs	r3, #2
2000441e:	60bb      	str	r3, [r7, #8]
20004420:	4b4a      	ldr	r3, [pc, #296]	@ (2000454c <RCC_GetClocksFreq+0x14c>)
20004422:	689b      	ldr	r3, [r3, #8]
20004424:	f003 030c 	and.w	r3, r3, #12
20004428:	61bb      	str	r3, [r7, #24]
2000442a:	69bb      	ldr	r3, [r7, #24]
2000442c:	2b08      	cmp	r3, #8
2000442e:	d011      	beq.n	20004454 <RCC_GetClocksFreq+0x54>
20004430:	69bb      	ldr	r3, [r7, #24]
20004432:	2b08      	cmp	r3, #8
20004434:	d844      	bhi.n	200044c0 <RCC_GetClocksFreq+0xc0>
20004436:	69bb      	ldr	r3, [r7, #24]
20004438:	2b00      	cmp	r3, #0
2000443a:	d003      	beq.n	20004444 <RCC_GetClocksFreq+0x44>
2000443c:	69bb      	ldr	r3, [r7, #24]
2000443e:	2b04      	cmp	r3, #4
20004440:	d004      	beq.n	2000444c <RCC_GetClocksFreq+0x4c>
20004442:	e03d      	b.n	200044c0 <RCC_GetClocksFreq+0xc0>
20004444:	687b      	ldr	r3, [r7, #4]
20004446:	4a42      	ldr	r2, [pc, #264]	@ (20004550 <RCC_GetClocksFreq+0x150>)
20004448:	601a      	str	r2, [r3, #0]
2000444a:	e03d      	b.n	200044c8 <RCC_GetClocksFreq+0xc8>
2000444c:	687b      	ldr	r3, [r7, #4]
2000444e:	4a41      	ldr	r2, [pc, #260]	@ (20004554 <RCC_GetClocksFreq+0x154>)
20004450:	601a      	str	r2, [r3, #0]
20004452:	e039      	b.n	200044c8 <RCC_GetClocksFreq+0xc8>
20004454:	4b3d      	ldr	r3, [pc, #244]	@ (2000454c <RCC_GetClocksFreq+0x14c>)
20004456:	685b      	ldr	r3, [r3, #4]
20004458:	0d9b      	lsrs	r3, r3, #22
2000445a:	f003 0301 	and.w	r3, r3, #1
2000445e:	60fb      	str	r3, [r7, #12]
20004460:	4b3a      	ldr	r3, [pc, #232]	@ (2000454c <RCC_GetClocksFreq+0x14c>)
20004462:	685b      	ldr	r3, [r3, #4]
20004464:	f003 033f 	and.w	r3, r3, #63	@ 0x3f
20004468:	60bb      	str	r3, [r7, #8]
2000446a:	68fb      	ldr	r3, [r7, #12]
2000446c:	2b00      	cmp	r3, #0
2000446e:	d00c      	beq.n	2000448a <RCC_GetClocksFreq+0x8a>
20004470:	4a38      	ldr	r2, [pc, #224]	@ (20004554 <RCC_GetClocksFreq+0x154>)
20004472:	68bb      	ldr	r3, [r7, #8]
20004474:	fbb2 f3f3 	udiv	r3, r2, r3
20004478:	4a34      	ldr	r2, [pc, #208]	@ (2000454c <RCC_GetClocksFreq+0x14c>)
2000447a:	6852      	ldr	r2, [r2, #4]
2000447c:	0992      	lsrs	r2, r2, #6
2000447e:	f3c2 0208 	ubfx	r2, r2, #0, #9
20004482:	fb02 f303 	mul.w	r3, r2, r3
20004486:	61fb      	str	r3, [r7, #28]
20004488:	e00b      	b.n	200044a2 <RCC_GetClocksFreq+0xa2>
2000448a:	4a31      	ldr	r2, [pc, #196]	@ (20004550 <RCC_GetClocksFreq+0x150>)
2000448c:	68bb      	ldr	r3, [r7, #8]
2000448e:	fbb2 f3f3 	udiv	r3, r2, r3
20004492:	4a2e      	ldr	r2, [pc, #184]	@ (2000454c <RCC_GetClocksFreq+0x14c>)
20004494:	6852      	ldr	r2, [r2, #4]
20004496:	0992      	lsrs	r2, r2, #6
20004498:	f3c2 0208 	ubfx	r2, r2, #0, #9
2000449c:	fb02 f303 	mul.w	r3, r2, r3
200044a0:	61fb      	str	r3, [r7, #28]
200044a2:	4b2a      	ldr	r3, [pc, #168]	@ (2000454c <RCC_GetClocksFreq+0x14c>)
200044a4:	685b      	ldr	r3, [r3, #4]
200044a6:	0c1b      	lsrs	r3, r3, #16
200044a8:	f003 0303 	and.w	r3, r3, #3
200044ac:	3301      	adds	r3, #1
200044ae:	005b      	lsls	r3, r3, #1
200044b0:	613b      	str	r3, [r7, #16]
200044b2:	69fa      	ldr	r2, [r7, #28]
200044b4:	693b      	ldr	r3, [r7, #16]
200044b6:	fbb2 f2f3 	udiv	r2, r2, r3
200044ba:	687b      	ldr	r3, [r7, #4]
200044bc:	601a      	str	r2, [r3, #0]
200044be:	e003      	b.n	200044c8 <RCC_GetClocksFreq+0xc8>
200044c0:	687b      	ldr	r3, [r7, #4]
200044c2:	4a23      	ldr	r2, [pc, #140]	@ (20004550 <RCC_GetClocksFreq+0x150>)
200044c4:	601a      	str	r2, [r3, #0]
200044c6:	bf00      	nop
200044c8:	4b20      	ldr	r3, [pc, #128]	@ (2000454c <RCC_GetClocksFreq+0x14c>)
200044ca:	689b      	ldr	r3, [r3, #8]
200044cc:	f003 03f0 	and.w	r3, r3, #240	@ 0xf0
200044d0:	61bb      	str	r3, [r7, #24]
200044d2:	69bb      	ldr	r3, [r7, #24]
200044d4:	091b      	lsrs	r3, r3, #4
200044d6:	61bb      	str	r3, [r7, #24]
200044d8:	4a1f      	ldr	r2, [pc, #124]	@ (20004558 <RCC_GetClocksFreq+0x158>)
200044da:	69bb      	ldr	r3, [r7, #24]
200044dc:	4413      	add	r3, r2
200044de:	781b      	ldrb	r3, [r3, #0]
200044e0:	b2db      	uxtb	r3, r3
200044e2:	617b      	str	r3, [r7, #20]
200044e4:	687b      	ldr	r3, [r7, #4]
200044e6:	681a      	ldr	r2, [r3, #0]
200044e8:	697b      	ldr	r3, [r7, #20]
200044ea:	40da      	lsrs	r2, r3
200044ec:	687b      	ldr	r3, [r7, #4]
200044ee:	605a      	str	r2, [r3, #4]
200044f0:	4b16      	ldr	r3, [pc, #88]	@ (2000454c <RCC_GetClocksFreq+0x14c>)
200044f2:	689b      	ldr	r3, [r3, #8]
200044f4:	f403 53e0 	and.w	r3, r3, #7168	@ 0x1c00
200044f8:	61bb      	str	r3, [r7, #24]
200044fa:	69bb      	ldr	r3, [r7, #24]
200044fc:	0a9b      	lsrs	r3, r3, #10
200044fe:	61bb      	str	r3, [r7, #24]
20004500:	4a15      	ldr	r2, [pc, #84]	@ (20004558 <RCC_GetClocksFreq+0x158>)
20004502:	69bb      	ldr	r3, [r7, #24]
20004504:	4413      	add	r3, r2
20004506:	781b      	ldrb	r3, [r3, #0]
20004508:	b2db      	uxtb	r3, r3
2000450a:	617b      	str	r3, [r7, #20]
2000450c:	687b      	ldr	r3, [r7, #4]
2000450e:	685a      	ldr	r2, [r3, #4]
20004510:	697b      	ldr	r3, [r7, #20]
20004512:	40da      	lsrs	r2, r3
20004514:	687b      	ldr	r3, [r7, #4]
20004516:	609a      	str	r2, [r3, #8]
20004518:	4b0c      	ldr	r3, [pc, #48]	@ (2000454c <RCC_GetClocksFreq+0x14c>)
2000451a:	689b      	ldr	r3, [r3, #8]
2000451c:	f403 4360 	and.w	r3, r3, #57344	@ 0xe000
20004520:	61bb      	str	r3, [r7, #24]
20004522:	69bb      	ldr	r3, [r7, #24]
20004524:	0b5b      	lsrs	r3, r3, #13
20004526:	61bb      	str	r3, [r7, #24]
20004528:	4a0b      	ldr	r2, [pc, #44]	@ (20004558 <RCC_GetClocksFreq+0x158>)
2000452a:	69bb      	ldr	r3, [r7, #24]
2000452c:	4413      	add	r3, r2
2000452e:	781b      	ldrb	r3, [r3, #0]
20004530:	b2db      	uxtb	r3, r3
20004532:	617b      	str	r3, [r7, #20]
20004534:	687b      	ldr	r3, [r7, #4]
20004536:	685a      	ldr	r2, [r3, #4]
20004538:	697b      	ldr	r3, [r7, #20]
2000453a:	40da      	lsrs	r2, r3
2000453c:	687b      	ldr	r3, [r7, #4]
2000453e:	60da      	str	r2, [r3, #12]
20004540:	bf00      	nop
20004542:	3724      	adds	r7, #36	@ 0x24
20004544:	46bd      	mov	sp, r7
20004546:	bc80      	pop	{r7}
20004548:	4770      	bx	lr
2000454a:	bf00      	nop
2000454c:	40023800 	.word	0x40023800
20004550:	00f42400 	.word	0x00f42400
20004554:	007a1200 	.word	0x007a1200
20004558:	20008124 	.word	0x20008124

2000455c <RCC_RTCCLKConfig>:
2000455c:	b480      	push	{r7}
2000455e:	b085      	sub	sp, #20
20004560:	af00      	add	r7, sp, #0
20004562:	6078      	str	r0, [r7, #4]
20004564:	2300      	movs	r3, #0
20004566:	60fb      	str	r3, [r7, #12]
20004568:	687b      	ldr	r3, [r7, #4]
2000456a:	f403 7340 	and.w	r3, r3, #768	@ 0x300
2000456e:	f5b3 7f40 	cmp.w	r3, #768	@ 0x300
20004572:	d111      	bne.n	20004598 <RCC_RTCCLKConfig+0x3c>
20004574:	4b0f      	ldr	r3, [pc, #60]	@ (200045b4 <RCC_RTCCLKConfig+0x58>)
20004576:	689b      	ldr	r3, [r3, #8]
20004578:	60fb      	str	r3, [r7, #12]
2000457a:	68fb      	ldr	r3, [r7, #12]
2000457c:	f423 13f8 	bic.w	r3, r3, #2031616	@ 0x1f0000
20004580:	60fb      	str	r3, [r7, #12]
20004582:	687b      	ldr	r3, [r7, #4]
20004584:	f023 4370 	bic.w	r3, r3, #4026531840	@ 0xf0000000
20004588:	f423 7340 	bic.w	r3, r3, #768	@ 0x300
2000458c:	68fa      	ldr	r2, [r7, #12]
2000458e:	4313      	orrs	r3, r2
20004590:	60fb      	str	r3, [r7, #12]
20004592:	4a08      	ldr	r2, [pc, #32]	@ (200045b4 <RCC_RTCCLKConfig+0x58>)
20004594:	68fb      	ldr	r3, [r7, #12]
20004596:	6093      	str	r3, [r2, #8]
20004598:	4b06      	ldr	r3, [pc, #24]	@ (200045b4 <RCC_RTCCLKConfig+0x58>)
2000459a:	6f1a      	ldr	r2, [r3, #112]	@ 0x70
2000459c:	687b      	ldr	r3, [r7, #4]
2000459e:	f3c3 030b 	ubfx	r3, r3, #0, #12
200045a2:	4904      	ldr	r1, [pc, #16]	@ (200045b4 <RCC_RTCCLKConfig+0x58>)
200045a4:	4313      	orrs	r3, r2
200045a6:	670b      	str	r3, [r1, #112]	@ 0x70
200045a8:	bf00      	nop
200045aa:	3714      	adds	r7, #20
200045ac:	46bd      	mov	sp, r7
200045ae:	bc80      	pop	{r7}
200045b0:	4770      	bx	lr
200045b2:	bf00      	nop
200045b4:	40023800 	.word	0x40023800

200045b8 <RCC_RTCCLKCmd>:
200045b8:	b480      	push	{r7}
200045ba:	b083      	sub	sp, #12
200045bc:	af00      	add	r7, sp, #0
200045be:	4603      	mov	r3, r0
200045c0:	71fb      	strb	r3, [r7, #7]
200045c2:	4a04      	ldr	r2, [pc, #16]	@ (200045d4 <RCC_RTCCLKCmd+0x1c>)
200045c4:	79fb      	ldrb	r3, [r7, #7]
200045c6:	6013      	str	r3, [r2, #0]
200045c8:	bf00      	nop
200045ca:	370c      	adds	r7, #12
200045cc:	46bd      	mov	sp, r7
200045ce:	bc80      	pop	{r7}
200045d0:	4770      	bx	lr
200045d2:	bf00      	nop
200045d4:	42470e3c 	.word	0x42470e3c

200045d8 <RCC_BackupResetCmd>:
200045d8:	b480      	push	{r7}
200045da:	b083      	sub	sp, #12
200045dc:	af00      	add	r7, sp, #0
200045de:	4603      	mov	r3, r0
200045e0:	71fb      	strb	r3, [r7, #7]
200045e2:	4a04      	ldr	r2, [pc, #16]	@ (200045f4 <RCC_BackupResetCmd+0x1c>)
200045e4:	79fb      	ldrb	r3, [r7, #7]
200045e6:	6013      	str	r3, [r2, #0]
200045e8:	bf00      	nop
200045ea:	370c      	adds	r7, #12
200045ec:	46bd      	mov	sp, r7
200045ee:	bc80      	pop	{r7}
200045f0:	4770      	bx	lr
200045f2:	bf00      	nop
200045f4:	42470e40 	.word	0x42470e40

200045f8 <RCC_I2SCLKConfig>:
200045f8:	b480      	push	{r7}
200045fa:	b083      	sub	sp, #12
200045fc:	af00      	add	r7, sp, #0
200045fe:	6078      	str	r0, [r7, #4]
20004600:	4a03      	ldr	r2, [pc, #12]	@ (20004610 <RCC_I2SCLKConfig+0x18>)
20004602:	687b      	ldr	r3, [r7, #4]
20004604:	6013      	str	r3, [r2, #0]
20004606:	bf00      	nop
20004608:	370c      	adds	r7, #12
2000460a:	46bd      	mov	sp, r7
2000460c:	bc80      	pop	{r7}
2000460e:	4770      	bx	lr
20004610:	4247015c 	.word	0x4247015c

20004614 <RCC_SAIPLLI2SClkDivConfig>:
20004614:	b480      	push	{r7}
20004616:	b085      	sub	sp, #20
20004618:	af00      	add	r7, sp, #0
2000461a:	6078      	str	r0, [r7, #4]
2000461c:	2300      	movs	r3, #0
2000461e:	60fb      	str	r3, [r7, #12]
20004620:	4b0a      	ldr	r3, [pc, #40]	@ (2000464c <RCC_SAIPLLI2SClkDivConfig+0x38>)
20004622:	f8d3 308c 	ldr.w	r3, [r3, #140]	@ 0x8c
20004626:	60fb      	str	r3, [r7, #12]
20004628:	68fb      	ldr	r3, [r7, #12]
2000462a:	f023 031f 	bic.w	r3, r3, #31
2000462e:	60fb      	str	r3, [r7, #12]
20004630:	687b      	ldr	r3, [r7, #4]
20004632:	3b01      	subs	r3, #1
20004634:	68fa      	ldr	r2, [r7, #12]
20004636:	4313      	orrs	r3, r2
20004638:	60fb      	str	r3, [r7, #12]
2000463a:	4a04      	ldr	r2, [pc, #16]	@ (2000464c <RCC_SAIPLLI2SClkDivConfig+0x38>)
2000463c:	68fb      	ldr	r3, [r7, #12]
2000463e:	f8c2 308c 	str.w	r3, [r2, #140]	@ 0x8c
20004642:	bf00      	nop
20004644:	3714      	adds	r7, #20
20004646:	46bd      	mov	sp, r7
20004648:	bc80      	pop	{r7}
2000464a:	4770      	bx	lr
2000464c:	40023800 	.word	0x40023800

20004650 <RCC_SAIPLLSAIClkDivConfig>:
20004650:	b480      	push	{r7}
20004652:	b085      	sub	sp, #20
20004654:	af00      	add	r7, sp, #0
20004656:	6078      	str	r0, [r7, #4]
20004658:	2300      	movs	r3, #0
2000465a:	60fb      	str	r3, [r7, #12]
2000465c:	4b0b      	ldr	r3, [pc, #44]	@ (2000468c <RCC_SAIPLLSAIClkDivConfig+0x3c>)
2000465e:	f8d3 308c 	ldr.w	r3, [r3, #140]	@ 0x8c
20004662:	60fb      	str	r3, [r7, #12]
20004664:	68fb      	ldr	r3, [r7, #12]
20004666:	f423 53f8 	bic.w	r3, r3, #7936	@ 0x1f00
2000466a:	60fb      	str	r3, [r7, #12]
2000466c:	687b      	ldr	r3, [r7, #4]
2000466e:	3b01      	subs	r3, #1
20004670:	021b      	lsls	r3, r3, #8
20004672:	68fa      	ldr	r2, [r7, #12]
20004674:	4313      	orrs	r3, r2
20004676:	60fb      	str	r3, [r7, #12]
20004678:	4a04      	ldr	r2, [pc, #16]	@ (2000468c <RCC_SAIPLLSAIClkDivConfig+0x3c>)
2000467a:	68fb      	ldr	r3, [r7, #12]
2000467c:	f8c2 308c 	str.w	r3, [r2, #140]	@ 0x8c
20004680:	bf00      	nop
20004682:	3714      	adds	r7, #20
20004684:	46bd      	mov	sp, r7
20004686:	bc80      	pop	{r7}
20004688:	4770      	bx	lr
2000468a:	bf00      	nop
2000468c:	40023800 	.word	0x40023800

20004690 <RCC_SAIBlockACLKConfig>:
20004690:	b480      	push	{r7}
20004692:	b085      	sub	sp, #20
20004694:	af00      	add	r7, sp, #0
20004696:	6078      	str	r0, [r7, #4]
20004698:	2300      	movs	r3, #0
2000469a:	60fb      	str	r3, [r7, #12]
2000469c:	4b0a      	ldr	r3, [pc, #40]	@ (200046c8 <RCC_SAIBlockACLKConfig+0x38>)
2000469e:	f8d3 308c 	ldr.w	r3, [r3, #140]	@ 0x8c
200046a2:	60fb      	str	r3, [r7, #12]
200046a4:	68fb      	ldr	r3, [r7, #12]
200046a6:	f423 1340 	bic.w	r3, r3, #3145728	@ 0x300000
200046aa:	60fb      	str	r3, [r7, #12]
200046ac:	68fa      	ldr	r2, [r7, #12]
200046ae:	687b      	ldr	r3, [r7, #4]
200046b0:	4313      	orrs	r3, r2
200046b2:	60fb      	str	r3, [r7, #12]
200046b4:	4a04      	ldr	r2, [pc, #16]	@ (200046c8 <RCC_SAIBlockACLKConfig+0x38>)
200046b6:	68fb      	ldr	r3, [r7, #12]
200046b8:	f8c2 308c 	str.w	r3, [r2, #140]	@ 0x8c
200046bc:	bf00      	nop
200046be:	3714      	adds	r7, #20
200046c0:	46bd      	mov	sp, r7
200046c2:	bc80      	pop	{r7}
200046c4:	4770      	bx	lr
200046c6:	bf00      	nop
200046c8:	40023800 	.word	0x40023800

200046cc <RCC_SAIBlockBCLKConfig>:
200046cc:	b480      	push	{r7}
200046ce:	b085      	sub	sp, #20
200046d0:	af00      	add	r7, sp, #0
200046d2:	6078      	str	r0, [r7, #4]
200046d4:	2300      	movs	r3, #0
200046d6:	60fb      	str	r3, [r7, #12]
200046d8:	4b0a      	ldr	r3, [pc, #40]	@ (20004704 <RCC_SAIBlockBCLKConfig+0x38>)
200046da:	f8d3 308c 	ldr.w	r3, [r3, #140]	@ 0x8c
200046de:	60fb      	str	r3, [r7, #12]
200046e0:	68fb      	ldr	r3, [r7, #12]
200046e2:	f423 0340 	bic.w	r3, r3, #12582912	@ 0xc00000
200046e6:	60fb      	str	r3, [r7, #12]
200046e8:	68fa      	ldr	r2, [r7, #12]
200046ea:	687b      	ldr	r3, [r7, #4]
200046ec:	4313      	orrs	r3, r2
200046ee:	60fb      	str	r3, [r7, #12]
200046f0:	4a04      	ldr	r2, [pc, #16]	@ (20004704 <RCC_SAIBlockBCLKConfig+0x38>)
200046f2:	68fb      	ldr	r3, [r7, #12]
200046f4:	f8c2 308c 	str.w	r3, [r2, #140]	@ 0x8c
200046f8:	bf00      	nop
200046fa:	3714      	adds	r7, #20
200046fc:	46bd      	mov	sp, r7
200046fe:	bc80      	pop	{r7}
20004700:	4770      	bx	lr
20004702:	bf00      	nop
20004704:	40023800 	.word	0x40023800

20004708 <RCC_LTDCCLKDivConfig>:
20004708:	b480      	push	{r7}
2000470a:	b085      	sub	sp, #20
2000470c:	af00      	add	r7, sp, #0
2000470e:	6078      	str	r0, [r7, #4]
20004710:	2300      	movs	r3, #0
20004712:	60fb      	str	r3, [r7, #12]
20004714:	4b0a      	ldr	r3, [pc, #40]	@ (20004740 <RCC_LTDCCLKDivConfig+0x38>)
20004716:	f8d3 308c 	ldr.w	r3, [r3, #140]	@ 0x8c
2000471a:	60fb      	str	r3, [r7, #12]
2000471c:	68fb      	ldr	r3, [r7, #12]
2000471e:	f423 3340 	bic.w	r3, r3, #196608	@ 0x30000
20004722:	60fb      	str	r3, [r7, #12]
20004724:	68fa      	ldr	r2, [r7, #12]
20004726:	687b      	ldr	r3, [r7, #4]
20004728:	4313      	orrs	r3, r2
2000472a:	60fb      	str	r3, [r7, #12]
2000472c:	4a04      	ldr	r2, [pc, #16]	@ (20004740 <RCC_LTDCCLKDivConfig+0x38>)
2000472e:	68fb      	ldr	r3, [r7, #12]
20004730:	f8c2 308c 	str.w	r3, [r2, #140]	@ 0x8c
20004734:	bf00      	nop
20004736:	3714      	adds	r7, #20
20004738:	46bd      	mov	sp, r7
2000473a:	bc80      	pop	{r7}
2000473c:	4770      	bx	lr
2000473e:	bf00      	nop
20004740:	40023800 	.word	0x40023800

20004744 <RCC_TIMCLKPresConfig>:
20004744:	b480      	push	{r7}
20004746:	b083      	sub	sp, #12
20004748:	af00      	add	r7, sp, #0
2000474a:	6078      	str	r0, [r7, #4]
2000474c:	4a03      	ldr	r2, [pc, #12]	@ (2000475c <RCC_TIMCLKPresConfig+0x18>)
2000474e:	687b      	ldr	r3, [r7, #4]
20004750:	6013      	str	r3, [r2, #0]
20004752:	bf00      	nop
20004754:	370c      	adds	r7, #12
20004756:	46bd      	mov	sp, r7
20004758:	bc80      	pop	{r7}
2000475a:	4770      	bx	lr
2000475c:	424711e0 	.word	0x424711e0

20004760 <RCC_AHB1PeriphClockCmd>:
20004760:	b480      	push	{r7}
20004762:	b083      	sub	sp, #12
20004764:	af00      	add	r7, sp, #0
20004766:	6078      	str	r0, [r7, #4]
20004768:	460b      	mov	r3, r1
2000476a:	70fb      	strb	r3, [r7, #3]
2000476c:	78fb      	ldrb	r3, [r7, #3]
2000476e:	2b00      	cmp	r3, #0
20004770:	d006      	beq.n	20004780 <RCC_AHB1PeriphClockCmd+0x20>
20004772:	4b09      	ldr	r3, [pc, #36]	@ (20004798 <RCC_AHB1PeriphClockCmd+0x38>)
20004774:	6b1a      	ldr	r2, [r3, #48]	@ 0x30
20004776:	4908      	ldr	r1, [pc, #32]	@ (20004798 <RCC_AHB1PeriphClockCmd+0x38>)
20004778:	687b      	ldr	r3, [r7, #4]
2000477a:	4313      	orrs	r3, r2
2000477c:	630b      	str	r3, [r1, #48]	@ 0x30
2000477e:	e006      	b.n	2000478e <RCC_AHB1PeriphClockCmd+0x2e>
20004780:	4b05      	ldr	r3, [pc, #20]	@ (20004798 <RCC_AHB1PeriphClockCmd+0x38>)
20004782:	6b1a      	ldr	r2, [r3, #48]	@ 0x30
20004784:	687b      	ldr	r3, [r7, #4]
20004786:	43db      	mvns	r3, r3
20004788:	4903      	ldr	r1, [pc, #12]	@ (20004798 <RCC_AHB1PeriphClockCmd+0x38>)
2000478a:	4013      	ands	r3, r2
2000478c:	630b      	str	r3, [r1, #48]	@ 0x30
2000478e:	bf00      	nop
20004790:	370c      	adds	r7, #12
20004792:	46bd      	mov	sp, r7
20004794:	bc80      	pop	{r7}
20004796:	4770      	bx	lr
20004798:	40023800 	.word	0x40023800

2000479c <RCC_AHB2PeriphClockCmd>:
2000479c:	b480      	push	{r7}
2000479e:	b083      	sub	sp, #12
200047a0:	af00      	add	r7, sp, #0
200047a2:	6078      	str	r0, [r7, #4]
200047a4:	460b      	mov	r3, r1
200047a6:	70fb      	strb	r3, [r7, #3]
200047a8:	78fb      	ldrb	r3, [r7, #3]
200047aa:	2b00      	cmp	r3, #0
200047ac:	d006      	beq.n	200047bc <RCC_AHB2PeriphClockCmd+0x20>
200047ae:	4b09      	ldr	r3, [pc, #36]	@ (200047d4 <RCC_AHB2PeriphClockCmd+0x38>)
200047b0:	6b5a      	ldr	r2, [r3, #52]	@ 0x34
200047b2:	4908      	ldr	r1, [pc, #32]	@ (200047d4 <RCC_AHB2PeriphClockCmd+0x38>)
200047b4:	687b      	ldr	r3, [r7, #4]
200047b6:	4313      	orrs	r3, r2
200047b8:	634b      	str	r3, [r1, #52]	@ 0x34
200047ba:	e006      	b.n	200047ca <RCC_AHB2PeriphClockCmd+0x2e>
200047bc:	4b05      	ldr	r3, [pc, #20]	@ (200047d4 <RCC_AHB2PeriphClockCmd+0x38>)
200047be:	6b5a      	ldr	r2, [r3, #52]	@ 0x34
200047c0:	687b      	ldr	r3, [r7, #4]
200047c2:	43db      	mvns	r3, r3
200047c4:	4903      	ldr	r1, [pc, #12]	@ (200047d4 <RCC_AHB2PeriphClockCmd+0x38>)
200047c6:	4013      	ands	r3, r2
200047c8:	634b      	str	r3, [r1, #52]	@ 0x34
200047ca:	bf00      	nop
200047cc:	370c      	adds	r7, #12
200047ce:	46bd      	mov	sp, r7
200047d0:	bc80      	pop	{r7}
200047d2:	4770      	bx	lr
200047d4:	40023800 	.word	0x40023800

200047d8 <RCC_AHB3PeriphClockCmd>:
200047d8:	b480      	push	{r7}
200047da:	b083      	sub	sp, #12
200047dc:	af00      	add	r7, sp, #0
200047de:	6078      	str	r0, [r7, #4]
200047e0:	460b      	mov	r3, r1
200047e2:	70fb      	strb	r3, [r7, #3]
200047e4:	78fb      	ldrb	r3, [r7, #3]
200047e6:	2b00      	cmp	r3, #0
200047e8:	d006      	beq.n	200047f8 <RCC_AHB3PeriphClockCmd+0x20>
200047ea:	4b09      	ldr	r3, [pc, #36]	@ (20004810 <RCC_AHB3PeriphClockCmd+0x38>)
200047ec:	6b9a      	ldr	r2, [r3, #56]	@ 0x38
200047ee:	4908      	ldr	r1, [pc, #32]	@ (20004810 <RCC_AHB3PeriphClockCmd+0x38>)
200047f0:	687b      	ldr	r3, [r7, #4]
200047f2:	4313      	orrs	r3, r2
200047f4:	638b      	str	r3, [r1, #56]	@ 0x38
200047f6:	e006      	b.n	20004806 <RCC_AHB3PeriphClockCmd+0x2e>
200047f8:	4b05      	ldr	r3, [pc, #20]	@ (20004810 <RCC_AHB3PeriphClockCmd+0x38>)
200047fa:	6b9a      	ldr	r2, [r3, #56]	@ 0x38
200047fc:	687b      	ldr	r3, [r7, #4]
200047fe:	43db      	mvns	r3, r3
20004800:	4903      	ldr	r1, [pc, #12]	@ (20004810 <RCC_AHB3PeriphClockCmd+0x38>)
20004802:	4013      	ands	r3, r2
20004804:	638b      	str	r3, [r1, #56]	@ 0x38
20004806:	bf00      	nop
20004808:	370c      	adds	r7, #12
2000480a:	46bd      	mov	sp, r7
2000480c:	bc80      	pop	{r7}
2000480e:	4770      	bx	lr
20004810:	40023800 	.word	0x40023800

20004814 <RCC_APB1PeriphClockCmd>:
20004814:	b480      	push	{r7}
20004816:	b083      	sub	sp, #12
20004818:	af00      	add	r7, sp, #0
2000481a:	6078      	str	r0, [r7, #4]
2000481c:	460b      	mov	r3, r1
2000481e:	70fb      	strb	r3, [r7, #3]
20004820:	78fb      	ldrb	r3, [r7, #3]
20004822:	2b00      	cmp	r3, #0
20004824:	d006      	beq.n	20004834 <RCC_APB1PeriphClockCmd+0x20>
20004826:	4b09      	ldr	r3, [pc, #36]	@ (2000484c <RCC_APB1PeriphClockCmd+0x38>)
20004828:	6c1a      	ldr	r2, [r3, #64]	@ 0x40
2000482a:	4908      	ldr	r1, [pc, #32]	@ (2000484c <RCC_APB1PeriphClockCmd+0x38>)
2000482c:	687b      	ldr	r3, [r7, #4]
2000482e:	4313      	orrs	r3, r2
20004830:	640b      	str	r3, [r1, #64]	@ 0x40
20004832:	e006      	b.n	20004842 <RCC_APB1PeriphClockCmd+0x2e>
20004834:	4b05      	ldr	r3, [pc, #20]	@ (2000484c <RCC_APB1PeriphClockCmd+0x38>)
20004836:	6c1a      	ldr	r2, [r3, #64]	@ 0x40
20004838:	687b      	ldr	r3, [r7, #4]
2000483a:	43db      	mvns	r3, r3
2000483c:	4903      	ldr	r1, [pc, #12]	@ (2000484c <RCC_APB1PeriphClockCmd+0x38>)
2000483e:	4013      	ands	r3, r2
20004840:	640b      	str	r3, [r1, #64]	@ 0x40
20004842:	bf00      	nop
20004844:	370c      	adds	r7, #12
20004846:	46bd      	mov	sp, r7
20004848:	bc80      	pop	{r7}
2000484a:	4770      	bx	lr
2000484c:	40023800 	.word	0x40023800

20004850 <RCC_APB2PeriphClockCmd>:
20004850:	b480      	push	{r7}
20004852:	b083      	sub	sp, #12
20004854:	af00      	add	r7, sp, #0
20004856:	6078      	str	r0, [r7, #4]
20004858:	460b      	mov	r3, r1
2000485a:	70fb      	strb	r3, [r7, #3]
2000485c:	78fb      	ldrb	r3, [r7, #3]
2000485e:	2b00      	cmp	r3, #0
20004860:	d006      	beq.n	20004870 <RCC_APB2PeriphClockCmd+0x20>
20004862:	4b09      	ldr	r3, [pc, #36]	@ (20004888 <RCC_APB2PeriphClockCmd+0x38>)
20004864:	6c5a      	ldr	r2, [r3, #68]	@ 0x44
20004866:	4908      	ldr	r1, [pc, #32]	@ (20004888 <RCC_APB2PeriphClockCmd+0x38>)
20004868:	687b      	ldr	r3, [r7, #4]
2000486a:	4313      	orrs	r3, r2
2000486c:	644b      	str	r3, [r1, #68]	@ 0x44
2000486e:	e006      	b.n	2000487e <RCC_APB2PeriphClockCmd+0x2e>
20004870:	4b05      	ldr	r3, [pc, #20]	@ (20004888 <RCC_APB2PeriphClockCmd+0x38>)
20004872:	6c5a      	ldr	r2, [r3, #68]	@ 0x44
20004874:	687b      	ldr	r3, [r7, #4]
20004876:	43db      	mvns	r3, r3
20004878:	4903      	ldr	r1, [pc, #12]	@ (20004888 <RCC_APB2PeriphClockCmd+0x38>)
2000487a:	4013      	ands	r3, r2
2000487c:	644b      	str	r3, [r1, #68]	@ 0x44
2000487e:	bf00      	nop
20004880:	370c      	adds	r7, #12
20004882:	46bd      	mov	sp, r7
20004884:	bc80      	pop	{r7}
20004886:	4770      	bx	lr
20004888:	40023800 	.word	0x40023800

2000488c <RCC_AHB1PeriphResetCmd>:
2000488c:	b480      	push	{r7}
2000488e:	b083      	sub	sp, #12
20004890:	af00      	add	r7, sp, #0
20004892:	6078      	str	r0, [r7, #4]
20004894:	460b      	mov	r3, r1
20004896:	70fb      	strb	r3, [r7, #3]
20004898:	78fb      	ldrb	r3, [r7, #3]
2000489a:	2b00      	cmp	r3, #0
2000489c:	d006      	beq.n	200048ac <RCC_AHB1PeriphResetCmd+0x20>
2000489e:	4b09      	ldr	r3, [pc, #36]	@ (200048c4 <RCC_AHB1PeriphResetCmd+0x38>)
200048a0:	691a      	ldr	r2, [r3, #16]
200048a2:	4908      	ldr	r1, [pc, #32]	@ (200048c4 <RCC_AHB1PeriphResetCmd+0x38>)
200048a4:	687b      	ldr	r3, [r7, #4]
200048a6:	4313      	orrs	r3, r2
200048a8:	610b      	str	r3, [r1, #16]
200048aa:	e006      	b.n	200048ba <RCC_AHB1PeriphResetCmd+0x2e>
200048ac:	4b05      	ldr	r3, [pc, #20]	@ (200048c4 <RCC_AHB1PeriphResetCmd+0x38>)
200048ae:	691a      	ldr	r2, [r3, #16]
200048b0:	687b      	ldr	r3, [r7, #4]
200048b2:	43db      	mvns	r3, r3
200048b4:	4903      	ldr	r1, [pc, #12]	@ (200048c4 <RCC_AHB1PeriphResetCmd+0x38>)
200048b6:	4013      	ands	r3, r2
200048b8:	610b      	str	r3, [r1, #16]
200048ba:	bf00      	nop
200048bc:	370c      	adds	r7, #12
200048be:	46bd      	mov	sp, r7
200048c0:	bc80      	pop	{r7}
200048c2:	4770      	bx	lr
200048c4:	40023800 	.word	0x40023800

200048c8 <RCC_AHB2PeriphResetCmd>:
200048c8:	b480      	push	{r7}
200048ca:	b083      	sub	sp, #12
200048cc:	af00      	add	r7, sp, #0
200048ce:	6078      	str	r0, [r7, #4]
200048d0:	460b      	mov	r3, r1
200048d2:	70fb      	strb	r3, [r7, #3]
200048d4:	78fb      	ldrb	r3, [r7, #3]
200048d6:	2b00      	cmp	r3, #0
200048d8:	d006      	beq.n	200048e8 <RCC_AHB2PeriphResetCmd+0x20>
200048da:	4b09      	ldr	r3, [pc, #36]	@ (20004900 <RCC_AHB2PeriphResetCmd+0x38>)
200048dc:	695a      	ldr	r2, [r3, #20]
200048de:	4908      	ldr	r1, [pc, #32]	@ (20004900 <RCC_AHB2PeriphResetCmd+0x38>)
200048e0:	687b      	ldr	r3, [r7, #4]
200048e2:	4313      	orrs	r3, r2
200048e4:	614b      	str	r3, [r1, #20]
200048e6:	e006      	b.n	200048f6 <RCC_AHB2PeriphResetCmd+0x2e>
200048e8:	4b05      	ldr	r3, [pc, #20]	@ (20004900 <RCC_AHB2PeriphResetCmd+0x38>)
200048ea:	695a      	ldr	r2, [r3, #20]
200048ec:	687b      	ldr	r3, [r7, #4]
200048ee:	43db      	mvns	r3, r3
200048f0:	4903      	ldr	r1, [pc, #12]	@ (20004900 <RCC_AHB2PeriphResetCmd+0x38>)
200048f2:	4013      	ands	r3, r2
200048f4:	614b      	str	r3, [r1, #20]
200048f6:	bf00      	nop
200048f8:	370c      	adds	r7, #12
200048fa:	46bd      	mov	sp, r7
200048fc:	bc80      	pop	{r7}
200048fe:	4770      	bx	lr
20004900:	40023800 	.word	0x40023800

20004904 <RCC_AHB3PeriphResetCmd>:
20004904:	b480      	push	{r7}
20004906:	b083      	sub	sp, #12
20004908:	af00      	add	r7, sp, #0
2000490a:	6078      	str	r0, [r7, #4]
2000490c:	460b      	mov	r3, r1
2000490e:	70fb      	strb	r3, [r7, #3]
20004910:	78fb      	ldrb	r3, [r7, #3]
20004912:	2b00      	cmp	r3, #0
20004914:	d006      	beq.n	20004924 <RCC_AHB3PeriphResetCmd+0x20>
20004916:	4b09      	ldr	r3, [pc, #36]	@ (2000493c <RCC_AHB3PeriphResetCmd+0x38>)
20004918:	699a      	ldr	r2, [r3, #24]
2000491a:	4908      	ldr	r1, [pc, #32]	@ (2000493c <RCC_AHB3PeriphResetCmd+0x38>)
2000491c:	687b      	ldr	r3, [r7, #4]
2000491e:	4313      	orrs	r3, r2
20004920:	618b      	str	r3, [r1, #24]
20004922:	e006      	b.n	20004932 <RCC_AHB3PeriphResetCmd+0x2e>
20004924:	4b05      	ldr	r3, [pc, #20]	@ (2000493c <RCC_AHB3PeriphResetCmd+0x38>)
20004926:	699a      	ldr	r2, [r3, #24]
20004928:	687b      	ldr	r3, [r7, #4]
2000492a:	43db      	mvns	r3, r3
2000492c:	4903      	ldr	r1, [pc, #12]	@ (2000493c <RCC_AHB3PeriphResetCmd+0x38>)
2000492e:	4013      	ands	r3, r2
20004930:	618b      	str	r3, [r1, #24]
20004932:	bf00      	nop
20004934:	370c      	adds	r7, #12
20004936:	46bd      	mov	sp, r7
20004938:	bc80      	pop	{r7}
2000493a:	4770      	bx	lr
2000493c:	40023800 	.word	0x40023800

20004940 <RCC_APB1PeriphResetCmd>:
20004940:	b480      	push	{r7}
20004942:	b083      	sub	sp, #12
20004944:	af00      	add	r7, sp, #0
20004946:	6078      	str	r0, [r7, #4]
20004948:	460b      	mov	r3, r1
2000494a:	70fb      	strb	r3, [r7, #3]
2000494c:	78fb      	ldrb	r3, [r7, #3]
2000494e:	2b00      	cmp	r3, #0
20004950:	d006      	beq.n	20004960 <RCC_APB1PeriphResetCmd+0x20>
20004952:	4b09      	ldr	r3, [pc, #36]	@ (20004978 <RCC_APB1PeriphResetCmd+0x38>)
20004954:	6a1a      	ldr	r2, [r3, #32]
20004956:	4908      	ldr	r1, [pc, #32]	@ (20004978 <RCC_APB1PeriphResetCmd+0x38>)
20004958:	687b      	ldr	r3, [r7, #4]
2000495a:	4313      	orrs	r3, r2
2000495c:	620b      	str	r3, [r1, #32]
2000495e:	e006      	b.n	2000496e <RCC_APB1PeriphResetCmd+0x2e>
20004960:	4b05      	ldr	r3, [pc, #20]	@ (20004978 <RCC_APB1PeriphResetCmd+0x38>)
20004962:	6a1a      	ldr	r2, [r3, #32]
20004964:	687b      	ldr	r3, [r7, #4]
20004966:	43db      	mvns	r3, r3
20004968:	4903      	ldr	r1, [pc, #12]	@ (20004978 <RCC_APB1PeriphResetCmd+0x38>)
2000496a:	4013      	ands	r3, r2
2000496c:	620b      	str	r3, [r1, #32]
2000496e:	bf00      	nop
20004970:	370c      	adds	r7, #12
20004972:	46bd      	mov	sp, r7
20004974:	bc80      	pop	{r7}
20004976:	4770      	bx	lr
20004978:	40023800 	.word	0x40023800

2000497c <RCC_APB2PeriphResetCmd>:
2000497c:	b480      	push	{r7}
2000497e:	b083      	sub	sp, #12
20004980:	af00      	add	r7, sp, #0
20004982:	6078      	str	r0, [r7, #4]
20004984:	460b      	mov	r3, r1
20004986:	70fb      	strb	r3, [r7, #3]
20004988:	78fb      	ldrb	r3, [r7, #3]
2000498a:	2b00      	cmp	r3, #0
2000498c:	d006      	beq.n	2000499c <RCC_APB2PeriphResetCmd+0x20>
2000498e:	4b09      	ldr	r3, [pc, #36]	@ (200049b4 <RCC_APB2PeriphResetCmd+0x38>)
20004990:	6a5a      	ldr	r2, [r3, #36]	@ 0x24
20004992:	4908      	ldr	r1, [pc, #32]	@ (200049b4 <RCC_APB2PeriphResetCmd+0x38>)
20004994:	687b      	ldr	r3, [r7, #4]
20004996:	4313      	orrs	r3, r2
20004998:	624b      	str	r3, [r1, #36]	@ 0x24
2000499a:	e006      	b.n	200049aa <RCC_APB2PeriphResetCmd+0x2e>
2000499c:	4b05      	ldr	r3, [pc, #20]	@ (200049b4 <RCC_APB2PeriphResetCmd+0x38>)
2000499e:	6a5a      	ldr	r2, [r3, #36]	@ 0x24
200049a0:	687b      	ldr	r3, [r7, #4]
200049a2:	43db      	mvns	r3, r3
200049a4:	4903      	ldr	r1, [pc, #12]	@ (200049b4 <RCC_APB2PeriphResetCmd+0x38>)
200049a6:	4013      	ands	r3, r2
200049a8:	624b      	str	r3, [r1, #36]	@ 0x24
200049aa:	bf00      	nop
200049ac:	370c      	adds	r7, #12
200049ae:	46bd      	mov	sp, r7
200049b0:	bc80      	pop	{r7}
200049b2:	4770      	bx	lr
200049b4:	40023800 	.word	0x40023800

200049b8 <RCC_AHB1PeriphClockLPModeCmd>:
200049b8:	b480      	push	{r7}
200049ba:	b083      	sub	sp, #12
200049bc:	af00      	add	r7, sp, #0
200049be:	6078      	str	r0, [r7, #4]
200049c0:	460b      	mov	r3, r1
200049c2:	70fb      	strb	r3, [r7, #3]
200049c4:	78fb      	ldrb	r3, [r7, #3]
200049c6:	2b00      	cmp	r3, #0
200049c8:	d006      	beq.n	200049d8 <RCC_AHB1PeriphClockLPModeCmd+0x20>
200049ca:	4b09      	ldr	r3, [pc, #36]	@ (200049f0 <RCC_AHB1PeriphClockLPModeCmd+0x38>)
200049cc:	6d1a      	ldr	r2, [r3, #80]	@ 0x50
200049ce:	4908      	ldr	r1, [pc, #32]	@ (200049f0 <RCC_AHB1PeriphClockLPModeCmd+0x38>)
200049d0:	687b      	ldr	r3, [r7, #4]
200049d2:	4313      	orrs	r3, r2
200049d4:	650b      	str	r3, [r1, #80]	@ 0x50
200049d6:	e006      	b.n	200049e6 <RCC_AHB1PeriphClockLPModeCmd+0x2e>
200049d8:	4b05      	ldr	r3, [pc, #20]	@ (200049f0 <RCC_AHB1PeriphClockLPModeCmd+0x38>)
200049da:	6d1a      	ldr	r2, [r3, #80]	@ 0x50
200049dc:	687b      	ldr	r3, [r7, #4]
200049de:	43db      	mvns	r3, r3
200049e0:	4903      	ldr	r1, [pc, #12]	@ (200049f0 <RCC_AHB1PeriphClockLPModeCmd+0x38>)
200049e2:	4013      	ands	r3, r2
200049e4:	650b      	str	r3, [r1, #80]	@ 0x50
200049e6:	bf00      	nop
200049e8:	370c      	adds	r7, #12
200049ea:	46bd      	mov	sp, r7
200049ec:	bc80      	pop	{r7}
200049ee:	4770      	bx	lr
200049f0:	40023800 	.word	0x40023800

200049f4 <RCC_AHB2PeriphClockLPModeCmd>:
200049f4:	b480      	push	{r7}
200049f6:	b083      	sub	sp, #12
200049f8:	af00      	add	r7, sp, #0
200049fa:	6078      	str	r0, [r7, #4]
200049fc:	460b      	mov	r3, r1
200049fe:	70fb      	strb	r3, [r7, #3]
20004a00:	78fb      	ldrb	r3, [r7, #3]
20004a02:	2b00      	cmp	r3, #0
20004a04:	d006      	beq.n	20004a14 <RCC_AHB2PeriphClockLPModeCmd+0x20>
20004a06:	4b09      	ldr	r3, [pc, #36]	@ (20004a2c <RCC_AHB2PeriphClockLPModeCmd+0x38>)
20004a08:	6d5a      	ldr	r2, [r3, #84]	@ 0x54
20004a0a:	4908      	ldr	r1, [pc, #32]	@ (20004a2c <RCC_AHB2PeriphClockLPModeCmd+0x38>)
20004a0c:	687b      	ldr	r3, [r7, #4]
20004a0e:	4313      	orrs	r3, r2
20004a10:	654b      	str	r3, [r1, #84]	@ 0x54
20004a12:	e006      	b.n	20004a22 <RCC_AHB2PeriphClockLPModeCmd+0x2e>
20004a14:	4b05      	ldr	r3, [pc, #20]	@ (20004a2c <RCC_AHB2PeriphClockLPModeCmd+0x38>)
20004a16:	6d5a      	ldr	r2, [r3, #84]	@ 0x54
20004a18:	687b      	ldr	r3, [r7, #4]
20004a1a:	43db      	mvns	r3, r3
20004a1c:	4903      	ldr	r1, [pc, #12]	@ (20004a2c <RCC_AHB2PeriphClockLPModeCmd+0x38>)
20004a1e:	4013      	ands	r3, r2
20004a20:	654b      	str	r3, [r1, #84]	@ 0x54
20004a22:	bf00      	nop
20004a24:	370c      	adds	r7, #12
20004a26:	46bd      	mov	sp, r7
20004a28:	bc80      	pop	{r7}
20004a2a:	4770      	bx	lr
20004a2c:	40023800 	.word	0x40023800

20004a30 <RCC_AHB3PeriphClockLPModeCmd>:
20004a30:	b480      	push	{r7}
20004a32:	b083      	sub	sp, #12
20004a34:	af00      	add	r7, sp, #0
20004a36:	6078      	str	r0, [r7, #4]
20004a38:	460b      	mov	r3, r1
20004a3a:	70fb      	strb	r3, [r7, #3]
20004a3c:	78fb      	ldrb	r3, [r7, #3]
20004a3e:	2b00      	cmp	r3, #0
20004a40:	d006      	beq.n	20004a50 <RCC_AHB3PeriphClockLPModeCmd+0x20>
20004a42:	4b09      	ldr	r3, [pc, #36]	@ (20004a68 <RCC_AHB3PeriphClockLPModeCmd+0x38>)
20004a44:	6d9a      	ldr	r2, [r3, #88]	@ 0x58
20004a46:	4908      	ldr	r1, [pc, #32]	@ (20004a68 <RCC_AHB3PeriphClockLPModeCmd+0x38>)
20004a48:	687b      	ldr	r3, [r7, #4]
20004a4a:	4313      	orrs	r3, r2
20004a4c:	658b      	str	r3, [r1, #88]	@ 0x58
20004a4e:	e006      	b.n	20004a5e <RCC_AHB3PeriphClockLPModeCmd+0x2e>
20004a50:	4b05      	ldr	r3, [pc, #20]	@ (20004a68 <RCC_AHB3PeriphClockLPModeCmd+0x38>)
20004a52:	6d9a      	ldr	r2, [r3, #88]	@ 0x58
20004a54:	687b      	ldr	r3, [r7, #4]
20004a56:	43db      	mvns	r3, r3
20004a58:	4903      	ldr	r1, [pc, #12]	@ (20004a68 <RCC_AHB3PeriphClockLPModeCmd+0x38>)
20004a5a:	4013      	ands	r3, r2
20004a5c:	658b      	str	r3, [r1, #88]	@ 0x58
20004a5e:	bf00      	nop
20004a60:	370c      	adds	r7, #12
20004a62:	46bd      	mov	sp, r7
20004a64:	bc80      	pop	{r7}
20004a66:	4770      	bx	lr
20004a68:	40023800 	.word	0x40023800

20004a6c <RCC_APB1PeriphClockLPModeCmd>:
20004a6c:	b480      	push	{r7}
20004a6e:	b083      	sub	sp, #12
20004a70:	af00      	add	r7, sp, #0
20004a72:	6078      	str	r0, [r7, #4]
20004a74:	460b      	mov	r3, r1
20004a76:	70fb      	strb	r3, [r7, #3]
20004a78:	78fb      	ldrb	r3, [r7, #3]
20004a7a:	2b00      	cmp	r3, #0
20004a7c:	d006      	beq.n	20004a8c <RCC_APB1PeriphClockLPModeCmd+0x20>
20004a7e:	4b09      	ldr	r3, [pc, #36]	@ (20004aa4 <RCC_APB1PeriphClockLPModeCmd+0x38>)
20004a80:	6e1a      	ldr	r2, [r3, #96]	@ 0x60
20004a82:	4908      	ldr	r1, [pc, #32]	@ (20004aa4 <RCC_APB1PeriphClockLPModeCmd+0x38>)
20004a84:	687b      	ldr	r3, [r7, #4]
20004a86:	4313      	orrs	r3, r2
20004a88:	660b      	str	r3, [r1, #96]	@ 0x60
20004a8a:	e006      	b.n	20004a9a <RCC_APB1PeriphClockLPModeCmd+0x2e>
20004a8c:	4b05      	ldr	r3, [pc, #20]	@ (20004aa4 <RCC_APB1PeriphClockLPModeCmd+0x38>)
20004a8e:	6e1a      	ldr	r2, [r3, #96]	@ 0x60
20004a90:	687b      	ldr	r3, [r7, #4]
20004a92:	43db      	mvns	r3, r3
20004a94:	4903      	ldr	r1, [pc, #12]	@ (20004aa4 <RCC_APB1PeriphClockLPModeCmd+0x38>)
20004a96:	4013      	ands	r3, r2
20004a98:	660b      	str	r3, [r1, #96]	@ 0x60
20004a9a:	bf00      	nop
20004a9c:	370c      	adds	r7, #12
20004a9e:	46bd      	mov	sp, r7
20004aa0:	bc80      	pop	{r7}
20004aa2:	4770      	bx	lr
20004aa4:	40023800 	.word	0x40023800

20004aa8 <RCC_APB2PeriphClockLPModeCmd>:
20004aa8:	b480      	push	{r7}
20004aaa:	b083      	sub	sp, #12
20004aac:	af00      	add	r7, sp, #0
20004aae:	6078      	str	r0, [r7, #4]
20004ab0:	460b      	mov	r3, r1
20004ab2:	70fb      	strb	r3, [r7, #3]
20004ab4:	78fb      	ldrb	r3, [r7, #3]
20004ab6:	2b00      	cmp	r3, #0
20004ab8:	d006      	beq.n	20004ac8 <RCC_APB2PeriphClockLPModeCmd+0x20>
20004aba:	4b09      	ldr	r3, [pc, #36]	@ (20004ae0 <RCC_APB2PeriphClockLPModeCmd+0x38>)
20004abc:	6e5a      	ldr	r2, [r3, #100]	@ 0x64
20004abe:	4908      	ldr	r1, [pc, #32]	@ (20004ae0 <RCC_APB2PeriphClockLPModeCmd+0x38>)
20004ac0:	687b      	ldr	r3, [r7, #4]
20004ac2:	4313      	orrs	r3, r2
20004ac4:	664b      	str	r3, [r1, #100]	@ 0x64
20004ac6:	e006      	b.n	20004ad6 <RCC_APB2PeriphClockLPModeCmd+0x2e>
20004ac8:	4b05      	ldr	r3, [pc, #20]	@ (20004ae0 <RCC_APB2PeriphClockLPModeCmd+0x38>)
20004aca:	6e5a      	ldr	r2, [r3, #100]	@ 0x64
20004acc:	687b      	ldr	r3, [r7, #4]
20004ace:	43db      	mvns	r3, r3
20004ad0:	4903      	ldr	r1, [pc, #12]	@ (20004ae0 <RCC_APB2PeriphClockLPModeCmd+0x38>)
20004ad2:	4013      	ands	r3, r2
20004ad4:	664b      	str	r3, [r1, #100]	@ 0x64
20004ad6:	bf00      	nop
20004ad8:	370c      	adds	r7, #12
20004ada:	46bd      	mov	sp, r7
20004adc:	bc80      	pop	{r7}
20004ade:	4770      	bx	lr
20004ae0:	40023800 	.word	0x40023800

20004ae4 <RCC_ITConfig>:
20004ae4:	b480      	push	{r7}
20004ae6:	b083      	sub	sp, #12
20004ae8:	af00      	add	r7, sp, #0
20004aea:	4603      	mov	r3, r0
20004aec:	460a      	mov	r2, r1
20004aee:	71fb      	strb	r3, [r7, #7]
20004af0:	4613      	mov	r3, r2
20004af2:	71bb      	strb	r3, [r7, #6]
20004af4:	79bb      	ldrb	r3, [r7, #6]
20004af6:	2b00      	cmp	r3, #0
20004af8:	d008      	beq.n	20004b0c <RCC_ITConfig+0x28>
20004afa:	4b0c      	ldr	r3, [pc, #48]	@ (20004b2c <RCC_ITConfig+0x48>)
20004afc:	781b      	ldrb	r3, [r3, #0]
20004afe:	b2da      	uxtb	r2, r3
20004b00:	490a      	ldr	r1, [pc, #40]	@ (20004b2c <RCC_ITConfig+0x48>)
20004b02:	79fb      	ldrb	r3, [r7, #7]
20004b04:	4313      	orrs	r3, r2
20004b06:	b2db      	uxtb	r3, r3
20004b08:	700b      	strb	r3, [r1, #0]
20004b0a:	e009      	b.n	20004b20 <RCC_ITConfig+0x3c>
20004b0c:	4b07      	ldr	r3, [pc, #28]	@ (20004b2c <RCC_ITConfig+0x48>)
20004b0e:	781b      	ldrb	r3, [r3, #0]
20004b10:	b2da      	uxtb	r2, r3
20004b12:	79fb      	ldrb	r3, [r7, #7]
20004b14:	43db      	mvns	r3, r3
20004b16:	b2db      	uxtb	r3, r3
20004b18:	4904      	ldr	r1, [pc, #16]	@ (20004b2c <RCC_ITConfig+0x48>)
20004b1a:	4013      	ands	r3, r2
20004b1c:	b2db      	uxtb	r3, r3
20004b1e:	700b      	strb	r3, [r1, #0]
20004b20:	bf00      	nop
20004b22:	370c      	adds	r7, #12
20004b24:	46bd      	mov	sp, r7
20004b26:	bc80      	pop	{r7}
20004b28:	4770      	bx	lr
20004b2a:	bf00      	nop
20004b2c:	4002380d 	.word	0x4002380d

20004b30 <RCC_GetFlagStatus>:
20004b30:	b480      	push	{r7}
20004b32:	b087      	sub	sp, #28
20004b34:	af00      	add	r7, sp, #0
20004b36:	4603      	mov	r3, r0
20004b38:	71fb      	strb	r3, [r7, #7]
20004b3a:	2300      	movs	r3, #0
20004b3c:	60fb      	str	r3, [r7, #12]
20004b3e:	2300      	movs	r3, #0
20004b40:	617b      	str	r3, [r7, #20]
20004b42:	2300      	movs	r3, #0
20004b44:	74fb      	strb	r3, [r7, #19]
20004b46:	79fb      	ldrb	r3, [r7, #7]
20004b48:	095b      	lsrs	r3, r3, #5
20004b4a:	b2db      	uxtb	r3, r3
20004b4c:	60fb      	str	r3, [r7, #12]
20004b4e:	68fb      	ldr	r3, [r7, #12]
20004b50:	2b01      	cmp	r3, #1
20004b52:	d103      	bne.n	20004b5c <RCC_GetFlagStatus+0x2c>
20004b54:	4b12      	ldr	r3, [pc, #72]	@ (20004ba0 <RCC_GetFlagStatus+0x70>)
20004b56:	681b      	ldr	r3, [r3, #0]
20004b58:	617b      	str	r3, [r7, #20]
20004b5a:	e009      	b.n	20004b70 <RCC_GetFlagStatus+0x40>
20004b5c:	68fb      	ldr	r3, [r7, #12]
20004b5e:	2b02      	cmp	r3, #2
20004b60:	d103      	bne.n	20004b6a <RCC_GetFlagStatus+0x3a>
20004b62:	4b0f      	ldr	r3, [pc, #60]	@ (20004ba0 <RCC_GetFlagStatus+0x70>)
20004b64:	6f1b      	ldr	r3, [r3, #112]	@ 0x70
20004b66:	617b      	str	r3, [r7, #20]
20004b68:	e002      	b.n	20004b70 <RCC_GetFlagStatus+0x40>
20004b6a:	4b0d      	ldr	r3, [pc, #52]	@ (20004ba0 <RCC_GetFlagStatus+0x70>)
20004b6c:	6f5b      	ldr	r3, [r3, #116]	@ 0x74
20004b6e:	617b      	str	r3, [r7, #20]
20004b70:	79fb      	ldrb	r3, [r7, #7]
20004b72:	f003 031f 	and.w	r3, r3, #31
20004b76:	60fb      	str	r3, [r7, #12]
20004b78:	697a      	ldr	r2, [r7, #20]
20004b7a:	68fb      	ldr	r3, [r7, #12]
20004b7c:	fa22 f303 	lsr.w	r3, r2, r3
20004b80:	f003 0301 	and.w	r3, r3, #1
20004b84:	2b00      	cmp	r3, #0
20004b86:	d002      	beq.n	20004b8e <RCC_GetFlagStatus+0x5e>
20004b88:	2301      	movs	r3, #1
20004b8a:	74fb      	strb	r3, [r7, #19]
20004b8c:	e001      	b.n	20004b92 <RCC_GetFlagStatus+0x62>
20004b8e:	2300      	movs	r3, #0
20004b90:	74fb      	strb	r3, [r7, #19]
20004b92:	7cfb      	ldrb	r3, [r7, #19]
20004b94:	4618      	mov	r0, r3
20004b96:	371c      	adds	r7, #28
20004b98:	46bd      	mov	sp, r7
20004b9a:	bc80      	pop	{r7}
20004b9c:	4770      	bx	lr
20004b9e:	bf00      	nop
20004ba0:	40023800 	.word	0x40023800

20004ba4 <RCC_ClearFlag>:
20004ba4:	b480      	push	{r7}
20004ba6:	af00      	add	r7, sp, #0
20004ba8:	4b04      	ldr	r3, [pc, #16]	@ (20004bbc <RCC_ClearFlag+0x18>)
20004baa:	6f5b      	ldr	r3, [r3, #116]	@ 0x74
20004bac:	4a03      	ldr	r2, [pc, #12]	@ (20004bbc <RCC_ClearFlag+0x18>)
20004bae:	f043 7380 	orr.w	r3, r3, #16777216	@ 0x1000000
20004bb2:	6753      	str	r3, [r2, #116]	@ 0x74
20004bb4:	bf00      	nop
20004bb6:	46bd      	mov	sp, r7
20004bb8:	bc80      	pop	{r7}
20004bba:	4770      	bx	lr
20004bbc:	40023800 	.word	0x40023800

20004bc0 <RCC_GetITStatus>:
20004bc0:	b480      	push	{r7}
20004bc2:	b085      	sub	sp, #20
20004bc4:	af00      	add	r7, sp, #0
20004bc6:	4603      	mov	r3, r0
20004bc8:	71fb      	strb	r3, [r7, #7]
20004bca:	2300      	movs	r3, #0
20004bcc:	73fb      	strb	r3, [r7, #15]
20004bce:	4b08      	ldr	r3, [pc, #32]	@ (20004bf0 <RCC_GetITStatus+0x30>)
20004bd0:	68da      	ldr	r2, [r3, #12]
20004bd2:	79fb      	ldrb	r3, [r7, #7]
20004bd4:	4013      	ands	r3, r2
20004bd6:	2b00      	cmp	r3, #0
20004bd8:	d002      	beq.n	20004be0 <RCC_GetITStatus+0x20>
20004bda:	2301      	movs	r3, #1
20004bdc:	73fb      	strb	r3, [r7, #15]
20004bde:	e001      	b.n	20004be4 <RCC_GetITStatus+0x24>
20004be0:	2300      	movs	r3, #0
20004be2:	73fb      	strb	r3, [r7, #15]
20004be4:	7bfb      	ldrb	r3, [r7, #15]
20004be6:	4618      	mov	r0, r3
20004be8:	3714      	adds	r7, #20
20004bea:	46bd      	mov	sp, r7
20004bec:	bc80      	pop	{r7}
20004bee:	4770      	bx	lr
20004bf0:	40023800 	.word	0x40023800

20004bf4 <RCC_ClearITPendingBit>:
20004bf4:	b480      	push	{r7}
20004bf6:	b083      	sub	sp, #12
20004bf8:	af00      	add	r7, sp, #0
20004bfa:	4603      	mov	r3, r0
20004bfc:	71fb      	strb	r3, [r7, #7]
20004bfe:	4a04      	ldr	r2, [pc, #16]	@ (20004c10 <RCC_ClearITPendingBit+0x1c>)
20004c00:	79fb      	ldrb	r3, [r7, #7]
20004c02:	7013      	strb	r3, [r2, #0]
20004c04:	bf00      	nop
20004c06:	370c      	adds	r7, #12
20004c08:	46bd      	mov	sp, r7
20004c0a:	bc80      	pop	{r7}
20004c0c:	4770      	bx	lr
20004c0e:	bf00      	nop
20004c10:	4002380e 	.word	0x4002380e

20004c14 <SYSCFG_DeInit>:
20004c14:	b580      	push	{r7, lr}
20004c16:	af00      	add	r7, sp, #0
20004c18:	2101      	movs	r1, #1
20004c1a:	f44f 4080 	mov.w	r0, #16384	@ 0x4000
20004c1e:	f7ff fead 	bl	2000497c <RCC_APB2PeriphResetCmd>
20004c22:	2100      	movs	r1, #0
20004c24:	f44f 4080 	mov.w	r0, #16384	@ 0x4000
20004c28:	f7ff fea8 	bl	2000497c <RCC_APB2PeriphResetCmd>
20004c2c:	bf00      	nop
20004c2e:	bd80      	pop	{r7, pc}

20004c30 <SYSCFG_MemoryRemapConfig>:
20004c30:	b480      	push	{r7}
20004c32:	b083      	sub	sp, #12
20004c34:	af00      	add	r7, sp, #0
20004c36:	4603      	mov	r3, r0
20004c38:	71fb      	strb	r3, [r7, #7]
20004c3a:	4a04      	ldr	r2, [pc, #16]	@ (20004c4c <SYSCFG_MemoryRemapConfig+0x1c>)
20004c3c:	79fb      	ldrb	r3, [r7, #7]
20004c3e:	6013      	str	r3, [r2, #0]
20004c40:	bf00      	nop
20004c42:	370c      	adds	r7, #12
20004c44:	46bd      	mov	sp, r7
20004c46:	bc80      	pop	{r7}
20004c48:	4770      	bx	lr
20004c4a:	bf00      	nop
20004c4c:	40013800 	.word	0x40013800

20004c50 <SYSCFG_MemorySwappingBank>:
20004c50:	b480      	push	{r7}
20004c52:	b083      	sub	sp, #12
20004c54:	af00      	add	r7, sp, #0
20004c56:	4603      	mov	r3, r0
20004c58:	71fb      	strb	r3, [r7, #7]
20004c5a:	4a04      	ldr	r2, [pc, #16]	@ (20004c6c <SYSCFG_MemorySwappingBank+0x1c>)
20004c5c:	79fb      	ldrb	r3, [r7, #7]
20004c5e:	6013      	str	r3, [r2, #0]
20004c60:	bf00      	nop
20004c62:	370c      	adds	r7, #12
20004c64:	46bd      	mov	sp, r7
20004c66:	bc80      	pop	{r7}
20004c68:	4770      	bx	lr
20004c6a:	bf00      	nop
20004c6c:	42270020 	.word	0x42270020

20004c70 <SYSCFG_EXTILineConfig>:
20004c70:	b480      	push	{r7}
20004c72:	b085      	sub	sp, #20
20004c74:	af00      	add	r7, sp, #0
20004c76:	4603      	mov	r3, r0
20004c78:	460a      	mov	r2, r1
20004c7a:	71fb      	strb	r3, [r7, #7]
20004c7c:	4613      	mov	r3, r2
20004c7e:	71bb      	strb	r3, [r7, #6]
20004c80:	2300      	movs	r3, #0
20004c82:	60fb      	str	r3, [r7, #12]
20004c84:	79bb      	ldrb	r3, [r7, #6]
20004c86:	f003 0303 	and.w	r3, r3, #3
20004c8a:	009b      	lsls	r3, r3, #2
20004c8c:	220f      	movs	r2, #15
20004c8e:	fa02 f303 	lsl.w	r3, r2, r3
20004c92:	60fb      	str	r3, [r7, #12]
20004c94:	4a15      	ldr	r2, [pc, #84]	@ (20004cec <SYSCFG_EXTILineConfig+0x7c>)
20004c96:	79bb      	ldrb	r3, [r7, #6]
20004c98:	089b      	lsrs	r3, r3, #2
20004c9a:	b2db      	uxtb	r3, r3
20004c9c:	3302      	adds	r3, #2
20004c9e:	f852 2023 	ldr.w	r2, [r2, r3, lsl #2]
20004ca2:	68fb      	ldr	r3, [r7, #12]
20004ca4:	43db      	mvns	r3, r3
20004ca6:	4811      	ldr	r0, [pc, #68]	@ (20004cec <SYSCFG_EXTILineConfig+0x7c>)
20004ca8:	79b9      	ldrb	r1, [r7, #6]
20004caa:	0889      	lsrs	r1, r1, #2
20004cac:	b2c9      	uxtb	r1, r1
20004cae:	401a      	ands	r2, r3
20004cb0:	1c8b      	adds	r3, r1, #2
20004cb2:	f840 2023 	str.w	r2, [r0, r3, lsl #2]
20004cb6:	4a0d      	ldr	r2, [pc, #52]	@ (20004cec <SYSCFG_EXTILineConfig+0x7c>)
20004cb8:	79bb      	ldrb	r3, [r7, #6]
20004cba:	089b      	lsrs	r3, r3, #2
20004cbc:	b2db      	uxtb	r3, r3
20004cbe:	3302      	adds	r3, #2
20004cc0:	f852 2023 	ldr.w	r2, [r2, r3, lsl #2]
20004cc4:	79f9      	ldrb	r1, [r7, #7]
20004cc6:	79bb      	ldrb	r3, [r7, #6]
20004cc8:	f003 0303 	and.w	r3, r3, #3
20004ccc:	009b      	lsls	r3, r3, #2
20004cce:	fa01 f303 	lsl.w	r3, r1, r3
20004cd2:	4806      	ldr	r0, [pc, #24]	@ (20004cec <SYSCFG_EXTILineConfig+0x7c>)
20004cd4:	79b9      	ldrb	r1, [r7, #6]
20004cd6:	0889      	lsrs	r1, r1, #2
20004cd8:	b2c9      	uxtb	r1, r1
20004cda:	431a      	orrs	r2, r3
20004cdc:	1c8b      	adds	r3, r1, #2
20004cde:	f840 2023 	str.w	r2, [r0, r3, lsl #2]
20004ce2:	bf00      	nop
20004ce4:	3714      	adds	r7, #20
20004ce6:	46bd      	mov	sp, r7
20004ce8:	bc80      	pop	{r7}
20004cea:	4770      	bx	lr
20004cec:	40013800 	.word	0x40013800

20004cf0 <SYSCFG_ETH_MediaInterfaceConfig>:
20004cf0:	b480      	push	{r7}
20004cf2:	b083      	sub	sp, #12
20004cf4:	af00      	add	r7, sp, #0
20004cf6:	6078      	str	r0, [r7, #4]
20004cf8:	4a03      	ldr	r2, [pc, #12]	@ (20004d08 <SYSCFG_ETH_MediaInterfaceConfig+0x18>)
20004cfa:	687b      	ldr	r3, [r7, #4]
20004cfc:	6013      	str	r3, [r2, #0]
20004cfe:	bf00      	nop
20004d00:	370c      	adds	r7, #12
20004d02:	46bd      	mov	sp, r7
20004d04:	bc80      	pop	{r7}
20004d06:	4770      	bx	lr
20004d08:	422700dc 	.word	0x422700dc

20004d0c <SYSCFG_CompensationCellCmd>:
20004d0c:	b480      	push	{r7}
20004d0e:	b083      	sub	sp, #12
20004d10:	af00      	add	r7, sp, #0
20004d12:	4603      	mov	r3, r0
20004d14:	71fb      	strb	r3, [r7, #7]
20004d16:	4a04      	ldr	r2, [pc, #16]	@ (20004d28 <SYSCFG_CompensationCellCmd+0x1c>)
20004d18:	79fb      	ldrb	r3, [r7, #7]
20004d1a:	6013      	str	r3, [r2, #0]
20004d1c:	bf00      	nop
20004d1e:	370c      	adds	r7, #12
20004d20:	46bd      	mov	sp, r7
20004d22:	bc80      	pop	{r7}
20004d24:	4770      	bx	lr
20004d26:	bf00      	nop
20004d28:	42270400 	.word	0x42270400

20004d2c <SYSCFG_GetCompensationCellStatus>:
20004d2c:	b480      	push	{r7}
20004d2e:	b083      	sub	sp, #12
20004d30:	af00      	add	r7, sp, #0
20004d32:	2300      	movs	r3, #0
20004d34:	71fb      	strb	r3, [r7, #7]
20004d36:	4b08      	ldr	r3, [pc, #32]	@ (20004d58 <SYSCFG_GetCompensationCellStatus+0x2c>)
20004d38:	6a1b      	ldr	r3, [r3, #32]
20004d3a:	f403 7380 	and.w	r3, r3, #256	@ 0x100
20004d3e:	2b00      	cmp	r3, #0
20004d40:	d002      	beq.n	20004d48 <SYSCFG_GetCompensationCellStatus+0x1c>
20004d42:	2301      	movs	r3, #1
20004d44:	71fb      	strb	r3, [r7, #7]
20004d46:	e001      	b.n	20004d4c <SYSCFG_GetCompensationCellStatus+0x20>
20004d48:	2300      	movs	r3, #0
20004d4a:	71fb      	strb	r3, [r7, #7]
20004d4c:	79fb      	ldrb	r3, [r7, #7]
20004d4e:	4618      	mov	r0, r3
20004d50:	370c      	adds	r7, #12
20004d52:	46bd      	mov	sp, r7
20004d54:	bc80      	pop	{r7}
20004d56:	4770      	bx	lr
20004d58:	40013800 	.word	0x40013800

20004d5c <TIM_DeInit>:
20004d5c:	b580      	push	{r7, lr}
20004d5e:	b082      	sub	sp, #8
20004d60:	af00      	add	r7, sp, #0
20004d62:	6078      	str	r0, [r7, #4]
20004d64:	687b      	ldr	r3, [r7, #4]
20004d66:	4a60      	ldr	r2, [pc, #384]	@ (20004ee8 <TIM_DeInit+0x18c>)
20004d68:	4293      	cmp	r3, r2
20004d6a:	d108      	bne.n	20004d7e <TIM_DeInit+0x22>
20004d6c:	2101      	movs	r1, #1
20004d6e:	2001      	movs	r0, #1
20004d70:	f7ff fe04 	bl	2000497c <RCC_APB2PeriphResetCmd>
20004d74:	2100      	movs	r1, #0
20004d76:	2001      	movs	r0, #1
20004d78:	f7ff fe00 	bl	2000497c <RCC_APB2PeriphResetCmd>
20004d7c:	e0af      	b.n	20004ede <TIM_DeInit+0x182>
20004d7e:	687b      	ldr	r3, [r7, #4]
20004d80:	f1b3 4f80 	cmp.w	r3, #1073741824	@ 0x40000000
20004d84:	d108      	bne.n	20004d98 <TIM_DeInit+0x3c>
20004d86:	2101      	movs	r1, #1
20004d88:	2001      	movs	r0, #1
20004d8a:	f7ff fdd9 	bl	20004940 <RCC_APB1PeriphResetCmd>
20004d8e:	2100      	movs	r1, #0
20004d90:	2001      	movs	r0, #1
20004d92:	f7ff fdd5 	bl	20004940 <RCC_APB1PeriphResetCmd>
20004d96:	e0a2      	b.n	20004ede <TIM_DeInit+0x182>
20004d98:	687b      	ldr	r3, [r7, #4]
20004d9a:	4a54      	ldr	r2, [pc, #336]	@ (20004eec <TIM_DeInit+0x190>)
20004d9c:	4293      	cmp	r3, r2
20004d9e:	d108      	bne.n	20004db2 <TIM_DeInit+0x56>
20004da0:	2101      	movs	r1, #1
20004da2:	2002      	movs	r0, #2
20004da4:	f7ff fdcc 	bl	20004940 <RCC_APB1PeriphResetCmd>
20004da8:	2100      	movs	r1, #0
20004daa:	2002      	movs	r0, #2
20004dac:	f7ff fdc8 	bl	20004940 <RCC_APB1PeriphResetCmd>
20004db0:	e095      	b.n	20004ede <TIM_DeInit+0x182>
20004db2:	687b      	ldr	r3, [r7, #4]
20004db4:	4a4e      	ldr	r2, [pc, #312]	@ (20004ef0 <TIM_DeInit+0x194>)
20004db6:	4293      	cmp	r3, r2
20004db8:	d108      	bne.n	20004dcc <TIM_DeInit+0x70>
20004dba:	2101      	movs	r1, #1
20004dbc:	2004      	movs	r0, #4
20004dbe:	f7ff fdbf 	bl	20004940 <RCC_APB1PeriphResetCmd>
20004dc2:	2100      	movs	r1, #0
20004dc4:	2004      	movs	r0, #4
20004dc6:	f7ff fdbb 	bl	20004940 <RCC_APB1PeriphResetCmd>
20004dca:	e088      	b.n	20004ede <TIM_DeInit+0x182>
20004dcc:	687b      	ldr	r3, [r7, #4]
20004dce:	4a49      	ldr	r2, [pc, #292]	@ (20004ef4 <TIM_DeInit+0x198>)
20004dd0:	4293      	cmp	r3, r2
20004dd2:	d108      	bne.n	20004de6 <TIM_DeInit+0x8a>
20004dd4:	2101      	movs	r1, #1
20004dd6:	2008      	movs	r0, #8
20004dd8:	f7ff fdb2 	bl	20004940 <RCC_APB1PeriphResetCmd>
20004ddc:	2100      	movs	r1, #0
20004dde:	2008      	movs	r0, #8
20004de0:	f7ff fdae 	bl	20004940 <RCC_APB1PeriphResetCmd>
20004de4:	e07b      	b.n	20004ede <TIM_DeInit+0x182>
20004de6:	687b      	ldr	r3, [r7, #4]
20004de8:	4a43      	ldr	r2, [pc, #268]	@ (20004ef8 <TIM_DeInit+0x19c>)
20004dea:	4293      	cmp	r3, r2
20004dec:	d108      	bne.n	20004e00 <TIM_DeInit+0xa4>
20004dee:	2101      	movs	r1, #1
20004df0:	2010      	movs	r0, #16
20004df2:	f7ff fda5 	bl	20004940 <RCC_APB1PeriphResetCmd>
20004df6:	2100      	movs	r1, #0
20004df8:	2010      	movs	r0, #16
20004dfa:	f7ff fda1 	bl	20004940 <RCC_APB1PeriphResetCmd>
20004dfe:	e06e      	b.n	20004ede <TIM_DeInit+0x182>
20004e00:	687b      	ldr	r3, [r7, #4]
20004e02:	4a3e      	ldr	r2, [pc, #248]	@ (20004efc <TIM_DeInit+0x1a0>)
20004e04:	4293      	cmp	r3, r2
20004e06:	d108      	bne.n	20004e1a <TIM_DeInit+0xbe>
20004e08:	2101      	movs	r1, #1
20004e0a:	2020      	movs	r0, #32
20004e0c:	f7ff fd98 	bl	20004940 <RCC_APB1PeriphResetCmd>
20004e10:	2100      	movs	r1, #0
20004e12:	2020      	movs	r0, #32
20004e14:	f7ff fd94 	bl	20004940 <RCC_APB1PeriphResetCmd>
20004e18:	e061      	b.n	20004ede <TIM_DeInit+0x182>
20004e1a:	687b      	ldr	r3, [r7, #4]
20004e1c:	4a38      	ldr	r2, [pc, #224]	@ (20004f00 <TIM_DeInit+0x1a4>)
20004e1e:	4293      	cmp	r3, r2
20004e20:	d108      	bne.n	20004e34 <TIM_DeInit+0xd8>
20004e22:	2101      	movs	r1, #1
20004e24:	2002      	movs	r0, #2
20004e26:	f7ff fda9 	bl	2000497c <RCC_APB2PeriphResetCmd>
20004e2a:	2100      	movs	r1, #0
20004e2c:	2002      	movs	r0, #2
20004e2e:	f7ff fda5 	bl	2000497c <RCC_APB2PeriphResetCmd>
20004e32:	e054      	b.n	20004ede <TIM_DeInit+0x182>
20004e34:	687b      	ldr	r3, [r7, #4]
20004e36:	4a33      	ldr	r2, [pc, #204]	@ (20004f04 <TIM_DeInit+0x1a8>)
20004e38:	4293      	cmp	r3, r2
20004e3a:	d10a      	bne.n	20004e52 <TIM_DeInit+0xf6>
20004e3c:	2101      	movs	r1, #1
20004e3e:	f44f 3080 	mov.w	r0, #65536	@ 0x10000
20004e42:	f7ff fd9b 	bl	2000497c <RCC_APB2PeriphResetCmd>
20004e46:	2100      	movs	r1, #0
20004e48:	f44f 3080 	mov.w	r0, #65536	@ 0x10000
20004e4c:	f7ff fd96 	bl	2000497c <RCC_APB2PeriphResetCmd>
20004e50:	e045      	b.n	20004ede <TIM_DeInit+0x182>
20004e52:	687b      	ldr	r3, [r7, #4]
20004e54:	4a2c      	ldr	r2, [pc, #176]	@ (20004f08 <TIM_DeInit+0x1ac>)
20004e56:	4293      	cmp	r3, r2
20004e58:	d10a      	bne.n	20004e70 <TIM_DeInit+0x114>
20004e5a:	2101      	movs	r1, #1
20004e5c:	f44f 3000 	mov.w	r0, #131072	@ 0x20000
20004e60:	f7ff fd8c 	bl	2000497c <RCC_APB2PeriphResetCmd>
20004e64:	2100      	movs	r1, #0
20004e66:	f44f 3000 	mov.w	r0, #131072	@ 0x20000
20004e6a:	f7ff fd87 	bl	2000497c <RCC_APB2PeriphResetCmd>
20004e6e:	e036      	b.n	20004ede <TIM_DeInit+0x182>
20004e70:	687b      	ldr	r3, [r7, #4]
20004e72:	4a26      	ldr	r2, [pc, #152]	@ (20004f0c <TIM_DeInit+0x1b0>)
20004e74:	4293      	cmp	r3, r2
20004e76:	d10a      	bne.n	20004e8e <TIM_DeInit+0x132>
20004e78:	2101      	movs	r1, #1
20004e7a:	f44f 2080 	mov.w	r0, #262144	@ 0x40000
20004e7e:	f7ff fd7d 	bl	2000497c <RCC_APB2PeriphResetCmd>
20004e82:	2100      	movs	r1, #0
20004e84:	f44f 2080 	mov.w	r0, #262144	@ 0x40000
20004e88:	f7ff fd78 	bl	2000497c <RCC_APB2PeriphResetCmd>
20004e8c:	e027      	b.n	20004ede <TIM_DeInit+0x182>
20004e8e:	687b      	ldr	r3, [r7, #4]
20004e90:	4a1f      	ldr	r2, [pc, #124]	@ (20004f10 <TIM_DeInit+0x1b4>)
20004e92:	4293      	cmp	r3, r2
20004e94:	d108      	bne.n	20004ea8 <TIM_DeInit+0x14c>
20004e96:	2101      	movs	r1, #1
20004e98:	2040      	movs	r0, #64	@ 0x40
20004e9a:	f7ff fd51 	bl	20004940 <RCC_APB1PeriphResetCmd>
20004e9e:	2100      	movs	r1, #0
20004ea0:	2040      	movs	r0, #64	@ 0x40
20004ea2:	f7ff fd4d 	bl	20004940 <RCC_APB1PeriphResetCmd>
20004ea6:	e01a      	b.n	20004ede <TIM_DeInit+0x182>
20004ea8:	687b      	ldr	r3, [r7, #4]
20004eaa:	4a1a      	ldr	r2, [pc, #104]	@ (20004f14 <TIM_DeInit+0x1b8>)
20004eac:	4293      	cmp	r3, r2
20004eae:	d108      	bne.n	20004ec2 <TIM_DeInit+0x166>
20004eb0:	2101      	movs	r1, #1
20004eb2:	2080      	movs	r0, #128	@ 0x80
20004eb4:	f7ff fd44 	bl	20004940 <RCC_APB1PeriphResetCmd>
20004eb8:	2100      	movs	r1, #0
20004eba:	2080      	movs	r0, #128	@ 0x80
20004ebc:	f7ff fd40 	bl	20004940 <RCC_APB1PeriphResetCmd>
20004ec0:	e00d      	b.n	20004ede <TIM_DeInit+0x182>
20004ec2:	687b      	ldr	r3, [r7, #4]
20004ec4:	4a14      	ldr	r2, [pc, #80]	@ (20004f18 <TIM_DeInit+0x1bc>)
20004ec6:	4293      	cmp	r3, r2
20004ec8:	d109      	bne.n	20004ede <TIM_DeInit+0x182>
20004eca:	2101      	movs	r1, #1
20004ecc:	f44f 7080 	mov.w	r0, #256	@ 0x100
20004ed0:	f7ff fd36 	bl	20004940 <RCC_APB1PeriphResetCmd>
20004ed4:	2100      	movs	r1, #0
20004ed6:	f44f 7080 	mov.w	r0, #256	@ 0x100
20004eda:	f7ff fd31 	bl	20004940 <RCC_APB1PeriphResetCmd>
20004ede:	bf00      	nop
20004ee0:	3708      	adds	r7, #8
20004ee2:	46bd      	mov	sp, r7
20004ee4:	bd80      	pop	{r7, pc}
20004ee6:	bf00      	nop
20004ee8:	40010000 	.word	0x40010000
20004eec:	40000400 	.word	0x40000400
20004ef0:	40000800 	.word	0x40000800
20004ef4:	40000c00 	.word	0x40000c00
20004ef8:	40001000 	.word	0x40001000
20004efc:	40001400 	.word	0x40001400
20004f00:	40010400 	.word	0x40010400
20004f04:	40014000 	.word	0x40014000
20004f08:	40014400 	.word	0x40014400
20004f0c:	40014800 	.word	0x40014800
20004f10:	40001800 	.word	0x40001800
20004f14:	40001c00 	.word	0x40001c00
20004f18:	40002000 	.word	0x40002000

20004f1c <TIM_TimeBaseInit>:
20004f1c:	b480      	push	{r7}
20004f1e:	b085      	sub	sp, #20
20004f20:	af00      	add	r7, sp, #0
20004f22:	6078      	str	r0, [r7, #4]
20004f24:	6039      	str	r1, [r7, #0]
20004f26:	2300      	movs	r3, #0
20004f28:	81fb      	strh	r3, [r7, #14]
20004f2a:	687b      	ldr	r3, [r7, #4]
20004f2c:	881b      	ldrh	r3, [r3, #0]
20004f2e:	81fb      	strh	r3, [r7, #14]
20004f30:	687b      	ldr	r3, [r7, #4]
20004f32:	4a28      	ldr	r2, [pc, #160]	@ (20004fd4 <TIM_TimeBaseInit+0xb8>)
20004f34:	4293      	cmp	r3, r2
20004f36:	d013      	beq.n	20004f60 <TIM_TimeBaseInit+0x44>
20004f38:	687b      	ldr	r3, [r7, #4]
20004f3a:	4a27      	ldr	r2, [pc, #156]	@ (20004fd8 <TIM_TimeBaseInit+0xbc>)
20004f3c:	4293      	cmp	r3, r2
20004f3e:	d00f      	beq.n	20004f60 <TIM_TimeBaseInit+0x44>
20004f40:	687b      	ldr	r3, [r7, #4]
20004f42:	f1b3 4f80 	cmp.w	r3, #1073741824	@ 0x40000000
20004f46:	d00b      	beq.n	20004f60 <TIM_TimeBaseInit+0x44>
20004f48:	687b      	ldr	r3, [r7, #4]
20004f4a:	4a24      	ldr	r2, [pc, #144]	@ (20004fdc <TIM_TimeBaseInit+0xc0>)
20004f4c:	4293      	cmp	r3, r2
20004f4e:	d007      	beq.n	20004f60 <TIM_TimeBaseInit+0x44>
20004f50:	687b      	ldr	r3, [r7, #4]
20004f52:	4a23      	ldr	r2, [pc, #140]	@ (20004fe0 <TIM_TimeBaseInit+0xc4>)
20004f54:	4293      	cmp	r3, r2
20004f56:	d003      	beq.n	20004f60 <TIM_TimeBaseInit+0x44>
20004f58:	687b      	ldr	r3, [r7, #4]
20004f5a:	4a22      	ldr	r2, [pc, #136]	@ (20004fe4 <TIM_TimeBaseInit+0xc8>)
20004f5c:	4293      	cmp	r3, r2
20004f5e:	d108      	bne.n	20004f72 <TIM_TimeBaseInit+0x56>
20004f60:	89fb      	ldrh	r3, [r7, #14]
20004f62:	f023 0370 	bic.w	r3, r3, #112	@ 0x70
20004f66:	81fb      	strh	r3, [r7, #14]
20004f68:	683b      	ldr	r3, [r7, #0]
20004f6a:	885a      	ldrh	r2, [r3, #2]
20004f6c:	89fb      	ldrh	r3, [r7, #14]
20004f6e:	4313      	orrs	r3, r2
20004f70:	81fb      	strh	r3, [r7, #14]
20004f72:	687b      	ldr	r3, [r7, #4]
20004f74:	4a1c      	ldr	r2, [pc, #112]	@ (20004fe8 <TIM_TimeBaseInit+0xcc>)
20004f76:	4293      	cmp	r3, r2
20004f78:	d00c      	beq.n	20004f94 <TIM_TimeBaseInit+0x78>
20004f7a:	687b      	ldr	r3, [r7, #4]
20004f7c:	4a1b      	ldr	r2, [pc, #108]	@ (20004fec <TIM_TimeBaseInit+0xd0>)
20004f7e:	4293      	cmp	r3, r2
20004f80:	d008      	beq.n	20004f94 <TIM_TimeBaseInit+0x78>
20004f82:	89fb      	ldrh	r3, [r7, #14]
20004f84:	f423 7340 	bic.w	r3, r3, #768	@ 0x300
20004f88:	81fb      	strh	r3, [r7, #14]
20004f8a:	683b      	ldr	r3, [r7, #0]
20004f8c:	891a      	ldrh	r2, [r3, #8]
20004f8e:	89fb      	ldrh	r3, [r7, #14]
20004f90:	4313      	orrs	r3, r2
20004f92:	81fb      	strh	r3, [r7, #14]
20004f94:	687b      	ldr	r3, [r7, #4]
20004f96:	89fa      	ldrh	r2, [r7, #14]
20004f98:	801a      	strh	r2, [r3, #0]
20004f9a:	683b      	ldr	r3, [r7, #0]
20004f9c:	685a      	ldr	r2, [r3, #4]
20004f9e:	687b      	ldr	r3, [r7, #4]
20004fa0:	62da      	str	r2, [r3, #44]	@ 0x2c
20004fa2:	683b      	ldr	r3, [r7, #0]
20004fa4:	881a      	ldrh	r2, [r3, #0]
20004fa6:	687b      	ldr	r3, [r7, #4]
20004fa8:	851a      	strh	r2, [r3, #40]	@ 0x28
20004faa:	687b      	ldr	r3, [r7, #4]
20004fac:	4a09      	ldr	r2, [pc, #36]	@ (20004fd4 <TIM_TimeBaseInit+0xb8>)
20004fae:	4293      	cmp	r3, r2
20004fb0:	d003      	beq.n	20004fba <TIM_TimeBaseInit+0x9e>
20004fb2:	687b      	ldr	r3, [r7, #4]
20004fb4:	4a08      	ldr	r2, [pc, #32]	@ (20004fd8 <TIM_TimeBaseInit+0xbc>)
20004fb6:	4293      	cmp	r3, r2
20004fb8:	d104      	bne.n	20004fc4 <TIM_TimeBaseInit+0xa8>
20004fba:	683b      	ldr	r3, [r7, #0]
20004fbc:	7a9b      	ldrb	r3, [r3, #10]
20004fbe:	461a      	mov	r2, r3
20004fc0:	687b      	ldr	r3, [r7, #4]
20004fc2:	861a      	strh	r2, [r3, #48]	@ 0x30
20004fc4:	687b      	ldr	r3, [r7, #4]
20004fc6:	2201      	movs	r2, #1
20004fc8:	829a      	strh	r2, [r3, #20]
20004fca:	bf00      	nop
20004fcc:	3714      	adds	r7, #20
20004fce:	46bd      	mov	sp, r7
20004fd0:	bc80      	pop	{r7}
20004fd2:	4770      	bx	lr
20004fd4:	40010000 	.word	0x40010000
20004fd8:	40010400 	.word	0x40010400
20004fdc:	40000400 	.word	0x40000400
20004fe0:	40000800 	.word	0x40000800
20004fe4:	40000c00 	.word	0x40000c00
20004fe8:	40001000 	.word	0x40001000
20004fec:	40001400 	.word	0x40001400

20004ff0 <TIM_TimeBaseStructInit>:
20004ff0:	b480      	push	{r7}
20004ff2:	b083      	sub	sp, #12
20004ff4:	af00      	add	r7, sp, #0
20004ff6:	6078      	str	r0, [r7, #4]
20004ff8:	687b      	ldr	r3, [r7, #4]
20004ffa:	f04f 32ff 	mov.w	r2, #4294967295	@ 0xffffffff
20004ffe:	605a      	str	r2, [r3, #4]
20005000:	687b      	ldr	r3, [r7, #4]
20005002:	2200      	movs	r2, #0
20005004:	801a      	strh	r2, [r3, #0]
20005006:	687b      	ldr	r3, [r7, #4]
20005008:	2200      	movs	r2, #0
2000500a:	811a      	strh	r2, [r3, #8]
2000500c:	687b      	ldr	r3, [r7, #4]
2000500e:	2200      	movs	r2, #0
20005010:	805a      	strh	r2, [r3, #2]
20005012:	687b      	ldr	r3, [r7, #4]
20005014:	2200      	movs	r2, #0
20005016:	729a      	strb	r2, [r3, #10]
20005018:	bf00      	nop
2000501a:	370c      	adds	r7, #12
2000501c:	46bd      	mov	sp, r7
2000501e:	bc80      	pop	{r7}
20005020:	4770      	bx	lr

20005022 <TIM_PrescalerConfig>:
20005022:	b480      	push	{r7}
20005024:	b083      	sub	sp, #12
20005026:	af00      	add	r7, sp, #0
20005028:	6078      	str	r0, [r7, #4]
2000502a:	460b      	mov	r3, r1
2000502c:	807b      	strh	r3, [r7, #2]
2000502e:	4613      	mov	r3, r2
20005030:	803b      	strh	r3, [r7, #0]
20005032:	687b      	ldr	r3, [r7, #4]
20005034:	887a      	ldrh	r2, [r7, #2]
20005036:	851a      	strh	r2, [r3, #40]	@ 0x28
20005038:	687b      	ldr	r3, [r7, #4]
2000503a:	883a      	ldrh	r2, [r7, #0]
2000503c:	829a      	strh	r2, [r3, #20]
2000503e:	bf00      	nop
20005040:	370c      	adds	r7, #12
20005042:	46bd      	mov	sp, r7
20005044:	bc80      	pop	{r7}
20005046:	4770      	bx	lr

20005048 <TIM_CounterModeConfig>:
20005048:	b480      	push	{r7}
2000504a:	b085      	sub	sp, #20
2000504c:	af00      	add	r7, sp, #0
2000504e:	6078      	str	r0, [r7, #4]
20005050:	460b      	mov	r3, r1
20005052:	807b      	strh	r3, [r7, #2]
20005054:	2300      	movs	r3, #0
20005056:	81fb      	strh	r3, [r7, #14]
20005058:	687b      	ldr	r3, [r7, #4]
2000505a:	881b      	ldrh	r3, [r3, #0]
2000505c:	81fb      	strh	r3, [r7, #14]
2000505e:	89fb      	ldrh	r3, [r7, #14]
20005060:	f023 0370 	bic.w	r3, r3, #112	@ 0x70
20005064:	81fb      	strh	r3, [r7, #14]
20005066:	89fa      	ldrh	r2, [r7, #14]
20005068:	887b      	ldrh	r3, [r7, #2]
2000506a:	4313      	orrs	r3, r2
2000506c:	81fb      	strh	r3, [r7, #14]
2000506e:	687b      	ldr	r3, [r7, #4]
20005070:	89fa      	ldrh	r2, [r7, #14]
20005072:	801a      	strh	r2, [r3, #0]
20005074:	bf00      	nop
20005076:	3714      	adds	r7, #20
20005078:	46bd      	mov	sp, r7
2000507a:	bc80      	pop	{r7}
2000507c:	4770      	bx	lr

2000507e <TIM_SetCounter>:
2000507e:	b480      	push	{r7}
20005080:	b083      	sub	sp, #12
20005082:	af00      	add	r7, sp, #0
20005084:	6078      	str	r0, [r7, #4]
20005086:	6039      	str	r1, [r7, #0]
20005088:	687b      	ldr	r3, [r7, #4]
2000508a:	683a      	ldr	r2, [r7, #0]
2000508c:	625a      	str	r2, [r3, #36]	@ 0x24
2000508e:	bf00      	nop
20005090:	370c      	adds	r7, #12
20005092:	46bd      	mov	sp, r7
20005094:	bc80      	pop	{r7}
20005096:	4770      	bx	lr

20005098 <TIM_SetAutoreload>:
20005098:	b480      	push	{r7}
2000509a:	b083      	sub	sp, #12
2000509c:	af00      	add	r7, sp, #0
2000509e:	6078      	str	r0, [r7, #4]
200050a0:	6039      	str	r1, [r7, #0]
200050a2:	687b      	ldr	r3, [r7, #4]
200050a4:	683a      	ldr	r2, [r7, #0]
200050a6:	62da      	str	r2, [r3, #44]	@ 0x2c
200050a8:	bf00      	nop
200050aa:	370c      	adds	r7, #12
200050ac:	46bd      	mov	sp, r7
200050ae:	bc80      	pop	{r7}
200050b0:	4770      	bx	lr

200050b2 <TIM_GetCounter>:
200050b2:	b480      	push	{r7}
200050b4:	b083      	sub	sp, #12
200050b6:	af00      	add	r7, sp, #0
200050b8:	6078      	str	r0, [r7, #4]
200050ba:	687b      	ldr	r3, [r7, #4]
200050bc:	6a5b      	ldr	r3, [r3, #36]	@ 0x24
200050be:	4618      	mov	r0, r3
200050c0:	370c      	adds	r7, #12
200050c2:	46bd      	mov	sp, r7
200050c4:	bc80      	pop	{r7}
200050c6:	4770      	bx	lr

200050c8 <TIM_GetPrescaler>:
200050c8:	b480      	push	{r7}
200050ca:	b083      	sub	sp, #12
200050cc:	af00      	add	r7, sp, #0
200050ce:	6078      	str	r0, [r7, #4]
200050d0:	687b      	ldr	r3, [r7, #4]
200050d2:	8d1b      	ldrh	r3, [r3, #40]	@ 0x28
200050d4:	b29b      	uxth	r3, r3
200050d6:	4618      	mov	r0, r3
200050d8:	370c      	adds	r7, #12
200050da:	46bd      	mov	sp, r7
200050dc:	bc80      	pop	{r7}
200050de:	4770      	bx	lr

200050e0 <TIM_UpdateDisableConfig>:
200050e0:	b480      	push	{r7}
200050e2:	b083      	sub	sp, #12
200050e4:	af00      	add	r7, sp, #0
200050e6:	6078      	str	r0, [r7, #4]
200050e8:	460b      	mov	r3, r1
200050ea:	70fb      	strb	r3, [r7, #3]
200050ec:	78fb      	ldrb	r3, [r7, #3]
200050ee:	2b00      	cmp	r3, #0
200050f0:	d008      	beq.n	20005104 <TIM_UpdateDisableConfig+0x24>
200050f2:	687b      	ldr	r3, [r7, #4]
200050f4:	881b      	ldrh	r3, [r3, #0]
200050f6:	b29b      	uxth	r3, r3
200050f8:	f043 0302 	orr.w	r3, r3, #2
200050fc:	b29a      	uxth	r2, r3
200050fe:	687b      	ldr	r3, [r7, #4]
20005100:	801a      	strh	r2, [r3, #0]
20005102:	e007      	b.n	20005114 <TIM_UpdateDisableConfig+0x34>
20005104:	687b      	ldr	r3, [r7, #4]
20005106:	881b      	ldrh	r3, [r3, #0]
20005108:	b29b      	uxth	r3, r3
2000510a:	f023 0302 	bic.w	r3, r3, #2
2000510e:	b29a      	uxth	r2, r3
20005110:	687b      	ldr	r3, [r7, #4]
20005112:	801a      	strh	r2, [r3, #0]
20005114:	bf00      	nop
20005116:	370c      	adds	r7, #12
20005118:	46bd      	mov	sp, r7
2000511a:	bc80      	pop	{r7}
2000511c:	4770      	bx	lr

2000511e <TIM_UpdateRequestConfig>:
2000511e:	b480      	push	{r7}
20005120:	b083      	sub	sp, #12
20005122:	af00      	add	r7, sp, #0
20005124:	6078      	str	r0, [r7, #4]
20005126:	460b      	mov	r3, r1
20005128:	807b      	strh	r3, [r7, #2]
2000512a:	887b      	ldrh	r3, [r7, #2]
2000512c:	2b00      	cmp	r3, #0
2000512e:	d008      	beq.n	20005142 <TIM_UpdateRequestConfig+0x24>
20005130:	687b      	ldr	r3, [r7, #4]
20005132:	881b      	ldrh	r3, [r3, #0]
20005134:	b29b      	uxth	r3, r3
20005136:	f043 0304 	orr.w	r3, r3, #4
2000513a:	b29a      	uxth	r2, r3
2000513c:	687b      	ldr	r3, [r7, #4]
2000513e:	801a      	strh	r2, [r3, #0]
20005140:	e007      	b.n	20005152 <TIM_UpdateRequestConfig+0x34>
20005142:	687b      	ldr	r3, [r7, #4]
20005144:	881b      	ldrh	r3, [r3, #0]
20005146:	b29b      	uxth	r3, r3
20005148:	f023 0304 	bic.w	r3, r3, #4
2000514c:	b29a      	uxth	r2, r3
2000514e:	687b      	ldr	r3, [r7, #4]
20005150:	801a      	strh	r2, [r3, #0]
20005152:	bf00      	nop
20005154:	370c      	adds	r7, #12
20005156:	46bd      	mov	sp, r7
20005158:	bc80      	pop	{r7}
2000515a:	4770      	bx	lr

2000515c <TIM_ARRPreloadConfig>:
2000515c:	b480      	push	{r7}
2000515e:	b083      	sub	sp, #12
20005160:	af00      	add	r7, sp, #0
20005162:	6078      	str	r0, [r7, #4]
20005164:	460b      	mov	r3, r1
20005166:	70fb      	strb	r3, [r7, #3]
20005168:	78fb      	ldrb	r3, [r7, #3]
2000516a:	2b00      	cmp	r3, #0
2000516c:	d008      	beq.n	20005180 <TIM_ARRPreloadConfig+0x24>
2000516e:	687b      	ldr	r3, [r7, #4]
20005170:	881b      	ldrh	r3, [r3, #0]
20005172:	b29b      	uxth	r3, r3
20005174:	f043 0380 	orr.w	r3, r3, #128	@ 0x80
20005178:	b29a      	uxth	r2, r3
2000517a:	687b      	ldr	r3, [r7, #4]
2000517c:	801a      	strh	r2, [r3, #0]
2000517e:	e007      	b.n	20005190 <TIM_ARRPreloadConfig+0x34>
20005180:	687b      	ldr	r3, [r7, #4]
20005182:	881b      	ldrh	r3, [r3, #0]
20005184:	b29b      	uxth	r3, r3
20005186:	f023 0380 	bic.w	r3, r3, #128	@ 0x80
2000518a:	b29a      	uxth	r2, r3
2000518c:	687b      	ldr	r3, [r7, #4]
2000518e:	801a      	strh	r2, [r3, #0]
20005190:	bf00      	nop
20005192:	370c      	adds	r7, #12
20005194:	46bd      	mov	sp, r7
20005196:	bc80      	pop	{r7}
20005198:	4770      	bx	lr

2000519a <TIM_SelectOnePulseMode>:
2000519a:	b480      	push	{r7}
2000519c:	b083      	sub	sp, #12
2000519e:	af00      	add	r7, sp, #0
200051a0:	6078      	str	r0, [r7, #4]
200051a2:	460b      	mov	r3, r1
200051a4:	807b      	strh	r3, [r7, #2]
200051a6:	687b      	ldr	r3, [r7, #4]
200051a8:	881b      	ldrh	r3, [r3, #0]
200051aa:	b29b      	uxth	r3, r3
200051ac:	f023 0308 	bic.w	r3, r3, #8
200051b0:	b29a      	uxth	r2, r3
200051b2:	687b      	ldr	r3, [r7, #4]
200051b4:	801a      	strh	r2, [r3, #0]
200051b6:	687b      	ldr	r3, [r7, #4]
200051b8:	881b      	ldrh	r3, [r3, #0]
200051ba:	b29a      	uxth	r2, r3
200051bc:	887b      	ldrh	r3, [r7, #2]
200051be:	4313      	orrs	r3, r2
200051c0:	b29a      	uxth	r2, r3
200051c2:	687b      	ldr	r3, [r7, #4]
200051c4:	801a      	strh	r2, [r3, #0]
200051c6:	bf00      	nop
200051c8:	370c      	adds	r7, #12
200051ca:	46bd      	mov	sp, r7
200051cc:	bc80      	pop	{r7}
200051ce:	4770      	bx	lr

200051d0 <TIM_SetClockDivision>:
200051d0:	b480      	push	{r7}
200051d2:	b083      	sub	sp, #12
200051d4:	af00      	add	r7, sp, #0
200051d6:	6078      	str	r0, [r7, #4]
200051d8:	460b      	mov	r3, r1
200051da:	807b      	strh	r3, [r7, #2]
200051dc:	687b      	ldr	r3, [r7, #4]
200051de:	881b      	ldrh	r3, [r3, #0]
200051e0:	b29b      	uxth	r3, r3
200051e2:	f423 7340 	bic.w	r3, r3, #768	@ 0x300
200051e6:	b29a      	uxth	r2, r3
200051e8:	687b      	ldr	r3, [r7, #4]
200051ea:	801a      	strh	r2, [r3, #0]
200051ec:	687b      	ldr	r3, [r7, #4]
200051ee:	881b      	ldrh	r3, [r3, #0]
200051f0:	b29a      	uxth	r2, r3
200051f2:	887b      	ldrh	r3, [r7, #2]
200051f4:	4313      	orrs	r3, r2
200051f6:	b29a      	uxth	r2, r3
200051f8:	687b      	ldr	r3, [r7, #4]
200051fa:	801a      	strh	r2, [r3, #0]
200051fc:	bf00      	nop
200051fe:	370c      	adds	r7, #12
20005200:	46bd      	mov	sp, r7
20005202:	bc80      	pop	{r7}
20005204:	4770      	bx	lr

20005206 <TIM_Cmd>:
20005206:	b480      	push	{r7}
20005208:	b083      	sub	sp, #12
2000520a:	af00      	add	r7, sp, #0
2000520c:	6078      	str	r0, [r7, #4]
2000520e:	460b      	mov	r3, r1
20005210:	70fb      	strb	r3, [r7, #3]
20005212:	78fb      	ldrb	r3, [r7, #3]
20005214:	2b00      	cmp	r3, #0
20005216:	d008      	beq.n	2000522a <TIM_Cmd+0x24>
20005218:	687b      	ldr	r3, [r7, #4]
2000521a:	881b      	ldrh	r3, [r3, #0]
2000521c:	b29b      	uxth	r3, r3
2000521e:	f043 0301 	orr.w	r3, r3, #1
20005222:	b29a      	uxth	r2, r3
20005224:	687b      	ldr	r3, [r7, #4]
20005226:	801a      	strh	r2, [r3, #0]
20005228:	e007      	b.n	2000523a <TIM_Cmd+0x34>
2000522a:	687b      	ldr	r3, [r7, #4]
2000522c:	881b      	ldrh	r3, [r3, #0]
2000522e:	b29b      	uxth	r3, r3
20005230:	f023 0301 	bic.w	r3, r3, #1
20005234:	b29a      	uxth	r2, r3
20005236:	687b      	ldr	r3, [r7, #4]
20005238:	801a      	strh	r2, [r3, #0]
2000523a:	bf00      	nop
2000523c:	370c      	adds	r7, #12
2000523e:	46bd      	mov	sp, r7
20005240:	bc80      	pop	{r7}
20005242:	4770      	bx	lr

20005244 <TIM_OC1Init>:
20005244:	b480      	push	{r7}
20005246:	b085      	sub	sp, #20
20005248:	af00      	add	r7, sp, #0
2000524a:	6078      	str	r0, [r7, #4]
2000524c:	6039      	str	r1, [r7, #0]
2000524e:	2300      	movs	r3, #0
20005250:	817b      	strh	r3, [r7, #10]
20005252:	2300      	movs	r3, #0
20005254:	81fb      	strh	r3, [r7, #14]
20005256:	2300      	movs	r3, #0
20005258:	81bb      	strh	r3, [r7, #12]
2000525a:	687b      	ldr	r3, [r7, #4]
2000525c:	8c1b      	ldrh	r3, [r3, #32]
2000525e:	b29b      	uxth	r3, r3
20005260:	f023 0301 	bic.w	r3, r3, #1
20005264:	b29a      	uxth	r2, r3
20005266:	687b      	ldr	r3, [r7, #4]
20005268:	841a      	strh	r2, [r3, #32]
2000526a:	687b      	ldr	r3, [r7, #4]
2000526c:	8c1b      	ldrh	r3, [r3, #32]
2000526e:	81fb      	strh	r3, [r7, #14]
20005270:	687b      	ldr	r3, [r7, #4]
20005272:	889b      	ldrh	r3, [r3, #4]
20005274:	81bb      	strh	r3, [r7, #12]
20005276:	687b      	ldr	r3, [r7, #4]
20005278:	8b1b      	ldrh	r3, [r3, #24]
2000527a:	817b      	strh	r3, [r7, #10]
2000527c:	897b      	ldrh	r3, [r7, #10]
2000527e:	f023 0370 	bic.w	r3, r3, #112	@ 0x70
20005282:	817b      	strh	r3, [r7, #10]
20005284:	897b      	ldrh	r3, [r7, #10]
20005286:	f023 0303 	bic.w	r3, r3, #3
2000528a:	817b      	strh	r3, [r7, #10]
2000528c:	683b      	ldr	r3, [r7, #0]
2000528e:	881a      	ldrh	r2, [r3, #0]
20005290:	897b      	ldrh	r3, [r7, #10]
20005292:	4313      	orrs	r3, r2
20005294:	817b      	strh	r3, [r7, #10]
20005296:	89fb      	ldrh	r3, [r7, #14]
20005298:	f023 0302 	bic.w	r3, r3, #2
2000529c:	81fb      	strh	r3, [r7, #14]
2000529e:	683b      	ldr	r3, [r7, #0]
200052a0:	899a      	ldrh	r2, [r3, #12]
200052a2:	89fb      	ldrh	r3, [r7, #14]
200052a4:	4313      	orrs	r3, r2
200052a6:	81fb      	strh	r3, [r7, #14]
200052a8:	683b      	ldr	r3, [r7, #0]
200052aa:	885a      	ldrh	r2, [r3, #2]
200052ac:	89fb      	ldrh	r3, [r7, #14]
200052ae:	4313      	orrs	r3, r2
200052b0:	81fb      	strh	r3, [r7, #14]
200052b2:	687b      	ldr	r3, [r7, #4]
200052b4:	4a1e      	ldr	r2, [pc, #120]	@ (20005330 <TIM_OC1Init+0xec>)
200052b6:	4293      	cmp	r3, r2
200052b8:	d003      	beq.n	200052c2 <TIM_OC1Init+0x7e>
200052ba:	687b      	ldr	r3, [r7, #4]
200052bc:	4a1d      	ldr	r2, [pc, #116]	@ (20005334 <TIM_OC1Init+0xf0>)
200052be:	4293      	cmp	r3, r2
200052c0:	d123      	bne.n	2000530a <TIM_OC1Init+0xc6>
200052c2:	89fb      	ldrh	r3, [r7, #14]
200052c4:	f023 0308 	bic.w	r3, r3, #8
200052c8:	81fb      	strh	r3, [r7, #14]
200052ca:	683b      	ldr	r3, [r7, #0]
200052cc:	89da      	ldrh	r2, [r3, #14]
200052ce:	89fb      	ldrh	r3, [r7, #14]
200052d0:	4313      	orrs	r3, r2
200052d2:	81fb      	strh	r3, [r7, #14]
200052d4:	89fb      	ldrh	r3, [r7, #14]
200052d6:	f023 0304 	bic.w	r3, r3, #4
200052da:	81fb      	strh	r3, [r7, #14]
200052dc:	683b      	ldr	r3, [r7, #0]
200052de:	889a      	ldrh	r2, [r3, #4]
200052e0:	89fb      	ldrh	r3, [r7, #14]
200052e2:	4313      	orrs	r3, r2
200052e4:	81fb      	strh	r3, [r7, #14]
200052e6:	89bb      	ldrh	r3, [r7, #12]
200052e8:	f423 7380 	bic.w	r3, r3, #256	@ 0x100
200052ec:	81bb      	strh	r3, [r7, #12]
200052ee:	89bb      	ldrh	r3, [r7, #12]
200052f0:	f423 7300 	bic.w	r3, r3, #512	@ 0x200
200052f4:	81bb      	strh	r3, [r7, #12]
200052f6:	683b      	ldr	r3, [r7, #0]
200052f8:	8a1a      	ldrh	r2, [r3, #16]
200052fa:	89bb      	ldrh	r3, [r7, #12]
200052fc:	4313      	orrs	r3, r2
200052fe:	81bb      	strh	r3, [r7, #12]
20005300:	683b      	ldr	r3, [r7, #0]
20005302:	8a5a      	ldrh	r2, [r3, #18]
20005304:	89bb      	ldrh	r3, [r7, #12]
20005306:	4313      	orrs	r3, r2
20005308:	81bb      	strh	r3, [r7, #12]
2000530a:	687b      	ldr	r3, [r7, #4]
2000530c:	89ba      	ldrh	r2, [r7, #12]
2000530e:	809a      	strh	r2, [r3, #4]
20005310:	687b      	ldr	r3, [r7, #4]
20005312:	897a      	ldrh	r2, [r7, #10]
20005314:	831a      	strh	r2, [r3, #24]
20005316:	683b      	ldr	r3, [r7, #0]
20005318:	689a      	ldr	r2, [r3, #8]
2000531a:	687b      	ldr	r3, [r7, #4]
2000531c:	635a      	str	r2, [r3, #52]	@ 0x34
2000531e:	687b      	ldr	r3, [r7, #4]
20005320:	89fa      	ldrh	r2, [r7, #14]
20005322:	841a      	strh	r2, [r3, #32]
20005324:	bf00      	nop
20005326:	3714      	adds	r7, #20
20005328:	46bd      	mov	sp, r7
2000532a:	bc80      	pop	{r7}
2000532c:	4770      	bx	lr
2000532e:	bf00      	nop
20005330:	40010000 	.word	0x40010000
20005334:	40010400 	.word	0x40010400

20005338 <TIM_OC2Init>:
20005338:	b480      	push	{r7}
2000533a:	b085      	sub	sp, #20
2000533c:	af00      	add	r7, sp, #0
2000533e:	6078      	str	r0, [r7, #4]
20005340:	6039      	str	r1, [r7, #0]
20005342:	2300      	movs	r3, #0
20005344:	817b      	strh	r3, [r7, #10]
20005346:	2300      	movs	r3, #0
20005348:	81fb      	strh	r3, [r7, #14]
2000534a:	2300      	movs	r3, #0
2000534c:	81bb      	strh	r3, [r7, #12]
2000534e:	687b      	ldr	r3, [r7, #4]
20005350:	8c1b      	ldrh	r3, [r3, #32]
20005352:	b29b      	uxth	r3, r3
20005354:	f023 0310 	bic.w	r3, r3, #16
20005358:	b29a      	uxth	r2, r3
2000535a:	687b      	ldr	r3, [r7, #4]
2000535c:	841a      	strh	r2, [r3, #32]
2000535e:	687b      	ldr	r3, [r7, #4]
20005360:	8c1b      	ldrh	r3, [r3, #32]
20005362:	81fb      	strh	r3, [r7, #14]
20005364:	687b      	ldr	r3, [r7, #4]
20005366:	889b      	ldrh	r3, [r3, #4]
20005368:	81bb      	strh	r3, [r7, #12]
2000536a:	687b      	ldr	r3, [r7, #4]
2000536c:	8b1b      	ldrh	r3, [r3, #24]
2000536e:	817b      	strh	r3, [r7, #10]
20005370:	897b      	ldrh	r3, [r7, #10]
20005372:	f423 43e0 	bic.w	r3, r3, #28672	@ 0x7000
20005376:	817b      	strh	r3, [r7, #10]
20005378:	897b      	ldrh	r3, [r7, #10]
2000537a:	f423 7340 	bic.w	r3, r3, #768	@ 0x300
2000537e:	817b      	strh	r3, [r7, #10]
20005380:	683b      	ldr	r3, [r7, #0]
20005382:	881b      	ldrh	r3, [r3, #0]
20005384:	021b      	lsls	r3, r3, #8
20005386:	b29a      	uxth	r2, r3
20005388:	897b      	ldrh	r3, [r7, #10]
2000538a:	4313      	orrs	r3, r2
2000538c:	817b      	strh	r3, [r7, #10]
2000538e:	89fb      	ldrh	r3, [r7, #14]
20005390:	f023 0320 	bic.w	r3, r3, #32
20005394:	81fb      	strh	r3, [r7, #14]
20005396:	683b      	ldr	r3, [r7, #0]
20005398:	899b      	ldrh	r3, [r3, #12]
2000539a:	011b      	lsls	r3, r3, #4
2000539c:	b29a      	uxth	r2, r3
2000539e:	89fb      	ldrh	r3, [r7, #14]
200053a0:	4313      	orrs	r3, r2
200053a2:	81fb      	strh	r3, [r7, #14]
200053a4:	683b      	ldr	r3, [r7, #0]
200053a6:	885b      	ldrh	r3, [r3, #2]
200053a8:	011b      	lsls	r3, r3, #4
200053aa:	b29a      	uxth	r2, r3
200053ac:	89fb      	ldrh	r3, [r7, #14]
200053ae:	4313      	orrs	r3, r2
200053b0:	81fb      	strh	r3, [r7, #14]
200053b2:	687b      	ldr	r3, [r7, #4]
200053b4:	4a22      	ldr	r2, [pc, #136]	@ (20005440 <TIM_OC2Init+0x108>)
200053b6:	4293      	cmp	r3, r2
200053b8:	d003      	beq.n	200053c2 <TIM_OC2Init+0x8a>
200053ba:	687b      	ldr	r3, [r7, #4]
200053bc:	4a21      	ldr	r2, [pc, #132]	@ (20005444 <TIM_OC2Init+0x10c>)
200053be:	4293      	cmp	r3, r2
200053c0:	d12b      	bne.n	2000541a <TIM_OC2Init+0xe2>
200053c2:	89fb      	ldrh	r3, [r7, #14]
200053c4:	f023 0380 	bic.w	r3, r3, #128	@ 0x80
200053c8:	81fb      	strh	r3, [r7, #14]
200053ca:	683b      	ldr	r3, [r7, #0]
200053cc:	89db      	ldrh	r3, [r3, #14]
200053ce:	011b      	lsls	r3, r3, #4
200053d0:	b29a      	uxth	r2, r3
200053d2:	89fb      	ldrh	r3, [r7, #14]
200053d4:	4313      	orrs	r3, r2
200053d6:	81fb      	strh	r3, [r7, #14]
200053d8:	89fb      	ldrh	r3, [r7, #14]
200053da:	f023 0340 	bic.w	r3, r3, #64	@ 0x40
200053de:	81fb      	strh	r3, [r7, #14]
200053e0:	683b      	ldr	r3, [r7, #0]
200053e2:	889b      	ldrh	r3, [r3, #4]
200053e4:	011b      	lsls	r3, r3, #4
200053e6:	b29a      	uxth	r2, r3
200053e8:	89fb      	ldrh	r3, [r7, #14]
200053ea:	4313      	orrs	r3, r2
200053ec:	81fb      	strh	r3, [r7, #14]
200053ee:	89bb      	ldrh	r3, [r7, #12]
200053f0:	f423 6380 	bic.w	r3, r3, #1024	@ 0x400
200053f4:	81bb      	strh	r3, [r7, #12]
200053f6:	89bb      	ldrh	r3, [r7, #12]
200053f8:	f423 6300 	bic.w	r3, r3, #2048	@ 0x800
200053fc:	81bb      	strh	r3, [r7, #12]
200053fe:	683b      	ldr	r3, [r7, #0]
20005400:	8a1b      	ldrh	r3, [r3, #16]
20005402:	009b      	lsls	r3, r3, #2
20005404:	b29a      	uxth	r2, r3
20005406:	89bb      	ldrh	r3, [r7, #12]
20005408:	4313      	orrs	r3, r2
2000540a:	81bb      	strh	r3, [r7, #12]
2000540c:	683b      	ldr	r3, [r7, #0]
2000540e:	8a5b      	ldrh	r3, [r3, #18]
20005410:	009b      	lsls	r3, r3, #2
20005412:	b29a      	uxth	r2, r3
20005414:	89bb      	ldrh	r3, [r7, #12]
20005416:	4313      	orrs	r3, r2
20005418:	81bb      	strh	r3, [r7, #12]
2000541a:	687b      	ldr	r3, [r7, #4]
2000541c:	89ba      	ldrh	r2, [r7, #12]
2000541e:	809a      	strh	r2, [r3, #4]
20005420:	687b      	ldr	r3, [r7, #4]
20005422:	897a      	ldrh	r2, [r7, #10]
20005424:	831a      	strh	r2, [r3, #24]
20005426:	683b      	ldr	r3, [r7, #0]
20005428:	689a      	ldr	r2, [r3, #8]
2000542a:	687b      	ldr	r3, [r7, #4]
2000542c:	639a      	str	r2, [r3, #56]	@ 0x38
2000542e:	687b      	ldr	r3, [r7, #4]
20005430:	89fa      	ldrh	r2, [r7, #14]
20005432:	841a      	strh	r2, [r3, #32]
20005434:	bf00      	nop
20005436:	3714      	adds	r7, #20
20005438:	46bd      	mov	sp, r7
2000543a:	bc80      	pop	{r7}
2000543c:	4770      	bx	lr
2000543e:	bf00      	nop
20005440:	40010000 	.word	0x40010000
20005444:	40010400 	.word	0x40010400

20005448 <TIM_OC3Init>:
20005448:	b480      	push	{r7}
2000544a:	b085      	sub	sp, #20
2000544c:	af00      	add	r7, sp, #0
2000544e:	6078      	str	r0, [r7, #4]
20005450:	6039      	str	r1, [r7, #0]
20005452:	2300      	movs	r3, #0
20005454:	817b      	strh	r3, [r7, #10]
20005456:	2300      	movs	r3, #0
20005458:	81fb      	strh	r3, [r7, #14]
2000545a:	2300      	movs	r3, #0
2000545c:	81bb      	strh	r3, [r7, #12]
2000545e:	687b      	ldr	r3, [r7, #4]
20005460:	8c1b      	ldrh	r3, [r3, #32]
20005462:	b29b      	uxth	r3, r3
20005464:	f423 7380 	bic.w	r3, r3, #256	@ 0x100
20005468:	b29a      	uxth	r2, r3
2000546a:	687b      	ldr	r3, [r7, #4]
2000546c:	841a      	strh	r2, [r3, #32]
2000546e:	687b      	ldr	r3, [r7, #4]
20005470:	8c1b      	ldrh	r3, [r3, #32]
20005472:	81fb      	strh	r3, [r7, #14]
20005474:	687b      	ldr	r3, [r7, #4]
20005476:	889b      	ldrh	r3, [r3, #4]
20005478:	81bb      	strh	r3, [r7, #12]
2000547a:	687b      	ldr	r3, [r7, #4]
2000547c:	8b9b      	ldrh	r3, [r3, #28]
2000547e:	817b      	strh	r3, [r7, #10]
20005480:	897b      	ldrh	r3, [r7, #10]
20005482:	f023 0370 	bic.w	r3, r3, #112	@ 0x70
20005486:	817b      	strh	r3, [r7, #10]
20005488:	897b      	ldrh	r3, [r7, #10]
2000548a:	f023 0303 	bic.w	r3, r3, #3
2000548e:	817b      	strh	r3, [r7, #10]
20005490:	683b      	ldr	r3, [r7, #0]
20005492:	881a      	ldrh	r2, [r3, #0]
20005494:	897b      	ldrh	r3, [r7, #10]
20005496:	4313      	orrs	r3, r2
20005498:	817b      	strh	r3, [r7, #10]
2000549a:	89fb      	ldrh	r3, [r7, #14]
2000549c:	f423 7300 	bic.w	r3, r3, #512	@ 0x200
200054a0:	81fb      	strh	r3, [r7, #14]
200054a2:	683b      	ldr	r3, [r7, #0]
200054a4:	899b      	ldrh	r3, [r3, #12]
200054a6:	021b      	lsls	r3, r3, #8
200054a8:	b29a      	uxth	r2, r3
200054aa:	89fb      	ldrh	r3, [r7, #14]
200054ac:	4313      	orrs	r3, r2
200054ae:	81fb      	strh	r3, [r7, #14]
200054b0:	683b      	ldr	r3, [r7, #0]
200054b2:	885b      	ldrh	r3, [r3, #2]
200054b4:	021b      	lsls	r3, r3, #8
200054b6:	b29a      	uxth	r2, r3
200054b8:	89fb      	ldrh	r3, [r7, #14]
200054ba:	4313      	orrs	r3, r2
200054bc:	81fb      	strh	r3, [r7, #14]
200054be:	687b      	ldr	r3, [r7, #4]
200054c0:	4a22      	ldr	r2, [pc, #136]	@ (2000554c <TIM_OC3Init+0x104>)
200054c2:	4293      	cmp	r3, r2
200054c4:	d003      	beq.n	200054ce <TIM_OC3Init+0x86>
200054c6:	687b      	ldr	r3, [r7, #4]
200054c8:	4a21      	ldr	r2, [pc, #132]	@ (20005550 <TIM_OC3Init+0x108>)
200054ca:	4293      	cmp	r3, r2
200054cc:	d12b      	bne.n	20005526 <TIM_OC3Init+0xde>
200054ce:	89fb      	ldrh	r3, [r7, #14]
200054d0:	f423 6300 	bic.w	r3, r3, #2048	@ 0x800
200054d4:	81fb      	strh	r3, [r7, #14]
200054d6:	683b      	ldr	r3, [r7, #0]
200054d8:	89db      	ldrh	r3, [r3, #14]
200054da:	021b      	lsls	r3, r3, #8
200054dc:	b29a      	uxth	r2, r3
200054de:	89fb      	ldrh	r3, [r7, #14]
200054e0:	4313      	orrs	r3, r2
200054e2:	81fb      	strh	r3, [r7, #14]
200054e4:	89fb      	ldrh	r3, [r7, #14]
200054e6:	f423 6380 	bic.w	r3, r3, #1024	@ 0x400
200054ea:	81fb      	strh	r3, [r7, #14]
200054ec:	683b      	ldr	r3, [r7, #0]
200054ee:	889b      	ldrh	r3, [r3, #4]
200054f0:	021b      	lsls	r3, r3, #8
200054f2:	b29a      	uxth	r2, r3
200054f4:	89fb      	ldrh	r3, [r7, #14]
200054f6:	4313      	orrs	r3, r2
200054f8:	81fb      	strh	r3, [r7, #14]
200054fa:	89bb      	ldrh	r3, [r7, #12]
200054fc:	f423 5380 	bic.w	r3, r3, #4096	@ 0x1000
20005500:	81bb      	strh	r3, [r7, #12]
20005502:	89bb      	ldrh	r3, [r7, #12]
20005504:	f423 5300 	bic.w	r3, r3, #8192	@ 0x2000
20005508:	81bb      	strh	r3, [r7, #12]
2000550a:	683b      	ldr	r3, [r7, #0]
2000550c:	8a1b      	ldrh	r3, [r3, #16]
2000550e:	011b      	lsls	r3, r3, #4
20005510:	b29a      	uxth	r2, r3
20005512:	89bb      	ldrh	r3, [r7, #12]
20005514:	4313      	orrs	r3, r2
20005516:	81bb      	strh	r3, [r7, #12]
20005518:	683b      	ldr	r3, [r7, #0]
2000551a:	8a5b      	ldrh	r3, [r3, #18]
2000551c:	011b      	lsls	r3, r3, #4
2000551e:	b29a      	uxth	r2, r3
20005520:	89bb      	ldrh	r3, [r7, #12]
20005522:	4313      	orrs	r3, r2
20005524:	81bb      	strh	r3, [r7, #12]
20005526:	687b      	ldr	r3, [r7, #4]
20005528:	89ba      	ldrh	r2, [r7, #12]
2000552a:	809a      	strh	r2, [r3, #4]
2000552c:	687b      	ldr	r3, [r7, #4]
2000552e:	897a      	ldrh	r2, [r7, #10]
20005530:	839a      	strh	r2, [r3, #28]
20005532:	683b      	ldr	r3, [r7, #0]
20005534:	689a      	ldr	r2, [r3, #8]
20005536:	687b      	ldr	r3, [r7, #4]
20005538:	63da      	str	r2, [r3, #60]	@ 0x3c
2000553a:	687b      	ldr	r3, [r7, #4]
2000553c:	89fa      	ldrh	r2, [r7, #14]
2000553e:	841a      	strh	r2, [r3, #32]
20005540:	bf00      	nop
20005542:	3714      	adds	r7, #20
20005544:	46bd      	mov	sp, r7
20005546:	bc80      	pop	{r7}
20005548:	4770      	bx	lr
2000554a:	bf00      	nop
2000554c:	40010000 	.word	0x40010000
20005550:	40010400 	.word	0x40010400

20005554 <TIM_OC4Init>:
20005554:	b480      	push	{r7}
20005556:	b085      	sub	sp, #20
20005558:	af00      	add	r7, sp, #0
2000555a:	6078      	str	r0, [r7, #4]
2000555c:	6039      	str	r1, [r7, #0]
2000555e:	2300      	movs	r3, #0
20005560:	81bb      	strh	r3, [r7, #12]
20005562:	2300      	movs	r3, #0
20005564:	817b      	strh	r3, [r7, #10]
20005566:	2300      	movs	r3, #0
20005568:	81fb      	strh	r3, [r7, #14]
2000556a:	687b      	ldr	r3, [r7, #4]
2000556c:	8c1b      	ldrh	r3, [r3, #32]
2000556e:	b29b      	uxth	r3, r3
20005570:	f423 5380 	bic.w	r3, r3, #4096	@ 0x1000
20005574:	b29a      	uxth	r2, r3
20005576:	687b      	ldr	r3, [r7, #4]
20005578:	841a      	strh	r2, [r3, #32]
2000557a:	687b      	ldr	r3, [r7, #4]
2000557c:	8c1b      	ldrh	r3, [r3, #32]
2000557e:	817b      	strh	r3, [r7, #10]
20005580:	687b      	ldr	r3, [r7, #4]
20005582:	889b      	ldrh	r3, [r3, #4]
20005584:	81fb      	strh	r3, [r7, #14]
20005586:	687b      	ldr	r3, [r7, #4]
20005588:	8b9b      	ldrh	r3, [r3, #28]
2000558a:	81bb      	strh	r3, [r7, #12]
2000558c:	89bb      	ldrh	r3, [r7, #12]
2000558e:	f423 43e0 	bic.w	r3, r3, #28672	@ 0x7000
20005592:	81bb      	strh	r3, [r7, #12]
20005594:	89bb      	ldrh	r3, [r7, #12]
20005596:	f423 7340 	bic.w	r3, r3, #768	@ 0x300
2000559a:	81bb      	strh	r3, [r7, #12]
2000559c:	683b      	ldr	r3, [r7, #0]
2000559e:	881b      	ldrh	r3, [r3, #0]
200055a0:	021b      	lsls	r3, r3, #8
200055a2:	b29a      	uxth	r2, r3
200055a4:	89bb      	ldrh	r3, [r7, #12]
200055a6:	4313      	orrs	r3, r2
200055a8:	81bb      	strh	r3, [r7, #12]
200055aa:	897b      	ldrh	r3, [r7, #10]
200055ac:	f423 5300 	bic.w	r3, r3, #8192	@ 0x2000
200055b0:	817b      	strh	r3, [r7, #10]
200055b2:	683b      	ldr	r3, [r7, #0]
200055b4:	899b      	ldrh	r3, [r3, #12]
200055b6:	031b      	lsls	r3, r3, #12
200055b8:	b29a      	uxth	r2, r3
200055ba:	897b      	ldrh	r3, [r7, #10]
200055bc:	4313      	orrs	r3, r2
200055be:	817b      	strh	r3, [r7, #10]
200055c0:	683b      	ldr	r3, [r7, #0]
200055c2:	885b      	ldrh	r3, [r3, #2]
200055c4:	031b      	lsls	r3, r3, #12
200055c6:	b29a      	uxth	r2, r3
200055c8:	897b      	ldrh	r3, [r7, #10]
200055ca:	4313      	orrs	r3, r2
200055cc:	817b      	strh	r3, [r7, #10]
200055ce:	687b      	ldr	r3, [r7, #4]
200055d0:	4a11      	ldr	r2, [pc, #68]	@ (20005618 <TIM_OC4Init+0xc4>)
200055d2:	4293      	cmp	r3, r2
200055d4:	d003      	beq.n	200055de <TIM_OC4Init+0x8a>
200055d6:	687b      	ldr	r3, [r7, #4]
200055d8:	4a10      	ldr	r2, [pc, #64]	@ (2000561c <TIM_OC4Init+0xc8>)
200055da:	4293      	cmp	r3, r2
200055dc:	d10a      	bne.n	200055f4 <TIM_OC4Init+0xa0>
200055de:	89fb      	ldrh	r3, [r7, #14]
200055e0:	f423 4380 	bic.w	r3, r3, #16384	@ 0x4000
200055e4:	81fb      	strh	r3, [r7, #14]
200055e6:	683b      	ldr	r3, [r7, #0]
200055e8:	8a1b      	ldrh	r3, [r3, #16]
200055ea:	019b      	lsls	r3, r3, #6
200055ec:	b29a      	uxth	r2, r3
200055ee:	89fb      	ldrh	r3, [r7, #14]
200055f0:	4313      	orrs	r3, r2
200055f2:	81fb      	strh	r3, [r7, #14]
200055f4:	687b      	ldr	r3, [r7, #4]
200055f6:	89fa      	ldrh	r2, [r7, #14]
200055f8:	809a      	strh	r2, [r3, #4]
200055fa:	687b      	ldr	r3, [r7, #4]
200055fc:	89ba      	ldrh	r2, [r7, #12]
200055fe:	839a      	strh	r2, [r3, #28]
20005600:	683b      	ldr	r3, [r7, #0]
20005602:	689a      	ldr	r2, [r3, #8]
20005604:	687b      	ldr	r3, [r7, #4]
20005606:	641a      	str	r2, [r3, #64]	@ 0x40
20005608:	687b      	ldr	r3, [r7, #4]
2000560a:	897a      	ldrh	r2, [r7, #10]
2000560c:	841a      	strh	r2, [r3, #32]
2000560e:	bf00      	nop
20005610:	3714      	adds	r7, #20
20005612:	46bd      	mov	sp, r7
20005614:	bc80      	pop	{r7}
20005616:	4770      	bx	lr
20005618:	40010000 	.word	0x40010000
2000561c:	40010400 	.word	0x40010400

20005620 <TIM_OCStructInit>:
20005620:	b480      	push	{r7}
20005622:	b083      	sub	sp, #12
20005624:	af00      	add	r7, sp, #0
20005626:	6078      	str	r0, [r7, #4]
20005628:	687b      	ldr	r3, [r7, #4]
2000562a:	2200      	movs	r2, #0
2000562c:	801a      	strh	r2, [r3, #0]
2000562e:	687b      	ldr	r3, [r7, #4]
20005630:	2200      	movs	r2, #0
20005632:	805a      	strh	r2, [r3, #2]
20005634:	687b      	ldr	r3, [r7, #4]
20005636:	2200      	movs	r2, #0
20005638:	809a      	strh	r2, [r3, #4]
2000563a:	687b      	ldr	r3, [r7, #4]
2000563c:	2200      	movs	r2, #0
2000563e:	609a      	str	r2, [r3, #8]
20005640:	687b      	ldr	r3, [r7, #4]
20005642:	2200      	movs	r2, #0
20005644:	819a      	strh	r2, [r3, #12]
20005646:	687b      	ldr	r3, [r7, #4]
20005648:	2200      	movs	r2, #0
2000564a:	81da      	strh	r2, [r3, #14]
2000564c:	687b      	ldr	r3, [r7, #4]
2000564e:	2200      	movs	r2, #0
20005650:	821a      	strh	r2, [r3, #16]
20005652:	687b      	ldr	r3, [r7, #4]
20005654:	2200      	movs	r2, #0
20005656:	825a      	strh	r2, [r3, #18]
20005658:	bf00      	nop
2000565a:	370c      	adds	r7, #12
2000565c:	46bd      	mov	sp, r7
2000565e:	bc80      	pop	{r7}
20005660:	4770      	bx	lr

20005662 <TIM_SelectOCxM>:
20005662:	b480      	push	{r7}
20005664:	b085      	sub	sp, #20
20005666:	af00      	add	r7, sp, #0
20005668:	6078      	str	r0, [r7, #4]
2000566a:	460b      	mov	r3, r1
2000566c:	807b      	strh	r3, [r7, #2]
2000566e:	4613      	mov	r3, r2
20005670:	803b      	strh	r3, [r7, #0]
20005672:	2300      	movs	r3, #0
20005674:	60fb      	str	r3, [r7, #12]
20005676:	2300      	movs	r3, #0
20005678:	817b      	strh	r3, [r7, #10]
2000567a:	687b      	ldr	r3, [r7, #4]
2000567c:	60fb      	str	r3, [r7, #12]
2000567e:	68fb      	ldr	r3, [r7, #12]
20005680:	3318      	adds	r3, #24
20005682:	60fb      	str	r3, [r7, #12]
20005684:	887b      	ldrh	r3, [r7, #2]
20005686:	2201      	movs	r2, #1
20005688:	fa02 f303 	lsl.w	r3, r2, r3
2000568c:	817b      	strh	r3, [r7, #10]
2000568e:	687b      	ldr	r3, [r7, #4]
20005690:	8c1b      	ldrh	r3, [r3, #32]
20005692:	b29a      	uxth	r2, r3
20005694:	897b      	ldrh	r3, [r7, #10]
20005696:	43db      	mvns	r3, r3
20005698:	b29b      	uxth	r3, r3
2000569a:	4013      	ands	r3, r2
2000569c:	b29a      	uxth	r2, r3
2000569e:	687b      	ldr	r3, [r7, #4]
200056a0:	841a      	strh	r2, [r3, #32]
200056a2:	887b      	ldrh	r3, [r7, #2]
200056a4:	2b00      	cmp	r3, #0
200056a6:	d002      	beq.n	200056ae <TIM_SelectOCxM+0x4c>
200056a8:	887b      	ldrh	r3, [r7, #2]
200056aa:	2b08      	cmp	r3, #8
200056ac:	d114      	bne.n	200056d8 <TIM_SelectOCxM+0x76>
200056ae:	887b      	ldrh	r3, [r7, #2]
200056b0:	085b      	lsrs	r3, r3, #1
200056b2:	b29b      	uxth	r3, r3
200056b4:	461a      	mov	r2, r3
200056b6:	68fb      	ldr	r3, [r7, #12]
200056b8:	4413      	add	r3, r2
200056ba:	60fb      	str	r3, [r7, #12]
200056bc:	68fb      	ldr	r3, [r7, #12]
200056be:	6819      	ldr	r1, [r3, #0]
200056c0:	68fa      	ldr	r2, [r7, #12]
200056c2:	f64f 738f 	movw	r3, #65423	@ 0xff8f
200056c6:	400b      	ands	r3, r1
200056c8:	6013      	str	r3, [r2, #0]
200056ca:	68fb      	ldr	r3, [r7, #12]
200056cc:	6819      	ldr	r1, [r3, #0]
200056ce:	883a      	ldrh	r2, [r7, #0]
200056d0:	68fb      	ldr	r3, [r7, #12]
200056d2:	430a      	orrs	r2, r1
200056d4:	601a      	str	r2, [r3, #0]
200056d6:	e019      	b.n	2000570c <TIM_SelectOCxM+0xaa>
200056d8:	887b      	ldrh	r3, [r7, #2]
200056da:	3b04      	subs	r3, #4
200056dc:	b29b      	uxth	r3, r3
200056de:	085b      	lsrs	r3, r3, #1
200056e0:	b29b      	uxth	r3, r3
200056e2:	461a      	mov	r2, r3
200056e4:	68fb      	ldr	r3, [r7, #12]
200056e6:	4413      	add	r3, r2
200056e8:	60fb      	str	r3, [r7, #12]
200056ea:	68fb      	ldr	r3, [r7, #12]
200056ec:	6819      	ldr	r1, [r3, #0]
200056ee:	68fa      	ldr	r2, [r7, #12]
200056f0:	f648 73ff 	movw	r3, #36863	@ 0x8fff
200056f4:	400b      	ands	r3, r1
200056f6:	6013      	str	r3, [r2, #0]
200056f8:	68fb      	ldr	r3, [r7, #12]
200056fa:	681a      	ldr	r2, [r3, #0]
200056fc:	883b      	ldrh	r3, [r7, #0]
200056fe:	021b      	lsls	r3, r3, #8
20005700:	b29b      	uxth	r3, r3
20005702:	4619      	mov	r1, r3
20005704:	68fb      	ldr	r3, [r7, #12]
20005706:	430a      	orrs	r2, r1
20005708:	601a      	str	r2, [r3, #0]
2000570a:	bf00      	nop
2000570c:	bf00      	nop
2000570e:	3714      	adds	r7, #20
20005710:	46bd      	mov	sp, r7
20005712:	bc80      	pop	{r7}
20005714:	4770      	bx	lr

20005716 <TIM_SetCompare1>:
20005716:	b480      	push	{r7}
20005718:	b083      	sub	sp, #12
2000571a:	af00      	add	r7, sp, #0
2000571c:	6078      	str	r0, [r7, #4]
2000571e:	6039      	str	r1, [r7, #0]
20005720:	687b      	ldr	r3, [r7, #4]
20005722:	683a      	ldr	r2, [r7, #0]
20005724:	635a      	str	r2, [r3, #52]	@ 0x34
20005726:	bf00      	nop
20005728:	370c      	adds	r7, #12
2000572a:	46bd      	mov	sp, r7
2000572c:	bc80      	pop	{r7}
2000572e:	4770      	bx	lr

20005730 <TIM_SetCompare2>:
20005730:	b480      	push	{r7}
20005732:	b083      	sub	sp, #12
20005734:	af00      	add	r7, sp, #0
20005736:	6078      	str	r0, [r7, #4]
20005738:	6039      	str	r1, [r7, #0]
2000573a:	687b      	ldr	r3, [r7, #4]
2000573c:	683a      	ldr	r2, [r7, #0]
2000573e:	639a      	str	r2, [r3, #56]	@ 0x38
20005740:	bf00      	nop
20005742:	370c      	adds	r7, #12
20005744:	46bd      	mov	sp, r7
20005746:	bc80      	pop	{r7}
20005748:	4770      	bx	lr

2000574a <TIM_SetCompare3>:
2000574a:	b480      	push	{r7}
2000574c:	b083      	sub	sp, #12
2000574e:	af00      	add	r7, sp, #0
20005750:	6078      	str	r0, [r7, #4]
20005752:	6039      	str	r1, [r7, #0]
20005754:	687b      	ldr	r3, [r7, #4]
20005756:	683a      	ldr	r2, [r7, #0]
20005758:	63da      	str	r2, [r3, #60]	@ 0x3c
2000575a:	bf00      	nop
2000575c:	370c      	adds	r7, #12
2000575e:	46bd      	mov	sp, r7
20005760:	bc80      	pop	{r7}
20005762:	4770      	bx	lr

20005764 <TIM_SetCompare4>:
20005764:	b480      	push	{r7}
20005766:	b083      	sub	sp, #12
20005768:	af00      	add	r7, sp, #0
2000576a:	6078      	str	r0, [r7, #4]
2000576c:	6039      	str	r1, [r7, #0]
2000576e:	687b      	ldr	r3, [r7, #4]
20005770:	683a      	ldr	r2, [r7, #0]
20005772:	641a      	str	r2, [r3, #64]	@ 0x40
20005774:	bf00      	nop
20005776:	370c      	adds	r7, #12
20005778:	46bd      	mov	sp, r7
2000577a:	bc80      	pop	{r7}
2000577c:	4770      	bx	lr

2000577e <TIM_ForcedOC1Config>:
2000577e:	b480      	push	{r7}
20005780:	b085      	sub	sp, #20
20005782:	af00      	add	r7, sp, #0
20005784:	6078      	str	r0, [r7, #4]
20005786:	460b      	mov	r3, r1
20005788:	807b      	strh	r3, [r7, #2]
2000578a:	2300      	movs	r3, #0
2000578c:	81fb      	strh	r3, [r7, #14]
2000578e:	687b      	ldr	r3, [r7, #4]
20005790:	8b1b      	ldrh	r3, [r3, #24]
20005792:	81fb      	strh	r3, [r7, #14]
20005794:	89fb      	ldrh	r3, [r7, #14]
20005796:	f023 0370 	bic.w	r3, r3, #112	@ 0x70
2000579a:	81fb      	strh	r3, [r7, #14]
2000579c:	89fa      	ldrh	r2, [r7, #14]
2000579e:	887b      	ldrh	r3, [r7, #2]
200057a0:	4313      	orrs	r3, r2
200057a2:	81fb      	strh	r3, [r7, #14]
200057a4:	687b      	ldr	r3, [r7, #4]
200057a6:	89fa      	ldrh	r2, [r7, #14]
200057a8:	831a      	strh	r2, [r3, #24]
200057aa:	bf00      	nop
200057ac:	3714      	adds	r7, #20
200057ae:	46bd      	mov	sp, r7
200057b0:	bc80      	pop	{r7}
200057b2:	4770      	bx	lr

200057b4 <TIM_ForcedOC2Config>:
200057b4:	b480      	push	{r7}
200057b6:	b085      	sub	sp, #20
200057b8:	af00      	add	r7, sp, #0
200057ba:	6078      	str	r0, [r7, #4]
200057bc:	460b      	mov	r3, r1
200057be:	807b      	strh	r3, [r7, #2]
200057c0:	2300      	movs	r3, #0
200057c2:	81fb      	strh	r3, [r7, #14]
200057c4:	687b      	ldr	r3, [r7, #4]
200057c6:	8b1b      	ldrh	r3, [r3, #24]
200057c8:	81fb      	strh	r3, [r7, #14]
200057ca:	89fb      	ldrh	r3, [r7, #14]
200057cc:	f423 43e0 	bic.w	r3, r3, #28672	@ 0x7000
200057d0:	81fb      	strh	r3, [r7, #14]
200057d2:	887b      	ldrh	r3, [r7, #2]
200057d4:	021b      	lsls	r3, r3, #8
200057d6:	b29a      	uxth	r2, r3
200057d8:	89fb      	ldrh	r3, [r7, #14]
200057da:	4313      	orrs	r3, r2
200057dc:	81fb      	strh	r3, [r7, #14]
200057de:	687b      	ldr	r3, [r7, #4]
200057e0:	89fa      	ldrh	r2, [r7, #14]
200057e2:	831a      	strh	r2, [r3, #24]
200057e4:	bf00      	nop
200057e6:	3714      	adds	r7, #20
200057e8:	46bd      	mov	sp, r7
200057ea:	bc80      	pop	{r7}
200057ec:	4770      	bx	lr

200057ee <TIM_ForcedOC3Config>:
200057ee:	b480      	push	{r7}
200057f0:	b085      	sub	sp, #20
200057f2:	af00      	add	r7, sp, #0
200057f4:	6078      	str	r0, [r7, #4]
200057f6:	460b      	mov	r3, r1
200057f8:	807b      	strh	r3, [r7, #2]
200057fa:	2300      	movs	r3, #0
200057fc:	81fb      	strh	r3, [r7, #14]
200057fe:	687b      	ldr	r3, [r7, #4]
20005800:	8b9b      	ldrh	r3, [r3, #28]
20005802:	81fb      	strh	r3, [r7, #14]
20005804:	89fb      	ldrh	r3, [r7, #14]
20005806:	f023 0370 	bic.w	r3, r3, #112	@ 0x70
2000580a:	81fb      	strh	r3, [r7, #14]
2000580c:	89fa      	ldrh	r2, [r7, #14]
2000580e:	887b      	ldrh	r3, [r7, #2]
20005810:	4313      	orrs	r3, r2
20005812:	81fb      	strh	r3, [r7, #14]
20005814:	687b      	ldr	r3, [r7, #4]
20005816:	89fa      	ldrh	r2, [r7, #14]
20005818:	839a      	strh	r2, [r3, #28]
2000581a:	bf00      	nop
2000581c:	3714      	adds	r7, #20
2000581e:	46bd      	mov	sp, r7
20005820:	bc80      	pop	{r7}
20005822:	4770      	bx	lr

20005824 <TIM_ForcedOC4Config>:
20005824:	b480      	push	{r7}
20005826:	b085      	sub	sp, #20
20005828:	af00      	add	r7, sp, #0
2000582a:	6078      	str	r0, [r7, #4]
2000582c:	460b      	mov	r3, r1
2000582e:	807b      	strh	r3, [r7, #2]
20005830:	2300      	movs	r3, #0
20005832:	81fb      	strh	r3, [r7, #14]
20005834:	687b      	ldr	r3, [r7, #4]
20005836:	8b9b      	ldrh	r3, [r3, #28]
20005838:	81fb      	strh	r3, [r7, #14]
2000583a:	89fb      	ldrh	r3, [r7, #14]
2000583c:	f423 43e0 	bic.w	r3, r3, #28672	@ 0x7000
20005840:	81fb      	strh	r3, [r7, #14]
20005842:	887b      	ldrh	r3, [r7, #2]
20005844:	021b      	lsls	r3, r3, #8
20005846:	b29a      	uxth	r2, r3
20005848:	89fb      	ldrh	r3, [r7, #14]
2000584a:	4313      	orrs	r3, r2
2000584c:	81fb      	strh	r3, [r7, #14]
2000584e:	687b      	ldr	r3, [r7, #4]
20005850:	89fa      	ldrh	r2, [r7, #14]
20005852:	839a      	strh	r2, [r3, #28]
20005854:	bf00      	nop
20005856:	3714      	adds	r7, #20
20005858:	46bd      	mov	sp, r7
2000585a:	bc80      	pop	{r7}
2000585c:	4770      	bx	lr

2000585e <TIM_OC1PreloadConfig>:
2000585e:	b480      	push	{r7}
20005860:	b085      	sub	sp, #20
20005862:	af00      	add	r7, sp, #0
20005864:	6078      	str	r0, [r7, #4]
20005866:	460b      	mov	r3, r1
20005868:	807b      	strh	r3, [r7, #2]
2000586a:	2300      	movs	r3, #0
2000586c:	81fb      	strh	r3, [r7, #14]
2000586e:	687b      	ldr	r3, [r7, #4]
20005870:	8b1b      	ldrh	r3, [r3, #24]
20005872:	81fb      	strh	r3, [r7, #14]
20005874:	89fb      	ldrh	r3, [r7, #14]
20005876:	f023 0308 	bic.w	r3, r3, #8
2000587a:	81fb      	strh	r3, [r7, #14]
2000587c:	89fa      	ldrh	r2, [r7, #14]
2000587e:	887b      	ldrh	r3, [r7, #2]
20005880:	4313      	orrs	r3, r2
20005882:	81fb      	strh	r3, [r7, #14]
20005884:	687b      	ldr	r3, [r7, #4]
20005886:	89fa      	ldrh	r2, [r7, #14]
20005888:	831a      	strh	r2, [r3, #24]
2000588a:	bf00      	nop
2000588c:	3714      	adds	r7, #20
2000588e:	46bd      	mov	sp, r7
20005890:	bc80      	pop	{r7}
20005892:	4770      	bx	lr

20005894 <TIM_OC2PreloadConfig>:
20005894:	b480      	push	{r7}
20005896:	b085      	sub	sp, #20
20005898:	af00      	add	r7, sp, #0
2000589a:	6078      	str	r0, [r7, #4]
2000589c:	460b      	mov	r3, r1
2000589e:	807b      	strh	r3, [r7, #2]
200058a0:	2300      	movs	r3, #0
200058a2:	81fb      	strh	r3, [r7, #14]
200058a4:	687b      	ldr	r3, [r7, #4]
200058a6:	8b1b      	ldrh	r3, [r3, #24]
200058a8:	81fb      	strh	r3, [r7, #14]
200058aa:	89fb      	ldrh	r3, [r7, #14]
200058ac:	f423 6300 	bic.w	r3, r3, #2048	@ 0x800
200058b0:	81fb      	strh	r3, [r7, #14]
200058b2:	887b      	ldrh	r3, [r7, #2]
200058b4:	021b      	lsls	r3, r3, #8
200058b6:	b29a      	uxth	r2, r3
200058b8:	89fb      	ldrh	r3, [r7, #14]
200058ba:	4313      	orrs	r3, r2
200058bc:	81fb      	strh	r3, [r7, #14]
200058be:	687b      	ldr	r3, [r7, #4]
200058c0:	89fa      	ldrh	r2, [r7, #14]
200058c2:	831a      	strh	r2, [r3, #24]
200058c4:	bf00      	nop
200058c6:	3714      	adds	r7, #20
200058c8:	46bd      	mov	sp, r7
200058ca:	bc80      	pop	{r7}
200058cc:	4770      	bx	lr

200058ce <TIM_OC3PreloadConfig>:
200058ce:	b480      	push	{r7}
200058d0:	b085      	sub	sp, #20
200058d2:	af00      	add	r7, sp, #0
200058d4:	6078      	str	r0, [r7, #4]
200058d6:	460b      	mov	r3, r1
200058d8:	807b      	strh	r3, [r7, #2]
200058da:	2300      	movs	r3, #0
200058dc:	81fb      	strh	r3, [r7, #14]
200058de:	687b      	ldr	r3, [r7, #4]
200058e0:	8b9b      	ldrh	r3, [r3, #28]
200058e2:	81fb      	strh	r3, [r7, #14]
200058e4:	89fb      	ldrh	r3, [r7, #14]
200058e6:	f023 0308 	bic.w	r3, r3, #8
200058ea:	81fb      	strh	r3, [r7, #14]
200058ec:	89fa      	ldrh	r2, [r7, #14]
200058ee:	887b      	ldrh	r3, [r7, #2]
200058f0:	4313      	orrs	r3, r2
200058f2:	81fb      	strh	r3, [r7, #14]
200058f4:	687b      	ldr	r3, [r7, #4]
200058f6:	89fa      	ldrh	r2, [r7, #14]
200058f8:	839a      	strh	r2, [r3, #28]
200058fa:	bf00      	nop
200058fc:	3714      	adds	r7, #20
200058fe:	46bd      	mov	sp, r7
20005900:	bc80      	pop	{r7}
20005902:	4770      	bx	lr

20005904 <TIM_OC4PreloadConfig>:
20005904:	b480      	push	{r7}
20005906:	b085      	sub	sp, #20
20005908:	af00      	add	r7, sp, #0
2000590a:	6078      	str	r0, [r7, #4]
2000590c:	460b      	mov	r3, r1
2000590e:	807b      	strh	r3, [r7, #2]
20005910:	2300      	movs	r3, #0
20005912:	81fb      	strh	r3, [r7, #14]
20005914:	687b      	ldr	r3, [r7, #4]
20005916:	8b9b      	ldrh	r3, [r3, #28]
20005918:	81fb      	strh	r3, [r7, #14]
2000591a:	89fb      	ldrh	r3, [r7, #14]
2000591c:	f423 6300 	bic.w	r3, r3, #2048	@ 0x800
20005920:	81fb      	strh	r3, [r7, #14]
20005922:	887b      	ldrh	r3, [r7, #2]
20005924:	021b      	lsls	r3, r3, #8
20005926:	b29a      	uxth	r2, r3
20005928:	89fb      	ldrh	r3, [r7, #14]
2000592a:	4313      	orrs	r3, r2
2000592c:	81fb      	strh	r3, [r7, #14]
2000592e:	687b      	ldr	r3, [r7, #4]
20005930:	89fa      	ldrh	r2, [r7, #14]
20005932:	839a      	strh	r2, [r3, #28]
20005934:	bf00      	nop
20005936:	3714      	adds	r7, #20
20005938:	46bd      	mov	sp, r7
2000593a:	bc80      	pop	{r7}
2000593c:	4770      	bx	lr

2000593e <TIM_OC1FastConfig>:
2000593e:	b480      	push	{r7}
20005940:	b085      	sub	sp, #20
20005942:	af00      	add	r7, sp, #0
20005944:	6078      	str	r0, [r7, #4]
20005946:	460b      	mov	r3, r1
20005948:	807b      	strh	r3, [r7, #2]
2000594a:	2300      	movs	r3, #0
2000594c:	81fb      	strh	r3, [r7, #14]
2000594e:	687b      	ldr	r3, [r7, #4]
20005950:	8b1b      	ldrh	r3, [r3, #24]
20005952:	81fb      	strh	r3, [r7, #14]
20005954:	89fb      	ldrh	r3, [r7, #14]
20005956:	f023 0304 	bic.w	r3, r3, #4
2000595a:	81fb      	strh	r3, [r7, #14]
2000595c:	89fa      	ldrh	r2, [r7, #14]
2000595e:	887b      	ldrh	r3, [r7, #2]
20005960:	4313      	orrs	r3, r2
20005962:	81fb      	strh	r3, [r7, #14]
20005964:	687b      	ldr	r3, [r7, #4]
20005966:	89fa      	ldrh	r2, [r7, #14]
20005968:	831a      	strh	r2, [r3, #24]
2000596a:	bf00      	nop
2000596c:	3714      	adds	r7, #20
2000596e:	46bd      	mov	sp, r7
20005970:	bc80      	pop	{r7}
20005972:	4770      	bx	lr

20005974 <TIM_OC2FastConfig>:
20005974:	b480      	push	{r7}
20005976:	b085      	sub	sp, #20
20005978:	af00      	add	r7, sp, #0
2000597a:	6078      	str	r0, [r7, #4]
2000597c:	460b      	mov	r3, r1
2000597e:	807b      	strh	r3, [r7, #2]
20005980:	2300      	movs	r3, #0
20005982:	81fb      	strh	r3, [r7, #14]
20005984:	687b      	ldr	r3, [r7, #4]
20005986:	8b1b      	ldrh	r3, [r3, #24]
20005988:	81fb      	strh	r3, [r7, #14]
2000598a:	89fb      	ldrh	r3, [r7, #14]
2000598c:	f423 6380 	bic.w	r3, r3, #1024	@ 0x400
20005990:	81fb      	strh	r3, [r7, #14]
20005992:	887b      	ldrh	r3, [r7, #2]
20005994:	021b      	lsls	r3, r3, #8
20005996:	b29a      	uxth	r2, r3
20005998:	89fb      	ldrh	r3, [r7, #14]
2000599a:	4313      	orrs	r3, r2
2000599c:	81fb      	strh	r3, [r7, #14]
2000599e:	687b      	ldr	r3, [r7, #4]
200059a0:	89fa      	ldrh	r2, [r7, #14]
200059a2:	831a      	strh	r2, [r3, #24]
200059a4:	bf00      	nop
200059a6:	3714      	adds	r7, #20
200059a8:	46bd      	mov	sp, r7
200059aa:	bc80      	pop	{r7}
200059ac:	4770      	bx	lr

200059ae <TIM_OC3FastConfig>:
200059ae:	b480      	push	{r7}
200059b0:	b085      	sub	sp, #20
200059b2:	af00      	add	r7, sp, #0
200059b4:	6078      	str	r0, [r7, #4]
200059b6:	460b      	mov	r3, r1
200059b8:	807b      	strh	r3, [r7, #2]
200059ba:	2300      	movs	r3, #0
200059bc:	81fb      	strh	r3, [r7, #14]
200059be:	687b      	ldr	r3, [r7, #4]
200059c0:	8b9b      	ldrh	r3, [r3, #28]
200059c2:	81fb      	strh	r3, [r7, #14]
200059c4:	89fb      	ldrh	r3, [r7, #14]
200059c6:	f023 0304 	bic.w	r3, r3, #4
200059ca:	81fb      	strh	r3, [r7, #14]
200059cc:	89fa      	ldrh	r2, [r7, #14]
200059ce:	887b      	ldrh	r3, [r7, #2]
200059d0:	4313      	orrs	r3, r2
200059d2:	81fb      	strh	r3, [r7, #14]
200059d4:	687b      	ldr	r3, [r7, #4]
200059d6:	89fa      	ldrh	r2, [r7, #14]
200059d8:	839a      	strh	r2, [r3, #28]
200059da:	bf00      	nop
200059dc:	3714      	adds	r7, #20
200059de:	46bd      	mov	sp, r7
200059e0:	bc80      	pop	{r7}
200059e2:	4770      	bx	lr

200059e4 <TIM_OC4FastConfig>:
200059e4:	b480      	push	{r7}
200059e6:	b085      	sub	sp, #20
200059e8:	af00      	add	r7, sp, #0
200059ea:	6078      	str	r0, [r7, #4]
200059ec:	460b      	mov	r3, r1
200059ee:	807b      	strh	r3, [r7, #2]
200059f0:	2300      	movs	r3, #0
200059f2:	81fb      	strh	r3, [r7, #14]
200059f4:	687b      	ldr	r3, [r7, #4]
200059f6:	8b9b      	ldrh	r3, [r3, #28]
200059f8:	81fb      	strh	r3, [r7, #14]
200059fa:	89fb      	ldrh	r3, [r7, #14]
200059fc:	f423 6380 	bic.w	r3, r3, #1024	@ 0x400
20005a00:	81fb      	strh	r3, [r7, #14]
20005a02:	887b      	ldrh	r3, [r7, #2]
20005a04:	021b      	lsls	r3, r3, #8
20005a06:	b29a      	uxth	r2, r3
20005a08:	89fb      	ldrh	r3, [r7, #14]
20005a0a:	4313      	orrs	r3, r2
20005a0c:	81fb      	strh	r3, [r7, #14]
20005a0e:	687b      	ldr	r3, [r7, #4]
20005a10:	89fa      	ldrh	r2, [r7, #14]
20005a12:	839a      	strh	r2, [r3, #28]
20005a14:	bf00      	nop
20005a16:	3714      	adds	r7, #20
20005a18:	46bd      	mov	sp, r7
20005a1a:	bc80      	pop	{r7}
20005a1c:	4770      	bx	lr

20005a1e <TIM_ClearOC1Ref>:
20005a1e:	b480      	push	{r7}
20005a20:	b085      	sub	sp, #20
20005a22:	af00      	add	r7, sp, #0
20005a24:	6078      	str	r0, [r7, #4]
20005a26:	460b      	mov	r3, r1
20005a28:	807b      	strh	r3, [r7, #2]
20005a2a:	2300      	movs	r3, #0
20005a2c:	81fb      	strh	r3, [r7, #14]
20005a2e:	687b      	ldr	r3, [r7, #4]
20005a30:	8b1b      	ldrh	r3, [r3, #24]
20005a32:	81fb      	strh	r3, [r7, #14]
20005a34:	89fb      	ldrh	r3, [r7, #14]
20005a36:	f023 0380 	bic.w	r3, r3, #128	@ 0x80
20005a3a:	81fb      	strh	r3, [r7, #14]
20005a3c:	89fa      	ldrh	r2, [r7, #14]
20005a3e:	887b      	ldrh	r3, [r7, #2]
20005a40:	4313      	orrs	r3, r2
20005a42:	81fb      	strh	r3, [r7, #14]
20005a44:	687b      	ldr	r3, [r7, #4]
20005a46:	89fa      	ldrh	r2, [r7, #14]
20005a48:	831a      	strh	r2, [r3, #24]
20005a4a:	bf00      	nop
20005a4c:	3714      	adds	r7, #20
20005a4e:	46bd      	mov	sp, r7
20005a50:	bc80      	pop	{r7}
20005a52:	4770      	bx	lr

20005a54 <TIM_ClearOC2Ref>:
20005a54:	b480      	push	{r7}
20005a56:	b085      	sub	sp, #20
20005a58:	af00      	add	r7, sp, #0
20005a5a:	6078      	str	r0, [r7, #4]
20005a5c:	460b      	mov	r3, r1
20005a5e:	807b      	strh	r3, [r7, #2]
20005a60:	2300      	movs	r3, #0
20005a62:	81fb      	strh	r3, [r7, #14]
20005a64:	687b      	ldr	r3, [r7, #4]
20005a66:	8b1b      	ldrh	r3, [r3, #24]
20005a68:	81fb      	strh	r3, [r7, #14]
20005a6a:	89fb      	ldrh	r3, [r7, #14]
20005a6c:	f3c3 030e 	ubfx	r3, r3, #0, #15
20005a70:	81fb      	strh	r3, [r7, #14]
20005a72:	887b      	ldrh	r3, [r7, #2]
20005a74:	021b      	lsls	r3, r3, #8
20005a76:	b29a      	uxth	r2, r3
20005a78:	89fb      	ldrh	r3, [r7, #14]
20005a7a:	4313      	orrs	r3, r2
20005a7c:	81fb      	strh	r3, [r7, #14]
20005a7e:	687b      	ldr	r3, [r7, #4]
20005a80:	89fa      	ldrh	r2, [r7, #14]
20005a82:	831a      	strh	r2, [r3, #24]
20005a84:	bf00      	nop
20005a86:	3714      	adds	r7, #20
20005a88:	46bd      	mov	sp, r7
20005a8a:	bc80      	pop	{r7}
20005a8c:	4770      	bx	lr

20005a8e <TIM_ClearOC3Ref>:
20005a8e:	b480      	push	{r7}
20005a90:	b085      	sub	sp, #20
20005a92:	af00      	add	r7, sp, #0
20005a94:	6078      	str	r0, [r7, #4]
20005a96:	460b      	mov	r3, r1
20005a98:	807b      	strh	r3, [r7, #2]
20005a9a:	2300      	movs	r3, #0
20005a9c:	81fb      	strh	r3, [r7, #14]
20005a9e:	687b      	ldr	r3, [r7, #4]
20005aa0:	8b9b      	ldrh	r3, [r3, #28]
20005aa2:	81fb      	strh	r3, [r7, #14]
20005aa4:	89fb      	ldrh	r3, [r7, #14]
20005aa6:	f023 0380 	bic.w	r3, r3, #128	@ 0x80
20005aaa:	81fb      	strh	r3, [r7, #14]
20005aac:	89fa      	ldrh	r2, [r7, #14]
20005aae:	887b      	ldrh	r3, [r7, #2]
20005ab0:	4313      	orrs	r3, r2
20005ab2:	81fb      	strh	r3, [r7, #14]
20005ab4:	687b      	ldr	r3, [r7, #4]
20005ab6:	89fa      	ldrh	r2, [r7, #14]
20005ab8:	839a      	strh	r2, [r3, #28]
20005aba:	bf00      	nop
20005abc:	3714      	adds	r7, #20
20005abe:	46bd      	mov	sp, r7
20005ac0:	bc80      	pop	{r7}
20005ac2:	4770      	bx	lr

20005ac4 <TIM_ClearOC4Ref>:
20005ac4:	b480      	push	{r7}
20005ac6:	b085      	sub	sp, #20
20005ac8:	af00      	add	r7, sp, #0
20005aca:	6078      	str	r0, [r7, #4]
20005acc:	460b      	mov	r3, r1
20005ace:	807b      	strh	r3, [r7, #2]
20005ad0:	2300      	movs	r3, #0
20005ad2:	81fb      	strh	r3, [r7, #14]
20005ad4:	687b      	ldr	r3, [r7, #4]
20005ad6:	8b9b      	ldrh	r3, [r3, #28]
20005ad8:	81fb      	strh	r3, [r7, #14]
20005ada:	89fb      	ldrh	r3, [r7, #14]
20005adc:	f3c3 030e 	ubfx	r3, r3, #0, #15
20005ae0:	81fb      	strh	r3, [r7, #14]
20005ae2:	887b      	ldrh	r3, [r7, #2]
20005ae4:	021b      	lsls	r3, r3, #8
20005ae6:	b29a      	uxth	r2, r3
20005ae8:	89fb      	ldrh	r3, [r7, #14]
20005aea:	4313      	orrs	r3, r2
20005aec:	81fb      	strh	r3, [r7, #14]
20005aee:	687b      	ldr	r3, [r7, #4]
20005af0:	89fa      	ldrh	r2, [r7, #14]
20005af2:	839a      	strh	r2, [r3, #28]
20005af4:	bf00      	nop
20005af6:	3714      	adds	r7, #20
20005af8:	46bd      	mov	sp, r7
20005afa:	bc80      	pop	{r7}
20005afc:	4770      	bx	lr

20005afe <TIM_OC1PolarityConfig>:
20005afe:	b480      	push	{r7}
20005b00:	b085      	sub	sp, #20
20005b02:	af00      	add	r7, sp, #0
20005b04:	6078      	str	r0, [r7, #4]
20005b06:	460b      	mov	r3, r1
20005b08:	807b      	strh	r3, [r7, #2]
20005b0a:	2300      	movs	r3, #0
20005b0c:	81fb      	strh	r3, [r7, #14]
20005b0e:	687b      	ldr	r3, [r7, #4]
20005b10:	8c1b      	ldrh	r3, [r3, #32]
20005b12:	81fb      	strh	r3, [r7, #14]
20005b14:	89fb      	ldrh	r3, [r7, #14]
20005b16:	f023 0302 	bic.w	r3, r3, #2
20005b1a:	81fb      	strh	r3, [r7, #14]
20005b1c:	89fa      	ldrh	r2, [r7, #14]
20005b1e:	887b      	ldrh	r3, [r7, #2]
20005b20:	4313      	orrs	r3, r2
20005b22:	81fb      	strh	r3, [r7, #14]
20005b24:	687b      	ldr	r3, [r7, #4]
20005b26:	89fa      	ldrh	r2, [r7, #14]
20005b28:	841a      	strh	r2, [r3, #32]
20005b2a:	bf00      	nop
20005b2c:	3714      	adds	r7, #20
20005b2e:	46bd      	mov	sp, r7
20005b30:	bc80      	pop	{r7}
20005b32:	4770      	bx	lr

20005b34 <TIM_OC1NPolarityConfig>:
20005b34:	b480      	push	{r7}
20005b36:	b085      	sub	sp, #20
20005b38:	af00      	add	r7, sp, #0
20005b3a:	6078      	str	r0, [r7, #4]
20005b3c:	460b      	mov	r3, r1
20005b3e:	807b      	strh	r3, [r7, #2]
20005b40:	2300      	movs	r3, #0
20005b42:	81fb      	strh	r3, [r7, #14]
20005b44:	687b      	ldr	r3, [r7, #4]
20005b46:	8c1b      	ldrh	r3, [r3, #32]
20005b48:	81fb      	strh	r3, [r7, #14]
20005b4a:	89fb      	ldrh	r3, [r7, #14]
20005b4c:	f023 0308 	bic.w	r3, r3, #8
20005b50:	81fb      	strh	r3, [r7, #14]
20005b52:	89fa      	ldrh	r2, [r7, #14]
20005b54:	887b      	ldrh	r3, [r7, #2]
20005b56:	4313      	orrs	r3, r2
20005b58:	81fb      	strh	r3, [r7, #14]
20005b5a:	687b      	ldr	r3, [r7, #4]
20005b5c:	89fa      	ldrh	r2, [r7, #14]
20005b5e:	841a      	strh	r2, [r3, #32]
20005b60:	bf00      	nop
20005b62:	3714      	adds	r7, #20
20005b64:	46bd      	mov	sp, r7
20005b66:	bc80      	pop	{r7}
20005b68:	4770      	bx	lr

20005b6a <TIM_OC2PolarityConfig>:
20005b6a:	b480      	push	{r7}
20005b6c:	b085      	sub	sp, #20
20005b6e:	af00      	add	r7, sp, #0
20005b70:	6078      	str	r0, [r7, #4]
20005b72:	460b      	mov	r3, r1
20005b74:	807b      	strh	r3, [r7, #2]
20005b76:	2300      	movs	r3, #0
20005b78:	81fb      	strh	r3, [r7, #14]
20005b7a:	687b      	ldr	r3, [r7, #4]
20005b7c:	8c1b      	ldrh	r3, [r3, #32]
20005b7e:	81fb      	strh	r3, [r7, #14]
20005b80:	89fb      	ldrh	r3, [r7, #14]
20005b82:	f023 0320 	bic.w	r3, r3, #32
20005b86:	81fb      	strh	r3, [r7, #14]
20005b88:	887b      	ldrh	r3, [r7, #2]
20005b8a:	011b      	lsls	r3, r3, #4
20005b8c:	b29a      	uxth	r2, r3
20005b8e:	89fb      	ldrh	r3, [r7, #14]
20005b90:	4313      	orrs	r3, r2
20005b92:	81fb      	strh	r3, [r7, #14]
20005b94:	687b      	ldr	r3, [r7, #4]
20005b96:	89fa      	ldrh	r2, [r7, #14]
20005b98:	841a      	strh	r2, [r3, #32]
20005b9a:	bf00      	nop
20005b9c:	3714      	adds	r7, #20
20005b9e:	46bd      	mov	sp, r7
20005ba0:	bc80      	pop	{r7}
20005ba2:	4770      	bx	lr

20005ba4 <TIM_OC2NPolarityConfig>:
20005ba4:	b480      	push	{r7}
20005ba6:	b085      	sub	sp, #20
20005ba8:	af00      	add	r7, sp, #0
20005baa:	6078      	str	r0, [r7, #4]
20005bac:	460b      	mov	r3, r1
20005bae:	807b      	strh	r3, [r7, #2]
20005bb0:	2300      	movs	r3, #0
20005bb2:	81fb      	strh	r3, [r7, #14]
20005bb4:	687b      	ldr	r3, [r7, #4]
20005bb6:	8c1b      	ldrh	r3, [r3, #32]
20005bb8:	81fb      	strh	r3, [r7, #14]
20005bba:	89fb      	ldrh	r3, [r7, #14]
20005bbc:	f023 0380 	bic.w	r3, r3, #128	@ 0x80
20005bc0:	81fb      	strh	r3, [r7, #14]
20005bc2:	887b      	ldrh	r3, [r7, #2]
20005bc4:	011b      	lsls	r3, r3, #4
20005bc6:	b29a      	uxth	r2, r3
20005bc8:	89fb      	ldrh	r3, [r7, #14]
20005bca:	4313      	orrs	r3, r2
20005bcc:	81fb      	strh	r3, [r7, #14]
20005bce:	687b      	ldr	r3, [r7, #4]
20005bd0:	89fa      	ldrh	r2, [r7, #14]
20005bd2:	841a      	strh	r2, [r3, #32]
20005bd4:	bf00      	nop
20005bd6:	3714      	adds	r7, #20
20005bd8:	46bd      	mov	sp, r7
20005bda:	bc80      	pop	{r7}
20005bdc:	4770      	bx	lr

20005bde <TIM_OC3PolarityConfig>:
20005bde:	b480      	push	{r7}
20005be0:	b085      	sub	sp, #20
20005be2:	af00      	add	r7, sp, #0
20005be4:	6078      	str	r0, [r7, #4]
20005be6:	460b      	mov	r3, r1
20005be8:	807b      	strh	r3, [r7, #2]
20005bea:	2300      	movs	r3, #0
20005bec:	81fb      	strh	r3, [r7, #14]
20005bee:	687b      	ldr	r3, [r7, #4]
20005bf0:	8c1b      	ldrh	r3, [r3, #32]
20005bf2:	81fb      	strh	r3, [r7, #14]
20005bf4:	89fb      	ldrh	r3, [r7, #14]
20005bf6:	f423 7300 	bic.w	r3, r3, #512	@ 0x200
20005bfa:	81fb      	strh	r3, [r7, #14]
20005bfc:	887b      	ldrh	r3, [r7, #2]
20005bfe:	021b      	lsls	r3, r3, #8
20005c00:	b29a      	uxth	r2, r3
20005c02:	89fb      	ldrh	r3, [r7, #14]
20005c04:	4313      	orrs	r3, r2
20005c06:	81fb      	strh	r3, [r7, #14]
20005c08:	687b      	ldr	r3, [r7, #4]
20005c0a:	89fa      	ldrh	r2, [r7, #14]
20005c0c:	841a      	strh	r2, [r3, #32]
20005c0e:	bf00      	nop
20005c10:	3714      	adds	r7, #20
20005c12:	46bd      	mov	sp, r7
20005c14:	bc80      	pop	{r7}
20005c16:	4770      	bx	lr

20005c18 <TIM_OC3NPolarityConfig>:
20005c18:	b480      	push	{r7}
20005c1a:	b085      	sub	sp, #20
20005c1c:	af00      	add	r7, sp, #0
20005c1e:	6078      	str	r0, [r7, #4]
20005c20:	460b      	mov	r3, r1
20005c22:	807b      	strh	r3, [r7, #2]
20005c24:	2300      	movs	r3, #0
20005c26:	81fb      	strh	r3, [r7, #14]
20005c28:	687b      	ldr	r3, [r7, #4]
20005c2a:	8c1b      	ldrh	r3, [r3, #32]
20005c2c:	81fb      	strh	r3, [r7, #14]
20005c2e:	89fb      	ldrh	r3, [r7, #14]
20005c30:	f423 6300 	bic.w	r3, r3, #2048	@ 0x800
20005c34:	81fb      	strh	r3, [r7, #14]
20005c36:	887b      	ldrh	r3, [r7, #2]
20005c38:	021b      	lsls	r3, r3, #8
20005c3a:	b29a      	uxth	r2, r3
20005c3c:	89fb      	ldrh	r3, [r7, #14]
20005c3e:	4313      	orrs	r3, r2
20005c40:	81fb      	strh	r3, [r7, #14]
20005c42:	687b      	ldr	r3, [r7, #4]
20005c44:	89fa      	ldrh	r2, [r7, #14]
20005c46:	841a      	strh	r2, [r3, #32]
20005c48:	bf00      	nop
20005c4a:	3714      	adds	r7, #20
20005c4c:	46bd      	mov	sp, r7
20005c4e:	bc80      	pop	{r7}
20005c50:	4770      	bx	lr

20005c52 <TIM_OC4PolarityConfig>:
20005c52:	b480      	push	{r7}
20005c54:	b085      	sub	sp, #20
20005c56:	af00      	add	r7, sp, #0
20005c58:	6078      	str	r0, [r7, #4]
20005c5a:	460b      	mov	r3, r1
20005c5c:	807b      	strh	r3, [r7, #2]
20005c5e:	2300      	movs	r3, #0
20005c60:	81fb      	strh	r3, [r7, #14]
20005c62:	687b      	ldr	r3, [r7, #4]
20005c64:	8c1b      	ldrh	r3, [r3, #32]
20005c66:	81fb      	strh	r3, [r7, #14]
20005c68:	89fb      	ldrh	r3, [r7, #14]
20005c6a:	f423 5300 	bic.w	r3, r3, #8192	@ 0x2000
20005c6e:	81fb      	strh	r3, [r7, #14]
20005c70:	887b      	ldrh	r3, [r7, #2]
20005c72:	031b      	lsls	r3, r3, #12
20005c74:	b29a      	uxth	r2, r3
20005c76:	89fb      	ldrh	r3, [r7, #14]
20005c78:	4313      	orrs	r3, r2
20005c7a:	81fb      	strh	r3, [r7, #14]
20005c7c:	687b      	ldr	r3, [r7, #4]
20005c7e:	89fa      	ldrh	r2, [r7, #14]
20005c80:	841a      	strh	r2, [r3, #32]
20005c82:	bf00      	nop
20005c84:	3714      	adds	r7, #20
20005c86:	46bd      	mov	sp, r7
20005c88:	bc80      	pop	{r7}
20005c8a:	4770      	bx	lr

20005c8c <TIM_CCxCmd>:
20005c8c:	b480      	push	{r7}
20005c8e:	b085      	sub	sp, #20
20005c90:	af00      	add	r7, sp, #0
20005c92:	6078      	str	r0, [r7, #4]
20005c94:	460b      	mov	r3, r1
20005c96:	807b      	strh	r3, [r7, #2]
20005c98:	4613      	mov	r3, r2
20005c9a:	803b      	strh	r3, [r7, #0]
20005c9c:	2300      	movs	r3, #0
20005c9e:	81fb      	strh	r3, [r7, #14]
20005ca0:	887b      	ldrh	r3, [r7, #2]
20005ca2:	2201      	movs	r2, #1
20005ca4:	fa02 f303 	lsl.w	r3, r2, r3
20005ca8:	81fb      	strh	r3, [r7, #14]
20005caa:	687b      	ldr	r3, [r7, #4]
20005cac:	8c1b      	ldrh	r3, [r3, #32]
20005cae:	b29a      	uxth	r2, r3
20005cb0:	89fb      	ldrh	r3, [r7, #14]
20005cb2:	43db      	mvns	r3, r3
20005cb4:	b29b      	uxth	r3, r3
20005cb6:	4013      	ands	r3, r2
20005cb8:	b29a      	uxth	r2, r3
20005cba:	687b      	ldr	r3, [r7, #4]
20005cbc:	841a      	strh	r2, [r3, #32]
20005cbe:	687b      	ldr	r3, [r7, #4]
20005cc0:	8c1b      	ldrh	r3, [r3, #32]
20005cc2:	b29a      	uxth	r2, r3
20005cc4:	8839      	ldrh	r1, [r7, #0]
20005cc6:	887b      	ldrh	r3, [r7, #2]
20005cc8:	fa01 f303 	lsl.w	r3, r1, r3
20005ccc:	b29b      	uxth	r3, r3
20005cce:	4313      	orrs	r3, r2
20005cd0:	b29a      	uxth	r2, r3
20005cd2:	687b      	ldr	r3, [r7, #4]
20005cd4:	841a      	strh	r2, [r3, #32]
20005cd6:	bf00      	nop
20005cd8:	3714      	adds	r7, #20
20005cda:	46bd      	mov	sp, r7
20005cdc:	bc80      	pop	{r7}
20005cde:	4770      	bx	lr

20005ce0 <TIM_CCxNCmd>:
20005ce0:	b480      	push	{r7}
20005ce2:	b085      	sub	sp, #20
20005ce4:	af00      	add	r7, sp, #0
20005ce6:	6078      	str	r0, [r7, #4]
20005ce8:	460b      	mov	r3, r1
20005cea:	807b      	strh	r3, [r7, #2]
20005cec:	4613      	mov	r3, r2
20005cee:	803b      	strh	r3, [r7, #0]
20005cf0:	2300      	movs	r3, #0
20005cf2:	81fb      	strh	r3, [r7, #14]
20005cf4:	887b      	ldrh	r3, [r7, #2]
20005cf6:	2204      	movs	r2, #4
20005cf8:	fa02 f303 	lsl.w	r3, r2, r3
20005cfc:	81fb      	strh	r3, [r7, #14]
20005cfe:	687b      	ldr	r3, [r7, #4]
20005d00:	8c1b      	ldrh	r3, [r3, #32]
20005d02:	b29a      	uxth	r2, r3
20005d04:	89fb      	ldrh	r3, [r7, #14]
20005d06:	43db      	mvns	r3, r3
20005d08:	b29b      	uxth	r3, r3
20005d0a:	4013      	ands	r3, r2
20005d0c:	b29a      	uxth	r2, r3
20005d0e:	687b      	ldr	r3, [r7, #4]
20005d10:	841a      	strh	r2, [r3, #32]
20005d12:	687b      	ldr	r3, [r7, #4]
20005d14:	8c1b      	ldrh	r3, [r3, #32]
20005d16:	b29a      	uxth	r2, r3
20005d18:	8839      	ldrh	r1, [r7, #0]
20005d1a:	887b      	ldrh	r3, [r7, #2]
20005d1c:	fa01 f303 	lsl.w	r3, r1, r3
20005d20:	b29b      	uxth	r3, r3
20005d22:	4313      	orrs	r3, r2
20005d24:	b29a      	uxth	r2, r3
20005d26:	687b      	ldr	r3, [r7, #4]
20005d28:	841a      	strh	r2, [r3, #32]
20005d2a:	bf00      	nop
20005d2c:	3714      	adds	r7, #20
20005d2e:	46bd      	mov	sp, r7
20005d30:	bc80      	pop	{r7}
20005d32:	4770      	bx	lr

20005d34 <TIM_ICInit>:
20005d34:	b580      	push	{r7, lr}
20005d36:	b082      	sub	sp, #8
20005d38:	af00      	add	r7, sp, #0
20005d3a:	6078      	str	r0, [r7, #4]
20005d3c:	6039      	str	r1, [r7, #0]
20005d3e:	683b      	ldr	r3, [r7, #0]
20005d40:	881b      	ldrh	r3, [r3, #0]
20005d42:	2b00      	cmp	r3, #0
20005d44:	d10f      	bne.n	20005d66 <TIM_ICInit+0x32>
20005d46:	683b      	ldr	r3, [r7, #0]
20005d48:	8859      	ldrh	r1, [r3, #2]
20005d4a:	683b      	ldr	r3, [r7, #0]
20005d4c:	889a      	ldrh	r2, [r3, #4]
20005d4e:	683b      	ldr	r3, [r7, #0]
20005d50:	891b      	ldrh	r3, [r3, #8]
20005d52:	6878      	ldr	r0, [r7, #4]
20005d54:	f000 fc97 	bl	20006686 <TI1_Config>
20005d58:	683b      	ldr	r3, [r7, #0]
20005d5a:	88db      	ldrh	r3, [r3, #6]
20005d5c:	4619      	mov	r1, r3
20005d5e:	6878      	ldr	r0, [r7, #4]
20005d60:	f000 f8dc 	bl	20005f1c <TIM_SetIC1Prescaler>
20005d64:	e036      	b.n	20005dd4 <TIM_ICInit+0xa0>
20005d66:	683b      	ldr	r3, [r7, #0]
20005d68:	881b      	ldrh	r3, [r3, #0]
20005d6a:	2b04      	cmp	r3, #4
20005d6c:	d10f      	bne.n	20005d8e <TIM_ICInit+0x5a>
20005d6e:	683b      	ldr	r3, [r7, #0]
20005d70:	8859      	ldrh	r1, [r3, #2]
20005d72:	683b      	ldr	r3, [r7, #0]
20005d74:	889a      	ldrh	r2, [r3, #4]
20005d76:	683b      	ldr	r3, [r7, #0]
20005d78:	891b      	ldrh	r3, [r3, #8]
20005d7a:	6878      	ldr	r0, [r7, #4]
20005d7c:	f000 fcc5 	bl	2000670a <TI2_Config>
20005d80:	683b      	ldr	r3, [r7, #0]
20005d82:	88db      	ldrh	r3, [r3, #6]
20005d84:	4619      	mov	r1, r3
20005d86:	6878      	ldr	r0, [r7, #4]
20005d88:	f000 f8e3 	bl	20005f52 <TIM_SetIC2Prescaler>
20005d8c:	e022      	b.n	20005dd4 <TIM_ICInit+0xa0>
20005d8e:	683b      	ldr	r3, [r7, #0]
20005d90:	881b      	ldrh	r3, [r3, #0]
20005d92:	2b08      	cmp	r3, #8
20005d94:	d10f      	bne.n	20005db6 <TIM_ICInit+0x82>
20005d96:	683b      	ldr	r3, [r7, #0]
20005d98:	8859      	ldrh	r1, [r3, #2]
20005d9a:	683b      	ldr	r3, [r7, #0]
20005d9c:	889a      	ldrh	r2, [r3, #4]
20005d9e:	683b      	ldr	r3, [r7, #0]
20005da0:	891b      	ldrh	r3, [r3, #8]
20005da2:	6878      	ldr	r0, [r7, #4]
20005da4:	f000 fcfd 	bl	200067a2 <TI3_Config>
20005da8:	683b      	ldr	r3, [r7, #0]
20005daa:	88db      	ldrh	r3, [r3, #6]
20005dac:	4619      	mov	r1, r3
20005dae:	6878      	ldr	r0, [r7, #4]
20005db0:	f000 f8ec 	bl	20005f8c <TIM_SetIC3Prescaler>
20005db4:	e00e      	b.n	20005dd4 <TIM_ICInit+0xa0>
20005db6:	683b      	ldr	r3, [r7, #0]
20005db8:	8859      	ldrh	r1, [r3, #2]
20005dba:	683b      	ldr	r3, [r7, #0]
20005dbc:	889a      	ldrh	r2, [r3, #4]
20005dbe:	683b      	ldr	r3, [r7, #0]
20005dc0:	891b      	ldrh	r3, [r3, #8]
20005dc2:	6878      	ldr	r0, [r7, #4]
20005dc4:	f000 fd34 	bl	20006830 <TI4_Config>
20005dc8:	683b      	ldr	r3, [r7, #0]
20005dca:	88db      	ldrh	r3, [r3, #6]
20005dcc:	4619      	mov	r1, r3
20005dce:	6878      	ldr	r0, [r7, #4]
20005dd0:	f000 f8f7 	bl	20005fc2 <TIM_SetIC4Prescaler>
20005dd4:	bf00      	nop
20005dd6:	3708      	adds	r7, #8
20005dd8:	46bd      	mov	sp, r7
20005dda:	bd80      	pop	{r7, pc}

20005ddc <TIM_ICStructInit>:
20005ddc:	b480      	push	{r7}
20005dde:	b083      	sub	sp, #12
20005de0:	af00      	add	r7, sp, #0
20005de2:	6078      	str	r0, [r7, #4]
20005de4:	687b      	ldr	r3, [r7, #4]
20005de6:	2200      	movs	r2, #0
20005de8:	801a      	strh	r2, [r3, #0]
20005dea:	687b      	ldr	r3, [r7, #4]
20005dec:	2200      	movs	r2, #0
20005dee:	805a      	strh	r2, [r3, #2]
20005df0:	687b      	ldr	r3, [r7, #4]
20005df2:	2201      	movs	r2, #1
20005df4:	809a      	strh	r2, [r3, #4]
20005df6:	687b      	ldr	r3, [r7, #4]
20005df8:	2200      	movs	r2, #0
20005dfa:	80da      	strh	r2, [r3, #6]
20005dfc:	687b      	ldr	r3, [r7, #4]
20005dfe:	2200      	movs	r2, #0
20005e00:	811a      	strh	r2, [r3, #8]
20005e02:	bf00      	nop
20005e04:	370c      	adds	r7, #12
20005e06:	46bd      	mov	sp, r7
20005e08:	bc80      	pop	{r7}
20005e0a:	4770      	bx	lr

20005e0c <TIM_PWMIConfig>:
20005e0c:	b580      	push	{r7, lr}
20005e0e:	b084      	sub	sp, #16
20005e10:	af00      	add	r7, sp, #0
20005e12:	6078      	str	r0, [r7, #4]
20005e14:	6039      	str	r1, [r7, #0]
20005e16:	2300      	movs	r3, #0
20005e18:	81fb      	strh	r3, [r7, #14]
20005e1a:	2301      	movs	r3, #1
20005e1c:	81bb      	strh	r3, [r7, #12]
20005e1e:	683b      	ldr	r3, [r7, #0]
20005e20:	885b      	ldrh	r3, [r3, #2]
20005e22:	2b00      	cmp	r3, #0
20005e24:	d102      	bne.n	20005e2c <TIM_PWMIConfig+0x20>
20005e26:	2302      	movs	r3, #2
20005e28:	81fb      	strh	r3, [r7, #14]
20005e2a:	e001      	b.n	20005e30 <TIM_PWMIConfig+0x24>
20005e2c:	2300      	movs	r3, #0
20005e2e:	81fb      	strh	r3, [r7, #14]
20005e30:	683b      	ldr	r3, [r7, #0]
20005e32:	889b      	ldrh	r3, [r3, #4]
20005e34:	2b01      	cmp	r3, #1
20005e36:	d102      	bne.n	20005e3e <TIM_PWMIConfig+0x32>
20005e38:	2302      	movs	r3, #2
20005e3a:	81bb      	strh	r3, [r7, #12]
20005e3c:	e001      	b.n	20005e42 <TIM_PWMIConfig+0x36>
20005e3e:	2301      	movs	r3, #1
20005e40:	81bb      	strh	r3, [r7, #12]
20005e42:	683b      	ldr	r3, [r7, #0]
20005e44:	881b      	ldrh	r3, [r3, #0]
20005e46:	2b00      	cmp	r3, #0
20005e48:	d11c      	bne.n	20005e84 <TIM_PWMIConfig+0x78>
20005e4a:	683b      	ldr	r3, [r7, #0]
20005e4c:	8859      	ldrh	r1, [r3, #2]
20005e4e:	683b      	ldr	r3, [r7, #0]
20005e50:	889a      	ldrh	r2, [r3, #4]
20005e52:	683b      	ldr	r3, [r7, #0]
20005e54:	891b      	ldrh	r3, [r3, #8]
20005e56:	6878      	ldr	r0, [r7, #4]
20005e58:	f000 fc15 	bl	20006686 <TI1_Config>
20005e5c:	683b      	ldr	r3, [r7, #0]
20005e5e:	88db      	ldrh	r3, [r3, #6]
20005e60:	4619      	mov	r1, r3
20005e62:	6878      	ldr	r0, [r7, #4]
20005e64:	f000 f85a 	bl	20005f1c <TIM_SetIC1Prescaler>
20005e68:	683b      	ldr	r3, [r7, #0]
20005e6a:	891b      	ldrh	r3, [r3, #8]
20005e6c:	89ba      	ldrh	r2, [r7, #12]
20005e6e:	89f9      	ldrh	r1, [r7, #14]
20005e70:	6878      	ldr	r0, [r7, #4]
20005e72:	f000 fc4a 	bl	2000670a <TI2_Config>
20005e76:	683b      	ldr	r3, [r7, #0]
20005e78:	88db      	ldrh	r3, [r3, #6]
20005e7a:	4619      	mov	r1, r3
20005e7c:	6878      	ldr	r0, [r7, #4]
20005e7e:	f000 f868 	bl	20005f52 <TIM_SetIC2Prescaler>
20005e82:	e01b      	b.n	20005ebc <TIM_PWMIConfig+0xb0>
20005e84:	683b      	ldr	r3, [r7, #0]
20005e86:	8859      	ldrh	r1, [r3, #2]
20005e88:	683b      	ldr	r3, [r7, #0]
20005e8a:	889a      	ldrh	r2, [r3, #4]
20005e8c:	683b      	ldr	r3, [r7, #0]
20005e8e:	891b      	ldrh	r3, [r3, #8]
20005e90:	6878      	ldr	r0, [r7, #4]
20005e92:	f000 fc3a 	bl	2000670a <TI2_Config>
20005e96:	683b      	ldr	r3, [r7, #0]
20005e98:	88db      	ldrh	r3, [r3, #6]
20005e9a:	4619      	mov	r1, r3
20005e9c:	6878      	ldr	r0, [r7, #4]
20005e9e:	f000 f858 	bl	20005f52 <TIM_SetIC2Prescaler>
20005ea2:	683b      	ldr	r3, [r7, #0]
20005ea4:	891b      	ldrh	r3, [r3, #8]
20005ea6:	89ba      	ldrh	r2, [r7, #12]
20005ea8:	89f9      	ldrh	r1, [r7, #14]
20005eaa:	6878      	ldr	r0, [r7, #4]
20005eac:	f000 fbeb 	bl	20006686 <TI1_Config>
20005eb0:	683b      	ldr	r3, [r7, #0]
20005eb2:	88db      	ldrh	r3, [r3, #6]
20005eb4:	4619      	mov	r1, r3
20005eb6:	6878      	ldr	r0, [r7, #4]
20005eb8:	f000 f830 	bl	20005f1c <TIM_SetIC1Prescaler>
20005ebc:	bf00      	nop
20005ebe:	3710      	adds	r7, #16
20005ec0:	46bd      	mov	sp, r7
20005ec2:	bd80      	pop	{r7, pc}

20005ec4 <TIM_GetCapture1>:
20005ec4:	b480      	push	{r7}
20005ec6:	b083      	sub	sp, #12
20005ec8:	af00      	add	r7, sp, #0
20005eca:	6078      	str	r0, [r7, #4]
20005ecc:	687b      	ldr	r3, [r7, #4]
20005ece:	6b5b      	ldr	r3, [r3, #52]	@ 0x34
20005ed0:	4618      	mov	r0, r3
20005ed2:	370c      	adds	r7, #12
20005ed4:	46bd      	mov	sp, r7
20005ed6:	bc80      	pop	{r7}
20005ed8:	4770      	bx	lr

20005eda <TIM_GetCapture2>:
20005eda:	b480      	push	{r7}
20005edc:	b083      	sub	sp, #12
20005ede:	af00      	add	r7, sp, #0
20005ee0:	6078      	str	r0, [r7, #4]
20005ee2:	687b      	ldr	r3, [r7, #4]
20005ee4:	6b9b      	ldr	r3, [r3, #56]	@ 0x38
20005ee6:	4618      	mov	r0, r3
20005ee8:	370c      	adds	r7, #12
20005eea:	46bd      	mov	sp, r7
20005eec:	bc80      	pop	{r7}
20005eee:	4770      	bx	lr

20005ef0 <TIM_GetCapture3>:
20005ef0:	b480      	push	{r7}
20005ef2:	b083      	sub	sp, #12
20005ef4:	af00      	add	r7, sp, #0
20005ef6:	6078      	str	r0, [r7, #4]
20005ef8:	687b      	ldr	r3, [r7, #4]
20005efa:	6bdb      	ldr	r3, [r3, #60]	@ 0x3c
20005efc:	4618      	mov	r0, r3
20005efe:	370c      	adds	r7, #12
20005f00:	46bd      	mov	sp, r7
20005f02:	bc80      	pop	{r7}
20005f04:	4770      	bx	lr

20005f06 <TIM_GetCapture4>:
20005f06:	b480      	push	{r7}
20005f08:	b083      	sub	sp, #12
20005f0a:	af00      	add	r7, sp, #0
20005f0c:	6078      	str	r0, [r7, #4]
20005f0e:	687b      	ldr	r3, [r7, #4]
20005f10:	6c1b      	ldr	r3, [r3, #64]	@ 0x40
20005f12:	4618      	mov	r0, r3
20005f14:	370c      	adds	r7, #12
20005f16:	46bd      	mov	sp, r7
20005f18:	bc80      	pop	{r7}
20005f1a:	4770      	bx	lr

20005f1c <TIM_SetIC1Prescaler>:
20005f1c:	b480      	push	{r7}
20005f1e:	b083      	sub	sp, #12
20005f20:	af00      	add	r7, sp, #0
20005f22:	6078      	str	r0, [r7, #4]
20005f24:	460b      	mov	r3, r1
20005f26:	807b      	strh	r3, [r7, #2]
20005f28:	687b      	ldr	r3, [r7, #4]
20005f2a:	8b1b      	ldrh	r3, [r3, #24]
20005f2c:	b29b      	uxth	r3, r3
20005f2e:	f023 030c 	bic.w	r3, r3, #12
20005f32:	b29a      	uxth	r2, r3
20005f34:	687b      	ldr	r3, [r7, #4]
20005f36:	831a      	strh	r2, [r3, #24]
20005f38:	687b      	ldr	r3, [r7, #4]
20005f3a:	8b1b      	ldrh	r3, [r3, #24]
20005f3c:	b29a      	uxth	r2, r3
20005f3e:	887b      	ldrh	r3, [r7, #2]
20005f40:	4313      	orrs	r3, r2
20005f42:	b29a      	uxth	r2, r3
20005f44:	687b      	ldr	r3, [r7, #4]
20005f46:	831a      	strh	r2, [r3, #24]
20005f48:	bf00      	nop
20005f4a:	370c      	adds	r7, #12
20005f4c:	46bd      	mov	sp, r7
20005f4e:	bc80      	pop	{r7}
20005f50:	4770      	bx	lr

20005f52 <TIM_SetIC2Prescaler>:
20005f52:	b480      	push	{r7}
20005f54:	b083      	sub	sp, #12
20005f56:	af00      	add	r7, sp, #0
20005f58:	6078      	str	r0, [r7, #4]
20005f5a:	460b      	mov	r3, r1
20005f5c:	807b      	strh	r3, [r7, #2]
20005f5e:	687b      	ldr	r3, [r7, #4]
20005f60:	8b1b      	ldrh	r3, [r3, #24]
20005f62:	b29b      	uxth	r3, r3
20005f64:	f423 6340 	bic.w	r3, r3, #3072	@ 0xc00
20005f68:	b29a      	uxth	r2, r3
20005f6a:	687b      	ldr	r3, [r7, #4]
20005f6c:	831a      	strh	r2, [r3, #24]
20005f6e:	687b      	ldr	r3, [r7, #4]
20005f70:	8b1b      	ldrh	r3, [r3, #24]
20005f72:	b29a      	uxth	r2, r3
20005f74:	887b      	ldrh	r3, [r7, #2]
20005f76:	021b      	lsls	r3, r3, #8
20005f78:	b29b      	uxth	r3, r3
20005f7a:	4313      	orrs	r3, r2
20005f7c:	b29a      	uxth	r2, r3
20005f7e:	687b      	ldr	r3, [r7, #4]
20005f80:	831a      	strh	r2, [r3, #24]
20005f82:	bf00      	nop
20005f84:	370c      	adds	r7, #12
20005f86:	46bd      	mov	sp, r7
20005f88:	bc80      	pop	{r7}
20005f8a:	4770      	bx	lr

20005f8c <TIM_SetIC3Prescaler>:
20005f8c:	b480      	push	{r7}
20005f8e:	b083      	sub	sp, #12
20005f90:	af00      	add	r7, sp, #0
20005f92:	6078      	str	r0, [r7, #4]
20005f94:	460b      	mov	r3, r1
20005f96:	807b      	strh	r3, [r7, #2]
20005f98:	687b      	ldr	r3, [r7, #4]
20005f9a:	8b9b      	ldrh	r3, [r3, #28]
20005f9c:	b29b      	uxth	r3, r3
20005f9e:	f023 030c 	bic.w	r3, r3, #12
20005fa2:	b29a      	uxth	r2, r3
20005fa4:	687b      	ldr	r3, [r7, #4]
20005fa6:	839a      	strh	r2, [r3, #28]
20005fa8:	687b      	ldr	r3, [r7, #4]
20005faa:	8b9b      	ldrh	r3, [r3, #28]
20005fac:	b29a      	uxth	r2, r3
20005fae:	887b      	ldrh	r3, [r7, #2]
20005fb0:	4313      	orrs	r3, r2
20005fb2:	b29a      	uxth	r2, r3
20005fb4:	687b      	ldr	r3, [r7, #4]
20005fb6:	839a      	strh	r2, [r3, #28]
20005fb8:	bf00      	nop
20005fba:	370c      	adds	r7, #12
20005fbc:	46bd      	mov	sp, r7
20005fbe:	bc80      	pop	{r7}
20005fc0:	4770      	bx	lr

20005fc2 <TIM_SetIC4Prescaler>:
20005fc2:	b480      	push	{r7}
20005fc4:	b083      	sub	sp, #12
20005fc6:	af00      	add	r7, sp, #0
20005fc8:	6078      	str	r0, [r7, #4]
20005fca:	460b      	mov	r3, r1
20005fcc:	807b      	strh	r3, [r7, #2]
20005fce:	687b      	ldr	r3, [r7, #4]
20005fd0:	8b9b      	ldrh	r3, [r3, #28]
20005fd2:	b29b      	uxth	r3, r3
20005fd4:	f423 6340 	bic.w	r3, r3, #3072	@ 0xc00
20005fd8:	b29a      	uxth	r2, r3
20005fda:	687b      	ldr	r3, [r7, #4]
20005fdc:	839a      	strh	r2, [r3, #28]
20005fde:	687b      	ldr	r3, [r7, #4]
20005fe0:	8b9b      	ldrh	r3, [r3, #28]
20005fe2:	b29a      	uxth	r2, r3
20005fe4:	887b      	ldrh	r3, [r7, #2]
20005fe6:	021b      	lsls	r3, r3, #8
20005fe8:	b29b      	uxth	r3, r3
20005fea:	4313      	orrs	r3, r2
20005fec:	b29a      	uxth	r2, r3
20005fee:	687b      	ldr	r3, [r7, #4]
20005ff0:	839a      	strh	r2, [r3, #28]
20005ff2:	bf00      	nop
20005ff4:	370c      	adds	r7, #12
20005ff6:	46bd      	mov	sp, r7
20005ff8:	bc80      	pop	{r7}
20005ffa:	4770      	bx	lr

20005ffc <TIM_BDTRConfig>:
20005ffc:	b480      	push	{r7}
20005ffe:	b083      	sub	sp, #12
20006000:	af00      	add	r7, sp, #0
20006002:	6078      	str	r0, [r7, #4]
20006004:	6039      	str	r1, [r7, #0]
20006006:	683b      	ldr	r3, [r7, #0]
20006008:	881a      	ldrh	r2, [r3, #0]
2000600a:	683b      	ldr	r3, [r7, #0]
2000600c:	885b      	ldrh	r3, [r3, #2]
2000600e:	4313      	orrs	r3, r2
20006010:	b29a      	uxth	r2, r3
20006012:	683b      	ldr	r3, [r7, #0]
20006014:	889b      	ldrh	r3, [r3, #4]
20006016:	4313      	orrs	r3, r2
20006018:	b29a      	uxth	r2, r3
2000601a:	683b      	ldr	r3, [r7, #0]
2000601c:	88db      	ldrh	r3, [r3, #6]
2000601e:	4313      	orrs	r3, r2
20006020:	b29a      	uxth	r2, r3
20006022:	683b      	ldr	r3, [r7, #0]
20006024:	891b      	ldrh	r3, [r3, #8]
20006026:	4313      	orrs	r3, r2
20006028:	b29a      	uxth	r2, r3
2000602a:	683b      	ldr	r3, [r7, #0]
2000602c:	895b      	ldrh	r3, [r3, #10]
2000602e:	4313      	orrs	r3, r2
20006030:	b29a      	uxth	r2, r3
20006032:	683b      	ldr	r3, [r7, #0]
20006034:	899b      	ldrh	r3, [r3, #12]
20006036:	4313      	orrs	r3, r2
20006038:	b29a      	uxth	r2, r3
2000603a:	687b      	ldr	r3, [r7, #4]
2000603c:	f8a3 2044 	strh.w	r2, [r3, #68]	@ 0x44
20006040:	bf00      	nop
20006042:	370c      	adds	r7, #12
20006044:	46bd      	mov	sp, r7
20006046:	bc80      	pop	{r7}
20006048:	4770      	bx	lr

2000604a <TIM_BDTRStructInit>:
2000604a:	b480      	push	{r7}
2000604c:	b083      	sub	sp, #12
2000604e:	af00      	add	r7, sp, #0
20006050:	6078      	str	r0, [r7, #4]
20006052:	687b      	ldr	r3, [r7, #4]
20006054:	2200      	movs	r2, #0
20006056:	801a      	strh	r2, [r3, #0]
20006058:	687b      	ldr	r3, [r7, #4]
2000605a:	2200      	movs	r2, #0
2000605c:	805a      	strh	r2, [r3, #2]
2000605e:	687b      	ldr	r3, [r7, #4]
20006060:	2200      	movs	r2, #0
20006062:	809a      	strh	r2, [r3, #4]
20006064:	687b      	ldr	r3, [r7, #4]
20006066:	2200      	movs	r2, #0
20006068:	80da      	strh	r2, [r3, #6]
2000606a:	687b      	ldr	r3, [r7, #4]
2000606c:	2200      	movs	r2, #0
2000606e:	811a      	strh	r2, [r3, #8]
20006070:	687b      	ldr	r3, [r7, #4]
20006072:	2200      	movs	r2, #0
20006074:	815a      	strh	r2, [r3, #10]
20006076:	687b      	ldr	r3, [r7, #4]
20006078:	2200      	movs	r2, #0
2000607a:	819a      	strh	r2, [r3, #12]
2000607c:	bf00      	nop
2000607e:	370c      	adds	r7, #12
20006080:	46bd      	mov	sp, r7
20006082:	bc80      	pop	{r7}
20006084:	4770      	bx	lr

20006086 <TIM_CtrlPWMOutputs>:
20006086:	b480      	push	{r7}
20006088:	b083      	sub	sp, #12
2000608a:	af00      	add	r7, sp, #0
2000608c:	6078      	str	r0, [r7, #4]
2000608e:	460b      	mov	r3, r1
20006090:	70fb      	strb	r3, [r7, #3]
20006092:	78fb      	ldrb	r3, [r7, #3]
20006094:	2b00      	cmp	r3, #0
20006096:	d00c      	beq.n	200060b2 <TIM_CtrlPWMOutputs+0x2c>
20006098:	687b      	ldr	r3, [r7, #4]
2000609a:	f8b3 3044 	ldrh.w	r3, [r3, #68]	@ 0x44
2000609e:	b29b      	uxth	r3, r3
200060a0:	ea6f 4343 	mvn.w	r3, r3, lsl #17
200060a4:	ea6f 4353 	mvn.w	r3, r3, lsr #17
200060a8:	b29a      	uxth	r2, r3
200060aa:	687b      	ldr	r3, [r7, #4]
200060ac:	f8a3 2044 	strh.w	r2, [r3, #68]	@ 0x44
200060b0:	e009      	b.n	200060c6 <TIM_CtrlPWMOutputs+0x40>
200060b2:	687b      	ldr	r3, [r7, #4]
200060b4:	f8b3 3044 	ldrh.w	r3, [r3, #68]	@ 0x44
200060b8:	b29b      	uxth	r3, r3
200060ba:	f3c3 030e 	ubfx	r3, r3, #0, #15
200060be:	b29a      	uxth	r2, r3
200060c0:	687b      	ldr	r3, [r7, #4]
200060c2:	f8a3 2044 	strh.w	r2, [r3, #68]	@ 0x44
200060c6:	bf00      	nop
200060c8:	370c      	adds	r7, #12
200060ca:	46bd      	mov	sp, r7
200060cc:	bc80      	pop	{r7}
200060ce:	4770      	bx	lr

200060d0 <TIM_SelectCOM>:
200060d0:	b480      	push	{r7}
200060d2:	b083      	sub	sp, #12
200060d4:	af00      	add	r7, sp, #0
200060d6:	6078      	str	r0, [r7, #4]
200060d8:	460b      	mov	r3, r1
200060da:	70fb      	strb	r3, [r7, #3]
200060dc:	78fb      	ldrb	r3, [r7, #3]
200060de:	2b00      	cmp	r3, #0
200060e0:	d008      	beq.n	200060f4 <TIM_SelectCOM+0x24>
200060e2:	687b      	ldr	r3, [r7, #4]
200060e4:	889b      	ldrh	r3, [r3, #4]
200060e6:	b29b      	uxth	r3, r3
200060e8:	f043 0304 	orr.w	r3, r3, #4
200060ec:	b29a      	uxth	r2, r3
200060ee:	687b      	ldr	r3, [r7, #4]
200060f0:	809a      	strh	r2, [r3, #4]
200060f2:	e007      	b.n	20006104 <TIM_SelectCOM+0x34>
200060f4:	687b      	ldr	r3, [r7, #4]
200060f6:	889b      	ldrh	r3, [r3, #4]
200060f8:	b29b      	uxth	r3, r3
200060fa:	f023 0304 	bic.w	r3, r3, #4
200060fe:	b29a      	uxth	r2, r3
20006100:	687b      	ldr	r3, [r7, #4]
20006102:	809a      	strh	r2, [r3, #4]
20006104:	bf00      	nop
20006106:	370c      	adds	r7, #12
20006108:	46bd      	mov	sp, r7
2000610a:	bc80      	pop	{r7}
2000610c:	4770      	bx	lr

2000610e <TIM_CCPreloadControl>:
2000610e:	b480      	push	{r7}
20006110:	b083      	sub	sp, #12
20006112:	af00      	add	r7, sp, #0
20006114:	6078      	str	r0, [r7, #4]
20006116:	460b      	mov	r3, r1
20006118:	70fb      	strb	r3, [r7, #3]
2000611a:	78fb      	ldrb	r3, [r7, #3]
2000611c:	2b00      	cmp	r3, #0
2000611e:	d008      	beq.n	20006132 <TIM_CCPreloadControl+0x24>
20006120:	687b      	ldr	r3, [r7, #4]
20006122:	889b      	ldrh	r3, [r3, #4]
20006124:	b29b      	uxth	r3, r3
20006126:	f043 0301 	orr.w	r3, r3, #1
2000612a:	b29a      	uxth	r2, r3
2000612c:	687b      	ldr	r3, [r7, #4]
2000612e:	809a      	strh	r2, [r3, #4]
20006130:	e007      	b.n	20006142 <TIM_CCPreloadControl+0x34>
20006132:	687b      	ldr	r3, [r7, #4]
20006134:	889b      	ldrh	r3, [r3, #4]
20006136:	b29b      	uxth	r3, r3
20006138:	f023 0301 	bic.w	r3, r3, #1
2000613c:	b29a      	uxth	r2, r3
2000613e:	687b      	ldr	r3, [r7, #4]
20006140:	809a      	strh	r2, [r3, #4]
20006142:	bf00      	nop
20006144:	370c      	adds	r7, #12
20006146:	46bd      	mov	sp, r7
20006148:	bc80      	pop	{r7}
2000614a:	4770      	bx	lr

2000614c <TIM_ITConfig>:
2000614c:	b480      	push	{r7}
2000614e:	b083      	sub	sp, #12
20006150:	af00      	add	r7, sp, #0
20006152:	6078      	str	r0, [r7, #4]
20006154:	460b      	mov	r3, r1
20006156:	807b      	strh	r3, [r7, #2]
20006158:	4613      	mov	r3, r2
2000615a:	707b      	strb	r3, [r7, #1]
2000615c:	787b      	ldrb	r3, [r7, #1]
2000615e:	2b00      	cmp	r3, #0
20006160:	d008      	beq.n	20006174 <TIM_ITConfig+0x28>
20006162:	687b      	ldr	r3, [r7, #4]
20006164:	899b      	ldrh	r3, [r3, #12]
20006166:	b29a      	uxth	r2, r3
20006168:	887b      	ldrh	r3, [r7, #2]
2000616a:	4313      	orrs	r3, r2
2000616c:	b29a      	uxth	r2, r3
2000616e:	687b      	ldr	r3, [r7, #4]
20006170:	819a      	strh	r2, [r3, #12]
20006172:	e009      	b.n	20006188 <TIM_ITConfig+0x3c>
20006174:	687b      	ldr	r3, [r7, #4]
20006176:	899b      	ldrh	r3, [r3, #12]
20006178:	b29a      	uxth	r2, r3
2000617a:	887b      	ldrh	r3, [r7, #2]
2000617c:	43db      	mvns	r3, r3
2000617e:	b29b      	uxth	r3, r3
20006180:	4013      	ands	r3, r2
20006182:	b29a      	uxth	r2, r3
20006184:	687b      	ldr	r3, [r7, #4]
20006186:	819a      	strh	r2, [r3, #12]
20006188:	bf00      	nop
2000618a:	370c      	adds	r7, #12
2000618c:	46bd      	mov	sp, r7
2000618e:	bc80      	pop	{r7}
20006190:	4770      	bx	lr

20006192 <TIM_GenerateEvent>:
20006192:	b480      	push	{r7}
20006194:	b083      	sub	sp, #12
20006196:	af00      	add	r7, sp, #0
20006198:	6078      	str	r0, [r7, #4]
2000619a:	460b      	mov	r3, r1
2000619c:	807b      	strh	r3, [r7, #2]
2000619e:	687b      	ldr	r3, [r7, #4]
200061a0:	887a      	ldrh	r2, [r7, #2]
200061a2:	829a      	strh	r2, [r3, #20]
200061a4:	bf00      	nop
200061a6:	370c      	adds	r7, #12
200061a8:	46bd      	mov	sp, r7
200061aa:	bc80      	pop	{r7}
200061ac:	4770      	bx	lr

200061ae <TIM_GetFlagStatus>:
200061ae:	b480      	push	{r7}
200061b0:	b085      	sub	sp, #20
200061b2:	af00      	add	r7, sp, #0
200061b4:	6078      	str	r0, [r7, #4]
200061b6:	460b      	mov	r3, r1
200061b8:	807b      	strh	r3, [r7, #2]
200061ba:	2300      	movs	r3, #0
200061bc:	73fb      	strb	r3, [r7, #15]
200061be:	687b      	ldr	r3, [r7, #4]
200061c0:	8a1b      	ldrh	r3, [r3, #16]
200061c2:	b29a      	uxth	r2, r3
200061c4:	887b      	ldrh	r3, [r7, #2]
200061c6:	4013      	ands	r3, r2
200061c8:	b29b      	uxth	r3, r3
200061ca:	2b00      	cmp	r3, #0
200061cc:	d002      	beq.n	200061d4 <TIM_GetFlagStatus+0x26>
200061ce:	2301      	movs	r3, #1
200061d0:	73fb      	strb	r3, [r7, #15]
200061d2:	e001      	b.n	200061d8 <TIM_GetFlagStatus+0x2a>
200061d4:	2300      	movs	r3, #0
200061d6:	73fb      	strb	r3, [r7, #15]
200061d8:	7bfb      	ldrb	r3, [r7, #15]
200061da:	4618      	mov	r0, r3
200061dc:	3714      	adds	r7, #20
200061de:	46bd      	mov	sp, r7
200061e0:	bc80      	pop	{r7}
200061e2:	4770      	bx	lr

200061e4 <TIM_ClearFlag>:
200061e4:	b480      	push	{r7}
200061e6:	b083      	sub	sp, #12
200061e8:	af00      	add	r7, sp, #0
200061ea:	6078      	str	r0, [r7, #4]
200061ec:	460b      	mov	r3, r1
200061ee:	807b      	strh	r3, [r7, #2]
200061f0:	887b      	ldrh	r3, [r7, #2]
200061f2:	43db      	mvns	r3, r3
200061f4:	b29a      	uxth	r2, r3
200061f6:	687b      	ldr	r3, [r7, #4]
200061f8:	821a      	strh	r2, [r3, #16]
200061fa:	bf00      	nop
200061fc:	370c      	adds	r7, #12
200061fe:	46bd      	mov	sp, r7
20006200:	bc80      	pop	{r7}
20006202:	4770      	bx	lr

20006204 <TIM_GetITStatus>:
20006204:	b480      	push	{r7}
20006206:	b085      	sub	sp, #20
20006208:	af00      	add	r7, sp, #0
2000620a:	6078      	str	r0, [r7, #4]
2000620c:	460b      	mov	r3, r1
2000620e:	807b      	strh	r3, [r7, #2]
20006210:	2300      	movs	r3, #0
20006212:	73fb      	strb	r3, [r7, #15]
20006214:	2300      	movs	r3, #0
20006216:	81bb      	strh	r3, [r7, #12]
20006218:	2300      	movs	r3, #0
2000621a:	817b      	strh	r3, [r7, #10]
2000621c:	687b      	ldr	r3, [r7, #4]
2000621e:	8a1b      	ldrh	r3, [r3, #16]
20006220:	b29a      	uxth	r2, r3
20006222:	887b      	ldrh	r3, [r7, #2]
20006224:	4013      	ands	r3, r2
20006226:	81bb      	strh	r3, [r7, #12]
20006228:	687b      	ldr	r3, [r7, #4]
2000622a:	899b      	ldrh	r3, [r3, #12]
2000622c:	b29a      	uxth	r2, r3
2000622e:	887b      	ldrh	r3, [r7, #2]
20006230:	4013      	ands	r3, r2
20006232:	817b      	strh	r3, [r7, #10]
20006234:	89bb      	ldrh	r3, [r7, #12]
20006236:	2b00      	cmp	r3, #0
20006238:	d005      	beq.n	20006246 <TIM_GetITStatus+0x42>
2000623a:	897b      	ldrh	r3, [r7, #10]
2000623c:	2b00      	cmp	r3, #0
2000623e:	d002      	beq.n	20006246 <TIM_GetITStatus+0x42>
20006240:	2301      	movs	r3, #1
20006242:	73fb      	strb	r3, [r7, #15]
20006244:	e001      	b.n	2000624a <TIM_GetITStatus+0x46>
20006246:	2300      	movs	r3, #0
20006248:	73fb      	strb	r3, [r7, #15]
2000624a:	7bfb      	ldrb	r3, [r7, #15]
2000624c:	4618      	mov	r0, r3
2000624e:	3714      	adds	r7, #20
20006250:	46bd      	mov	sp, r7
20006252:	bc80      	pop	{r7}
20006254:	4770      	bx	lr

20006256 <TIM_ClearITPendingBit>:
20006256:	b480      	push	{r7}
20006258:	b083      	sub	sp, #12
2000625a:	af00      	add	r7, sp, #0
2000625c:	6078      	str	r0, [r7, #4]
2000625e:	460b      	mov	r3, r1
20006260:	807b      	strh	r3, [r7, #2]
20006262:	887b      	ldrh	r3, [r7, #2]
20006264:	43db      	mvns	r3, r3
20006266:	b29a      	uxth	r2, r3
20006268:	687b      	ldr	r3, [r7, #4]
2000626a:	821a      	strh	r2, [r3, #16]
2000626c:	bf00      	nop
2000626e:	370c      	adds	r7, #12
20006270:	46bd      	mov	sp, r7
20006272:	bc80      	pop	{r7}
20006274:	4770      	bx	lr

20006276 <TIM_DMAConfig>:
20006276:	b480      	push	{r7}
20006278:	b083      	sub	sp, #12
2000627a:	af00      	add	r7, sp, #0
2000627c:	6078      	str	r0, [r7, #4]
2000627e:	460b      	mov	r3, r1
20006280:	807b      	strh	r3, [r7, #2]
20006282:	4613      	mov	r3, r2
20006284:	803b      	strh	r3, [r7, #0]
20006286:	887a      	ldrh	r2, [r7, #2]
20006288:	883b      	ldrh	r3, [r7, #0]
2000628a:	4313      	orrs	r3, r2
2000628c:	b29a      	uxth	r2, r3
2000628e:	687b      	ldr	r3, [r7, #4]
20006290:	f8a3 2048 	strh.w	r2, [r3, #72]	@ 0x48
20006294:	bf00      	nop
20006296:	370c      	adds	r7, #12
20006298:	46bd      	mov	sp, r7
2000629a:	bc80      	pop	{r7}
2000629c:	4770      	bx	lr

2000629e <TIM_DMACmd>:
2000629e:	b480      	push	{r7}
200062a0:	b083      	sub	sp, #12
200062a2:	af00      	add	r7, sp, #0
200062a4:	6078      	str	r0, [r7, #4]
200062a6:	460b      	mov	r3, r1
200062a8:	807b      	strh	r3, [r7, #2]
200062aa:	4613      	mov	r3, r2
200062ac:	707b      	strb	r3, [r7, #1]
200062ae:	787b      	ldrb	r3, [r7, #1]
200062b0:	2b00      	cmp	r3, #0
200062b2:	d008      	beq.n	200062c6 <TIM_DMACmd+0x28>
200062b4:	687b      	ldr	r3, [r7, #4]
200062b6:	899b      	ldrh	r3, [r3, #12]
200062b8:	b29a      	uxth	r2, r3
200062ba:	887b      	ldrh	r3, [r7, #2]
200062bc:	4313      	orrs	r3, r2
200062be:	b29a      	uxth	r2, r3
200062c0:	687b      	ldr	r3, [r7, #4]
200062c2:	819a      	strh	r2, [r3, #12]
200062c4:	e009      	b.n	200062da <TIM_DMACmd+0x3c>
200062c6:	687b      	ldr	r3, [r7, #4]
200062c8:	899b      	ldrh	r3, [r3, #12]
200062ca:	b29a      	uxth	r2, r3
200062cc:	887b      	ldrh	r3, [r7, #2]
200062ce:	43db      	mvns	r3, r3
200062d0:	b29b      	uxth	r3, r3
200062d2:	4013      	ands	r3, r2
200062d4:	b29a      	uxth	r2, r3
200062d6:	687b      	ldr	r3, [r7, #4]
200062d8:	819a      	strh	r2, [r3, #12]
200062da:	bf00      	nop
200062dc:	370c      	adds	r7, #12
200062de:	46bd      	mov	sp, r7
200062e0:	bc80      	pop	{r7}
200062e2:	4770      	bx	lr

200062e4 <TIM_SelectCCDMA>:
200062e4:	b480      	push	{r7}
200062e6:	b083      	sub	sp, #12
200062e8:	af00      	add	r7, sp, #0
200062ea:	6078      	str	r0, [r7, #4]
200062ec:	460b      	mov	r3, r1
200062ee:	70fb      	strb	r3, [r7, #3]
200062f0:	78fb      	ldrb	r3, [r7, #3]
200062f2:	2b00      	cmp	r3, #0
200062f4:	d008      	beq.n	20006308 <TIM_SelectCCDMA+0x24>
200062f6:	687b      	ldr	r3, [r7, #4]
200062f8:	889b      	ldrh	r3, [r3, #4]
200062fa:	b29b      	uxth	r3, r3
200062fc:	f043 0308 	orr.w	r3, r3, #8
20006300:	b29a      	uxth	r2, r3
20006302:	687b      	ldr	r3, [r7, #4]
20006304:	809a      	strh	r2, [r3, #4]
20006306:	e007      	b.n	20006318 <TIM_SelectCCDMA+0x34>
20006308:	687b      	ldr	r3, [r7, #4]
2000630a:	889b      	ldrh	r3, [r3, #4]
2000630c:	b29b      	uxth	r3, r3
2000630e:	f023 0308 	bic.w	r3, r3, #8
20006312:	b29a      	uxth	r2, r3
20006314:	687b      	ldr	r3, [r7, #4]
20006316:	809a      	strh	r2, [r3, #4]
20006318:	bf00      	nop
2000631a:	370c      	adds	r7, #12
2000631c:	46bd      	mov	sp, r7
2000631e:	bc80      	pop	{r7}
20006320:	4770      	bx	lr

20006322 <TIM_InternalClockConfig>:
20006322:	b480      	push	{r7}
20006324:	b083      	sub	sp, #12
20006326:	af00      	add	r7, sp, #0
20006328:	6078      	str	r0, [r7, #4]
2000632a:	687b      	ldr	r3, [r7, #4]
2000632c:	891b      	ldrh	r3, [r3, #8]
2000632e:	b29b      	uxth	r3, r3
20006330:	f023 0307 	bic.w	r3, r3, #7
20006334:	b29a      	uxth	r2, r3
20006336:	687b      	ldr	r3, [r7, #4]
20006338:	811a      	strh	r2, [r3, #8]
2000633a:	bf00      	nop
2000633c:	370c      	adds	r7, #12
2000633e:	46bd      	mov	sp, r7
20006340:	bc80      	pop	{r7}
20006342:	4770      	bx	lr

20006344 <TIM_ITRxExternalClockConfig>:
20006344:	b580      	push	{r7, lr}
20006346:	b082      	sub	sp, #8
20006348:	af00      	add	r7, sp, #0
2000634a:	6078      	str	r0, [r7, #4]
2000634c:	460b      	mov	r3, r1
2000634e:	807b      	strh	r3, [r7, #2]
20006350:	887b      	ldrh	r3, [r7, #2]
20006352:	4619      	mov	r1, r3
20006354:	6878      	ldr	r0, [r7, #4]
20006356:	f000 f888 	bl	2000646a <TIM_SelectInputTrigger>
2000635a:	687b      	ldr	r3, [r7, #4]
2000635c:	891b      	ldrh	r3, [r3, #8]
2000635e:	b29b      	uxth	r3, r3
20006360:	f043 0307 	orr.w	r3, r3, #7
20006364:	b29a      	uxth	r2, r3
20006366:	687b      	ldr	r3, [r7, #4]
20006368:	811a      	strh	r2, [r3, #8]
2000636a:	bf00      	nop
2000636c:	3708      	adds	r7, #8
2000636e:	46bd      	mov	sp, r7
20006370:	bd80      	pop	{r7, pc}

20006372 <TIM_TIxExternalClockConfig>:
20006372:	b580      	push	{r7, lr}
20006374:	b084      	sub	sp, #16
20006376:	af00      	add	r7, sp, #0
20006378:	60f8      	str	r0, [r7, #12]
2000637a:	4608      	mov	r0, r1
2000637c:	4611      	mov	r1, r2
2000637e:	461a      	mov	r2, r3
20006380:	4603      	mov	r3, r0
20006382:	817b      	strh	r3, [r7, #10]
20006384:	460b      	mov	r3, r1
20006386:	813b      	strh	r3, [r7, #8]
20006388:	4613      	mov	r3, r2
2000638a:	80fb      	strh	r3, [r7, #6]
2000638c:	897b      	ldrh	r3, [r7, #10]
2000638e:	2b60      	cmp	r3, #96	@ 0x60
20006390:	d106      	bne.n	200063a0 <TIM_TIxExternalClockConfig+0x2e>
20006392:	88fb      	ldrh	r3, [r7, #6]
20006394:	8939      	ldrh	r1, [r7, #8]
20006396:	2201      	movs	r2, #1
20006398:	68f8      	ldr	r0, [r7, #12]
2000639a:	f000 f9b6 	bl	2000670a <TI2_Config>
2000639e:	e005      	b.n	200063ac <TIM_TIxExternalClockConfig+0x3a>
200063a0:	88fb      	ldrh	r3, [r7, #6]
200063a2:	8939      	ldrh	r1, [r7, #8]
200063a4:	2201      	movs	r2, #1
200063a6:	68f8      	ldr	r0, [r7, #12]
200063a8:	f000 f96d 	bl	20006686 <TI1_Config>
200063ac:	897b      	ldrh	r3, [r7, #10]
200063ae:	4619      	mov	r1, r3
200063b0:	68f8      	ldr	r0, [r7, #12]
200063b2:	f000 f85a 	bl	2000646a <TIM_SelectInputTrigger>
200063b6:	68fb      	ldr	r3, [r7, #12]
200063b8:	891b      	ldrh	r3, [r3, #8]
200063ba:	b29b      	uxth	r3, r3
200063bc:	f043 0307 	orr.w	r3, r3, #7
200063c0:	b29a      	uxth	r2, r3
200063c2:	68fb      	ldr	r3, [r7, #12]
200063c4:	811a      	strh	r2, [r3, #8]
200063c6:	bf00      	nop
200063c8:	3710      	adds	r7, #16
200063ca:	46bd      	mov	sp, r7
200063cc:	bd80      	pop	{r7, pc}

200063ce <TIM_ETRClockMode1Config>:
200063ce:	b580      	push	{r7, lr}
200063d0:	b086      	sub	sp, #24
200063d2:	af00      	add	r7, sp, #0
200063d4:	60f8      	str	r0, [r7, #12]
200063d6:	4608      	mov	r0, r1
200063d8:	4611      	mov	r1, r2
200063da:	461a      	mov	r2, r3
200063dc:	4603      	mov	r3, r0
200063de:	817b      	strh	r3, [r7, #10]
200063e0:	460b      	mov	r3, r1
200063e2:	813b      	strh	r3, [r7, #8]
200063e4:	4613      	mov	r3, r2
200063e6:	80fb      	strh	r3, [r7, #6]
200063e8:	2300      	movs	r3, #0
200063ea:	82fb      	strh	r3, [r7, #22]
200063ec:	88fb      	ldrh	r3, [r7, #6]
200063ee:	893a      	ldrh	r2, [r7, #8]
200063f0:	8979      	ldrh	r1, [r7, #10]
200063f2:	68f8      	ldr	r0, [r7, #12]
200063f4:	f000 f8a5 	bl	20006542 <TIM_ETRConfig>
200063f8:	68fb      	ldr	r3, [r7, #12]
200063fa:	891b      	ldrh	r3, [r3, #8]
200063fc:	82fb      	strh	r3, [r7, #22]
200063fe:	8afb      	ldrh	r3, [r7, #22]
20006400:	f023 0307 	bic.w	r3, r3, #7
20006404:	82fb      	strh	r3, [r7, #22]
20006406:	8afb      	ldrh	r3, [r7, #22]
20006408:	f043 0307 	orr.w	r3, r3, #7
2000640c:	82fb      	strh	r3, [r7, #22]
2000640e:	8afb      	ldrh	r3, [r7, #22]
20006410:	f023 0370 	bic.w	r3, r3, #112	@ 0x70
20006414:	82fb      	strh	r3, [r7, #22]
20006416:	8afb      	ldrh	r3, [r7, #22]
20006418:	f043 0370 	orr.w	r3, r3, #112	@ 0x70
2000641c:	82fb      	strh	r3, [r7, #22]
2000641e:	68fb      	ldr	r3, [r7, #12]
20006420:	8afa      	ldrh	r2, [r7, #22]
20006422:	811a      	strh	r2, [r3, #8]
20006424:	bf00      	nop
20006426:	3718      	adds	r7, #24
20006428:	46bd      	mov	sp, r7
2000642a:	bd80      	pop	{r7, pc}

2000642c <TIM_ETRClockMode2Config>:
2000642c:	b580      	push	{r7, lr}
2000642e:	b084      	sub	sp, #16
20006430:	af00      	add	r7, sp, #0
20006432:	60f8      	str	r0, [r7, #12]
20006434:	4608      	mov	r0, r1
20006436:	4611      	mov	r1, r2
20006438:	461a      	mov	r2, r3
2000643a:	4603      	mov	r3, r0
2000643c:	817b      	strh	r3, [r7, #10]
2000643e:	460b      	mov	r3, r1
20006440:	813b      	strh	r3, [r7, #8]
20006442:	4613      	mov	r3, r2
20006444:	80fb      	strh	r3, [r7, #6]
20006446:	88fb      	ldrh	r3, [r7, #6]
20006448:	893a      	ldrh	r2, [r7, #8]
2000644a:	8979      	ldrh	r1, [r7, #10]
2000644c:	68f8      	ldr	r0, [r7, #12]
2000644e:	f000 f878 	bl	20006542 <TIM_ETRConfig>
20006452:	68fb      	ldr	r3, [r7, #12]
20006454:	891b      	ldrh	r3, [r3, #8]
20006456:	b29b      	uxth	r3, r3
20006458:	f443 4380 	orr.w	r3, r3, #16384	@ 0x4000
2000645c:	b29a      	uxth	r2, r3
2000645e:	68fb      	ldr	r3, [r7, #12]
20006460:	811a      	strh	r2, [r3, #8]
20006462:	bf00      	nop
20006464:	3710      	adds	r7, #16
20006466:	46bd      	mov	sp, r7
20006468:	bd80      	pop	{r7, pc}

2000646a <TIM_SelectInputTrigger>:
2000646a:	b480      	push	{r7}
2000646c:	b085      	sub	sp, #20
2000646e:	af00      	add	r7, sp, #0
20006470:	6078      	str	r0, [r7, #4]
20006472:	460b      	mov	r3, r1
20006474:	807b      	strh	r3, [r7, #2]
20006476:	2300      	movs	r3, #0
20006478:	81fb      	strh	r3, [r7, #14]
2000647a:	687b      	ldr	r3, [r7, #4]
2000647c:	891b      	ldrh	r3, [r3, #8]
2000647e:	81fb      	strh	r3, [r7, #14]
20006480:	89fb      	ldrh	r3, [r7, #14]
20006482:	f023 0370 	bic.w	r3, r3, #112	@ 0x70
20006486:	81fb      	strh	r3, [r7, #14]
20006488:	89fa      	ldrh	r2, [r7, #14]
2000648a:	887b      	ldrh	r3, [r7, #2]
2000648c:	4313      	orrs	r3, r2
2000648e:	81fb      	strh	r3, [r7, #14]
20006490:	687b      	ldr	r3, [r7, #4]
20006492:	89fa      	ldrh	r2, [r7, #14]
20006494:	811a      	strh	r2, [r3, #8]
20006496:	bf00      	nop
20006498:	3714      	adds	r7, #20
2000649a:	46bd      	mov	sp, r7
2000649c:	bc80      	pop	{r7}
2000649e:	4770      	bx	lr

200064a0 <TIM_SelectOutputTrigger>:
200064a0:	b480      	push	{r7}
200064a2:	b083      	sub	sp, #12
200064a4:	af00      	add	r7, sp, #0
200064a6:	6078      	str	r0, [r7, #4]
200064a8:	460b      	mov	r3, r1
200064aa:	807b      	strh	r3, [r7, #2]
200064ac:	687b      	ldr	r3, [r7, #4]
200064ae:	889b      	ldrh	r3, [r3, #4]
200064b0:	b29b      	uxth	r3, r3
200064b2:	f023 0370 	bic.w	r3, r3, #112	@ 0x70
200064b6:	b29a      	uxth	r2, r3
200064b8:	687b      	ldr	r3, [r7, #4]
200064ba:	809a      	strh	r2, [r3, #4]
200064bc:	687b      	ldr	r3, [r7, #4]
200064be:	889b      	ldrh	r3, [r3, #4]
200064c0:	b29a      	uxth	r2, r3
200064c2:	887b      	ldrh	r3, [r7, #2]
200064c4:	4313      	orrs	r3, r2
200064c6:	b29a      	uxth	r2, r3
200064c8:	687b      	ldr	r3, [r7, #4]
200064ca:	809a      	strh	r2, [r3, #4]
200064cc:	bf00      	nop
200064ce:	370c      	adds	r7, #12
200064d0:	46bd      	mov	sp, r7
200064d2:	bc80      	pop	{r7}
200064d4:	4770      	bx	lr

200064d6 <TIM_SelectSlaveMode>:
200064d6:	b480      	push	{r7}
200064d8:	b083      	sub	sp, #12
200064da:	af00      	add	r7, sp, #0
200064dc:	6078      	str	r0, [r7, #4]
200064de:	460b      	mov	r3, r1
200064e0:	807b      	strh	r3, [r7, #2]
200064e2:	687b      	ldr	r3, [r7, #4]
200064e4:	891b      	ldrh	r3, [r3, #8]
200064e6:	b29b      	uxth	r3, r3
200064e8:	f023 0307 	bic.w	r3, r3, #7
200064ec:	b29a      	uxth	r2, r3
200064ee:	687b      	ldr	r3, [r7, #4]
200064f0:	811a      	strh	r2, [r3, #8]
200064f2:	687b      	ldr	r3, [r7, #4]
200064f4:	891b      	ldrh	r3, [r3, #8]
200064f6:	b29a      	uxth	r2, r3
200064f8:	887b      	ldrh	r3, [r7, #2]
200064fa:	4313      	orrs	r3, r2
200064fc:	b29a      	uxth	r2, r3
200064fe:	687b      	ldr	r3, [r7, #4]
20006500:	811a      	strh	r2, [r3, #8]
20006502:	bf00      	nop
20006504:	370c      	adds	r7, #12
20006506:	46bd      	mov	sp, r7
20006508:	bc80      	pop	{r7}
2000650a:	4770      	bx	lr

2000650c <TIM_SelectMasterSlaveMode>:
2000650c:	b480      	push	{r7}
2000650e:	b083      	sub	sp, #12
20006510:	af00      	add	r7, sp, #0
20006512:	6078      	str	r0, [r7, #4]
20006514:	460b      	mov	r3, r1
20006516:	807b      	strh	r3, [r7, #2]
20006518:	687b      	ldr	r3, [r7, #4]
2000651a:	891b      	ldrh	r3, [r3, #8]
2000651c:	b29b      	uxth	r3, r3
2000651e:	f023 0380 	bic.w	r3, r3, #128	@ 0x80
20006522:	b29a      	uxth	r2, r3
20006524:	687b      	ldr	r3, [r7, #4]
20006526:	811a      	strh	r2, [r3, #8]
20006528:	687b      	ldr	r3, [r7, #4]
2000652a:	891b      	ldrh	r3, [r3, #8]
2000652c:	b29a      	uxth	r2, r3
2000652e:	887b      	ldrh	r3, [r7, #2]
20006530:	4313      	orrs	r3, r2
20006532:	b29a      	uxth	r2, r3
20006534:	687b      	ldr	r3, [r7, #4]
20006536:	811a      	strh	r2, [r3, #8]
20006538:	bf00      	nop
2000653a:	370c      	adds	r7, #12
2000653c:	46bd      	mov	sp, r7
2000653e:	bc80      	pop	{r7}
20006540:	4770      	bx	lr

20006542 <TIM_ETRConfig>:
20006542:	b480      	push	{r7}
20006544:	b087      	sub	sp, #28
20006546:	af00      	add	r7, sp, #0
20006548:	60f8      	str	r0, [r7, #12]
2000654a:	4608      	mov	r0, r1
2000654c:	4611      	mov	r1, r2
2000654e:	461a      	mov	r2, r3
20006550:	4603      	mov	r3, r0
20006552:	817b      	strh	r3, [r7, #10]
20006554:	460b      	mov	r3, r1
20006556:	813b      	strh	r3, [r7, #8]
20006558:	4613      	mov	r3, r2
2000655a:	80fb      	strh	r3, [r7, #6]
2000655c:	2300      	movs	r3, #0
2000655e:	82fb      	strh	r3, [r7, #22]
20006560:	68fb      	ldr	r3, [r7, #12]
20006562:	891b      	ldrh	r3, [r3, #8]
20006564:	82fb      	strh	r3, [r7, #22]
20006566:	8afb      	ldrh	r3, [r7, #22]
20006568:	b2db      	uxtb	r3, r3
2000656a:	82fb      	strh	r3, [r7, #22]
2000656c:	88fb      	ldrh	r3, [r7, #6]
2000656e:	021b      	lsls	r3, r3, #8
20006570:	b29a      	uxth	r2, r3
20006572:	893b      	ldrh	r3, [r7, #8]
20006574:	4313      	orrs	r3, r2
20006576:	b29a      	uxth	r2, r3
20006578:	897b      	ldrh	r3, [r7, #10]
2000657a:	4313      	orrs	r3, r2
2000657c:	b29a      	uxth	r2, r3
2000657e:	8afb      	ldrh	r3, [r7, #22]
20006580:	4313      	orrs	r3, r2
20006582:	82fb      	strh	r3, [r7, #22]
20006584:	68fb      	ldr	r3, [r7, #12]
20006586:	8afa      	ldrh	r2, [r7, #22]
20006588:	811a      	strh	r2, [r3, #8]
2000658a:	bf00      	nop
2000658c:	371c      	adds	r7, #28
2000658e:	46bd      	mov	sp, r7
20006590:	bc80      	pop	{r7}
20006592:	4770      	bx	lr

20006594 <TIM_EncoderInterfaceConfig>:
20006594:	b480      	push	{r7}
20006596:	b087      	sub	sp, #28
20006598:	af00      	add	r7, sp, #0
2000659a:	60f8      	str	r0, [r7, #12]
2000659c:	4608      	mov	r0, r1
2000659e:	4611      	mov	r1, r2
200065a0:	461a      	mov	r2, r3
200065a2:	4603      	mov	r3, r0
200065a4:	817b      	strh	r3, [r7, #10]
200065a6:	460b      	mov	r3, r1
200065a8:	813b      	strh	r3, [r7, #8]
200065aa:	4613      	mov	r3, r2
200065ac:	80fb      	strh	r3, [r7, #6]
200065ae:	2300      	movs	r3, #0
200065b0:	82fb      	strh	r3, [r7, #22]
200065b2:	2300      	movs	r3, #0
200065b4:	82bb      	strh	r3, [r7, #20]
200065b6:	2300      	movs	r3, #0
200065b8:	827b      	strh	r3, [r7, #18]
200065ba:	68fb      	ldr	r3, [r7, #12]
200065bc:	891b      	ldrh	r3, [r3, #8]
200065be:	82fb      	strh	r3, [r7, #22]
200065c0:	68fb      	ldr	r3, [r7, #12]
200065c2:	8b1b      	ldrh	r3, [r3, #24]
200065c4:	82bb      	strh	r3, [r7, #20]
200065c6:	68fb      	ldr	r3, [r7, #12]
200065c8:	8c1b      	ldrh	r3, [r3, #32]
200065ca:	827b      	strh	r3, [r7, #18]
200065cc:	8afb      	ldrh	r3, [r7, #22]
200065ce:	f023 0307 	bic.w	r3, r3, #7
200065d2:	82fb      	strh	r3, [r7, #22]
200065d4:	8afa      	ldrh	r2, [r7, #22]
200065d6:	897b      	ldrh	r3, [r7, #10]
200065d8:	4313      	orrs	r3, r2
200065da:	82fb      	strh	r3, [r7, #22]
200065dc:	8abb      	ldrh	r3, [r7, #20]
200065de:	f423 7340 	bic.w	r3, r3, #768	@ 0x300
200065e2:	f023 0303 	bic.w	r3, r3, #3
200065e6:	82bb      	strh	r3, [r7, #20]
200065e8:	8abb      	ldrh	r3, [r7, #20]
200065ea:	f443 7380 	orr.w	r3, r3, #256	@ 0x100
200065ee:	f043 0301 	orr.w	r3, r3, #1
200065f2:	82bb      	strh	r3, [r7, #20]
200065f4:	8a7b      	ldrh	r3, [r7, #18]
200065f6:	f023 0322 	bic.w	r3, r3, #34	@ 0x22
200065fa:	827b      	strh	r3, [r7, #18]
200065fc:	88fb      	ldrh	r3, [r7, #6]
200065fe:	011b      	lsls	r3, r3, #4
20006600:	b29a      	uxth	r2, r3
20006602:	893b      	ldrh	r3, [r7, #8]
20006604:	4313      	orrs	r3, r2
20006606:	b29a      	uxth	r2, r3
20006608:	8a7b      	ldrh	r3, [r7, #18]
2000660a:	4313      	orrs	r3, r2
2000660c:	827b      	strh	r3, [r7, #18]
2000660e:	68fb      	ldr	r3, [r7, #12]
20006610:	8afa      	ldrh	r2, [r7, #22]
20006612:	811a      	strh	r2, [r3, #8]
20006614:	68fb      	ldr	r3, [r7, #12]
20006616:	8aba      	ldrh	r2, [r7, #20]
20006618:	831a      	strh	r2, [r3, #24]
2000661a:	68fb      	ldr	r3, [r7, #12]
2000661c:	8a7a      	ldrh	r2, [r7, #18]
2000661e:	841a      	strh	r2, [r3, #32]
20006620:	bf00      	nop
20006622:	371c      	adds	r7, #28
20006624:	46bd      	mov	sp, r7
20006626:	bc80      	pop	{r7}
20006628:	4770      	bx	lr

2000662a <TIM_SelectHallSensor>:
2000662a:	b480      	push	{r7}
2000662c:	b083      	sub	sp, #12
2000662e:	af00      	add	r7, sp, #0
20006630:	6078      	str	r0, [r7, #4]
20006632:	460b      	mov	r3, r1
20006634:	70fb      	strb	r3, [r7, #3]
20006636:	78fb      	ldrb	r3, [r7, #3]
20006638:	2b00      	cmp	r3, #0
2000663a:	d008      	beq.n	2000664e <TIM_SelectHallSensor+0x24>
2000663c:	687b      	ldr	r3, [r7, #4]
2000663e:	889b      	ldrh	r3, [r3, #4]
20006640:	b29b      	uxth	r3, r3
20006642:	f043 0380 	orr.w	r3, r3, #128	@ 0x80
20006646:	b29a      	uxth	r2, r3
20006648:	687b      	ldr	r3, [r7, #4]
2000664a:	809a      	strh	r2, [r3, #4]
2000664c:	e007      	b.n	2000665e <TIM_SelectHallSensor+0x34>
2000664e:	687b      	ldr	r3, [r7, #4]
20006650:	889b      	ldrh	r3, [r3, #4]
20006652:	b29b      	uxth	r3, r3
20006654:	f023 0380 	bic.w	r3, r3, #128	@ 0x80
20006658:	b29a      	uxth	r2, r3
2000665a:	687b      	ldr	r3, [r7, #4]
2000665c:	809a      	strh	r2, [r3, #4]
2000665e:	bf00      	nop
20006660:	370c      	adds	r7, #12
20006662:	46bd      	mov	sp, r7
20006664:	bc80      	pop	{r7}
20006666:	4770      	bx	lr

20006668 <TIM_RemapConfig>:
20006668:	b480      	push	{r7}
2000666a:	b083      	sub	sp, #12
2000666c:	af00      	add	r7, sp, #0
2000666e:	6078      	str	r0, [r7, #4]
20006670:	460b      	mov	r3, r1
20006672:	807b      	strh	r3, [r7, #2]
20006674:	687b      	ldr	r3, [r7, #4]
20006676:	887a      	ldrh	r2, [r7, #2]
20006678:	f8a3 2050 	strh.w	r2, [r3, #80]	@ 0x50
2000667c:	bf00      	nop
2000667e:	370c      	adds	r7, #12
20006680:	46bd      	mov	sp, r7
20006682:	bc80      	pop	{r7}
20006684:	4770      	bx	lr

20006686 <TI1_Config>:
20006686:	b480      	push	{r7}
20006688:	b087      	sub	sp, #28
2000668a:	af00      	add	r7, sp, #0
2000668c:	60f8      	str	r0, [r7, #12]
2000668e:	4608      	mov	r0, r1
20006690:	4611      	mov	r1, r2
20006692:	461a      	mov	r2, r3
20006694:	4603      	mov	r3, r0
20006696:	817b      	strh	r3, [r7, #10]
20006698:	460b      	mov	r3, r1
2000669a:	813b      	strh	r3, [r7, #8]
2000669c:	4613      	mov	r3, r2
2000669e:	80fb      	strh	r3, [r7, #6]
200066a0:	2300      	movs	r3, #0
200066a2:	82fb      	strh	r3, [r7, #22]
200066a4:	2300      	movs	r3, #0
200066a6:	82bb      	strh	r3, [r7, #20]
200066a8:	68fb      	ldr	r3, [r7, #12]
200066aa:	8c1b      	ldrh	r3, [r3, #32]
200066ac:	b29b      	uxth	r3, r3
200066ae:	f023 0301 	bic.w	r3, r3, #1
200066b2:	b29a      	uxth	r2, r3
200066b4:	68fb      	ldr	r3, [r7, #12]
200066b6:	841a      	strh	r2, [r3, #32]
200066b8:	68fb      	ldr	r3, [r7, #12]
200066ba:	8b1b      	ldrh	r3, [r3, #24]
200066bc:	82fb      	strh	r3, [r7, #22]
200066be:	68fb      	ldr	r3, [r7, #12]
200066c0:	8c1b      	ldrh	r3, [r3, #32]
200066c2:	82bb      	strh	r3, [r7, #20]
200066c4:	8afb      	ldrh	r3, [r7, #22]
200066c6:	f023 03f3 	bic.w	r3, r3, #243	@ 0xf3
200066ca:	82fb      	strh	r3, [r7, #22]
200066cc:	88fb      	ldrh	r3, [r7, #6]
200066ce:	011b      	lsls	r3, r3, #4
200066d0:	b29a      	uxth	r2, r3
200066d2:	893b      	ldrh	r3, [r7, #8]
200066d4:	4313      	orrs	r3, r2
200066d6:	b29a      	uxth	r2, r3
200066d8:	8afb      	ldrh	r3, [r7, #22]
200066da:	4313      	orrs	r3, r2
200066dc:	82fb      	strh	r3, [r7, #22]
200066de:	8abb      	ldrh	r3, [r7, #20]
200066e0:	f023 030a 	bic.w	r3, r3, #10
200066e4:	82bb      	strh	r3, [r7, #20]
200066e6:	897a      	ldrh	r2, [r7, #10]
200066e8:	8abb      	ldrh	r3, [r7, #20]
200066ea:	4313      	orrs	r3, r2
200066ec:	b29b      	uxth	r3, r3
200066ee:	f043 0301 	orr.w	r3, r3, #1
200066f2:	82bb      	strh	r3, [r7, #20]
200066f4:	68fb      	ldr	r3, [r7, #12]
200066f6:	8afa      	ldrh	r2, [r7, #22]
200066f8:	831a      	strh	r2, [r3, #24]
200066fa:	68fb      	ldr	r3, [r7, #12]
200066fc:	8aba      	ldrh	r2, [r7, #20]
200066fe:	841a      	strh	r2, [r3, #32]
20006700:	bf00      	nop
20006702:	371c      	adds	r7, #28
20006704:	46bd      	mov	sp, r7
20006706:	bc80      	pop	{r7}
20006708:	4770      	bx	lr

2000670a <TI2_Config>:
2000670a:	b480      	push	{r7}
2000670c:	b087      	sub	sp, #28
2000670e:	af00      	add	r7, sp, #0
20006710:	60f8      	str	r0, [r7, #12]
20006712:	4608      	mov	r0, r1
20006714:	4611      	mov	r1, r2
20006716:	461a      	mov	r2, r3
20006718:	4603      	mov	r3, r0
2000671a:	817b      	strh	r3, [r7, #10]
2000671c:	460b      	mov	r3, r1
2000671e:	813b      	strh	r3, [r7, #8]
20006720:	4613      	mov	r3, r2
20006722:	80fb      	strh	r3, [r7, #6]
20006724:	2300      	movs	r3, #0
20006726:	82fb      	strh	r3, [r7, #22]
20006728:	2300      	movs	r3, #0
2000672a:	82bb      	strh	r3, [r7, #20]
2000672c:	2300      	movs	r3, #0
2000672e:	827b      	strh	r3, [r7, #18]
20006730:	68fb      	ldr	r3, [r7, #12]
20006732:	8c1b      	ldrh	r3, [r3, #32]
20006734:	b29b      	uxth	r3, r3
20006736:	f023 0310 	bic.w	r3, r3, #16
2000673a:	b29a      	uxth	r2, r3
2000673c:	68fb      	ldr	r3, [r7, #12]
2000673e:	841a      	strh	r2, [r3, #32]
20006740:	68fb      	ldr	r3, [r7, #12]
20006742:	8b1b      	ldrh	r3, [r3, #24]
20006744:	82fb      	strh	r3, [r7, #22]
20006746:	68fb      	ldr	r3, [r7, #12]
20006748:	8c1b      	ldrh	r3, [r3, #32]
2000674a:	82bb      	strh	r3, [r7, #20]
2000674c:	897b      	ldrh	r3, [r7, #10]
2000674e:	011b      	lsls	r3, r3, #4
20006750:	827b      	strh	r3, [r7, #18]
20006752:	8afb      	ldrh	r3, [r7, #22]
20006754:	f423 7340 	bic.w	r3, r3, #768	@ 0x300
20006758:	051b      	lsls	r3, r3, #20
2000675a:	0d1b      	lsrs	r3, r3, #20
2000675c:	82fb      	strh	r3, [r7, #22]
2000675e:	88fb      	ldrh	r3, [r7, #6]
20006760:	031b      	lsls	r3, r3, #12
20006762:	b29a      	uxth	r2, r3
20006764:	8afb      	ldrh	r3, [r7, #22]
20006766:	4313      	orrs	r3, r2
20006768:	82fb      	strh	r3, [r7, #22]
2000676a:	893b      	ldrh	r3, [r7, #8]
2000676c:	021b      	lsls	r3, r3, #8
2000676e:	b29a      	uxth	r2, r3
20006770:	8afb      	ldrh	r3, [r7, #22]
20006772:	4313      	orrs	r3, r2
20006774:	82fb      	strh	r3, [r7, #22]
20006776:	8abb      	ldrh	r3, [r7, #20]
20006778:	f023 03a0 	bic.w	r3, r3, #160	@ 0xa0
2000677c:	82bb      	strh	r3, [r7, #20]
2000677e:	8a7a      	ldrh	r2, [r7, #18]
20006780:	8abb      	ldrh	r3, [r7, #20]
20006782:	4313      	orrs	r3, r2
20006784:	b29b      	uxth	r3, r3
20006786:	f043 0310 	orr.w	r3, r3, #16
2000678a:	82bb      	strh	r3, [r7, #20]
2000678c:	68fb      	ldr	r3, [r7, #12]
2000678e:	8afa      	ldrh	r2, [r7, #22]
20006790:	831a      	strh	r2, [r3, #24]
20006792:	68fb      	ldr	r3, [r7, #12]
20006794:	8aba      	ldrh	r2, [r7, #20]
20006796:	841a      	strh	r2, [r3, #32]
20006798:	bf00      	nop
2000679a:	371c      	adds	r7, #28
2000679c:	46bd      	mov	sp, r7
2000679e:	bc80      	pop	{r7}
200067a0:	4770      	bx	lr

200067a2 <TI3_Config>:
200067a2:	b480      	push	{r7}
200067a4:	b087      	sub	sp, #28
200067a6:	af00      	add	r7, sp, #0
200067a8:	60f8      	str	r0, [r7, #12]
200067aa:	4608      	mov	r0, r1
200067ac:	4611      	mov	r1, r2
200067ae:	461a      	mov	r2, r3
200067b0:	4603      	mov	r3, r0
200067b2:	817b      	strh	r3, [r7, #10]
200067b4:	460b      	mov	r3, r1
200067b6:	813b      	strh	r3, [r7, #8]
200067b8:	4613      	mov	r3, r2
200067ba:	80fb      	strh	r3, [r7, #6]
200067bc:	2300      	movs	r3, #0
200067be:	82fb      	strh	r3, [r7, #22]
200067c0:	2300      	movs	r3, #0
200067c2:	82bb      	strh	r3, [r7, #20]
200067c4:	2300      	movs	r3, #0
200067c6:	827b      	strh	r3, [r7, #18]
200067c8:	68fb      	ldr	r3, [r7, #12]
200067ca:	8c1b      	ldrh	r3, [r3, #32]
200067cc:	b29b      	uxth	r3, r3
200067ce:	f423 7380 	bic.w	r3, r3, #256	@ 0x100
200067d2:	b29a      	uxth	r2, r3
200067d4:	68fb      	ldr	r3, [r7, #12]
200067d6:	841a      	strh	r2, [r3, #32]
200067d8:	68fb      	ldr	r3, [r7, #12]
200067da:	8b9b      	ldrh	r3, [r3, #28]
200067dc:	82fb      	strh	r3, [r7, #22]
200067de:	68fb      	ldr	r3, [r7, #12]
200067e0:	8c1b      	ldrh	r3, [r3, #32]
200067e2:	82bb      	strh	r3, [r7, #20]
200067e4:	897b      	ldrh	r3, [r7, #10]
200067e6:	021b      	lsls	r3, r3, #8
200067e8:	827b      	strh	r3, [r7, #18]
200067ea:	8afb      	ldrh	r3, [r7, #22]
200067ec:	f023 03f3 	bic.w	r3, r3, #243	@ 0xf3
200067f0:	82fb      	strh	r3, [r7, #22]
200067f2:	88fb      	ldrh	r3, [r7, #6]
200067f4:	011b      	lsls	r3, r3, #4
200067f6:	b29a      	uxth	r2, r3
200067f8:	893b      	ldrh	r3, [r7, #8]
200067fa:	4313      	orrs	r3, r2
200067fc:	b29a      	uxth	r2, r3
200067fe:	8afb      	ldrh	r3, [r7, #22]
20006800:	4313      	orrs	r3, r2
20006802:	82fb      	strh	r3, [r7, #22]
20006804:	8abb      	ldrh	r3, [r7, #20]
20006806:	f423 6320 	bic.w	r3, r3, #2560	@ 0xa00
2000680a:	82bb      	strh	r3, [r7, #20]
2000680c:	8a7a      	ldrh	r2, [r7, #18]
2000680e:	8abb      	ldrh	r3, [r7, #20]
20006810:	4313      	orrs	r3, r2
20006812:	b29b      	uxth	r3, r3
20006814:	f443 7380 	orr.w	r3, r3, #256	@ 0x100
20006818:	82bb      	strh	r3, [r7, #20]
2000681a:	68fb      	ldr	r3, [r7, #12]
2000681c:	8afa      	ldrh	r2, [r7, #22]
2000681e:	839a      	strh	r2, [r3, #28]
20006820:	68fb      	ldr	r3, [r7, #12]
20006822:	8aba      	ldrh	r2, [r7, #20]
20006824:	841a      	strh	r2, [r3, #32]
20006826:	bf00      	nop
20006828:	371c      	adds	r7, #28
2000682a:	46bd      	mov	sp, r7
2000682c:	bc80      	pop	{r7}
2000682e:	4770      	bx	lr

20006830 <TI4_Config>:
20006830:	b480      	push	{r7}
20006832:	b087      	sub	sp, #28
20006834:	af00      	add	r7, sp, #0
20006836:	60f8      	str	r0, [r7, #12]
20006838:	4608      	mov	r0, r1
2000683a:	4611      	mov	r1, r2
2000683c:	461a      	mov	r2, r3
2000683e:	4603      	mov	r3, r0
20006840:	817b      	strh	r3, [r7, #10]
20006842:	460b      	mov	r3, r1
20006844:	813b      	strh	r3, [r7, #8]
20006846:	4613      	mov	r3, r2
20006848:	80fb      	strh	r3, [r7, #6]
2000684a:	2300      	movs	r3, #0
2000684c:	82fb      	strh	r3, [r7, #22]
2000684e:	2300      	movs	r3, #0
20006850:	82bb      	strh	r3, [r7, #20]
20006852:	2300      	movs	r3, #0
20006854:	827b      	strh	r3, [r7, #18]
20006856:	68fb      	ldr	r3, [r7, #12]
20006858:	8c1b      	ldrh	r3, [r3, #32]
2000685a:	b29b      	uxth	r3, r3
2000685c:	f423 5380 	bic.w	r3, r3, #4096	@ 0x1000
20006860:	b29a      	uxth	r2, r3
20006862:	68fb      	ldr	r3, [r7, #12]
20006864:	841a      	strh	r2, [r3, #32]
20006866:	68fb      	ldr	r3, [r7, #12]
20006868:	8b9b      	ldrh	r3, [r3, #28]
2000686a:	82fb      	strh	r3, [r7, #22]
2000686c:	68fb      	ldr	r3, [r7, #12]
2000686e:	8c1b      	ldrh	r3, [r3, #32]
20006870:	82bb      	strh	r3, [r7, #20]
20006872:	897b      	ldrh	r3, [r7, #10]
20006874:	031b      	lsls	r3, r3, #12
20006876:	827b      	strh	r3, [r7, #18]
20006878:	8afb      	ldrh	r3, [r7, #22]
2000687a:	f423 7340 	bic.w	r3, r3, #768	@ 0x300
2000687e:	051b      	lsls	r3, r3, #20
20006880:	0d1b      	lsrs	r3, r3, #20
20006882:	82fb      	strh	r3, [r7, #22]
20006884:	893b      	ldrh	r3, [r7, #8]
20006886:	021b      	lsls	r3, r3, #8
20006888:	b29a      	uxth	r2, r3
2000688a:	8afb      	ldrh	r3, [r7, #22]
2000688c:	4313      	orrs	r3, r2
2000688e:	82fb      	strh	r3, [r7, #22]
20006890:	88fb      	ldrh	r3, [r7, #6]
20006892:	031b      	lsls	r3, r3, #12
20006894:	b29a      	uxth	r2, r3
20006896:	8afb      	ldrh	r3, [r7, #22]
20006898:	4313      	orrs	r3, r2
2000689a:	82fb      	strh	r3, [r7, #22]
2000689c:	8abb      	ldrh	r3, [r7, #20]
2000689e:	f423 5300 	bic.w	r3, r3, #8192	@ 0x2000
200068a2:	045b      	lsls	r3, r3, #17
200068a4:	0c5b      	lsrs	r3, r3, #17
200068a6:	82bb      	strh	r3, [r7, #20]
200068a8:	8a7a      	ldrh	r2, [r7, #18]
200068aa:	8abb      	ldrh	r3, [r7, #20]
200068ac:	4313      	orrs	r3, r2
200068ae:	b29b      	uxth	r3, r3
200068b0:	f443 5380 	orr.w	r3, r3, #4096	@ 0x1000
200068b4:	82bb      	strh	r3, [r7, #20]
200068b6:	68fb      	ldr	r3, [r7, #12]
200068b8:	8afa      	ldrh	r2, [r7, #22]
200068ba:	839a      	strh	r2, [r3, #28]
200068bc:	68fb      	ldr	r3, [r7, #12]
200068be:	8aba      	ldrh	r2, [r7, #20]
200068c0:	841a      	strh	r2, [r3, #32]
200068c2:	bf00      	nop
200068c4:	371c      	adds	r7, #28
200068c6:	46bd      	mov	sp, r7
200068c8:	bc80      	pop	{r7}
200068ca:	4770      	bx	lr

200068cc <USART_DeInit>:
200068cc:	b580      	push	{r7, lr}
200068ce:	b082      	sub	sp, #8
200068d0:	af00      	add	r7, sp, #0
200068d2:	6078      	str	r0, [r7, #4]
200068d4:	687b      	ldr	r3, [r7, #4]
200068d6:	4a3b      	ldr	r2, [pc, #236]	@ (200069c4 <USART_DeInit+0xf8>)
200068d8:	4293      	cmp	r3, r2
200068da:	d108      	bne.n	200068ee <USART_DeInit+0x22>
200068dc:	2101      	movs	r1, #1
200068de:	2010      	movs	r0, #16
200068e0:	f7fe f84c 	bl	2000497c <RCC_APB2PeriphResetCmd>
200068e4:	2100      	movs	r1, #0
200068e6:	2010      	movs	r0, #16
200068e8:	f7fe f848 	bl	2000497c <RCC_APB2PeriphResetCmd>
200068ec:	e065      	b.n	200069ba <USART_DeInit+0xee>
200068ee:	687b      	ldr	r3, [r7, #4]
200068f0:	4a35      	ldr	r2, [pc, #212]	@ (200069c8 <USART_DeInit+0xfc>)
200068f2:	4293      	cmp	r3, r2
200068f4:	d10a      	bne.n	2000690c <USART_DeInit+0x40>
200068f6:	2101      	movs	r1, #1
200068f8:	f44f 3000 	mov.w	r0, #131072	@ 0x20000
200068fc:	f7fe f820 	bl	20004940 <RCC_APB1PeriphResetCmd>
20006900:	2100      	movs	r1, #0
20006902:	f44f 3000 	mov.w	r0, #131072	@ 0x20000
20006906:	f7fe f81b 	bl	20004940 <RCC_APB1PeriphResetCmd>
2000690a:	e056      	b.n	200069ba <USART_DeInit+0xee>
2000690c:	687b      	ldr	r3, [r7, #4]
2000690e:	4a2f      	ldr	r2, [pc, #188]	@ (200069cc <USART_DeInit+0x100>)
20006910:	4293      	cmp	r3, r2
20006912:	d10a      	bne.n	2000692a <USART_DeInit+0x5e>
20006914:	2101      	movs	r1, #1
20006916:	f44f 2080 	mov.w	r0, #262144	@ 0x40000
2000691a:	f7fe f811 	bl	20004940 <RCC_APB1PeriphResetCmd>
2000691e:	2100      	movs	r1, #0
20006920:	f44f 2080 	mov.w	r0, #262144	@ 0x40000
20006924:	f7fe f80c 	bl	20004940 <RCC_APB1PeriphResetCmd>
20006928:	e047      	b.n	200069ba <USART_DeInit+0xee>
2000692a:	687b      	ldr	r3, [r7, #4]
2000692c:	4a28      	ldr	r2, [pc, #160]	@ (200069d0 <USART_DeInit+0x104>)
2000692e:	4293      	cmp	r3, r2
20006930:	d10a      	bne.n	20006948 <USART_DeInit+0x7c>
20006932:	2101      	movs	r1, #1
20006934:	f44f 2000 	mov.w	r0, #524288	@ 0x80000
20006938:	f7fe f802 	bl	20004940 <RCC_APB1PeriphResetCmd>
2000693c:	2100      	movs	r1, #0
2000693e:	f44f 2000 	mov.w	r0, #524288	@ 0x80000
20006942:	f7fd fffd 	bl	20004940 <RCC_APB1PeriphResetCmd>
20006946:	e038      	b.n	200069ba <USART_DeInit+0xee>
20006948:	687b      	ldr	r3, [r7, #4]
2000694a:	4a22      	ldr	r2, [pc, #136]	@ (200069d4 <USART_DeInit+0x108>)
2000694c:	4293      	cmp	r3, r2
2000694e:	d10a      	bne.n	20006966 <USART_DeInit+0x9a>
20006950:	2101      	movs	r1, #1
20006952:	f44f 1080 	mov.w	r0, #1048576	@ 0x100000
20006956:	f7fd fff3 	bl	20004940 <RCC_APB1PeriphResetCmd>
2000695a:	2100      	movs	r1, #0
2000695c:	f44f 1080 	mov.w	r0, #1048576	@ 0x100000
20006960:	f7fd ffee 	bl	20004940 <RCC_APB1PeriphResetCmd>
20006964:	e029      	b.n	200069ba <USART_DeInit+0xee>
20006966:	687b      	ldr	r3, [r7, #4]
20006968:	4a1b      	ldr	r2, [pc, #108]	@ (200069d8 <USART_DeInit+0x10c>)
2000696a:	4293      	cmp	r3, r2
2000696c:	d108      	bne.n	20006980 <USART_DeInit+0xb4>
2000696e:	2101      	movs	r1, #1
20006970:	2020      	movs	r0, #32
20006972:	f7fe f803 	bl	2000497c <RCC_APB2PeriphResetCmd>
20006976:	2100      	movs	r1, #0
20006978:	2020      	movs	r0, #32
2000697a:	f7fd ffff 	bl	2000497c <RCC_APB2PeriphResetCmd>
2000697e:	e01c      	b.n	200069ba <USART_DeInit+0xee>
20006980:	687b      	ldr	r3, [r7, #4]
20006982:	4a16      	ldr	r2, [pc, #88]	@ (200069dc <USART_DeInit+0x110>)
20006984:	4293      	cmp	r3, r2
20006986:	d10a      	bne.n	2000699e <USART_DeInit+0xd2>
20006988:	2101      	movs	r1, #1
2000698a:	f04f 4080 	mov.w	r0, #1073741824	@ 0x40000000
2000698e:	f7fd ffd7 	bl	20004940 <RCC_APB1PeriphResetCmd>
20006992:	2100      	movs	r1, #0
20006994:	f04f 4080 	mov.w	r0, #1073741824	@ 0x40000000
20006998:	f7fd ffd2 	bl	20004940 <RCC_APB1PeriphResetCmd>
2000699c:	e00d      	b.n	200069ba <USART_DeInit+0xee>
2000699e:	687b      	ldr	r3, [r7, #4]
200069a0:	4a0f      	ldr	r2, [pc, #60]	@ (200069e0 <USART_DeInit+0x114>)
200069a2:	4293      	cmp	r3, r2
200069a4:	d109      	bne.n	200069ba <USART_DeInit+0xee>
200069a6:	2101      	movs	r1, #1
200069a8:	f04f 4000 	mov.w	r0, #2147483648	@ 0x80000000
200069ac:	f7fd ffc8 	bl	20004940 <RCC_APB1PeriphResetCmd>
200069b0:	2100      	movs	r1, #0
200069b2:	f04f 4000 	mov.w	r0, #2147483648	@ 0x80000000
200069b6:	f7fd ffc3 	bl	20004940 <RCC_APB1PeriphResetCmd>
200069ba:	bf00      	nop
200069bc:	3708      	adds	r7, #8
200069be:	46bd      	mov	sp, r7
200069c0:	bd80      	pop	{r7, pc}
200069c2:	bf00      	nop
200069c4:	40011000 	.word	0x40011000
200069c8:	40004400 	.word	0x40004400
200069cc:	40004800 	.word	0x40004800
200069d0:	40004c00 	.word	0x40004c00
200069d4:	40005000 	.word	0x40005000
200069d8:	40011400 	.word	0x40011400
200069dc:	40007800 	.word	0x40007800
200069e0:	40007c00 	.word	0x40007c00

200069e4 <USART_Init>:
200069e4:	b580      	push	{r7, lr}
200069e6:	b08a      	sub	sp, #40	@ 0x28
200069e8:	af00      	add	r7, sp, #0
200069ea:	6078      	str	r0, [r7, #4]
200069ec:	6039      	str	r1, [r7, #0]
200069ee:	2300      	movs	r3, #0
200069f0:	627b      	str	r3, [r7, #36]	@ 0x24
200069f2:	2300      	movs	r3, #0
200069f4:	623b      	str	r3, [r7, #32]
200069f6:	2300      	movs	r3, #0
200069f8:	61fb      	str	r3, [r7, #28]
200069fa:	2300      	movs	r3, #0
200069fc:	61bb      	str	r3, [r7, #24]
200069fe:	687b      	ldr	r3, [r7, #4]
20006a00:	8a1b      	ldrh	r3, [r3, #16]
20006a02:	b29b      	uxth	r3, r3
20006a04:	627b      	str	r3, [r7, #36]	@ 0x24
20006a06:	6a7b      	ldr	r3, [r7, #36]	@ 0x24
20006a08:	f423 5340 	bic.w	r3, r3, #12288	@ 0x3000
20006a0c:	627b      	str	r3, [r7, #36]	@ 0x24
20006a0e:	683b      	ldr	r3, [r7, #0]
20006a10:	88db      	ldrh	r3, [r3, #6]
20006a12:	461a      	mov	r2, r3
20006a14:	6a7b      	ldr	r3, [r7, #36]	@ 0x24
20006a16:	4313      	orrs	r3, r2
20006a18:	627b      	str	r3, [r7, #36]	@ 0x24
20006a1a:	6a7b      	ldr	r3, [r7, #36]	@ 0x24
20006a1c:	b29a      	uxth	r2, r3
20006a1e:	687b      	ldr	r3, [r7, #4]
20006a20:	821a      	strh	r2, [r3, #16]
20006a22:	687b      	ldr	r3, [r7, #4]
20006a24:	899b      	ldrh	r3, [r3, #12]
20006a26:	b29b      	uxth	r3, r3
20006a28:	627b      	str	r3, [r7, #36]	@ 0x24
20006a2a:	6a7b      	ldr	r3, [r7, #36]	@ 0x24
20006a2c:	f423 53b0 	bic.w	r3, r3, #5632	@ 0x1600
20006a30:	f023 030c 	bic.w	r3, r3, #12
20006a34:	627b      	str	r3, [r7, #36]	@ 0x24
20006a36:	683b      	ldr	r3, [r7, #0]
20006a38:	889a      	ldrh	r2, [r3, #4]
20006a3a:	683b      	ldr	r3, [r7, #0]
20006a3c:	891b      	ldrh	r3, [r3, #8]
20006a3e:	4313      	orrs	r3, r2
20006a40:	b29a      	uxth	r2, r3
20006a42:	683b      	ldr	r3, [r7, #0]
20006a44:	895b      	ldrh	r3, [r3, #10]
20006a46:	4313      	orrs	r3, r2
20006a48:	b29b      	uxth	r3, r3
20006a4a:	461a      	mov	r2, r3
20006a4c:	6a7b      	ldr	r3, [r7, #36]	@ 0x24
20006a4e:	4313      	orrs	r3, r2
20006a50:	627b      	str	r3, [r7, #36]	@ 0x24
20006a52:	6a7b      	ldr	r3, [r7, #36]	@ 0x24
20006a54:	b29a      	uxth	r2, r3
20006a56:	687b      	ldr	r3, [r7, #4]
20006a58:	819a      	strh	r2, [r3, #12]
20006a5a:	687b      	ldr	r3, [r7, #4]
20006a5c:	8a9b      	ldrh	r3, [r3, #20]
20006a5e:	b29b      	uxth	r3, r3
20006a60:	627b      	str	r3, [r7, #36]	@ 0x24
20006a62:	6a7b      	ldr	r3, [r7, #36]	@ 0x24
20006a64:	f423 7340 	bic.w	r3, r3, #768	@ 0x300
20006a68:	627b      	str	r3, [r7, #36]	@ 0x24
20006a6a:	683b      	ldr	r3, [r7, #0]
20006a6c:	899b      	ldrh	r3, [r3, #12]
20006a6e:	461a      	mov	r2, r3
20006a70:	6a7b      	ldr	r3, [r7, #36]	@ 0x24
20006a72:	4313      	orrs	r3, r2
20006a74:	627b      	str	r3, [r7, #36]	@ 0x24
20006a76:	6a7b      	ldr	r3, [r7, #36]	@ 0x24
20006a78:	b29a      	uxth	r2, r3
20006a7a:	687b      	ldr	r3, [r7, #4]
20006a7c:	829a      	strh	r2, [r3, #20]
20006a7e:	f107 0308 	add.w	r3, r7, #8
20006a82:	4618      	mov	r0, r3
20006a84:	f7fd fcbc 	bl	20004400 <RCC_GetClocksFreq>
20006a88:	687b      	ldr	r3, [r7, #4]
20006a8a:	4a30      	ldr	r2, [pc, #192]	@ (20006b4c <USART_Init+0x168>)
20006a8c:	4293      	cmp	r3, r2
20006a8e:	d003      	beq.n	20006a98 <USART_Init+0xb4>
20006a90:	687b      	ldr	r3, [r7, #4]
20006a92:	4a2f      	ldr	r2, [pc, #188]	@ (20006b50 <USART_Init+0x16c>)
20006a94:	4293      	cmp	r3, r2
20006a96:	d102      	bne.n	20006a9e <USART_Init+0xba>
20006a98:	697b      	ldr	r3, [r7, #20]
20006a9a:	623b      	str	r3, [r7, #32]
20006a9c:	e001      	b.n	20006aa2 <USART_Init+0xbe>
20006a9e:	693b      	ldr	r3, [r7, #16]
20006aa0:	623b      	str	r3, [r7, #32]
20006aa2:	687b      	ldr	r3, [r7, #4]
20006aa4:	899b      	ldrh	r3, [r3, #12]
20006aa6:	b29b      	uxth	r3, r3
20006aa8:	b21b      	sxth	r3, r3
20006aaa:	2b00      	cmp	r3, #0
20006aac:	da0c      	bge.n	20006ac8 <USART_Init+0xe4>
20006aae:	6a3a      	ldr	r2, [r7, #32]
20006ab0:	4613      	mov	r3, r2
20006ab2:	009b      	lsls	r3, r3, #2
20006ab4:	4413      	add	r3, r2
20006ab6:	009a      	lsls	r2, r3, #2
20006ab8:	441a      	add	r2, r3
20006aba:	683b      	ldr	r3, [r7, #0]
20006abc:	681b      	ldr	r3, [r3, #0]
20006abe:	005b      	lsls	r3, r3, #1
20006ac0:	fbb2 f3f3 	udiv	r3, r2, r3
20006ac4:	61fb      	str	r3, [r7, #28]
20006ac6:	e00b      	b.n	20006ae0 <USART_Init+0xfc>
20006ac8:	6a3a      	ldr	r2, [r7, #32]
20006aca:	4613      	mov	r3, r2
20006acc:	009b      	lsls	r3, r3, #2
20006ace:	4413      	add	r3, r2
20006ad0:	009a      	lsls	r2, r3, #2
20006ad2:	441a      	add	r2, r3
20006ad4:	683b      	ldr	r3, [r7, #0]
20006ad6:	681b      	ldr	r3, [r3, #0]
20006ad8:	009b      	lsls	r3, r3, #2
20006ada:	fbb2 f3f3 	udiv	r3, r2, r3
20006ade:	61fb      	str	r3, [r7, #28]
20006ae0:	69fb      	ldr	r3, [r7, #28]
20006ae2:	4a1c      	ldr	r2, [pc, #112]	@ (20006b54 <USART_Init+0x170>)
20006ae4:	fba2 2303 	umull	r2, r3, r2, r3
20006ae8:	095b      	lsrs	r3, r3, #5
20006aea:	011b      	lsls	r3, r3, #4
20006aec:	627b      	str	r3, [r7, #36]	@ 0x24
20006aee:	6a7b      	ldr	r3, [r7, #36]	@ 0x24
20006af0:	091b      	lsrs	r3, r3, #4
20006af2:	2264      	movs	r2, #100	@ 0x64
20006af4:	fb02 f303 	mul.w	r3, r2, r3
20006af8:	69fa      	ldr	r2, [r7, #28]
20006afa:	1ad3      	subs	r3, r2, r3
20006afc:	61bb      	str	r3, [r7, #24]
20006afe:	687b      	ldr	r3, [r7, #4]
20006b00:	899b      	ldrh	r3, [r3, #12]
20006b02:	b29b      	uxth	r3, r3
20006b04:	b21b      	sxth	r3, r3
20006b06:	2b00      	cmp	r3, #0
20006b08:	da0c      	bge.n	20006b24 <USART_Init+0x140>
20006b0a:	69bb      	ldr	r3, [r7, #24]
20006b0c:	00db      	lsls	r3, r3, #3
20006b0e:	3332      	adds	r3, #50	@ 0x32
20006b10:	4a10      	ldr	r2, [pc, #64]	@ (20006b54 <USART_Init+0x170>)
20006b12:	fba2 2303 	umull	r2, r3, r2, r3
20006b16:	095b      	lsrs	r3, r3, #5
20006b18:	f003 0307 	and.w	r3, r3, #7
20006b1c:	6a7a      	ldr	r2, [r7, #36]	@ 0x24
20006b1e:	4313      	orrs	r3, r2
20006b20:	627b      	str	r3, [r7, #36]	@ 0x24
20006b22:	e00b      	b.n	20006b3c <USART_Init+0x158>
20006b24:	69bb      	ldr	r3, [r7, #24]
20006b26:	011b      	lsls	r3, r3, #4
20006b28:	3332      	adds	r3, #50	@ 0x32
20006b2a:	4a0a      	ldr	r2, [pc, #40]	@ (20006b54 <USART_Init+0x170>)
20006b2c:	fba2 2303 	umull	r2, r3, r2, r3
20006b30:	095b      	lsrs	r3, r3, #5
20006b32:	f003 030f 	and.w	r3, r3, #15
20006b36:	6a7a      	ldr	r2, [r7, #36]	@ 0x24
20006b38:	4313      	orrs	r3, r2
20006b3a:	627b      	str	r3, [r7, #36]	@ 0x24
20006b3c:	6a7b      	ldr	r3, [r7, #36]	@ 0x24
20006b3e:	b29a      	uxth	r2, r3
20006b40:	687b      	ldr	r3, [r7, #4]
20006b42:	811a      	strh	r2, [r3, #8]
20006b44:	bf00      	nop
20006b46:	3728      	adds	r7, #40	@ 0x28
20006b48:	46bd      	mov	sp, r7
20006b4a:	bd80      	pop	{r7, pc}
20006b4c:	40011000 	.word	0x40011000
20006b50:	40011400 	.word	0x40011400
20006b54:	51eb851f 	.word	0x51eb851f

20006b58 <USART_StructInit>:
20006b58:	b480      	push	{r7}
20006b5a:	b083      	sub	sp, #12
20006b5c:	af00      	add	r7, sp, #0
20006b5e:	6078      	str	r0, [r7, #4]
20006b60:	687b      	ldr	r3, [r7, #4]
20006b62:	f44f 5216 	mov.w	r2, #9600	@ 0x2580
20006b66:	601a      	str	r2, [r3, #0]
20006b68:	687b      	ldr	r3, [r7, #4]
20006b6a:	2200      	movs	r2, #0
20006b6c:	809a      	strh	r2, [r3, #4]
20006b6e:	687b      	ldr	r3, [r7, #4]
20006b70:	2200      	movs	r2, #0
20006b72:	80da      	strh	r2, [r3, #6]
20006b74:	687b      	ldr	r3, [r7, #4]
20006b76:	2200      	movs	r2, #0
20006b78:	811a      	strh	r2, [r3, #8]
20006b7a:	687b      	ldr	r3, [r7, #4]
20006b7c:	220c      	movs	r2, #12
20006b7e:	815a      	strh	r2, [r3, #10]
20006b80:	687b      	ldr	r3, [r7, #4]
20006b82:	2200      	movs	r2, #0
20006b84:	819a      	strh	r2, [r3, #12]
20006b86:	bf00      	nop
20006b88:	370c      	adds	r7, #12
20006b8a:	46bd      	mov	sp, r7
20006b8c:	bc80      	pop	{r7}
20006b8e:	4770      	bx	lr

20006b90 <USART_ClockInit>:
20006b90:	b480      	push	{r7}
20006b92:	b085      	sub	sp, #20
20006b94:	af00      	add	r7, sp, #0
20006b96:	6078      	str	r0, [r7, #4]
20006b98:	6039      	str	r1, [r7, #0]
20006b9a:	2300      	movs	r3, #0
20006b9c:	60fb      	str	r3, [r7, #12]
20006b9e:	687b      	ldr	r3, [r7, #4]
20006ba0:	8a1b      	ldrh	r3, [r3, #16]
20006ba2:	b29b      	uxth	r3, r3
20006ba4:	60fb      	str	r3, [r7, #12]
20006ba6:	68fb      	ldr	r3, [r7, #12]
20006ba8:	f423 6370 	bic.w	r3, r3, #3840	@ 0xf00
20006bac:	60fb      	str	r3, [r7, #12]
20006bae:	683b      	ldr	r3, [r7, #0]
20006bb0:	881a      	ldrh	r2, [r3, #0]
20006bb2:	683b      	ldr	r3, [r7, #0]
20006bb4:	885b      	ldrh	r3, [r3, #2]
20006bb6:	4313      	orrs	r3, r2
20006bb8:	b29a      	uxth	r2, r3
20006bba:	683b      	ldr	r3, [r7, #0]
20006bbc:	889b      	ldrh	r3, [r3, #4]
20006bbe:	4313      	orrs	r3, r2
20006bc0:	b29a      	uxth	r2, r3
20006bc2:	683b      	ldr	r3, [r7, #0]
20006bc4:	88db      	ldrh	r3, [r3, #6]
20006bc6:	4313      	orrs	r3, r2
20006bc8:	b29b      	uxth	r3, r3
20006bca:	461a      	mov	r2, r3
20006bcc:	68fb      	ldr	r3, [r7, #12]
20006bce:	4313      	orrs	r3, r2
20006bd0:	60fb      	str	r3, [r7, #12]
20006bd2:	68fb      	ldr	r3, [r7, #12]
20006bd4:	b29a      	uxth	r2, r3
20006bd6:	687b      	ldr	r3, [r7, #4]
20006bd8:	821a      	strh	r2, [r3, #16]
20006bda:	bf00      	nop
20006bdc:	3714      	adds	r7, #20
20006bde:	46bd      	mov	sp, r7
20006be0:	bc80      	pop	{r7}
20006be2:	4770      	bx	lr

20006be4 <USART_ClockStructInit>:
20006be4:	b480      	push	{r7}
20006be6:	b083      	sub	sp, #12
20006be8:	af00      	add	r7, sp, #0
20006bea:	6078      	str	r0, [r7, #4]
20006bec:	687b      	ldr	r3, [r7, #4]
20006bee:	2200      	movs	r2, #0
20006bf0:	801a      	strh	r2, [r3, #0]
20006bf2:	687b      	ldr	r3, [r7, #4]
20006bf4:	2200      	movs	r2, #0
20006bf6:	805a      	strh	r2, [r3, #2]
20006bf8:	687b      	ldr	r3, [r7, #4]
20006bfa:	2200      	movs	r2, #0
20006bfc:	809a      	strh	r2, [r3, #4]
20006bfe:	687b      	ldr	r3, [r7, #4]
20006c00:	2200      	movs	r2, #0
20006c02:	80da      	strh	r2, [r3, #6]
20006c04:	bf00      	nop
20006c06:	370c      	adds	r7, #12
20006c08:	46bd      	mov	sp, r7
20006c0a:	bc80      	pop	{r7}
20006c0c:	4770      	bx	lr

20006c0e <USART_Cmd>:
20006c0e:	b480      	push	{r7}
20006c10:	b083      	sub	sp, #12
20006c12:	af00      	add	r7, sp, #0
20006c14:	6078      	str	r0, [r7, #4]
20006c16:	460b      	mov	r3, r1
20006c18:	70fb      	strb	r3, [r7, #3]
20006c1a:	78fb      	ldrb	r3, [r7, #3]
20006c1c:	2b00      	cmp	r3, #0
20006c1e:	d008      	beq.n	20006c32 <USART_Cmd+0x24>
20006c20:	687b      	ldr	r3, [r7, #4]
20006c22:	899b      	ldrh	r3, [r3, #12]
20006c24:	b29b      	uxth	r3, r3
20006c26:	f443 5300 	orr.w	r3, r3, #8192	@ 0x2000
20006c2a:	b29a      	uxth	r2, r3
20006c2c:	687b      	ldr	r3, [r7, #4]
20006c2e:	819a      	strh	r2, [r3, #12]
20006c30:	e007      	b.n	20006c42 <USART_Cmd+0x34>
20006c32:	687b      	ldr	r3, [r7, #4]
20006c34:	899b      	ldrh	r3, [r3, #12]
20006c36:	b29b      	uxth	r3, r3
20006c38:	f423 5300 	bic.w	r3, r3, #8192	@ 0x2000
20006c3c:	b29a      	uxth	r2, r3
20006c3e:	687b      	ldr	r3, [r7, #4]
20006c40:	819a      	strh	r2, [r3, #12]
20006c42:	bf00      	nop
20006c44:	370c      	adds	r7, #12
20006c46:	46bd      	mov	sp, r7
20006c48:	bc80      	pop	{r7}
20006c4a:	4770      	bx	lr

20006c4c <USART_SetPrescaler>:
20006c4c:	b480      	push	{r7}
20006c4e:	b083      	sub	sp, #12
20006c50:	af00      	add	r7, sp, #0
20006c52:	6078      	str	r0, [r7, #4]
20006c54:	460b      	mov	r3, r1
20006c56:	70fb      	strb	r3, [r7, #3]
20006c58:	687b      	ldr	r3, [r7, #4]
20006c5a:	8b1b      	ldrh	r3, [r3, #24]
20006c5c:	b29b      	uxth	r3, r3
20006c5e:	f023 03ff 	bic.w	r3, r3, #255	@ 0xff
20006c62:	b29a      	uxth	r2, r3
20006c64:	687b      	ldr	r3, [r7, #4]
20006c66:	831a      	strh	r2, [r3, #24]
20006c68:	687b      	ldr	r3, [r7, #4]
20006c6a:	8b1b      	ldrh	r3, [r3, #24]
20006c6c:	b29a      	uxth	r2, r3
20006c6e:	78fb      	ldrb	r3, [r7, #3]
20006c70:	b29b      	uxth	r3, r3
20006c72:	4313      	orrs	r3, r2
20006c74:	b29a      	uxth	r2, r3
20006c76:	687b      	ldr	r3, [r7, #4]
20006c78:	831a      	strh	r2, [r3, #24]
20006c7a:	bf00      	nop
20006c7c:	370c      	adds	r7, #12
20006c7e:	46bd      	mov	sp, r7
20006c80:	bc80      	pop	{r7}
20006c82:	4770      	bx	lr

20006c84 <USART_OverSampling8Cmd>:
20006c84:	b480      	push	{r7}
20006c86:	b083      	sub	sp, #12
20006c88:	af00      	add	r7, sp, #0
20006c8a:	6078      	str	r0, [r7, #4]
20006c8c:	460b      	mov	r3, r1
20006c8e:	70fb      	strb	r3, [r7, #3]
20006c90:	78fb      	ldrb	r3, [r7, #3]
20006c92:	2b00      	cmp	r3, #0
20006c94:	d00a      	beq.n	20006cac <USART_OverSampling8Cmd+0x28>
20006c96:	687b      	ldr	r3, [r7, #4]
20006c98:	899b      	ldrh	r3, [r3, #12]
20006c9a:	b29b      	uxth	r3, r3
20006c9c:	ea6f 4343 	mvn.w	r3, r3, lsl #17
20006ca0:	ea6f 4353 	mvn.w	r3, r3, lsr #17
20006ca4:	b29a      	uxth	r2, r3
20006ca6:	687b      	ldr	r3, [r7, #4]
20006ca8:	819a      	strh	r2, [r3, #12]
20006caa:	e007      	b.n	20006cbc <USART_OverSampling8Cmd+0x38>
20006cac:	687b      	ldr	r3, [r7, #4]
20006cae:	899b      	ldrh	r3, [r3, #12]
20006cb0:	b29b      	uxth	r3, r3
20006cb2:	f3c3 030e 	ubfx	r3, r3, #0, #15
20006cb6:	b29a      	uxth	r2, r3
20006cb8:	687b      	ldr	r3, [r7, #4]
20006cba:	819a      	strh	r2, [r3, #12]
20006cbc:	bf00      	nop
20006cbe:	370c      	adds	r7, #12
20006cc0:	46bd      	mov	sp, r7
20006cc2:	bc80      	pop	{r7}
20006cc4:	4770      	bx	lr

20006cc6 <USART_OneBitMethodCmd>:
20006cc6:	b480      	push	{r7}
20006cc8:	b083      	sub	sp, #12
20006cca:	af00      	add	r7, sp, #0
20006ccc:	6078      	str	r0, [r7, #4]
20006cce:	460b      	mov	r3, r1
20006cd0:	70fb      	strb	r3, [r7, #3]
20006cd2:	78fb      	ldrb	r3, [r7, #3]
20006cd4:	2b00      	cmp	r3, #0
20006cd6:	d008      	beq.n	20006cea <USART_OneBitMethodCmd+0x24>
20006cd8:	687b      	ldr	r3, [r7, #4]
20006cda:	8a9b      	ldrh	r3, [r3, #20]
20006cdc:	b29b      	uxth	r3, r3
20006cde:	f443 6300 	orr.w	r3, r3, #2048	@ 0x800
20006ce2:	b29a      	uxth	r2, r3
20006ce4:	687b      	ldr	r3, [r7, #4]
20006ce6:	829a      	strh	r2, [r3, #20]
20006ce8:	e007      	b.n	20006cfa <USART_OneBitMethodCmd+0x34>
20006cea:	687b      	ldr	r3, [r7, #4]
20006cec:	8a9b      	ldrh	r3, [r3, #20]
20006cee:	b29b      	uxth	r3, r3
20006cf0:	f423 6300 	bic.w	r3, r3, #2048	@ 0x800
20006cf4:	b29a      	uxth	r2, r3
20006cf6:	687b      	ldr	r3, [r7, #4]
20006cf8:	829a      	strh	r2, [r3, #20]
20006cfa:	bf00      	nop
20006cfc:	370c      	adds	r7, #12
20006cfe:	46bd      	mov	sp, r7
20006d00:	bc80      	pop	{r7}
20006d02:	4770      	bx	lr

20006d04 <USART_SendData>:
20006d04:	b480      	push	{r7}
20006d06:	b083      	sub	sp, #12
20006d08:	af00      	add	r7, sp, #0
20006d0a:	6078      	str	r0, [r7, #4]
20006d0c:	460b      	mov	r3, r1
20006d0e:	807b      	strh	r3, [r7, #2]
20006d10:	887b      	ldrh	r3, [r7, #2]
20006d12:	f3c3 0308 	ubfx	r3, r3, #0, #9
20006d16:	b29a      	uxth	r2, r3
20006d18:	687b      	ldr	r3, [r7, #4]
20006d1a:	809a      	strh	r2, [r3, #4]
20006d1c:	bf00      	nop
20006d1e:	370c      	adds	r7, #12
20006d20:	46bd      	mov	sp, r7
20006d22:	bc80      	pop	{r7}
20006d24:	4770      	bx	lr

20006d26 <USART_ReceiveData>:
20006d26:	b480      	push	{r7}
20006d28:	b083      	sub	sp, #12
20006d2a:	af00      	add	r7, sp, #0
20006d2c:	6078      	str	r0, [r7, #4]
20006d2e:	687b      	ldr	r3, [r7, #4]
20006d30:	889b      	ldrh	r3, [r3, #4]
20006d32:	b29b      	uxth	r3, r3
20006d34:	f3c3 0308 	ubfx	r3, r3, #0, #9
20006d38:	b29b      	uxth	r3, r3
20006d3a:	4618      	mov	r0, r3
20006d3c:	370c      	adds	r7, #12
20006d3e:	46bd      	mov	sp, r7
20006d40:	bc80      	pop	{r7}
20006d42:	4770      	bx	lr

20006d44 <USART_SetAddress>:
20006d44:	b480      	push	{r7}
20006d46:	b083      	sub	sp, #12
20006d48:	af00      	add	r7, sp, #0
20006d4a:	6078      	str	r0, [r7, #4]
20006d4c:	460b      	mov	r3, r1
20006d4e:	70fb      	strb	r3, [r7, #3]
20006d50:	687b      	ldr	r3, [r7, #4]
20006d52:	8a1b      	ldrh	r3, [r3, #16]
20006d54:	b29b      	uxth	r3, r3
20006d56:	f023 030f 	bic.w	r3, r3, #15
20006d5a:	b29a      	uxth	r2, r3
20006d5c:	687b      	ldr	r3, [r7, #4]
20006d5e:	821a      	strh	r2, [r3, #16]
20006d60:	687b      	ldr	r3, [r7, #4]
20006d62:	8a1b      	ldrh	r3, [r3, #16]
20006d64:	b29a      	uxth	r2, r3
20006d66:	78fb      	ldrb	r3, [r7, #3]
20006d68:	b29b      	uxth	r3, r3
20006d6a:	4313      	orrs	r3, r2
20006d6c:	b29a      	uxth	r2, r3
20006d6e:	687b      	ldr	r3, [r7, #4]
20006d70:	821a      	strh	r2, [r3, #16]
20006d72:	bf00      	nop
20006d74:	370c      	adds	r7, #12
20006d76:	46bd      	mov	sp, r7
20006d78:	bc80      	pop	{r7}
20006d7a:	4770      	bx	lr

20006d7c <USART_ReceiverWakeUpCmd>:
20006d7c:	b480      	push	{r7}
20006d7e:	b083      	sub	sp, #12
20006d80:	af00      	add	r7, sp, #0
20006d82:	6078      	str	r0, [r7, #4]
20006d84:	460b      	mov	r3, r1
20006d86:	70fb      	strb	r3, [r7, #3]
20006d88:	78fb      	ldrb	r3, [r7, #3]
20006d8a:	2b00      	cmp	r3, #0
20006d8c:	d008      	beq.n	20006da0 <USART_ReceiverWakeUpCmd+0x24>
20006d8e:	687b      	ldr	r3, [r7, #4]
20006d90:	899b      	ldrh	r3, [r3, #12]
20006d92:	b29b      	uxth	r3, r3
20006d94:	f043 0302 	orr.w	r3, r3, #2
20006d98:	b29a      	uxth	r2, r3
20006d9a:	687b      	ldr	r3, [r7, #4]
20006d9c:	819a      	strh	r2, [r3, #12]
20006d9e:	e007      	b.n	20006db0 <USART_ReceiverWakeUpCmd+0x34>
20006da0:	687b      	ldr	r3, [r7, #4]
20006da2:	899b      	ldrh	r3, [r3, #12]
20006da4:	b29b      	uxth	r3, r3
20006da6:	f023 0302 	bic.w	r3, r3, #2
20006daa:	b29a      	uxth	r2, r3
20006dac:	687b      	ldr	r3, [r7, #4]
20006dae:	819a      	strh	r2, [r3, #12]
20006db0:	bf00      	nop
20006db2:	370c      	adds	r7, #12
20006db4:	46bd      	mov	sp, r7
20006db6:	bc80      	pop	{r7}
20006db8:	4770      	bx	lr

20006dba <USART_WakeUpConfig>:
20006dba:	b480      	push	{r7}
20006dbc:	b083      	sub	sp, #12
20006dbe:	af00      	add	r7, sp, #0
20006dc0:	6078      	str	r0, [r7, #4]
20006dc2:	460b      	mov	r3, r1
20006dc4:	807b      	strh	r3, [r7, #2]
20006dc6:	687b      	ldr	r3, [r7, #4]
20006dc8:	899b      	ldrh	r3, [r3, #12]
20006dca:	b29b      	uxth	r3, r3
20006dcc:	f423 6300 	bic.w	r3, r3, #2048	@ 0x800
20006dd0:	b29a      	uxth	r2, r3
20006dd2:	687b      	ldr	r3, [r7, #4]
20006dd4:	819a      	strh	r2, [r3, #12]
20006dd6:	687b      	ldr	r3, [r7, #4]
20006dd8:	899b      	ldrh	r3, [r3, #12]
20006dda:	b29a      	uxth	r2, r3
20006ddc:	887b      	ldrh	r3, [r7, #2]
20006dde:	4313      	orrs	r3, r2
20006de0:	b29a      	uxth	r2, r3
20006de2:	687b      	ldr	r3, [r7, #4]
20006de4:	819a      	strh	r2, [r3, #12]
20006de6:	bf00      	nop
20006de8:	370c      	adds	r7, #12
20006dea:	46bd      	mov	sp, r7
20006dec:	bc80      	pop	{r7}
20006dee:	4770      	bx	lr

20006df0 <USART_LINBreakDetectLengthConfig>:
20006df0:	b480      	push	{r7}
20006df2:	b083      	sub	sp, #12
20006df4:	af00      	add	r7, sp, #0
20006df6:	6078      	str	r0, [r7, #4]
20006df8:	460b      	mov	r3, r1
20006dfa:	807b      	strh	r3, [r7, #2]
20006dfc:	687b      	ldr	r3, [r7, #4]
20006dfe:	8a1b      	ldrh	r3, [r3, #16]
20006e00:	b29b      	uxth	r3, r3
20006e02:	f023 0320 	bic.w	r3, r3, #32
20006e06:	b29a      	uxth	r2, r3
20006e08:	687b      	ldr	r3, [r7, #4]
20006e0a:	821a      	strh	r2, [r3, #16]
20006e0c:	687b      	ldr	r3, [r7, #4]
20006e0e:	8a1b      	ldrh	r3, [r3, #16]
20006e10:	b29a      	uxth	r2, r3
20006e12:	887b      	ldrh	r3, [r7, #2]
20006e14:	4313      	orrs	r3, r2
20006e16:	b29a      	uxth	r2, r3
20006e18:	687b      	ldr	r3, [r7, #4]
20006e1a:	821a      	strh	r2, [r3, #16]
20006e1c:	bf00      	nop
20006e1e:	370c      	adds	r7, #12
20006e20:	46bd      	mov	sp, r7
20006e22:	bc80      	pop	{r7}
20006e24:	4770      	bx	lr

20006e26 <USART_LINCmd>:
20006e26:	b480      	push	{r7}
20006e28:	b083      	sub	sp, #12
20006e2a:	af00      	add	r7, sp, #0
20006e2c:	6078      	str	r0, [r7, #4]
20006e2e:	460b      	mov	r3, r1
20006e30:	70fb      	strb	r3, [r7, #3]
20006e32:	78fb      	ldrb	r3, [r7, #3]
20006e34:	2b00      	cmp	r3, #0
20006e36:	d008      	beq.n	20006e4a <USART_LINCmd+0x24>
20006e38:	687b      	ldr	r3, [r7, #4]
20006e3a:	8a1b      	ldrh	r3, [r3, #16]
20006e3c:	b29b      	uxth	r3, r3
20006e3e:	f443 4380 	orr.w	r3, r3, #16384	@ 0x4000
20006e42:	b29a      	uxth	r2, r3
20006e44:	687b      	ldr	r3, [r7, #4]
20006e46:	821a      	strh	r2, [r3, #16]
20006e48:	e007      	b.n	20006e5a <USART_LINCmd+0x34>
20006e4a:	687b      	ldr	r3, [r7, #4]
20006e4c:	8a1b      	ldrh	r3, [r3, #16]
20006e4e:	b29b      	uxth	r3, r3
20006e50:	f423 4380 	bic.w	r3, r3, #16384	@ 0x4000
20006e54:	b29a      	uxth	r2, r3
20006e56:	687b      	ldr	r3, [r7, #4]
20006e58:	821a      	strh	r2, [r3, #16]
20006e5a:	bf00      	nop
20006e5c:	370c      	adds	r7, #12
20006e5e:	46bd      	mov	sp, r7
20006e60:	bc80      	pop	{r7}
20006e62:	4770      	bx	lr

20006e64 <USART_SendBreak>:
20006e64:	b480      	push	{r7}
20006e66:	b083      	sub	sp, #12
20006e68:	af00      	add	r7, sp, #0
20006e6a:	6078      	str	r0, [r7, #4]
20006e6c:	687b      	ldr	r3, [r7, #4]
20006e6e:	899b      	ldrh	r3, [r3, #12]
20006e70:	b29b      	uxth	r3, r3
20006e72:	f043 0301 	orr.w	r3, r3, #1
20006e76:	b29a      	uxth	r2, r3
20006e78:	687b      	ldr	r3, [r7, #4]
20006e7a:	819a      	strh	r2, [r3, #12]
20006e7c:	bf00      	nop
20006e7e:	370c      	adds	r7, #12
20006e80:	46bd      	mov	sp, r7
20006e82:	bc80      	pop	{r7}
20006e84:	4770      	bx	lr

20006e86 <USART_HalfDuplexCmd>:
20006e86:	b480      	push	{r7}
20006e88:	b083      	sub	sp, #12
20006e8a:	af00      	add	r7, sp, #0
20006e8c:	6078      	str	r0, [r7, #4]
20006e8e:	460b      	mov	r3, r1
20006e90:	70fb      	strb	r3, [r7, #3]
20006e92:	78fb      	ldrb	r3, [r7, #3]
20006e94:	2b00      	cmp	r3, #0
20006e96:	d008      	beq.n	20006eaa <USART_HalfDuplexCmd+0x24>
20006e98:	687b      	ldr	r3, [r7, #4]
20006e9a:	8a9b      	ldrh	r3, [r3, #20]
20006e9c:	b29b      	uxth	r3, r3
20006e9e:	f043 0308 	orr.w	r3, r3, #8
20006ea2:	b29a      	uxth	r2, r3
20006ea4:	687b      	ldr	r3, [r7, #4]
20006ea6:	829a      	strh	r2, [r3, #20]
20006ea8:	e007      	b.n	20006eba <USART_HalfDuplexCmd+0x34>
20006eaa:	687b      	ldr	r3, [r7, #4]
20006eac:	8a9b      	ldrh	r3, [r3, #20]
20006eae:	b29b      	uxth	r3, r3
20006eb0:	f023 0308 	bic.w	r3, r3, #8
20006eb4:	b29a      	uxth	r2, r3
20006eb6:	687b      	ldr	r3, [r7, #4]
20006eb8:	829a      	strh	r2, [r3, #20]
20006eba:	bf00      	nop
20006ebc:	370c      	adds	r7, #12
20006ebe:	46bd      	mov	sp, r7
20006ec0:	bc80      	pop	{r7}
20006ec2:	4770      	bx	lr

20006ec4 <USART_SetGuardTime>:
20006ec4:	b480      	push	{r7}
20006ec6:	b083      	sub	sp, #12
20006ec8:	af00      	add	r7, sp, #0
20006eca:	6078      	str	r0, [r7, #4]
20006ecc:	460b      	mov	r3, r1
20006ece:	70fb      	strb	r3, [r7, #3]
20006ed0:	687b      	ldr	r3, [r7, #4]
20006ed2:	8b1b      	ldrh	r3, [r3, #24]
20006ed4:	b29b      	uxth	r3, r3
20006ed6:	b2db      	uxtb	r3, r3
20006ed8:	b29a      	uxth	r2, r3
20006eda:	687b      	ldr	r3, [r7, #4]
20006edc:	831a      	strh	r2, [r3, #24]
20006ede:	687b      	ldr	r3, [r7, #4]
20006ee0:	8b1b      	ldrh	r3, [r3, #24]
20006ee2:	b29a      	uxth	r2, r3
20006ee4:	78fb      	ldrb	r3, [r7, #3]
20006ee6:	b29b      	uxth	r3, r3
20006ee8:	021b      	lsls	r3, r3, #8
20006eea:	b29b      	uxth	r3, r3
20006eec:	4313      	orrs	r3, r2
20006eee:	b29a      	uxth	r2, r3
20006ef0:	687b      	ldr	r3, [r7, #4]
20006ef2:	831a      	strh	r2, [r3, #24]
20006ef4:	bf00      	nop
20006ef6:	370c      	adds	r7, #12
20006ef8:	46bd      	mov	sp, r7
20006efa:	bc80      	pop	{r7}
20006efc:	4770      	bx	lr

20006efe <USART_SmartCardCmd>:
20006efe:	b480      	push	{r7}
20006f00:	b083      	sub	sp, #12
20006f02:	af00      	add	r7, sp, #0
20006f04:	6078      	str	r0, [r7, #4]
20006f06:	460b      	mov	r3, r1
20006f08:	70fb      	strb	r3, [r7, #3]
20006f0a:	78fb      	ldrb	r3, [r7, #3]
20006f0c:	2b00      	cmp	r3, #0
20006f0e:	d008      	beq.n	20006f22 <USART_SmartCardCmd+0x24>
20006f10:	687b      	ldr	r3, [r7, #4]
20006f12:	8a9b      	ldrh	r3, [r3, #20]
20006f14:	b29b      	uxth	r3, r3
20006f16:	f043 0320 	orr.w	r3, r3, #32
20006f1a:	b29a      	uxth	r2, r3
20006f1c:	687b      	ldr	r3, [r7, #4]
20006f1e:	829a      	strh	r2, [r3, #20]
20006f20:	e007      	b.n	20006f32 <USART_SmartCardCmd+0x34>
20006f22:	687b      	ldr	r3, [r7, #4]
20006f24:	8a9b      	ldrh	r3, [r3, #20]
20006f26:	b29b      	uxth	r3, r3
20006f28:	f023 0320 	bic.w	r3, r3, #32
20006f2c:	b29a      	uxth	r2, r3
20006f2e:	687b      	ldr	r3, [r7, #4]
20006f30:	829a      	strh	r2, [r3, #20]
20006f32:	bf00      	nop
20006f34:	370c      	adds	r7, #12
20006f36:	46bd      	mov	sp, r7
20006f38:	bc80      	pop	{r7}
20006f3a:	4770      	bx	lr

20006f3c <USART_SmartCardNACKCmd>:
20006f3c:	b480      	push	{r7}
20006f3e:	b083      	sub	sp, #12
20006f40:	af00      	add	r7, sp, #0
20006f42:	6078      	str	r0, [r7, #4]
20006f44:	460b      	mov	r3, r1
20006f46:	70fb      	strb	r3, [r7, #3]
20006f48:	78fb      	ldrb	r3, [r7, #3]
20006f4a:	2b00      	cmp	r3, #0
20006f4c:	d008      	beq.n	20006f60 <USART_SmartCardNACKCmd+0x24>
20006f4e:	687b      	ldr	r3, [r7, #4]
20006f50:	8a9b      	ldrh	r3, [r3, #20]
20006f52:	b29b      	uxth	r3, r3
20006f54:	f043 0310 	orr.w	r3, r3, #16
20006f58:	b29a      	uxth	r2, r3
20006f5a:	687b      	ldr	r3, [r7, #4]
20006f5c:	829a      	strh	r2, [r3, #20]
20006f5e:	e007      	b.n	20006f70 <USART_SmartCardNACKCmd+0x34>
20006f60:	687b      	ldr	r3, [r7, #4]
20006f62:	8a9b      	ldrh	r3, [r3, #20]
20006f64:	b29b      	uxth	r3, r3
20006f66:	f023 0310 	bic.w	r3, r3, #16
20006f6a:	b29a      	uxth	r2, r3
20006f6c:	687b      	ldr	r3, [r7, #4]
20006f6e:	829a      	strh	r2, [r3, #20]
20006f70:	bf00      	nop
20006f72:	370c      	adds	r7, #12
20006f74:	46bd      	mov	sp, r7
20006f76:	bc80      	pop	{r7}
20006f78:	4770      	bx	lr

20006f7a <USART_IrDAConfig>:
20006f7a:	b480      	push	{r7}
20006f7c:	b083      	sub	sp, #12
20006f7e:	af00      	add	r7, sp, #0
20006f80:	6078      	str	r0, [r7, #4]
20006f82:	460b      	mov	r3, r1
20006f84:	807b      	strh	r3, [r7, #2]
20006f86:	687b      	ldr	r3, [r7, #4]
20006f88:	8a9b      	ldrh	r3, [r3, #20]
20006f8a:	b29b      	uxth	r3, r3
20006f8c:	f023 0304 	bic.w	r3, r3, #4
20006f90:	b29a      	uxth	r2, r3
20006f92:	687b      	ldr	r3, [r7, #4]
20006f94:	829a      	strh	r2, [r3, #20]
20006f96:	687b      	ldr	r3, [r7, #4]
20006f98:	8a9b      	ldrh	r3, [r3, #20]
20006f9a:	b29a      	uxth	r2, r3
20006f9c:	887b      	ldrh	r3, [r7, #2]
20006f9e:	4313      	orrs	r3, r2
20006fa0:	b29a      	uxth	r2, r3
20006fa2:	687b      	ldr	r3, [r7, #4]
20006fa4:	829a      	strh	r2, [r3, #20]
20006fa6:	bf00      	nop
20006fa8:	370c      	adds	r7, #12
20006faa:	46bd      	mov	sp, r7
20006fac:	bc80      	pop	{r7}
20006fae:	4770      	bx	lr

20006fb0 <USART_IrDACmd>:
20006fb0:	b480      	push	{r7}
20006fb2:	b083      	sub	sp, #12
20006fb4:	af00      	add	r7, sp, #0
20006fb6:	6078      	str	r0, [r7, #4]
20006fb8:	460b      	mov	r3, r1
20006fba:	70fb      	strb	r3, [r7, #3]
20006fbc:	78fb      	ldrb	r3, [r7, #3]
20006fbe:	2b00      	cmp	r3, #0
20006fc0:	d008      	beq.n	20006fd4 <USART_IrDACmd+0x24>
20006fc2:	687b      	ldr	r3, [r7, #4]
20006fc4:	8a9b      	ldrh	r3, [r3, #20]
20006fc6:	b29b      	uxth	r3, r3
20006fc8:	f043 0302 	orr.w	r3, r3, #2
20006fcc:	b29a      	uxth	r2, r3
20006fce:	687b      	ldr	r3, [r7, #4]
20006fd0:	829a      	strh	r2, [r3, #20]
20006fd2:	e007      	b.n	20006fe4 <USART_IrDACmd+0x34>
20006fd4:	687b      	ldr	r3, [r7, #4]
20006fd6:	8a9b      	ldrh	r3, [r3, #20]
20006fd8:	b29b      	uxth	r3, r3
20006fda:	f023 0302 	bic.w	r3, r3, #2
20006fde:	b29a      	uxth	r2, r3
20006fe0:	687b      	ldr	r3, [r7, #4]
20006fe2:	829a      	strh	r2, [r3, #20]
20006fe4:	bf00      	nop
20006fe6:	370c      	adds	r7, #12
20006fe8:	46bd      	mov	sp, r7
20006fea:	bc80      	pop	{r7}
20006fec:	4770      	bx	lr

20006fee <USART_DMACmd>:
20006fee:	b480      	push	{r7}
20006ff0:	b083      	sub	sp, #12
20006ff2:	af00      	add	r7, sp, #0
20006ff4:	6078      	str	r0, [r7, #4]
20006ff6:	460b      	mov	r3, r1
20006ff8:	807b      	strh	r3, [r7, #2]
20006ffa:	4613      	mov	r3, r2
20006ffc:	707b      	strb	r3, [r7, #1]
20006ffe:	787b      	ldrb	r3, [r7, #1]
20007000:	2b00      	cmp	r3, #0
20007002:	d008      	beq.n	20007016 <USART_DMACmd+0x28>
20007004:	687b      	ldr	r3, [r7, #4]
20007006:	8a9b      	ldrh	r3, [r3, #20]
20007008:	b29a      	uxth	r2, r3
2000700a:	887b      	ldrh	r3, [r7, #2]
2000700c:	4313      	orrs	r3, r2
2000700e:	b29a      	uxth	r2, r3
20007010:	687b      	ldr	r3, [r7, #4]
20007012:	829a      	strh	r2, [r3, #20]
20007014:	e009      	b.n	2000702a <USART_DMACmd+0x3c>
20007016:	687b      	ldr	r3, [r7, #4]
20007018:	8a9b      	ldrh	r3, [r3, #20]
2000701a:	b29a      	uxth	r2, r3
2000701c:	887b      	ldrh	r3, [r7, #2]
2000701e:	43db      	mvns	r3, r3
20007020:	b29b      	uxth	r3, r3
20007022:	4013      	ands	r3, r2
20007024:	b29a      	uxth	r2, r3
20007026:	687b      	ldr	r3, [r7, #4]
20007028:	829a      	strh	r2, [r3, #20]
2000702a:	bf00      	nop
2000702c:	370c      	adds	r7, #12
2000702e:	46bd      	mov	sp, r7
20007030:	bc80      	pop	{r7}
20007032:	4770      	bx	lr

20007034 <USART_ITConfig>:
20007034:	b480      	push	{r7}
20007036:	b087      	sub	sp, #28
20007038:	af00      	add	r7, sp, #0
2000703a:	6078      	str	r0, [r7, #4]
2000703c:	460b      	mov	r3, r1
2000703e:	807b      	strh	r3, [r7, #2]
20007040:	4613      	mov	r3, r2
20007042:	707b      	strb	r3, [r7, #1]
20007044:	2300      	movs	r3, #0
20007046:	613b      	str	r3, [r7, #16]
20007048:	2300      	movs	r3, #0
2000704a:	60fb      	str	r3, [r7, #12]
2000704c:	2300      	movs	r3, #0
2000704e:	60bb      	str	r3, [r7, #8]
20007050:	2300      	movs	r3, #0
20007052:	617b      	str	r3, [r7, #20]
20007054:	687b      	ldr	r3, [r7, #4]
20007056:	617b      	str	r3, [r7, #20]
20007058:	887b      	ldrh	r3, [r7, #2]
2000705a:	b2db      	uxtb	r3, r3
2000705c:	095b      	lsrs	r3, r3, #5
2000705e:	b2db      	uxtb	r3, r3
20007060:	613b      	str	r3, [r7, #16]
20007062:	887b      	ldrh	r3, [r7, #2]
20007064:	f003 031f 	and.w	r3, r3, #31
20007068:	60fb      	str	r3, [r7, #12]
2000706a:	2201      	movs	r2, #1
2000706c:	68fb      	ldr	r3, [r7, #12]
2000706e:	fa02 f303 	lsl.w	r3, r2, r3
20007072:	60bb      	str	r3, [r7, #8]
20007074:	693b      	ldr	r3, [r7, #16]
20007076:	2b01      	cmp	r3, #1
20007078:	d103      	bne.n	20007082 <USART_ITConfig+0x4e>
2000707a:	697b      	ldr	r3, [r7, #20]
2000707c:	330c      	adds	r3, #12
2000707e:	617b      	str	r3, [r7, #20]
20007080:	e009      	b.n	20007096 <USART_ITConfig+0x62>
20007082:	693b      	ldr	r3, [r7, #16]
20007084:	2b02      	cmp	r3, #2
20007086:	d103      	bne.n	20007090 <USART_ITConfig+0x5c>
20007088:	697b      	ldr	r3, [r7, #20]
2000708a:	3310      	adds	r3, #16
2000708c:	617b      	str	r3, [r7, #20]
2000708e:	e002      	b.n	20007096 <USART_ITConfig+0x62>
20007090:	697b      	ldr	r3, [r7, #20]
20007092:	3314      	adds	r3, #20
20007094:	617b      	str	r3, [r7, #20]
20007096:	787b      	ldrb	r3, [r7, #1]
20007098:	2b00      	cmp	r3, #0
2000709a:	d006      	beq.n	200070aa <USART_ITConfig+0x76>
2000709c:	697b      	ldr	r3, [r7, #20]
2000709e:	6819      	ldr	r1, [r3, #0]
200070a0:	697b      	ldr	r3, [r7, #20]
200070a2:	68ba      	ldr	r2, [r7, #8]
200070a4:	430a      	orrs	r2, r1
200070a6:	601a      	str	r2, [r3, #0]
200070a8:	e006      	b.n	200070b8 <USART_ITConfig+0x84>
200070aa:	697b      	ldr	r3, [r7, #20]
200070ac:	6819      	ldr	r1, [r3, #0]
200070ae:	68bb      	ldr	r3, [r7, #8]
200070b0:	43da      	mvns	r2, r3
200070b2:	697b      	ldr	r3, [r7, #20]
200070b4:	400a      	ands	r2, r1
200070b6:	601a      	str	r2, [r3, #0]
200070b8:	bf00      	nop
200070ba:	371c      	adds	r7, #28
200070bc:	46bd      	mov	sp, r7
200070be:	bc80      	pop	{r7}
200070c0:	4770      	bx	lr

200070c2 <USART_GetFlagStatus>:
200070c2:	b480      	push	{r7}
200070c4:	b085      	sub	sp, #20
200070c6:	af00      	add	r7, sp, #0
200070c8:	6078      	str	r0, [r7, #4]
200070ca:	460b      	mov	r3, r1
200070cc:	807b      	strh	r3, [r7, #2]
200070ce:	2300      	movs	r3, #0
200070d0:	73fb      	strb	r3, [r7, #15]
200070d2:	687b      	ldr	r3, [r7, #4]
200070d4:	881b      	ldrh	r3, [r3, #0]
200070d6:	b29a      	uxth	r2, r3
200070d8:	887b      	ldrh	r3, [r7, #2]
200070da:	4013      	ands	r3, r2
200070dc:	b29b      	uxth	r3, r3
200070de:	2b00      	cmp	r3, #0
200070e0:	d002      	beq.n	200070e8 <USART_GetFlagStatus+0x26>
200070e2:	2301      	movs	r3, #1
200070e4:	73fb      	strb	r3, [r7, #15]
200070e6:	e001      	b.n	200070ec <USART_GetFlagStatus+0x2a>
200070e8:	2300      	movs	r3, #0
200070ea:	73fb      	strb	r3, [r7, #15]
200070ec:	7bfb      	ldrb	r3, [r7, #15]
200070ee:	4618      	mov	r0, r3
200070f0:	3714      	adds	r7, #20
200070f2:	46bd      	mov	sp, r7
200070f4:	bc80      	pop	{r7}
200070f6:	4770      	bx	lr

200070f8 <USART_ClearFlag>:
200070f8:	b480      	push	{r7}
200070fa:	b083      	sub	sp, #12
200070fc:	af00      	add	r7, sp, #0
200070fe:	6078      	str	r0, [r7, #4]
20007100:	460b      	mov	r3, r1
20007102:	807b      	strh	r3, [r7, #2]
20007104:	887b      	ldrh	r3, [r7, #2]
20007106:	43db      	mvns	r3, r3
20007108:	b29a      	uxth	r2, r3
2000710a:	687b      	ldr	r3, [r7, #4]
2000710c:	801a      	strh	r2, [r3, #0]
2000710e:	bf00      	nop
20007110:	370c      	adds	r7, #12
20007112:	46bd      	mov	sp, r7
20007114:	bc80      	pop	{r7}
20007116:	4770      	bx	lr

20007118 <USART_GetITStatus>:
20007118:	b480      	push	{r7}
2000711a:	b087      	sub	sp, #28
2000711c:	af00      	add	r7, sp, #0
2000711e:	6078      	str	r0, [r7, #4]
20007120:	460b      	mov	r3, r1
20007122:	807b      	strh	r3, [r7, #2]
20007124:	2300      	movs	r3, #0
20007126:	60fb      	str	r3, [r7, #12]
20007128:	2300      	movs	r3, #0
2000712a:	617b      	str	r3, [r7, #20]
2000712c:	2300      	movs	r3, #0
2000712e:	60bb      	str	r3, [r7, #8]
20007130:	2300      	movs	r3, #0
20007132:	74fb      	strb	r3, [r7, #19]
20007134:	887b      	ldrh	r3, [r7, #2]
20007136:	b2db      	uxtb	r3, r3
20007138:	095b      	lsrs	r3, r3, #5
2000713a:	b2db      	uxtb	r3, r3
2000713c:	60bb      	str	r3, [r7, #8]
2000713e:	887b      	ldrh	r3, [r7, #2]
20007140:	f003 031f 	and.w	r3, r3, #31
20007144:	617b      	str	r3, [r7, #20]
20007146:	2201      	movs	r2, #1
20007148:	697b      	ldr	r3, [r7, #20]
2000714a:	fa02 f303 	lsl.w	r3, r2, r3
2000714e:	617b      	str	r3, [r7, #20]
20007150:	68bb      	ldr	r3, [r7, #8]
20007152:	2b01      	cmp	r3, #1
20007154:	d107      	bne.n	20007166 <USART_GetITStatus+0x4e>
20007156:	687b      	ldr	r3, [r7, #4]
20007158:	899b      	ldrh	r3, [r3, #12]
2000715a:	b29b      	uxth	r3, r3
2000715c:	461a      	mov	r2, r3
2000715e:	697b      	ldr	r3, [r7, #20]
20007160:	4013      	ands	r3, r2
20007162:	617b      	str	r3, [r7, #20]
20007164:	e011      	b.n	2000718a <USART_GetITStatus+0x72>
20007166:	68bb      	ldr	r3, [r7, #8]
20007168:	2b02      	cmp	r3, #2
2000716a:	d107      	bne.n	2000717c <USART_GetITStatus+0x64>
2000716c:	687b      	ldr	r3, [r7, #4]
2000716e:	8a1b      	ldrh	r3, [r3, #16]
20007170:	b29b      	uxth	r3, r3
20007172:	461a      	mov	r2, r3
20007174:	697b      	ldr	r3, [r7, #20]
20007176:	4013      	ands	r3, r2
20007178:	617b      	str	r3, [r7, #20]
2000717a:	e006      	b.n	2000718a <USART_GetITStatus+0x72>
2000717c:	687b      	ldr	r3, [r7, #4]
2000717e:	8a9b      	ldrh	r3, [r3, #20]
20007180:	b29b      	uxth	r3, r3
20007182:	461a      	mov	r2, r3
20007184:	697b      	ldr	r3, [r7, #20]
20007186:	4013      	ands	r3, r2
20007188:	617b      	str	r3, [r7, #20]
2000718a:	887b      	ldrh	r3, [r7, #2]
2000718c:	0a1b      	lsrs	r3, r3, #8
2000718e:	b29b      	uxth	r3, r3
20007190:	60fb      	str	r3, [r7, #12]
20007192:	2201      	movs	r2, #1
20007194:	68fb      	ldr	r3, [r7, #12]
20007196:	fa02 f303 	lsl.w	r3, r2, r3
2000719a:	60fb      	str	r3, [r7, #12]
2000719c:	687b      	ldr	r3, [r7, #4]
2000719e:	881b      	ldrh	r3, [r3, #0]
200071a0:	b29b      	uxth	r3, r3
200071a2:	461a      	mov	r2, r3
200071a4:	68fb      	ldr	r3, [r7, #12]
200071a6:	4013      	ands	r3, r2
200071a8:	60fb      	str	r3, [r7, #12]
200071aa:	697b      	ldr	r3, [r7, #20]
200071ac:	2b00      	cmp	r3, #0
200071ae:	d005      	beq.n	200071bc <USART_GetITStatus+0xa4>
200071b0:	68fb      	ldr	r3, [r7, #12]
200071b2:	2b00      	cmp	r3, #0
200071b4:	d002      	beq.n	200071bc <USART_GetITStatus+0xa4>
200071b6:	2301      	movs	r3, #1
200071b8:	74fb      	strb	r3, [r7, #19]
200071ba:	e001      	b.n	200071c0 <USART_GetITStatus+0xa8>
200071bc:	2300      	movs	r3, #0
200071be:	74fb      	strb	r3, [r7, #19]
200071c0:	7cfb      	ldrb	r3, [r7, #19]
200071c2:	4618      	mov	r0, r3
200071c4:	371c      	adds	r7, #28
200071c6:	46bd      	mov	sp, r7
200071c8:	bc80      	pop	{r7}
200071ca:	4770      	bx	lr

200071cc <USART_ClearITPendingBit>:
200071cc:	b480      	push	{r7}
200071ce:	b085      	sub	sp, #20
200071d0:	af00      	add	r7, sp, #0
200071d2:	6078      	str	r0, [r7, #4]
200071d4:	460b      	mov	r3, r1
200071d6:	807b      	strh	r3, [r7, #2]
200071d8:	2300      	movs	r3, #0
200071da:	81fb      	strh	r3, [r7, #14]
200071dc:	2300      	movs	r3, #0
200071de:	81bb      	strh	r3, [r7, #12]
200071e0:	887b      	ldrh	r3, [r7, #2]
200071e2:	0a1b      	lsrs	r3, r3, #8
200071e4:	81fb      	strh	r3, [r7, #14]
200071e6:	89fb      	ldrh	r3, [r7, #14]
200071e8:	2201      	movs	r2, #1
200071ea:	fa02 f303 	lsl.w	r3, r2, r3
200071ee:	81bb      	strh	r3, [r7, #12]
200071f0:	89bb      	ldrh	r3, [r7, #12]
200071f2:	43db      	mvns	r3, r3
200071f4:	b29a      	uxth	r2, r3
200071f6:	687b      	ldr	r3, [r7, #4]
200071f8:	801a      	strh	r2, [r3, #0]
200071fa:	bf00      	nop
200071fc:	3714      	adds	r7, #20
200071fe:	46bd      	mov	sp, r7
20007200:	bc80      	pop	{r7}
20007202:	4770      	bx	lr
	...

20007210 <memchr>:
20007210:	f001 01ff 	and.w	r1, r1, #255	@ 0xff
20007214:	2a10      	cmp	r2, #16
20007216:	db2b      	blt.n	20007270 <memchr+0x60>
20007218:	f010 0f07 	tst.w	r0, #7
2000721c:	d008      	beq.n	20007230 <memchr+0x20>
2000721e:	f810 3b01 	ldrb.w	r3, [r0], #1
20007222:	3a01      	subs	r2, #1
20007224:	428b      	cmp	r3, r1
20007226:	d02d      	beq.n	20007284 <memchr+0x74>
20007228:	f010 0f07 	tst.w	r0, #7
2000722c:	b342      	cbz	r2, 20007280 <memchr+0x70>
2000722e:	d1f6      	bne.n	2000721e <memchr+0xe>
20007230:	b4f0      	push	{r4, r5, r6, r7}
20007232:	ea41 2101 	orr.w	r1, r1, r1, lsl #8
20007236:	ea41 4101 	orr.w	r1, r1, r1, lsl #16
2000723a:	f022 0407 	bic.w	r4, r2, #7
2000723e:	f07f 0700 	mvns.w	r7, #0
20007242:	2300      	movs	r3, #0
20007244:	e8f0 5602 	ldrd	r5, r6, [r0], #8
20007248:	3c08      	subs	r4, #8
2000724a:	ea85 0501 	eor.w	r5, r5, r1
2000724e:	ea86 0601 	eor.w	r6, r6, r1
20007252:	fa85 f547 	uadd8	r5, r5, r7
20007256:	faa3 f587 	sel	r5, r3, r7
2000725a:	fa86 f647 	uadd8	r6, r6, r7
2000725e:	faa5 f687 	sel	r6, r5, r7
20007262:	b98e      	cbnz	r6, 20007288 <memchr+0x78>
20007264:	d1ee      	bne.n	20007244 <memchr+0x34>
20007266:	bcf0      	pop	{r4, r5, r6, r7}
20007268:	f001 01ff 	and.w	r1, r1, #255	@ 0xff
2000726c:	f002 0207 	and.w	r2, r2, #7
20007270:	b132      	cbz	r2, 20007280 <memchr+0x70>
20007272:	f810 3b01 	ldrb.w	r3, [r0], #1
20007276:	3a01      	subs	r2, #1
20007278:	ea83 0301 	eor.w	r3, r3, r1
2000727c:	b113      	cbz	r3, 20007284 <memchr+0x74>
2000727e:	d1f8      	bne.n	20007272 <memchr+0x62>
20007280:	2000      	movs	r0, #0
20007282:	4770      	bx	lr
20007284:	3801      	subs	r0, #1
20007286:	4770      	bx	lr
20007288:	2d00      	cmp	r5, #0
2000728a:	bf06      	itte	eq
2000728c:	4635      	moveq	r5, r6
2000728e:	3803      	subeq	r0, #3
20007290:	3807      	subne	r0, #7
20007292:	f015 0f01 	tst.w	r5, #1
20007296:	d107      	bne.n	200072a8 <memchr+0x98>
20007298:	3001      	adds	r0, #1
2000729a:	f415 7f80 	tst.w	r5, #256	@ 0x100
2000729e:	bf02      	ittt	eq
200072a0:	3001      	addeq	r0, #1
200072a2:	f415 3fc0 	tsteq.w	r5, #98304	@ 0x18000
200072a6:	3001      	addeq	r0, #1
200072a8:	bcf0      	pop	{r4, r5, r6, r7}
200072aa:	3801      	subs	r0, #1
200072ac:	4770      	bx	lr
200072ae:	bf00      	nop

200072b0 <atoi>:
200072b0:	220a      	movs	r2, #10
200072b2:	2100      	movs	r1, #0
200072b4:	f000 b88a 	b.w	200073cc <strtol>

200072b8 <_atoi_r>:
200072b8:	230a      	movs	r3, #10
200072ba:	2200      	movs	r2, #0
200072bc:	f000 b87a 	b.w	200073b4 <_strtol_r>

200072c0 <_strtol_l.isra.0>:
200072c0:	2b24      	cmp	r3, #36	@ 0x24
200072c2:	e92d 47f0 	stmdb	sp!, {r4, r5, r6, r7, r8, r9, sl, lr}
200072c6:	4686      	mov	lr, r0
200072c8:	4690      	mov	r8, r2
200072ca:	d801      	bhi.n	200072d0 <_strtol_l.isra.0+0x10>
200072cc:	2b01      	cmp	r3, #1
200072ce:	d106      	bne.n	200072de <_strtol_l.isra.0+0x1e>
200072d0:	f000 f8c2 	bl	20007458 <__errno>
200072d4:	2316      	movs	r3, #22
200072d6:	6003      	str	r3, [r0, #0]
200072d8:	2000      	movs	r0, #0
200072da:	e8bd 87f0 	ldmia.w	sp!, {r4, r5, r6, r7, r8, r9, sl, pc}
200072de:	4834      	ldr	r0, [pc, #208]	@ (200073b0 <_strtol_l.isra.0+0xf0>)
200072e0:	460d      	mov	r5, r1
200072e2:	462a      	mov	r2, r5
200072e4:	f815 4b01 	ldrb.w	r4, [r5], #1
200072e8:	5d06      	ldrb	r6, [r0, r4]
200072ea:	f016 0608 	ands.w	r6, r6, #8
200072ee:	d1f8      	bne.n	200072e2 <_strtol_l.isra.0+0x22>
200072f0:	2c2d      	cmp	r4, #45	@ 0x2d
200072f2:	d110      	bne.n	20007316 <_strtol_l.isra.0+0x56>
200072f4:	782c      	ldrb	r4, [r5, #0]
200072f6:	2601      	movs	r6, #1
200072f8:	1c95      	adds	r5, r2, #2
200072fa:	f033 0210 	bics.w	r2, r3, #16
200072fe:	d115      	bne.n	2000732c <_strtol_l.isra.0+0x6c>
20007300:	2c30      	cmp	r4, #48	@ 0x30
20007302:	d10d      	bne.n	20007320 <_strtol_l.isra.0+0x60>
20007304:	782a      	ldrb	r2, [r5, #0]
20007306:	f002 02df 	and.w	r2, r2, #223	@ 0xdf
2000730a:	2a58      	cmp	r2, #88	@ 0x58
2000730c:	d108      	bne.n	20007320 <_strtol_l.isra.0+0x60>
2000730e:	786c      	ldrb	r4, [r5, #1]
20007310:	3502      	adds	r5, #2
20007312:	2310      	movs	r3, #16
20007314:	e00a      	b.n	2000732c <_strtol_l.isra.0+0x6c>
20007316:	2c2b      	cmp	r4, #43	@ 0x2b
20007318:	bf04      	itt	eq
2000731a:	782c      	ldrbeq	r4, [r5, #0]
2000731c:	1c95      	addeq	r5, r2, #2
2000731e:	e7ec      	b.n	200072fa <_strtol_l.isra.0+0x3a>
20007320:	2b00      	cmp	r3, #0
20007322:	d1f6      	bne.n	20007312 <_strtol_l.isra.0+0x52>
20007324:	2c30      	cmp	r4, #48	@ 0x30
20007326:	bf14      	ite	ne
20007328:	230a      	movne	r3, #10
2000732a:	2308      	moveq	r3, #8
2000732c:	f106 4c00 	add.w	ip, r6, #2147483648	@ 0x80000000
20007330:	f10c 3cff 	add.w	ip, ip, #4294967295	@ 0xffffffff
20007334:	2200      	movs	r2, #0
20007336:	fbbc f9f3 	udiv	r9, ip, r3
2000733a:	4610      	mov	r0, r2
2000733c:	fb03 ca19 	mls	sl, r3, r9, ip
20007340:	f1a4 0730 	sub.w	r7, r4, #48	@ 0x30
20007344:	2f09      	cmp	r7, #9
20007346:	d80f      	bhi.n	20007368 <_strtol_l.isra.0+0xa8>
20007348:	463c      	mov	r4, r7
2000734a:	42a3      	cmp	r3, r4
2000734c:	dd1b      	ble.n	20007386 <_strtol_l.isra.0+0xc6>
2000734e:	1c57      	adds	r7, r2, #1
20007350:	d007      	beq.n	20007362 <_strtol_l.isra.0+0xa2>
20007352:	4581      	cmp	r9, r0
20007354:	d314      	bcc.n	20007380 <_strtol_l.isra.0+0xc0>
20007356:	d101      	bne.n	2000735c <_strtol_l.isra.0+0x9c>
20007358:	45a2      	cmp	sl, r4
2000735a:	db11      	blt.n	20007380 <_strtol_l.isra.0+0xc0>
2000735c:	fb00 4003 	mla	r0, r0, r3, r4
20007360:	2201      	movs	r2, #1
20007362:	f815 4b01 	ldrb.w	r4, [r5], #1
20007366:	e7eb      	b.n	20007340 <_strtol_l.isra.0+0x80>
20007368:	f1a4 0741 	sub.w	r7, r4, #65	@ 0x41
2000736c:	2f19      	cmp	r7, #25
2000736e:	d801      	bhi.n	20007374 <_strtol_l.isra.0+0xb4>
20007370:	3c37      	subs	r4, #55	@ 0x37
20007372:	e7ea      	b.n	2000734a <_strtol_l.isra.0+0x8a>
20007374:	f1a4 0761 	sub.w	r7, r4, #97	@ 0x61
20007378:	2f19      	cmp	r7, #25
2000737a:	d804      	bhi.n	20007386 <_strtol_l.isra.0+0xc6>
2000737c:	3c57      	subs	r4, #87	@ 0x57
2000737e:	e7e4      	b.n	2000734a <_strtol_l.isra.0+0x8a>
20007380:	f04f 32ff 	mov.w	r2, #4294967295	@ 0xffffffff
20007384:	e7ed      	b.n	20007362 <_strtol_l.isra.0+0xa2>
20007386:	1c53      	adds	r3, r2, #1
20007388:	d108      	bne.n	2000739c <_strtol_l.isra.0+0xdc>
2000738a:	2322      	movs	r3, #34	@ 0x22
2000738c:	f8ce 3000 	str.w	r3, [lr]
20007390:	4660      	mov	r0, ip
20007392:	f1b8 0f00 	cmp.w	r8, #0
20007396:	d0a0      	beq.n	200072da <_strtol_l.isra.0+0x1a>
20007398:	1e69      	subs	r1, r5, #1
2000739a:	e006      	b.n	200073aa <_strtol_l.isra.0+0xea>
2000739c:	b106      	cbz	r6, 200073a0 <_strtol_l.isra.0+0xe0>
2000739e:	4240      	negs	r0, r0
200073a0:	f1b8 0f00 	cmp.w	r8, #0
200073a4:	d099      	beq.n	200072da <_strtol_l.isra.0+0x1a>
200073a6:	2a00      	cmp	r2, #0
200073a8:	d1f6      	bne.n	20007398 <_strtol_l.isra.0+0xd8>
200073aa:	f8c8 1000 	str.w	r1, [r8]
200073ae:	e794      	b.n	200072da <_strtol_l.isra.0+0x1a>
200073b0:	20008135 	.word	0x20008135

200073b4 <_strtol_r>:
200073b4:	f7ff bf84 	b.w	200072c0 <_strtol_l.isra.0>

200073b8 <strtol_l>:
200073b8:	4613      	mov	r3, r2
200073ba:	460a      	mov	r2, r1
200073bc:	4601      	mov	r1, r0
200073be:	4802      	ldr	r0, [pc, #8]	@ (200073c8 <strtol_l+0x10>)
200073c0:	6800      	ldr	r0, [r0, #0]
200073c2:	f7ff bf7d 	b.w	200072c0 <_strtol_l.isra.0>
200073c6:	bf00      	nop
200073c8:	20009674 	.word	0x20009674

200073cc <strtol>:
200073cc:	4613      	mov	r3, r2
200073ce:	460a      	mov	r2, r1
200073d0:	4601      	mov	r1, r0
200073d2:	4802      	ldr	r0, [pc, #8]	@ (200073dc <strtol+0x10>)
200073d4:	6800      	ldr	r0, [r0, #0]
200073d6:	f7ff bf73 	b.w	200072c0 <_strtol_l.isra.0>
200073da:	bf00      	nop
200073dc:	20009674 	.word	0x20009674

200073e0 <_vsniprintf_r>:
200073e0:	b530      	push	{r4, r5, lr}
200073e2:	4614      	mov	r4, r2
200073e4:	2c00      	cmp	r4, #0
200073e6:	b09b      	sub	sp, #108	@ 0x6c
200073e8:	4605      	mov	r5, r0
200073ea:	461a      	mov	r2, r3
200073ec:	da05      	bge.n	200073fa <_vsniprintf_r+0x1a>
200073ee:	238b      	movs	r3, #139	@ 0x8b
200073f0:	6003      	str	r3, [r0, #0]
200073f2:	f04f 30ff 	mov.w	r0, #4294967295	@ 0xffffffff
200073f6:	b01b      	add	sp, #108	@ 0x6c
200073f8:	bd30      	pop	{r4, r5, pc}
200073fa:	f44f 7302 	mov.w	r3, #520	@ 0x208
200073fe:	f8ad 300c 	strh.w	r3, [sp, #12]
20007402:	f04f 0300 	mov.w	r3, #0
20007406:	9319      	str	r3, [sp, #100]	@ 0x64
20007408:	bf14      	ite	ne
2000740a:	f104 33ff 	addne.w	r3, r4, #4294967295	@ 0xffffffff
2000740e:	4623      	moveq	r3, r4
20007410:	9302      	str	r3, [sp, #8]
20007412:	9305      	str	r3, [sp, #20]
20007414:	f64f 73ff 	movw	r3, #65535	@ 0xffff
20007418:	9100      	str	r1, [sp, #0]
2000741a:	9104      	str	r1, [sp, #16]
2000741c:	f8ad 300e 	strh.w	r3, [sp, #14]
20007420:	4669      	mov	r1, sp
20007422:	9b1e      	ldr	r3, [sp, #120]	@ 0x78
20007424:	f000 f8f8 	bl	20007618 <_svfiprintf_r>
20007428:	1c43      	adds	r3, r0, #1
2000742a:	bfbc      	itt	lt
2000742c:	238b      	movlt	r3, #139	@ 0x8b
2000742e:	602b      	strlt	r3, [r5, #0]
20007430:	2c00      	cmp	r4, #0
20007432:	d0e0      	beq.n	200073f6 <_vsniprintf_r+0x16>
20007434:	9b00      	ldr	r3, [sp, #0]
20007436:	2200      	movs	r2, #0
20007438:	701a      	strb	r2, [r3, #0]
2000743a:	e7dc      	b.n	200073f6 <_vsniprintf_r+0x16>

2000743c <vsniprintf>:
2000743c:	b507      	push	{r0, r1, r2, lr}
2000743e:	9300      	str	r3, [sp, #0]
20007440:	4613      	mov	r3, r2
20007442:	460a      	mov	r2, r1
20007444:	4601      	mov	r1, r0
20007446:	4803      	ldr	r0, [pc, #12]	@ (20007454 <vsniprintf+0x18>)
20007448:	6800      	ldr	r0, [r0, #0]
2000744a:	f7ff ffc9 	bl	200073e0 <_vsniprintf_r>
2000744e:	b003      	add	sp, #12
20007450:	f85d fb04 	ldr.w	pc, [sp], #4
20007454:	20009674 	.word	0x20009674

20007458 <__errno>:
20007458:	4b01      	ldr	r3, [pc, #4]	@ (20007460 <__errno+0x8>)
2000745a:	6818      	ldr	r0, [r3, #0]
2000745c:	4770      	bx	lr
2000745e:	bf00      	nop
20007460:	20009674 	.word	0x20009674

20007464 <__ssputs_r>:
20007464:	e92d 47f0 	stmdb	sp!, {r4, r5, r6, r7, r8, r9, sl, lr}
20007468:	688e      	ldr	r6, [r1, #8]
2000746a:	461f      	mov	r7, r3
2000746c:	42be      	cmp	r6, r7
2000746e:	4682      	mov	sl, r0
20007470:	460c      	mov	r4, r1
20007472:	4690      	mov	r8, r2
20007474:	4633      	mov	r3, r6
20007476:	d853      	bhi.n	20007520 <__ssputs_r+0xbc>
20007478:	f9b1 000c 	ldrsh.w	r0, [r1, #12]
2000747c:	f410 6f90 	tst.w	r0, #1152	@ 0x480
20007480:	d02b      	beq.n	200074da <__ssputs_r+0x76>
20007482:	6965      	ldr	r5, [r4, #20]
20007484:	6823      	ldr	r3, [r4, #0]
20007486:	6909      	ldr	r1, [r1, #16]
20007488:	eb05 0545 	add.w	r5, r5, r5, lsl #1
2000748c:	eba3 0901 	sub.w	r9, r3, r1
20007490:	eb05 75d5 	add.w	r5, r5, r5, lsr #31
20007494:	1c7b      	adds	r3, r7, #1
20007496:	106d      	asrs	r5, r5, #1
20007498:	444b      	add	r3, r9
2000749a:	42ab      	cmp	r3, r5
2000749c:	462a      	mov	r2, r5
2000749e:	bf84      	itt	hi
200074a0:	461d      	movhi	r5, r3
200074a2:	462a      	movhi	r2, r5
200074a4:	0543      	lsls	r3, r0, #21
200074a6:	d527      	bpl.n	200074f8 <__ssputs_r+0x94>
200074a8:	4611      	mov	r1, r2
200074aa:	4650      	mov	r0, sl
200074ac:	f000 fbd2 	bl	20007c54 <_malloc_r>
200074b0:	4606      	mov	r6, r0
200074b2:	b358      	cbz	r0, 2000750c <__ssputs_r+0xa8>
200074b4:	6921      	ldr	r1, [r4, #16]
200074b6:	464a      	mov	r2, r9
200074b8:	f000 fb51 	bl	20007b5e <memcpy>
200074bc:	89a3      	ldrh	r3, [r4, #12]
200074be:	f423 6390 	bic.w	r3, r3, #1152	@ 0x480
200074c2:	f043 0380 	orr.w	r3, r3, #128	@ 0x80
200074c6:	81a3      	strh	r3, [r4, #12]
200074c8:	6126      	str	r6, [r4, #16]
200074ca:	6165      	str	r5, [r4, #20]
200074cc:	444e      	add	r6, r9
200074ce:	eba5 0509 	sub.w	r5, r5, r9
200074d2:	6026      	str	r6, [r4, #0]
200074d4:	60a5      	str	r5, [r4, #8]
200074d6:	463e      	mov	r6, r7
200074d8:	463b      	mov	r3, r7
200074da:	461f      	mov	r7, r3
200074dc:	6820      	ldr	r0, [r4, #0]
200074de:	463a      	mov	r2, r7
200074e0:	4641      	mov	r1, r8
200074e2:	f000 fb23 	bl	20007b2c <memmove>
200074e6:	68a3      	ldr	r3, [r4, #8]
200074e8:	1b9b      	subs	r3, r3, r6
200074ea:	60a3      	str	r3, [r4, #8]
200074ec:	6823      	ldr	r3, [r4, #0]
200074ee:	443b      	add	r3, r7
200074f0:	6023      	str	r3, [r4, #0]
200074f2:	2000      	movs	r0, #0
200074f4:	e8bd 87f0 	ldmia.w	sp!, {r4, r5, r6, r7, r8, r9, sl, pc}
200074f8:	4650      	mov	r0, sl
200074fa:	f000 fc37 	bl	20007d6c <_realloc_r>
200074fe:	4606      	mov	r6, r0
20007500:	2800      	cmp	r0, #0
20007502:	d1e1      	bne.n	200074c8 <__ssputs_r+0x64>
20007504:	6921      	ldr	r1, [r4, #16]
20007506:	4650      	mov	r0, sl
20007508:	f000 fb38 	bl	20007b7c <_free_r>
2000750c:	230c      	movs	r3, #12
2000750e:	f8ca 3000 	str.w	r3, [sl]
20007512:	89a3      	ldrh	r3, [r4, #12]
20007514:	f043 0340 	orr.w	r3, r3, #64	@ 0x40
20007518:	81a3      	strh	r3, [r4, #12]
2000751a:	f04f 30ff 	mov.w	r0, #4294967295	@ 0xffffffff
2000751e:	e7e9      	b.n	200074f4 <__ssputs_r+0x90>
20007520:	463e      	mov	r6, r7
20007522:	e7db      	b.n	200074dc <__ssputs_r+0x78>

20007524 <__ssprint_r>:
20007524:	6893      	ldr	r3, [r2, #8]
20007526:	e92d 4ff7 	stmdb	sp!, {r0, r1, r2, r4, r5, r6, r7, r8, r9, sl, fp, lr}
2000752a:	4680      	mov	r8, r0
2000752c:	460c      	mov	r4, r1
2000752e:	4617      	mov	r7, r2
20007530:	2b00      	cmp	r3, #0
20007532:	d053      	beq.n	200075dc <__ssprint_r+0xb8>
20007534:	f8d2 a000 	ldr.w	sl, [r2]
20007538:	f8da b004 	ldr.w	fp, [sl, #4]
2000753c:	f8da 3000 	ldr.w	r3, [sl]
20007540:	9301      	str	r3, [sp, #4]
20007542:	f10a 0a08 	add.w	sl, sl, #8
20007546:	f1bb 0f00 	cmp.w	fp, #0
2000754a:	d0f5      	beq.n	20007538 <__ssprint_r+0x14>
2000754c:	68a6      	ldr	r6, [r4, #8]
2000754e:	45b3      	cmp	fp, r6
20007550:	4635      	mov	r5, r6
20007552:	d35f      	bcc.n	20007614 <__ssprint_r+0xf0>
20007554:	f9b4 000c 	ldrsh.w	r0, [r4, #12]
20007558:	f410 6f90 	tst.w	r0, #1152	@ 0x480
2000755c:	d02d      	beq.n	200075ba <__ssprint_r+0x96>
2000755e:	6822      	ldr	r2, [r4, #0]
20007560:	6921      	ldr	r1, [r4, #16]
20007562:	6965      	ldr	r5, [r4, #20]
20007564:	eba2 0901 	sub.w	r9, r2, r1
20007568:	eb05 0545 	add.w	r5, r5, r5, lsl #1
2000756c:	eb05 75d5 	add.w	r5, r5, r5, lsr #31
20007570:	f109 0601 	add.w	r6, r9, #1
20007574:	106d      	asrs	r5, r5, #1
20007576:	445e      	add	r6, fp
20007578:	42ae      	cmp	r6, r5
2000757a:	462a      	mov	r2, r5
2000757c:	bf84      	itt	hi
2000757e:	4635      	movhi	r5, r6
20007580:	462a      	movhi	r2, r5
20007582:	0543      	lsls	r3, r0, #21
20007584:	d530      	bpl.n	200075e8 <__ssprint_r+0xc4>
20007586:	4611      	mov	r1, r2
20007588:	4640      	mov	r0, r8
2000758a:	f000 fb63 	bl	20007c54 <_malloc_r>
2000758e:	4606      	mov	r6, r0
20007590:	2800      	cmp	r0, #0
20007592:	d033      	beq.n	200075fc <__ssprint_r+0xd8>
20007594:	464a      	mov	r2, r9
20007596:	6921      	ldr	r1, [r4, #16]
20007598:	f000 fae1 	bl	20007b5e <memcpy>
2000759c:	89a2      	ldrh	r2, [r4, #12]
2000759e:	f422 6290 	bic.w	r2, r2, #1152	@ 0x480
200075a2:	f042 0280 	orr.w	r2, r2, #128	@ 0x80
200075a6:	81a2      	strh	r2, [r4, #12]
200075a8:	6126      	str	r6, [r4, #16]
200075aa:	6165      	str	r5, [r4, #20]
200075ac:	444e      	add	r6, r9
200075ae:	eba5 0509 	sub.w	r5, r5, r9
200075b2:	6026      	str	r6, [r4, #0]
200075b4:	60a5      	str	r5, [r4, #8]
200075b6:	465e      	mov	r6, fp
200075b8:	465d      	mov	r5, fp
200075ba:	462a      	mov	r2, r5
200075bc:	9901      	ldr	r1, [sp, #4]
200075be:	6820      	ldr	r0, [r4, #0]
200075c0:	f000 fab4 	bl	20007b2c <memmove>
200075c4:	68a2      	ldr	r2, [r4, #8]
200075c6:	1b92      	subs	r2, r2, r6
200075c8:	60a2      	str	r2, [r4, #8]
200075ca:	6822      	ldr	r2, [r4, #0]
200075cc:	442a      	add	r2, r5
200075ce:	6022      	str	r2, [r4, #0]
200075d0:	68ba      	ldr	r2, [r7, #8]
200075d2:	eba2 030b 	sub.w	r3, r2, fp
200075d6:	60bb      	str	r3, [r7, #8]
200075d8:	2b00      	cmp	r3, #0
200075da:	d1ad      	bne.n	20007538 <__ssprint_r+0x14>
200075dc:	2000      	movs	r0, #0
200075de:	2300      	movs	r3, #0
200075e0:	607b      	str	r3, [r7, #4]
200075e2:	b003      	add	sp, #12
200075e4:	e8bd 8ff0 	ldmia.w	sp!, {r4, r5, r6, r7, r8, r9, sl, fp, pc}
200075e8:	4640      	mov	r0, r8
200075ea:	f000 fbbf 	bl	20007d6c <_realloc_r>
200075ee:	4606      	mov	r6, r0
200075f0:	2800      	cmp	r0, #0
200075f2:	d1d9      	bne.n	200075a8 <__ssprint_r+0x84>
200075f4:	6921      	ldr	r1, [r4, #16]
200075f6:	4640      	mov	r0, r8
200075f8:	f000 fac0 	bl	20007b7c <_free_r>
200075fc:	230c      	movs	r3, #12
200075fe:	f8c8 3000 	str.w	r3, [r8]
20007602:	89a3      	ldrh	r3, [r4, #12]
20007604:	f043 0340 	orr.w	r3, r3, #64	@ 0x40
20007608:	81a3      	strh	r3, [r4, #12]
2000760a:	2300      	movs	r3, #0
2000760c:	60bb      	str	r3, [r7, #8]
2000760e:	f04f 30ff 	mov.w	r0, #4294967295	@ 0xffffffff
20007612:	e7e4      	b.n	200075de <__ssprint_r+0xba>
20007614:	465e      	mov	r6, fp
20007616:	e7cf      	b.n	200075b8 <__ssprint_r+0x94>

20007618 <_svfiprintf_r>:
20007618:	e92d 4ff0 	stmdb	sp!, {r4, r5, r6, r7, r8, r9, sl, fp, lr}
2000761c:	4698      	mov	r8, r3
2000761e:	898b      	ldrh	r3, [r1, #12]
20007620:	061b      	lsls	r3, r3, #24
20007622:	b09d      	sub	sp, #116	@ 0x74
20007624:	4607      	mov	r7, r0
20007626:	460d      	mov	r5, r1
20007628:	4614      	mov	r4, r2
2000762a:	d510      	bpl.n	2000764e <_svfiprintf_r+0x36>
2000762c:	690b      	ldr	r3, [r1, #16]
2000762e:	b973      	cbnz	r3, 2000764e <_svfiprintf_r+0x36>
20007630:	2140      	movs	r1, #64	@ 0x40
20007632:	f000 fb0f 	bl	20007c54 <_malloc_r>
20007636:	6028      	str	r0, [r5, #0]
20007638:	6128      	str	r0, [r5, #16]
2000763a:	b930      	cbnz	r0, 2000764a <_svfiprintf_r+0x32>
2000763c:	230c      	movs	r3, #12
2000763e:	603b      	str	r3, [r7, #0]
20007640:	f04f 30ff 	mov.w	r0, #4294967295	@ 0xffffffff
20007644:	b01d      	add	sp, #116	@ 0x74
20007646:	e8bd 8ff0 	ldmia.w	sp!, {r4, r5, r6, r7, r8, r9, sl, fp, pc}
2000764a:	2340      	movs	r3, #64	@ 0x40
2000764c:	616b      	str	r3, [r5, #20]
2000764e:	2300      	movs	r3, #0
20007650:	9309      	str	r3, [sp, #36]	@ 0x24
20007652:	2320      	movs	r3, #32
20007654:	f88d 3029 	strb.w	r3, [sp, #41]	@ 0x29
20007658:	f8cd 800c 	str.w	r8, [sp, #12]
2000765c:	2330      	movs	r3, #48	@ 0x30
2000765e:	f8df 819c 	ldr.w	r8, [pc, #412]	@ 200077fc <_svfiprintf_r+0x1e4>
20007662:	f88d 302a 	strb.w	r3, [sp, #42]	@ 0x2a
20007666:	f04f 0901 	mov.w	r9, #1
2000766a:	4623      	mov	r3, r4
2000766c:	469a      	mov	sl, r3
2000766e:	f813 2b01 	ldrb.w	r2, [r3], #1
20007672:	b10a      	cbz	r2, 20007678 <_svfiprintf_r+0x60>
20007674:	2a25      	cmp	r2, #37	@ 0x25
20007676:	d1f9      	bne.n	2000766c <_svfiprintf_r+0x54>
20007678:	ebba 0b04 	subs.w	fp, sl, r4
2000767c:	d00b      	beq.n	20007696 <_svfiprintf_r+0x7e>
2000767e:	465b      	mov	r3, fp
20007680:	4622      	mov	r2, r4
20007682:	4629      	mov	r1, r5
20007684:	4638      	mov	r0, r7
20007686:	f7ff feed 	bl	20007464 <__ssputs_r>
2000768a:	3001      	adds	r0, #1
2000768c:	f000 80a7 	beq.w	200077de <_svfiprintf_r+0x1c6>
20007690:	9a09      	ldr	r2, [sp, #36]	@ 0x24
20007692:	445a      	add	r2, fp
20007694:	9209      	str	r2, [sp, #36]	@ 0x24
20007696:	f89a 3000 	ldrb.w	r3, [sl]
2000769a:	2b00      	cmp	r3, #0
2000769c:	f000 809f 	beq.w	200077de <_svfiprintf_r+0x1c6>
200076a0:	2300      	movs	r3, #0
200076a2:	f04f 32ff 	mov.w	r2, #4294967295	@ 0xffffffff
200076a6:	e9cd 2305 	strd	r2, r3, [sp, #20]
200076aa:	f10a 0a01 	add.w	sl, sl, #1
200076ae:	9304      	str	r3, [sp, #16]
200076b0:	9307      	str	r3, [sp, #28]
200076b2:	f88d 3053 	strb.w	r3, [sp, #83]	@ 0x53
200076b6:	931a      	str	r3, [sp, #104]	@ 0x68
200076b8:	4654      	mov	r4, sl
200076ba:	2205      	movs	r2, #5
200076bc:	f814 1b01 	ldrb.w	r1, [r4], #1
200076c0:	484e      	ldr	r0, [pc, #312]	@ (200077fc <_svfiprintf_r+0x1e4>)
200076c2:	f7ff fda5 	bl	20007210 <memchr>
200076c6:	9a04      	ldr	r2, [sp, #16]
200076c8:	b9d8      	cbnz	r0, 20007702 <_svfiprintf_r+0xea>
200076ca:	06d0      	lsls	r0, r2, #27
200076cc:	bf44      	itt	mi
200076ce:	2320      	movmi	r3, #32
200076d0:	f88d 3053 	strbmi.w	r3, [sp, #83]	@ 0x53
200076d4:	0711      	lsls	r1, r2, #28
200076d6:	bf44      	itt	mi
200076d8:	232b      	movmi	r3, #43	@ 0x2b
200076da:	f88d 3053 	strbmi.w	r3, [sp, #83]	@ 0x53
200076de:	f89a 3000 	ldrb.w	r3, [sl]
200076e2:	2b2a      	cmp	r3, #42	@ 0x2a
200076e4:	d015      	beq.n	20007712 <_svfiprintf_r+0xfa>
200076e6:	9a07      	ldr	r2, [sp, #28]
200076e8:	4654      	mov	r4, sl
200076ea:	2000      	movs	r0, #0
200076ec:	f04f 0c0a 	mov.w	ip, #10
200076f0:	4621      	mov	r1, r4
200076f2:	f811 3b01 	ldrb.w	r3, [r1], #1
200076f6:	3b30      	subs	r3, #48	@ 0x30
200076f8:	2b09      	cmp	r3, #9
200076fa:	d94b      	bls.n	20007794 <_svfiprintf_r+0x17c>
200076fc:	b1b0      	cbz	r0, 2000772c <_svfiprintf_r+0x114>
200076fe:	9207      	str	r2, [sp, #28]
20007700:	e014      	b.n	2000772c <_svfiprintf_r+0x114>
20007702:	eba0 0308 	sub.w	r3, r0, r8
20007706:	fa09 f303 	lsl.w	r3, r9, r3
2000770a:	4313      	orrs	r3, r2
2000770c:	9304      	str	r3, [sp, #16]
2000770e:	46a2      	mov	sl, r4
20007710:	e7d2      	b.n	200076b8 <_svfiprintf_r+0xa0>
20007712:	9b03      	ldr	r3, [sp, #12]
20007714:	1d19      	adds	r1, r3, #4
20007716:	681b      	ldr	r3, [r3, #0]
20007718:	9103      	str	r1, [sp, #12]
2000771a:	2b00      	cmp	r3, #0
2000771c:	bfbb      	ittet	lt
2000771e:	425b      	neglt	r3, r3
20007720:	f042 0202 	orrlt.w	r2, r2, #2
20007724:	9307      	strge	r3, [sp, #28]
20007726:	9307      	strlt	r3, [sp, #28]
20007728:	bfb8      	it	lt
2000772a:	9204      	strlt	r2, [sp, #16]
2000772c:	7823      	ldrb	r3, [r4, #0]
2000772e:	2b2e      	cmp	r3, #46	@ 0x2e
20007730:	d10a      	bne.n	20007748 <_svfiprintf_r+0x130>
20007732:	7863      	ldrb	r3, [r4, #1]
20007734:	2b2a      	cmp	r3, #42	@ 0x2a
20007736:	d132      	bne.n	2000779e <_svfiprintf_r+0x186>
20007738:	9b03      	ldr	r3, [sp, #12]
2000773a:	1d1a      	adds	r2, r3, #4
2000773c:	681b      	ldr	r3, [r3, #0]
2000773e:	9203      	str	r2, [sp, #12]
20007740:	ea43 73e3 	orr.w	r3, r3, r3, asr #31
20007744:	3402      	adds	r4, #2
20007746:	9305      	str	r3, [sp, #20]
20007748:	f8df a0c0 	ldr.w	sl, [pc, #192]	@ 2000780c <_svfiprintf_r+0x1f4>
2000774c:	7821      	ldrb	r1, [r4, #0]
2000774e:	2203      	movs	r2, #3
20007750:	4650      	mov	r0, sl
20007752:	f7ff fd5d 	bl	20007210 <memchr>
20007756:	b138      	cbz	r0, 20007768 <_svfiprintf_r+0x150>
20007758:	9b04      	ldr	r3, [sp, #16]
2000775a:	eba0 000a 	sub.w	r0, r0, sl
2000775e:	2240      	movs	r2, #64	@ 0x40
20007760:	4082      	lsls	r2, r0
20007762:	4313      	orrs	r3, r2
20007764:	3401      	adds	r4, #1
20007766:	9304      	str	r3, [sp, #16]
20007768:	f814 1b01 	ldrb.w	r1, [r4], #1
2000776c:	4824      	ldr	r0, [pc, #144]	@ (20007800 <_svfiprintf_r+0x1e8>)
2000776e:	f88d 1028 	strb.w	r1, [sp, #40]	@ 0x28
20007772:	2206      	movs	r2, #6
20007774:	f7ff fd4c 	bl	20007210 <memchr>
20007778:	2800      	cmp	r0, #0
2000777a:	d036      	beq.n	200077ea <_svfiprintf_r+0x1d2>
2000777c:	4b21      	ldr	r3, [pc, #132]	@ (20007804 <_svfiprintf_r+0x1ec>)
2000777e:	bb1b      	cbnz	r3, 200077c8 <_svfiprintf_r+0x1b0>
20007780:	9b03      	ldr	r3, [sp, #12]
20007782:	3307      	adds	r3, #7
20007784:	f023 0307 	bic.w	r3, r3, #7
20007788:	3308      	adds	r3, #8
2000778a:	9303      	str	r3, [sp, #12]
2000778c:	9b09      	ldr	r3, [sp, #36]	@ 0x24
2000778e:	4433      	add	r3, r6
20007790:	9309      	str	r3, [sp, #36]	@ 0x24
20007792:	e76a      	b.n	2000766a <_svfiprintf_r+0x52>
20007794:	fb0c 3202 	mla	r2, ip, r2, r3
20007798:	460c      	mov	r4, r1
2000779a:	2001      	movs	r0, #1
2000779c:	e7a8      	b.n	200076f0 <_svfiprintf_r+0xd8>
2000779e:	2300      	movs	r3, #0
200077a0:	3401      	adds	r4, #1
200077a2:	9305      	str	r3, [sp, #20]
200077a4:	4619      	mov	r1, r3
200077a6:	f04f 0c0a 	mov.w	ip, #10
200077aa:	4620      	mov	r0, r4
200077ac:	f810 2b01 	ldrb.w	r2, [r0], #1
200077b0:	3a30      	subs	r2, #48	@ 0x30
200077b2:	2a09      	cmp	r2, #9
200077b4:	d903      	bls.n	200077be <_svfiprintf_r+0x1a6>
200077b6:	2b00      	cmp	r3, #0
200077b8:	d0c6      	beq.n	20007748 <_svfiprintf_r+0x130>
200077ba:	9105      	str	r1, [sp, #20]
200077bc:	e7c4      	b.n	20007748 <_svfiprintf_r+0x130>
200077be:	fb0c 2101 	mla	r1, ip, r1, r2
200077c2:	4604      	mov	r4, r0
200077c4:	2301      	movs	r3, #1
200077c6:	e7f0      	b.n	200077aa <_svfiprintf_r+0x192>
200077c8:	ab03      	add	r3, sp, #12
200077ca:	9300      	str	r3, [sp, #0]
200077cc:	462a      	mov	r2, r5
200077ce:	4b0e      	ldr	r3, [pc, #56]	@ (20007808 <_svfiprintf_r+0x1f0>)
200077d0:	a904      	add	r1, sp, #16
200077d2:	4638      	mov	r0, r7
200077d4:	f3af 8000 	nop.w
200077d8:	1c42      	adds	r2, r0, #1
200077da:	4606      	mov	r6, r0
200077dc:	d1d6      	bne.n	2000778c <_svfiprintf_r+0x174>
200077de:	89ab      	ldrh	r3, [r5, #12]
200077e0:	065b      	lsls	r3, r3, #25
200077e2:	f53f af2d 	bmi.w	20007640 <_svfiprintf_r+0x28>
200077e6:	9809      	ldr	r0, [sp, #36]	@ 0x24
200077e8:	e72c      	b.n	20007644 <_svfiprintf_r+0x2c>
200077ea:	ab03      	add	r3, sp, #12
200077ec:	9300      	str	r3, [sp, #0]
200077ee:	462a      	mov	r2, r5
200077f0:	4b05      	ldr	r3, [pc, #20]	@ (20007808 <_svfiprintf_r+0x1f0>)
200077f2:	a904      	add	r1, sp, #16
200077f4:	4638      	mov	r0, r7
200077f6:	f000 f879 	bl	200078ec <_printf_i>
200077fa:	e7ed      	b.n	200077d8 <_svfiprintf_r+0x1c0>
200077fc:	20008235 	.word	0x20008235
20007800:	2000823f 	.word	0x2000823f
20007804:	00000000 	.word	0x00000000
20007808:	20007465 	.word	0x20007465
2000780c:	2000823b 	.word	0x2000823b

20007810 <_printf_common>:
20007810:	e92d 47f0 	stmdb	sp!, {r4, r5, r6, r7, r8, r9, sl, lr}
20007814:	4616      	mov	r6, r2
20007816:	4698      	mov	r8, r3
20007818:	688a      	ldr	r2, [r1, #8]
2000781a:	690b      	ldr	r3, [r1, #16]
2000781c:	f8dd 9020 	ldr.w	r9, [sp, #32]
20007820:	4293      	cmp	r3, r2
20007822:	bfb8      	it	lt
20007824:	4613      	movlt	r3, r2
20007826:	6033      	str	r3, [r6, #0]
20007828:	f891 2043 	ldrb.w	r2, [r1, #67]	@ 0x43
2000782c:	4607      	mov	r7, r0
2000782e:	460c      	mov	r4, r1
20007830:	b10a      	cbz	r2, 20007836 <_printf_common+0x26>
20007832:	3301      	adds	r3, #1
20007834:	6033      	str	r3, [r6, #0]
20007836:	6823      	ldr	r3, [r4, #0]
20007838:	0699      	lsls	r1, r3, #26
2000783a:	bf42      	ittt	mi
2000783c:	6833      	ldrmi	r3, [r6, #0]
2000783e:	3302      	addmi	r3, #2
20007840:	6033      	strmi	r3, [r6, #0]
20007842:	6825      	ldr	r5, [r4, #0]
20007844:	f015 0506 	ands.w	r5, r5, #6
20007848:	d106      	bne.n	20007858 <_printf_common+0x48>
2000784a:	f104 0a19 	add.w	sl, r4, #25
2000784e:	68e3      	ldr	r3, [r4, #12]
20007850:	6832      	ldr	r2, [r6, #0]
20007852:	1a9b      	subs	r3, r3, r2
20007854:	42ab      	cmp	r3, r5
20007856:	dc26      	bgt.n	200078a6 <_printf_common+0x96>
20007858:	f894 3043 	ldrb.w	r3, [r4, #67]	@ 0x43
2000785c:	6822      	ldr	r2, [r4, #0]
2000785e:	3b00      	subs	r3, #0
20007860:	bf18      	it	ne
20007862:	2301      	movne	r3, #1
20007864:	0692      	lsls	r2, r2, #26
20007866:	d42b      	bmi.n	200078c0 <_printf_common+0xb0>
20007868:	f104 0243 	add.w	r2, r4, #67	@ 0x43
2000786c:	4641      	mov	r1, r8
2000786e:	4638      	mov	r0, r7
20007870:	47c8      	blx	r9
20007872:	3001      	adds	r0, #1
20007874:	d01e      	beq.n	200078b4 <_printf_common+0xa4>
20007876:	6823      	ldr	r3, [r4, #0]
20007878:	6922      	ldr	r2, [r4, #16]
2000787a:	f003 0306 	and.w	r3, r3, #6
2000787e:	2b04      	cmp	r3, #4
20007880:	bf02      	ittt	eq
20007882:	68e5      	ldreq	r5, [r4, #12]
20007884:	6833      	ldreq	r3, [r6, #0]
20007886:	1aed      	subeq	r5, r5, r3
20007888:	68a3      	ldr	r3, [r4, #8]
2000788a:	bf0c      	ite	eq
2000788c:	ea25 75e5 	biceq.w	r5, r5, r5, asr #31
20007890:	2500      	movne	r5, #0
20007892:	4293      	cmp	r3, r2
20007894:	bfc4      	itt	gt
20007896:	1a9b      	subgt	r3, r3, r2
20007898:	18ed      	addgt	r5, r5, r3
2000789a:	2600      	movs	r6, #0
2000789c:	341a      	adds	r4, #26
2000789e:	42b5      	cmp	r5, r6
200078a0:	d11a      	bne.n	200078d8 <_printf_common+0xc8>
200078a2:	2000      	movs	r0, #0
200078a4:	e008      	b.n	200078b8 <_printf_common+0xa8>
200078a6:	2301      	movs	r3, #1
200078a8:	4652      	mov	r2, sl
200078aa:	4641      	mov	r1, r8
200078ac:	4638      	mov	r0, r7
200078ae:	47c8      	blx	r9
200078b0:	3001      	adds	r0, #1
200078b2:	d103      	bne.n	200078bc <_printf_common+0xac>
200078b4:	f04f 30ff 	mov.w	r0, #4294967295	@ 0xffffffff
200078b8:	e8bd 87f0 	ldmia.w	sp!, {r4, r5, r6, r7, r8, r9, sl, pc}
200078bc:	3501      	adds	r5, #1
200078be:	e7c6      	b.n	2000784e <_printf_common+0x3e>
200078c0:	18e1      	adds	r1, r4, r3
200078c2:	1c5a      	adds	r2, r3, #1
200078c4:	2030      	movs	r0, #48	@ 0x30
200078c6:	f881 0043 	strb.w	r0, [r1, #67]	@ 0x43
200078ca:	4422      	add	r2, r4
200078cc:	f894 1045 	ldrb.w	r1, [r4, #69]	@ 0x45
200078d0:	f882 1043 	strb.w	r1, [r2, #67]	@ 0x43
200078d4:	3302      	adds	r3, #2
200078d6:	e7c7      	b.n	20007868 <_printf_common+0x58>
200078d8:	2301      	movs	r3, #1
200078da:	4622      	mov	r2, r4
200078dc:	4641      	mov	r1, r8
200078de:	4638      	mov	r0, r7
200078e0:	47c8      	blx	r9
200078e2:	3001      	adds	r0, #1
200078e4:	d0e6      	beq.n	200078b4 <_printf_common+0xa4>
200078e6:	3601      	adds	r6, #1
200078e8:	e7d9      	b.n	2000789e <_printf_common+0x8e>
	...

200078ec <_printf_i>:
200078ec:	e92d 47ff 	stmdb	sp!, {r0, r1, r2, r3, r4, r5, r6, r7, r8, r9, sl, lr}
200078f0:	7e0f      	ldrb	r7, [r1, #24]
200078f2:	9e0c      	ldr	r6, [sp, #48]	@ 0x30
200078f4:	2f78      	cmp	r7, #120	@ 0x78
200078f6:	4691      	mov	r9, r2
200078f8:	4680      	mov	r8, r0
200078fa:	460c      	mov	r4, r1
200078fc:	469a      	mov	sl, r3
200078fe:	f101 0243 	add.w	r2, r1, #67	@ 0x43
20007902:	d807      	bhi.n	20007914 <_printf_i+0x28>
20007904:	2f62      	cmp	r7, #98	@ 0x62
20007906:	d80a      	bhi.n	2000791e <_printf_i+0x32>
20007908:	2f00      	cmp	r7, #0
2000790a:	f000 80d2 	beq.w	20007ab2 <_printf_i+0x1c6>
2000790e:	2f58      	cmp	r7, #88	@ 0x58
20007910:	f000 80b7 	beq.w	20007a82 <_printf_i+0x196>
20007914:	f104 0642 	add.w	r6, r4, #66	@ 0x42
20007918:	f884 7042 	strb.w	r7, [r4, #66]	@ 0x42
2000791c:	e03a      	b.n	20007994 <_printf_i+0xa8>
2000791e:	f1a7 0363 	sub.w	r3, r7, #99	@ 0x63
20007922:	2b15      	cmp	r3, #21
20007924:	d8f6      	bhi.n	20007914 <_printf_i+0x28>
20007926:	a101      	add	r1, pc, #4	@ (adr r1, 2000792c <_printf_i+0x40>)
20007928:	f851 f023 	ldr.w	pc, [r1, r3, lsl #2]
2000792c:	20007985 	.word	0x20007985
20007930:	20007999 	.word	0x20007999
20007934:	20007915 	.word	0x20007915
20007938:	20007915 	.word	0x20007915
2000793c:	20007915 	.word	0x20007915
20007940:	20007915 	.word	0x20007915
20007944:	20007999 	.word	0x20007999
20007948:	20007915 	.word	0x20007915
2000794c:	20007915 	.word	0x20007915
20007950:	20007915 	.word	0x20007915
20007954:	20007915 	.word	0x20007915
20007958:	20007a99 	.word	0x20007a99
2000795c:	200079c3 	.word	0x200079c3
20007960:	20007a4f 	.word	0x20007a4f
20007964:	20007915 	.word	0x20007915
20007968:	20007915 	.word	0x20007915
2000796c:	20007abb 	.word	0x20007abb
20007970:	20007915 	.word	0x20007915
20007974:	200079c3 	.word	0x200079c3
20007978:	20007915 	.word	0x20007915
2000797c:	20007915 	.word	0x20007915
20007980:	20007a57 	.word	0x20007a57
20007984:	6833      	ldr	r3, [r6, #0]
20007986:	1d1a      	adds	r2, r3, #4
20007988:	681b      	ldr	r3, [r3, #0]
2000798a:	6032      	str	r2, [r6, #0]
2000798c:	f104 0642 	add.w	r6, r4, #66	@ 0x42
20007990:	f884 3042 	strb.w	r3, [r4, #66]	@ 0x42
20007994:	2301      	movs	r3, #1
20007996:	e09d      	b.n	20007ad4 <_printf_i+0x1e8>
20007998:	6833      	ldr	r3, [r6, #0]
2000799a:	6820      	ldr	r0, [r4, #0]
2000799c:	1d19      	adds	r1, r3, #4
2000799e:	6031      	str	r1, [r6, #0]
200079a0:	0606      	lsls	r6, r0, #24
200079a2:	d501      	bpl.n	200079a8 <_printf_i+0xbc>
200079a4:	681d      	ldr	r5, [r3, #0]
200079a6:	e003      	b.n	200079b0 <_printf_i+0xc4>
200079a8:	0645      	lsls	r5, r0, #25
200079aa:	d5fb      	bpl.n	200079a4 <_printf_i+0xb8>
200079ac:	f9b3 5000 	ldrsh.w	r5, [r3]
200079b0:	2d00      	cmp	r5, #0
200079b2:	da03      	bge.n	200079bc <_printf_i+0xd0>
200079b4:	232d      	movs	r3, #45	@ 0x2d
200079b6:	426d      	negs	r5, r5
200079b8:	f884 3043 	strb.w	r3, [r4, #67]	@ 0x43
200079bc:	4859      	ldr	r0, [pc, #356]	@ (20007b24 <_printf_i+0x238>)
200079be:	230a      	movs	r3, #10
200079c0:	e010      	b.n	200079e4 <_printf_i+0xf8>
200079c2:	6821      	ldr	r1, [r4, #0]
200079c4:	6833      	ldr	r3, [r6, #0]
200079c6:	0608      	lsls	r0, r1, #24
200079c8:	f853 5b04 	ldr.w	r5, [r3], #4
200079cc:	d402      	bmi.n	200079d4 <_printf_i+0xe8>
200079ce:	0649      	lsls	r1, r1, #25
200079d0:	bf48      	it	mi
200079d2:	b2ad      	uxthmi	r5, r5
200079d4:	2f6f      	cmp	r7, #111	@ 0x6f
200079d6:	4853      	ldr	r0, [pc, #332]	@ (20007b24 <_printf_i+0x238>)
200079d8:	6033      	str	r3, [r6, #0]
200079da:	d159      	bne.n	20007a90 <_printf_i+0x1a4>
200079dc:	2308      	movs	r3, #8
200079de:	2100      	movs	r1, #0
200079e0:	f884 1043 	strb.w	r1, [r4, #67]	@ 0x43
200079e4:	6866      	ldr	r6, [r4, #4]
200079e6:	60a6      	str	r6, [r4, #8]
200079e8:	2e00      	cmp	r6, #0
200079ea:	db05      	blt.n	200079f8 <_printf_i+0x10c>
200079ec:	6821      	ldr	r1, [r4, #0]
200079ee:	432e      	orrs	r6, r5
200079f0:	f021 0104 	bic.w	r1, r1, #4
200079f4:	6021      	str	r1, [r4, #0]
200079f6:	d04d      	beq.n	20007a94 <_printf_i+0x1a8>
200079f8:	4616      	mov	r6, r2
200079fa:	fbb5 f1f3 	udiv	r1, r5, r3
200079fe:	fb03 5711 	mls	r7, r3, r1, r5
20007a02:	5dc7      	ldrb	r7, [r0, r7]
20007a04:	f806 7d01 	strb.w	r7, [r6, #-1]!
20007a08:	462f      	mov	r7, r5
20007a0a:	42bb      	cmp	r3, r7
20007a0c:	460d      	mov	r5, r1
20007a0e:	d9f4      	bls.n	200079fa <_printf_i+0x10e>
20007a10:	2b08      	cmp	r3, #8
20007a12:	d10b      	bne.n	20007a2c <_printf_i+0x140>
20007a14:	6823      	ldr	r3, [r4, #0]
20007a16:	07df      	lsls	r7, r3, #31
20007a18:	d508      	bpl.n	20007a2c <_printf_i+0x140>
20007a1a:	6923      	ldr	r3, [r4, #16]
20007a1c:	6861      	ldr	r1, [r4, #4]
20007a1e:	4299      	cmp	r1, r3
20007a20:	bfde      	ittt	le
20007a22:	2330      	movle	r3, #48	@ 0x30
20007a24:	f806 3c01 	strble.w	r3, [r6, #-1]
20007a28:	f106 36ff 	addle.w	r6, r6, #4294967295	@ 0xffffffff
20007a2c:	1b92      	subs	r2, r2, r6
20007a2e:	6122      	str	r2, [r4, #16]
20007a30:	f8cd a000 	str.w	sl, [sp]
20007a34:	464b      	mov	r3, r9
20007a36:	aa03      	add	r2, sp, #12
20007a38:	4621      	mov	r1, r4
20007a3a:	4640      	mov	r0, r8
20007a3c:	f7ff fee8 	bl	20007810 <_printf_common>
20007a40:	3001      	adds	r0, #1
20007a42:	d14c      	bne.n	20007ade <_printf_i+0x1f2>
20007a44:	f04f 30ff 	mov.w	r0, #4294967295	@ 0xffffffff
20007a48:	b004      	add	sp, #16
20007a4a:	e8bd 87f0 	ldmia.w	sp!, {r4, r5, r6, r7, r8, r9, sl, pc}
20007a4e:	6823      	ldr	r3, [r4, #0]
20007a50:	f043 0320 	orr.w	r3, r3, #32
20007a54:	6023      	str	r3, [r4, #0]
20007a56:	4834      	ldr	r0, [pc, #208]	@ (20007b28 <_printf_i+0x23c>)
20007a58:	2778      	movs	r7, #120	@ 0x78
20007a5a:	f884 7045 	strb.w	r7, [r4, #69]	@ 0x45
20007a5e:	6823      	ldr	r3, [r4, #0]
20007a60:	6831      	ldr	r1, [r6, #0]
20007a62:	061f      	lsls	r7, r3, #24
20007a64:	f851 5b04 	ldr.w	r5, [r1], #4
20007a68:	d402      	bmi.n	20007a70 <_printf_i+0x184>
20007a6a:	065f      	lsls	r7, r3, #25
20007a6c:	bf48      	it	mi
20007a6e:	b2ad      	uxthmi	r5, r5
20007a70:	6031      	str	r1, [r6, #0]
20007a72:	07d9      	lsls	r1, r3, #31
20007a74:	bf44      	itt	mi
20007a76:	f043 0320 	orrmi.w	r3, r3, #32
20007a7a:	6023      	strmi	r3, [r4, #0]
20007a7c:	b11d      	cbz	r5, 20007a86 <_printf_i+0x19a>
20007a7e:	2310      	movs	r3, #16
20007a80:	e7ad      	b.n	200079de <_printf_i+0xf2>
20007a82:	4828      	ldr	r0, [pc, #160]	@ (20007b24 <_printf_i+0x238>)
20007a84:	e7e9      	b.n	20007a5a <_printf_i+0x16e>
20007a86:	6823      	ldr	r3, [r4, #0]
20007a88:	f023 0320 	bic.w	r3, r3, #32
20007a8c:	6023      	str	r3, [r4, #0]
20007a8e:	e7f6      	b.n	20007a7e <_printf_i+0x192>
20007a90:	230a      	movs	r3, #10
20007a92:	e7a4      	b.n	200079de <_printf_i+0xf2>
20007a94:	4616      	mov	r6, r2
20007a96:	e7bb      	b.n	20007a10 <_printf_i+0x124>
20007a98:	6833      	ldr	r3, [r6, #0]
20007a9a:	6825      	ldr	r5, [r4, #0]
20007a9c:	6961      	ldr	r1, [r4, #20]
20007a9e:	1d18      	adds	r0, r3, #4
20007aa0:	6030      	str	r0, [r6, #0]
20007aa2:	062e      	lsls	r6, r5, #24
20007aa4:	681b      	ldr	r3, [r3, #0]
20007aa6:	d501      	bpl.n	20007aac <_printf_i+0x1c0>
20007aa8:	6019      	str	r1, [r3, #0]
20007aaa:	e002      	b.n	20007ab2 <_printf_i+0x1c6>
20007aac:	0668      	lsls	r0, r5, #25
20007aae:	d5fb      	bpl.n	20007aa8 <_printf_i+0x1bc>
20007ab0:	8019      	strh	r1, [r3, #0]
20007ab2:	2300      	movs	r3, #0
20007ab4:	6123      	str	r3, [r4, #16]
20007ab6:	4616      	mov	r6, r2
20007ab8:	e7ba      	b.n	20007a30 <_printf_i+0x144>
20007aba:	6833      	ldr	r3, [r6, #0]
20007abc:	1d1a      	adds	r2, r3, #4
20007abe:	6032      	str	r2, [r6, #0]
20007ac0:	681e      	ldr	r6, [r3, #0]
20007ac2:	6862      	ldr	r2, [r4, #4]
20007ac4:	2100      	movs	r1, #0
20007ac6:	4630      	mov	r0, r6
20007ac8:	f7ff fba2 	bl	20007210 <memchr>
20007acc:	b108      	cbz	r0, 20007ad2 <_printf_i+0x1e6>
20007ace:	1b80      	subs	r0, r0, r6
20007ad0:	6060      	str	r0, [r4, #4]
20007ad2:	6863      	ldr	r3, [r4, #4]
20007ad4:	6123      	str	r3, [r4, #16]
20007ad6:	2300      	movs	r3, #0
20007ad8:	f884 3043 	strb.w	r3, [r4, #67]	@ 0x43
20007adc:	e7a8      	b.n	20007a30 <_printf_i+0x144>
20007ade:	6923      	ldr	r3, [r4, #16]
20007ae0:	4632      	mov	r2, r6
20007ae2:	4649      	mov	r1, r9
20007ae4:	4640      	mov	r0, r8
20007ae6:	47d0      	blx	sl
20007ae8:	3001      	adds	r0, #1
20007aea:	d0ab      	beq.n	20007a44 <_printf_i+0x158>
20007aec:	6823      	ldr	r3, [r4, #0]
20007aee:	079b      	lsls	r3, r3, #30
20007af0:	d413      	bmi.n	20007b1a <_printf_i+0x22e>
20007af2:	68e0      	ldr	r0, [r4, #12]
20007af4:	9b03      	ldr	r3, [sp, #12]
20007af6:	4298      	cmp	r0, r3
20007af8:	bfb8      	it	lt
20007afa:	4618      	movlt	r0, r3
20007afc:	e7a4      	b.n	20007a48 <_printf_i+0x15c>
20007afe:	2301      	movs	r3, #1
20007b00:	4632      	mov	r2, r6
20007b02:	4649      	mov	r1, r9
20007b04:	4640      	mov	r0, r8
20007b06:	47d0      	blx	sl
20007b08:	3001      	adds	r0, #1
20007b0a:	d09b      	beq.n	20007a44 <_printf_i+0x158>
20007b0c:	3501      	adds	r5, #1
20007b0e:	68e3      	ldr	r3, [r4, #12]
20007b10:	9903      	ldr	r1, [sp, #12]
20007b12:	1a5b      	subs	r3, r3, r1
20007b14:	42ab      	cmp	r3, r5
20007b16:	dcf2      	bgt.n	20007afe <_printf_i+0x212>
20007b18:	e7eb      	b.n	20007af2 <_printf_i+0x206>
20007b1a:	2500      	movs	r5, #0
20007b1c:	f104 0619 	add.w	r6, r4, #25
20007b20:	e7f5      	b.n	20007b0e <_printf_i+0x222>
20007b22:	bf00      	nop
20007b24:	20008246 	.word	0x20008246
20007b28:	20008257 	.word	0x20008257

20007b2c <memmove>:
20007b2c:	4288      	cmp	r0, r1
20007b2e:	b510      	push	{r4, lr}
20007b30:	eb01 0402 	add.w	r4, r1, r2
20007b34:	d902      	bls.n	20007b3c <memmove+0x10>
20007b36:	4284      	cmp	r4, r0
20007b38:	4623      	mov	r3, r4
20007b3a:	d807      	bhi.n	20007b4c <memmove+0x20>
20007b3c:	1e43      	subs	r3, r0, #1
20007b3e:	42a1      	cmp	r1, r4
20007b40:	d007      	beq.n	20007b52 <memmove+0x26>
20007b42:	f811 2b01 	ldrb.w	r2, [r1], #1
20007b46:	f803 2f01 	strb.w	r2, [r3, #1]!
20007b4a:	e7f8      	b.n	20007b3e <memmove+0x12>
20007b4c:	4402      	add	r2, r0
20007b4e:	4282      	cmp	r2, r0
20007b50:	d100      	bne.n	20007b54 <memmove+0x28>
20007b52:	bd10      	pop	{r4, pc}
20007b54:	f813 1d01 	ldrb.w	r1, [r3, #-1]!
20007b58:	f802 1d01 	strb.w	r1, [r2, #-1]!
20007b5c:	e7f7      	b.n	20007b4e <memmove+0x22>

20007b5e <memcpy>:
20007b5e:	440a      	add	r2, r1
20007b60:	4291      	cmp	r1, r2
20007b62:	f100 33ff 	add.w	r3, r0, #4294967295	@ 0xffffffff
20007b66:	d100      	bne.n	20007b6a <memcpy+0xc>
20007b68:	4770      	bx	lr
20007b6a:	b510      	push	{r4, lr}
20007b6c:	f811 4b01 	ldrb.w	r4, [r1], #1
20007b70:	f803 4f01 	strb.w	r4, [r3, #1]!
20007b74:	4291      	cmp	r1, r2
20007b76:	d1f9      	bne.n	20007b6c <memcpy+0xe>
20007b78:	bd10      	pop	{r4, pc}
	...

20007b7c <_free_r>:
20007b7c:	b538      	push	{r3, r4, r5, lr}
20007b7e:	4605      	mov	r5, r0
20007b80:	2900      	cmp	r1, #0
20007b82:	d041      	beq.n	20007c08 <_free_r+0x8c>
20007b84:	f851 3c04 	ldr.w	r3, [r1, #-4]
20007b88:	1f0c      	subs	r4, r1, #4
20007b8a:	2b00      	cmp	r3, #0
20007b8c:	bfb8      	it	lt
20007b8e:	18e4      	addlt	r4, r4, r3
20007b90:	f000 f8e0 	bl	20007d54 <__malloc_lock>
20007b94:	4a1d      	ldr	r2, [pc, #116]	@ (20007c0c <_free_r+0x90>)
20007b96:	6813      	ldr	r3, [r2, #0]
20007b98:	b933      	cbnz	r3, 20007ba8 <_free_r+0x2c>
20007b9a:	6063      	str	r3, [r4, #4]
20007b9c:	6014      	str	r4, [r2, #0]
20007b9e:	4628      	mov	r0, r5
20007ba0:	e8bd 4038 	ldmia.w	sp!, {r3, r4, r5, lr}
20007ba4:	f000 b8dc 	b.w	20007d60 <__malloc_unlock>
20007ba8:	42a3      	cmp	r3, r4
20007baa:	d908      	bls.n	20007bbe <_free_r+0x42>
20007bac:	6820      	ldr	r0, [r4, #0]
20007bae:	1821      	adds	r1, r4, r0
20007bb0:	428b      	cmp	r3, r1
20007bb2:	bf01      	itttt	eq
20007bb4:	6819      	ldreq	r1, [r3, #0]
20007bb6:	685b      	ldreq	r3, [r3, #4]
20007bb8:	1809      	addeq	r1, r1, r0
20007bba:	6021      	streq	r1, [r4, #0]
20007bbc:	e7ed      	b.n	20007b9a <_free_r+0x1e>
20007bbe:	461a      	mov	r2, r3
20007bc0:	685b      	ldr	r3, [r3, #4]
20007bc2:	b10b      	cbz	r3, 20007bc8 <_free_r+0x4c>
20007bc4:	42a3      	cmp	r3, r4
20007bc6:	d9fa      	bls.n	20007bbe <_free_r+0x42>
20007bc8:	6811      	ldr	r1, [r2, #0]
20007bca:	1850      	adds	r0, r2, r1
20007bcc:	42a0      	cmp	r0, r4
20007bce:	d10b      	bne.n	20007be8 <_free_r+0x6c>
20007bd0:	6820      	ldr	r0, [r4, #0]
20007bd2:	4401      	add	r1, r0
20007bd4:	1850      	adds	r0, r2, r1
20007bd6:	4283      	cmp	r3, r0
20007bd8:	6011      	str	r1, [r2, #0]
20007bda:	d1e0      	bne.n	20007b9e <_free_r+0x22>
20007bdc:	6818      	ldr	r0, [r3, #0]
20007bde:	685b      	ldr	r3, [r3, #4]
20007be0:	6053      	str	r3, [r2, #4]
20007be2:	4408      	add	r0, r1
20007be4:	6010      	str	r0, [r2, #0]
20007be6:	e7da      	b.n	20007b9e <_free_r+0x22>
20007be8:	d902      	bls.n	20007bf0 <_free_r+0x74>
20007bea:	230c      	movs	r3, #12
20007bec:	602b      	str	r3, [r5, #0]
20007bee:	e7d6      	b.n	20007b9e <_free_r+0x22>
20007bf0:	6820      	ldr	r0, [r4, #0]
20007bf2:	1821      	adds	r1, r4, r0
20007bf4:	428b      	cmp	r3, r1
20007bf6:	bf04      	itt	eq
20007bf8:	6819      	ldreq	r1, [r3, #0]
20007bfa:	685b      	ldreq	r3, [r3, #4]
20007bfc:	6063      	str	r3, [r4, #4]
20007bfe:	bf04      	itt	eq
20007c00:	1809      	addeq	r1, r1, r0
20007c02:	6021      	streq	r1, [r4, #0]
20007c04:	6054      	str	r4, [r2, #4]
20007c06:	e7ca      	b.n	20007b9e <_free_r+0x22>
20007c08:	bd38      	pop	{r3, r4, r5, pc}
20007c0a:	bf00      	nop
20007c0c:	20012374 	.word	0x20012374

20007c10 <sbrk_aligned>:
20007c10:	b570      	push	{r4, r5, r6, lr}
20007c12:	4e0f      	ldr	r6, [pc, #60]	@ (20007c50 <sbrk_aligned+0x40>)
20007c14:	460c      	mov	r4, r1
20007c16:	6831      	ldr	r1, [r6, #0]
20007c18:	4605      	mov	r5, r0
20007c1a:	b911      	cbnz	r1, 20007c22 <sbrk_aligned+0x12>
20007c1c:	f000 f8d4 	bl	20007dc8 <_sbrk_r>
20007c20:	6030      	str	r0, [r6, #0]
20007c22:	4621      	mov	r1, r4
20007c24:	4628      	mov	r0, r5
20007c26:	f000 f8cf 	bl	20007dc8 <_sbrk_r>
20007c2a:	1c43      	adds	r3, r0, #1
20007c2c:	d103      	bne.n	20007c36 <sbrk_aligned+0x26>
20007c2e:	f04f 34ff 	mov.w	r4, #4294967295	@ 0xffffffff
20007c32:	4620      	mov	r0, r4
20007c34:	bd70      	pop	{r4, r5, r6, pc}
20007c36:	1cc4      	adds	r4, r0, #3
20007c38:	f024 0403 	bic.w	r4, r4, #3
20007c3c:	42a0      	cmp	r0, r4
20007c3e:	d0f8      	beq.n	20007c32 <sbrk_aligned+0x22>
20007c40:	1a21      	subs	r1, r4, r0
20007c42:	4628      	mov	r0, r5
20007c44:	f000 f8c0 	bl	20007dc8 <_sbrk_r>
20007c48:	3001      	adds	r0, #1
20007c4a:	d1f2      	bne.n	20007c32 <sbrk_aligned+0x22>
20007c4c:	e7ef      	b.n	20007c2e <sbrk_aligned+0x1e>
20007c4e:	bf00      	nop
20007c50:	20012370 	.word	0x20012370

20007c54 <_malloc_r>:
20007c54:	e92d 43f8 	stmdb	sp!, {r3, r4, r5, r6, r7, r8, r9, lr}
20007c58:	1ccd      	adds	r5, r1, #3
20007c5a:	f025 0503 	bic.w	r5, r5, #3
20007c5e:	3508      	adds	r5, #8
20007c60:	2d0c      	cmp	r5, #12
20007c62:	bf38      	it	cc
20007c64:	250c      	movcc	r5, #12
20007c66:	2d00      	cmp	r5, #0
20007c68:	4606      	mov	r6, r0
20007c6a:	db01      	blt.n	20007c70 <_malloc_r+0x1c>
20007c6c:	42a9      	cmp	r1, r5
20007c6e:	d904      	bls.n	20007c7a <_malloc_r+0x26>
20007c70:	230c      	movs	r3, #12
20007c72:	6033      	str	r3, [r6, #0]
20007c74:	2000      	movs	r0, #0
20007c76:	e8bd 83f8 	ldmia.w	sp!, {r3, r4, r5, r6, r7, r8, r9, pc}
20007c7a:	f8df 80d4 	ldr.w	r8, [pc, #212]	@ 20007d50 <_malloc_r+0xfc>
20007c7e:	f000 f869 	bl	20007d54 <__malloc_lock>
20007c82:	f8d8 3000 	ldr.w	r3, [r8]
20007c86:	461c      	mov	r4, r3
20007c88:	bb44      	cbnz	r4, 20007cdc <_malloc_r+0x88>
20007c8a:	4629      	mov	r1, r5
20007c8c:	4630      	mov	r0, r6
20007c8e:	f7ff ffbf 	bl	20007c10 <sbrk_aligned>
20007c92:	1c43      	adds	r3, r0, #1
20007c94:	4604      	mov	r4, r0
20007c96:	d158      	bne.n	20007d4a <_malloc_r+0xf6>
20007c98:	f8d8 4000 	ldr.w	r4, [r8]
20007c9c:	4627      	mov	r7, r4
20007c9e:	2f00      	cmp	r7, #0
20007ca0:	d143      	bne.n	20007d2a <_malloc_r+0xd6>
20007ca2:	2c00      	cmp	r4, #0
20007ca4:	d04b      	beq.n	20007d3e <_malloc_r+0xea>
20007ca6:	6823      	ldr	r3, [r4, #0]
20007ca8:	4639      	mov	r1, r7
20007caa:	4630      	mov	r0, r6
20007cac:	eb04 0903 	add.w	r9, r4, r3
20007cb0:	f000 f88a 	bl	20007dc8 <_sbrk_r>
20007cb4:	4581      	cmp	r9, r0
20007cb6:	d142      	bne.n	20007d3e <_malloc_r+0xea>
20007cb8:	6821      	ldr	r1, [r4, #0]
20007cba:	1a6d      	subs	r5, r5, r1
20007cbc:	4629      	mov	r1, r5
20007cbe:	4630      	mov	r0, r6
20007cc0:	f7ff ffa6 	bl	20007c10 <sbrk_aligned>
20007cc4:	3001      	adds	r0, #1
20007cc6:	d03a      	beq.n	20007d3e <_malloc_r+0xea>
20007cc8:	6823      	ldr	r3, [r4, #0]
20007cca:	442b      	add	r3, r5
20007ccc:	6023      	str	r3, [r4, #0]
20007cce:	f8d8 3000 	ldr.w	r3, [r8]
20007cd2:	685a      	ldr	r2, [r3, #4]
20007cd4:	bb62      	cbnz	r2, 20007d30 <_malloc_r+0xdc>
20007cd6:	f8c8 7000 	str.w	r7, [r8]
20007cda:	e00f      	b.n	20007cfc <_malloc_r+0xa8>
20007cdc:	6822      	ldr	r2, [r4, #0]
20007cde:	1b52      	subs	r2, r2, r5
20007ce0:	d420      	bmi.n	20007d24 <_malloc_r+0xd0>
20007ce2:	2a0b      	cmp	r2, #11
20007ce4:	d917      	bls.n	20007d16 <_malloc_r+0xc2>
20007ce6:	1961      	adds	r1, r4, r5
20007ce8:	42a3      	cmp	r3, r4
20007cea:	6025      	str	r5, [r4, #0]
20007cec:	bf18      	it	ne
20007cee:	6059      	strne	r1, [r3, #4]
20007cf0:	6863      	ldr	r3, [r4, #4]
20007cf2:	bf08      	it	eq
20007cf4:	f8c8 1000 	streq.w	r1, [r8]
20007cf8:	5162      	str	r2, [r4, r5]
20007cfa:	604b      	str	r3, [r1, #4]
20007cfc:	4630      	mov	r0, r6
20007cfe:	f000 f82f 	bl	20007d60 <__malloc_unlock>
20007d02:	f104 000b 	add.w	r0, r4, #11
20007d06:	1d23      	adds	r3, r4, #4
20007d08:	f020 0007 	bic.w	r0, r0, #7
20007d0c:	1ac2      	subs	r2, r0, r3
20007d0e:	bf1c      	itt	ne
20007d10:	1a1b      	subne	r3, r3, r0
20007d12:	50a3      	strne	r3, [r4, r2]
20007d14:	e7af      	b.n	20007c76 <_malloc_r+0x22>
20007d16:	6862      	ldr	r2, [r4, #4]
20007d18:	42a3      	cmp	r3, r4
20007d1a:	bf0c      	ite	eq
20007d1c:	f8c8 2000 	streq.w	r2, [r8]
20007d20:	605a      	strne	r2, [r3, #4]
20007d22:	e7eb      	b.n	20007cfc <_malloc_r+0xa8>
20007d24:	4623      	mov	r3, r4
20007d26:	6864      	ldr	r4, [r4, #4]
20007d28:	e7ae      	b.n	20007c88 <_malloc_r+0x34>
20007d2a:	463c      	mov	r4, r7
20007d2c:	687f      	ldr	r7, [r7, #4]
20007d2e:	e7b6      	b.n	20007c9e <_malloc_r+0x4a>
20007d30:	461a      	mov	r2, r3
20007d32:	685b      	ldr	r3, [r3, #4]
20007d34:	42a3      	cmp	r3, r4
20007d36:	d1fb      	bne.n	20007d30 <_malloc_r+0xdc>
20007d38:	2300      	movs	r3, #0
20007d3a:	6053      	str	r3, [r2, #4]
20007d3c:	e7de      	b.n	20007cfc <_malloc_r+0xa8>
20007d3e:	230c      	movs	r3, #12
20007d40:	6033      	str	r3, [r6, #0]
20007d42:	4630      	mov	r0, r6
20007d44:	f000 f80c 	bl	20007d60 <__malloc_unlock>
20007d48:	e794      	b.n	20007c74 <_malloc_r+0x20>
20007d4a:	6005      	str	r5, [r0, #0]
20007d4c:	e7d6      	b.n	20007cfc <_malloc_r+0xa8>
20007d4e:	bf00      	nop
20007d50:	20012374 	.word	0x20012374

20007d54 <__malloc_lock>:
20007d54:	4801      	ldr	r0, [pc, #4]	@ (20007d5c <__malloc_lock+0x8>)
20007d56:	f000 b84c 	b.w	20007df2 <__retarget_lock_acquire_recursive>
20007d5a:	bf00      	nop
20007d5c:	2001237c 	.word	0x2001237c

20007d60 <__malloc_unlock>:
20007d60:	4801      	ldr	r0, [pc, #4]	@ (20007d68 <__malloc_unlock+0x8>)
20007d62:	f000 b84c 	b.w	20007dfe <__retarget_lock_release_recursive>
20007d66:	bf00      	nop
20007d68:	2001237c 	.word	0x2001237c

20007d6c <_realloc_r>:
20007d6c:	e92d 41f0 	stmdb	sp!, {r4, r5, r6, r7, r8, lr}
20007d70:	4607      	mov	r7, r0
20007d72:	4614      	mov	r4, r2
20007d74:	460d      	mov	r5, r1
20007d76:	b921      	cbnz	r1, 20007d82 <_realloc_r+0x16>
20007d78:	e8bd 41f0 	ldmia.w	sp!, {r4, r5, r6, r7, r8, lr}
20007d7c:	4611      	mov	r1, r2
20007d7e:	f7ff bf69 	b.w	20007c54 <_malloc_r>
20007d82:	b92a      	cbnz	r2, 20007d90 <_realloc_r+0x24>
20007d84:	f7ff fefa 	bl	20007b7c <_free_r>
20007d88:	4625      	mov	r5, r4
20007d8a:	4628      	mov	r0, r5
20007d8c:	e8bd 81f0 	ldmia.w	sp!, {r4, r5, r6, r7, r8, pc}
20007d90:	f000 f836 	bl	20007e00 <_malloc_usable_size_r>
20007d94:	4284      	cmp	r4, r0
20007d96:	4606      	mov	r6, r0
20007d98:	d802      	bhi.n	20007da0 <_realloc_r+0x34>
20007d9a:	ebb4 0f50 	cmp.w	r4, r0, lsr #1
20007d9e:	d8f4      	bhi.n	20007d8a <_realloc_r+0x1e>
20007da0:	4621      	mov	r1, r4
20007da2:	4638      	mov	r0, r7
20007da4:	f7ff ff56 	bl	20007c54 <_malloc_r>
20007da8:	4680      	mov	r8, r0
20007daa:	b908      	cbnz	r0, 20007db0 <_realloc_r+0x44>
20007dac:	4645      	mov	r5, r8
20007dae:	e7ec      	b.n	20007d8a <_realloc_r+0x1e>
20007db0:	42b4      	cmp	r4, r6
20007db2:	4622      	mov	r2, r4
20007db4:	4629      	mov	r1, r5
20007db6:	bf28      	it	cs
20007db8:	4632      	movcs	r2, r6
20007dba:	f7ff fed0 	bl	20007b5e <memcpy>
20007dbe:	4629      	mov	r1, r5
20007dc0:	4638      	mov	r0, r7
20007dc2:	f7ff fedb 	bl	20007b7c <_free_r>
20007dc6:	e7f1      	b.n	20007dac <_realloc_r+0x40>

20007dc8 <_sbrk_r>:
20007dc8:	b538      	push	{r3, r4, r5, lr}
20007dca:	4d06      	ldr	r5, [pc, #24]	@ (20007de4 <_sbrk_r+0x1c>)
20007dcc:	2300      	movs	r3, #0
20007dce:	4604      	mov	r4, r0
20007dd0:	4608      	mov	r0, r1
20007dd2:	602b      	str	r3, [r5, #0]
20007dd4:	f7f9 fa8a 	bl	200012ec <_sbrk>
20007dd8:	1c43      	adds	r3, r0, #1
20007dda:	d102      	bne.n	20007de2 <_sbrk_r+0x1a>
20007ddc:	682b      	ldr	r3, [r5, #0]
20007dde:	b103      	cbz	r3, 20007de2 <_sbrk_r+0x1a>
20007de0:	6023      	str	r3, [r4, #0]
20007de2:	bd38      	pop	{r3, r4, r5, pc}
20007de4:	20012380 	.word	0x20012380

20007de8 <__retarget_lock_init>:
20007de8:	4770      	bx	lr

20007dea <__retarget_lock_init_recursive>:
20007dea:	4770      	bx	lr

20007dec <__retarget_lock_close>:
20007dec:	4770      	bx	lr

20007dee <__retarget_lock_close_recursive>:
20007dee:	4770      	bx	lr

20007df0 <__retarget_lock_acquire>:
20007df0:	4770      	bx	lr

20007df2 <__retarget_lock_acquire_recursive>:
20007df2:	4770      	bx	lr

20007df4 <__retarget_lock_try_acquire>:
20007df4:	2001      	movs	r0, #1
20007df6:	4770      	bx	lr

20007df8 <__retarget_lock_try_acquire_recursive>:
20007df8:	2001      	movs	r0, #1
20007dfa:	4770      	bx	lr

20007dfc <__retarget_lock_release>:
20007dfc:	4770      	bx	lr

20007dfe <__retarget_lock_release_recursive>:
20007dfe:	4770      	bx	lr

20007e00 <_malloc_usable_size_r>:
20007e00:	f851 3c04 	ldr.w	r3, [r1, #-4]
20007e04:	1f18      	subs	r0, r3, #4
20007e06:	2b00      	cmp	r3, #0
20007e08:	bfbc      	itt	lt
20007e0a:	580b      	ldrlt	r3, [r1, r0]
20007e0c:	18c0      	addlt	r0, r0, r3
20007e0e:	4770      	bx	lr

20007e10 <_reclaim_reent>:
20007e10:	4b2d      	ldr	r3, [pc, #180]	@ (20007ec8 <_reclaim_reent+0xb8>)
20007e12:	681b      	ldr	r3, [r3, #0]
20007e14:	4283      	cmp	r3, r0
20007e16:	b570      	push	{r4, r5, r6, lr}
20007e18:	4604      	mov	r4, r0
20007e1a:	d053      	beq.n	20007ec4 <_reclaim_reent+0xb4>
20007e1c:	69c3      	ldr	r3, [r0, #28]
20007e1e:	b31b      	cbz	r3, 20007e68 <_reclaim_reent+0x58>
20007e20:	68db      	ldr	r3, [r3, #12]
20007e22:	b163      	cbz	r3, 20007e3e <_reclaim_reent+0x2e>
20007e24:	2500      	movs	r5, #0
20007e26:	69e3      	ldr	r3, [r4, #28]
20007e28:	68db      	ldr	r3, [r3, #12]
20007e2a:	5959      	ldr	r1, [r3, r5]
20007e2c:	b9b1      	cbnz	r1, 20007e5c <_reclaim_reent+0x4c>
20007e2e:	3504      	adds	r5, #4
20007e30:	2d80      	cmp	r5, #128	@ 0x80
20007e32:	d1f8      	bne.n	20007e26 <_reclaim_reent+0x16>
20007e34:	69e3      	ldr	r3, [r4, #28]
20007e36:	4620      	mov	r0, r4
20007e38:	68d9      	ldr	r1, [r3, #12]
20007e3a:	f7ff fe9f 	bl	20007b7c <_free_r>
20007e3e:	69e3      	ldr	r3, [r4, #28]
20007e40:	6819      	ldr	r1, [r3, #0]
20007e42:	b111      	cbz	r1, 20007e4a <_reclaim_reent+0x3a>
20007e44:	4620      	mov	r0, r4
20007e46:	f7ff fe99 	bl	20007b7c <_free_r>
20007e4a:	69e3      	ldr	r3, [r4, #28]
20007e4c:	689d      	ldr	r5, [r3, #8]
20007e4e:	b15d      	cbz	r5, 20007e68 <_reclaim_reent+0x58>
20007e50:	4629      	mov	r1, r5
20007e52:	4620      	mov	r0, r4
20007e54:	682d      	ldr	r5, [r5, #0]
20007e56:	f7ff fe91 	bl	20007b7c <_free_r>
20007e5a:	e7f8      	b.n	20007e4e <_reclaim_reent+0x3e>
20007e5c:	680e      	ldr	r6, [r1, #0]
20007e5e:	4620      	mov	r0, r4
20007e60:	f7ff fe8c 	bl	20007b7c <_free_r>
20007e64:	4631      	mov	r1, r6
20007e66:	e7e1      	b.n	20007e2c <_reclaim_reent+0x1c>
20007e68:	6961      	ldr	r1, [r4, #20]
20007e6a:	b111      	cbz	r1, 20007e72 <_reclaim_reent+0x62>
20007e6c:	4620      	mov	r0, r4
20007e6e:	f7ff fe85 	bl	20007b7c <_free_r>
20007e72:	69e1      	ldr	r1, [r4, #28]
20007e74:	b111      	cbz	r1, 20007e7c <_reclaim_reent+0x6c>
20007e76:	4620      	mov	r0, r4
20007e78:	f7ff fe80 	bl	20007b7c <_free_r>
20007e7c:	6b21      	ldr	r1, [r4, #48]	@ 0x30
20007e7e:	b111      	cbz	r1, 20007e86 <_reclaim_reent+0x76>
20007e80:	4620      	mov	r0, r4
20007e82:	f7ff fe7b 	bl	20007b7c <_free_r>
20007e86:	6b61      	ldr	r1, [r4, #52]	@ 0x34
20007e88:	b111      	cbz	r1, 20007e90 <_reclaim_reent+0x80>
20007e8a:	4620      	mov	r0, r4
20007e8c:	f7ff fe76 	bl	20007b7c <_free_r>
20007e90:	6ba1      	ldr	r1, [r4, #56]	@ 0x38
20007e92:	b111      	cbz	r1, 20007e9a <_reclaim_reent+0x8a>
20007e94:	4620      	mov	r0, r4
20007e96:	f7ff fe71 	bl	20007b7c <_free_r>
20007e9a:	6ca1      	ldr	r1, [r4, #72]	@ 0x48
20007e9c:	b111      	cbz	r1, 20007ea4 <_reclaim_reent+0x94>
20007e9e:	4620      	mov	r0, r4
20007ea0:	f7ff fe6c 	bl	20007b7c <_free_r>
20007ea4:	6c61      	ldr	r1, [r4, #68]	@ 0x44
20007ea6:	b111      	cbz	r1, 20007eae <_reclaim_reent+0x9e>
20007ea8:	4620      	mov	r0, r4
20007eaa:	f7ff fe67 	bl	20007b7c <_free_r>
20007eae:	6ae1      	ldr	r1, [r4, #44]	@ 0x2c
20007eb0:	b111      	cbz	r1, 20007eb8 <_reclaim_reent+0xa8>
20007eb2:	4620      	mov	r0, r4
20007eb4:	f7ff fe62 	bl	20007b7c <_free_r>
20007eb8:	6a23      	ldr	r3, [r4, #32]
20007eba:	b11b      	cbz	r3, 20007ec4 <_reclaim_reent+0xb4>
20007ebc:	4620      	mov	r0, r4
20007ebe:	e8bd 4070 	ldmia.w	sp!, {r4, r5, r6, lr}
20007ec2:	4718      	bx	r3
20007ec4:	bd70      	pop	{r4, r5, r6, pc}
20007ec6:	bf00      	nop
20007ec8:	20009674 	.word	0x20009674
20007ecc:	206e6143 	.word	0x206e6143
20007ed0:	2067736d 	.word	0x2067736d
20007ed4:	65636572 	.word	0x65636572
20007ed8:	64657669 	.word	0x64657669
20007edc:	0000203a 	.word	0x0000203a
20007ee0:	3a79654b 	.word	0x3a79654b
20007ee4:	0a642520 	.word	0x0a642520
20007ee8:	00000000 	.word	0x00000000
20007eec:	00206425 	.word	0x00206425
20007ef0:	0000000a 	.word	0x0000000a
20007ef4:	6c6c6548 	.word	0x6c6c6548
20007ef8:	68202c6f 	.word	0x68202c6f
20007efc:	6f6c6c65 	.word	0x6f6c6c65
20007f00:	0a2e2e2e 	.word	0x0a2e2e2e
20007f04:	00000000 	.word	0x00000000
20007f08:	6b636162 	.word	0x6b636162
20007f0c:	756f7267 	.word	0x756f7267
20007f10:	6c20646e 	.word	0x6c20646e
20007f14:	20706f6f 	.word	0x20706f6f
20007f18:	676e6172 	.word	0x676e6172
20007f1c:	25203a65 	.word	0x25203a65
20007f20:	00000a64 	.word	0x00000a64
20007f24:	2078614d 	.word	0x2078614d
20007f28:	54454357 	.word	0x54454357
20007f2c:	6425203a 	.word	0x6425203a
20007f30:	45534e20 	.word	0x45534e20
20007f34:	00000a43 	.word	0x00000a43
20007f38:	20677641 	.word	0x20677641
20007f3c:	54454357 	.word	0x54454357
20007f40:	6425203a 	.word	0x6425203a
20007f44:	45534e20 	.word	0x45534e20
20007f48:	00000a43 	.word	0x00000a43
20007f4c:	6b636142 	.word	0x6b636142
20007f50:	756f7267 	.word	0x756f7267
20007f54:	6c20646e 	.word	0x6c20646e
20007f58:	20706f6f 	.word	0x20706f6f
20007f5c:	67676f74 	.word	0x67676f74
20007f60:	2064656c 	.word	0x2064656c
20007f64:	000a4e4f 	.word	0x000a4e4f
20007f68:	6b636142 	.word	0x6b636142
20007f6c:	756f7267 	.word	0x756f7267
20007f70:	6c20646e 	.word	0x6c20646e
20007f74:	20706f6f 	.word	0x20706f6f
20007f78:	67676f74 	.word	0x67676f74
20007f7c:	2064656c 	.word	0x2064656c
20007f80:	0a46464f 	.word	0x0a46464f
20007f84:	00000000 	.word	0x00000000
20007f88:	65746e45 	.word	0x65746e45
20007f8c:	20646572 	.word	0x20646572
20007f90:	65746e69 	.word	0x65746e69
20007f94:	3a726567 	.word	0x3a726567
20007f98:	0a642520 	.word	0x0a642520
20007f9c:	00000000 	.word	0x00000000
20007fa0:	3a6d7573 	.word	0x3a6d7573
20007fa4:	0a642520 	.word	0x0a642520
20007fa8:	00000000 	.word	0x00000000
20007fac:	6964656d 	.word	0x6964656d
20007fb0:	203a6e61 	.word	0x203a6e61
20007fb4:	000a6425 	.word	0x000a6425
20007fb8:	20656874 	.word	0x20656874
20007fbc:	69682d33 	.word	0x69682d33
20007fc0:	726f7473 	.word	0x726f7473
20007fc4:	61682079 	.word	0x61682079
20007fc8:	65622073 	.word	0x65622073
20007fcc:	65206e65 	.word	0x65206e65
20007fd0:	65736172 	.word	0x65736172
20007fd4:	00000a64 	.word	0x00000a64
20007fd8:	756c6f76 	.word	0x756c6f76
20007fdc:	203a656d 	.word	0x203a656d
20007fe0:	000a6425 	.word	0x000a6425
20007fe4:	6574756d 	.word	0x6574756d
20007fe8:	25203a64 	.word	0x25203a64
20007fec:	00000a64 	.word	0x00000a64
20007ff0:	41430d0a 	.word	0x41430d0a
20007ff4:	3123204e 	.word	0x3123204e
20007ff8:	696e4920 	.word	0x696e4920
20007ffc:	61662074 	.word	0x61662074
20008000:	64656c69 	.word	0x64656c69
20008004:	000d0a21 	.word	0x000d0a21
20008008:	204e4143 	.word	0x204e4143
2000800c:	49203223 	.word	0x49203223
20008010:	2074696e 	.word	0x2074696e
20008014:	6c696166 	.word	0x6c696166
20008018:	0a216465 	.word	0x0a216465
2000801c:	0000000d 	.word	0x0000000d
20008020:	74530d0a 	.word	0x74530d0a
20008024:	676e6172 	.word	0x676e6172
20008028:	4e203a65 	.word	0x4e203a65
2000802c:	6120746f 	.word	0x6120746f
20008030:	4e414320 	.word	0x4e414320
20008034:	20312320 	.word	0x20312320
20008038:	4f464946 	.word	0x4f464946
2000803c:	52492030 	.word	0x52492030
20008040:	0d0a2151 	.word	0x0d0a2151
20008044:	00000000 	.word	0x00000000
20008048:	74530d0a 	.word	0x74530d0a
2000804c:	676e6172 	.word	0x676e6172
20008050:	43203a65 	.word	0x43203a65
20008054:	23204e41 	.word	0x23204e41
20008058:	49462031 	.word	0x49462031
2000805c:	20304f46 	.word	0x20304f46
20008060:	6c6c7546 	.word	0x6c6c7546
20008064:	000d0a21 	.word	0x000d0a21
20008068:	204e4143 	.word	0x204e4143
2000806c:	75427854 	.word	0x75427854
20008070:	75662066 	.word	0x75662066
20008074:	0a216c6c 	.word	0x0a216c6c
20008078:	0000000d 	.word	0x0000000d
2000807c:	74530d0a 	.word	0x74530d0a
20008080:	676e6172 	.word	0x676e6172
20008084:	4e203a65 	.word	0x4e203a65
20008088:	6120746f 	.word	0x6120746f
2000808c:	49504720 	.word	0x49504720
20008090:	6220424f 	.word	0x6220424f
20008094:	20377469 	.word	0x20377469
20008098:	21515249 	.word	0x21515249
2000809c:	00000d0a 	.word	0x00000d0a
200080a0:	45544f4e 	.word	0x45544f4e
200080a4:	735f203a 	.word	0x735f203a
200080a8:	206b7262 	.word	0x206b7262
200080ac:	75206e69 	.word	0x75206e69
200080b0:	0a216573 	.word	0x0a216573
200080b4:	0000000d 	.word	0x0000000d
200080b8:	494e4150 	.word	0x494e4150
200080bc:	21212143 	.word	0x21212143
200080c0:	00000020 	.word	0x00000020
200080c4:	74706d45 	.word	0x74706d45
200080c8:	75712079 	.word	0x75712079
200080cc:	00657565 	.word	0x00657565
200080d0:	74706d45 	.word	0x74706d45
200080d4:	6f702079 	.word	0x6f702079
200080d8:	00006c6f 	.word	0x00006c6f
200080dc:	00000d0a 	.word	0x00000d0a
200080e0:	796e6954 	.word	0x796e6954
200080e4:	626d6954 	.word	0x626d6954
200080e8:	00207265 	.word	0x00207265
200080ec:	302e3276 	.word	0x302e3276
200080f0:	20316136 	.word	0x20316136
200080f4:	32303228 	.word	0x32303228
200080f8:	33302d31 	.word	0x33302d31
200080fc:	2931312d 	.word	0x2931312d
20008100:	00000000 	.word	0x00000000
20008104:	69766544 	.word	0x69766544
20008108:	49206563 	.word	0x49206563
2000810c:	6e205152 	.word	0x6e205152
20008110:	7320746f 	.word	0x7320746f
20008114:	6f707075 	.word	0x6f707075
20008118:	64657472 	.word	0x64657472
2000811c:	2e2e2e20 	.word	0x2e2e2e20
20008120:	00000000 	.word	0x00000000

20008124 <APBAHBPrescTable>:
20008124:	00000000 04030201 04030201 09080706     ................

20008134 <_ctype_>:
20008134:	20202000 20202020 28282020 20282828     .         ((((( 
20008144:	20202020 20202020 20202020 20202020                     
20008154:	10108820 10101010 10101010 10101010      ...............
20008164:	04040410 04040404 10040404 10101010     ................
20008174:	41411010 41414141 01010101 01010101     ..AAAAAA........
20008184:	01010101 01010101 01010101 10101010     ................
20008194:	42421010 42424242 02020202 02020202     ..BBBBBB........
200081a4:	02020202 02020202 02020202 10101010     ................
200081b4:	00000020 00000000 00000000 00000000      ...............
	...
20008234:	302d2300 6800202b 65004c6c 46456766     .#-0+ .hlL.efgEF
20008244:	31300047 35343332 39383736 44434241     G.0123456789ABCD
20008254:	30004645 34333231 38373635 63626139     EF.0123456789abc
20008264:	00666564                                def.
