
build/RTS-labb.elf:     file format elf32-littlearm


Disassembly of section .text:

20000000 <startup>:
  exitDBG();
#endif
}

void startup(void) {
  asm volatile(" NOP\n"                /* executed by first 'trace'-command */
20000000:	bf00      	nop
20000002:	f8df d014 	ldr.w	sp, [pc, #20]	@ 20000018 <startup+0x18>
20000006:	f002 f99b 	bl	20002340 <Init>
2000000a:	f000 fb37 	bl	2000067c <main>
2000000e:	f002 b9a9 	b.w	20002364 <Exit>
20000012:	e7fe      	b.n	20000012 <startup+0x12>
               " BL Init\n"   /* do hardware init */
               " BL main\n"   /* call main */
               " B  Exit\n"   /* exit to debugger */
               ".L1: B .L1\n" /* never return */
  );
}
20000014:	bf00      	nop
20000016:	0000      	.short	0x0000
20000018:	2001c000 	.word	0x2001c000

2000001c <receiver>:
extern Serial sci0;
extern Background background;
// int a = 0;

void receiver(App *self, int unused)
{
2000001c:	b580      	push	{r7, lr}
2000001e:	b086      	sub	sp, #24
20000020:	af00      	add	r7, sp, #0
20000022:	6078      	str	r0, [r7, #4]
20000024:	6039      	str	r1, [r7, #0]
  CANMsg msg;
  CAN_RECEIVE(&can0, &msg);
20000026:	f107 030c 	add.w	r3, r7, #12
2000002a:	461a      	mov	r2, r3
2000002c:	490a      	ldr	r1, [pc, #40]	@ (20000058 <receiver+0x3c>)
2000002e:	480b      	ldr	r0, [pc, #44]	@ (2000005c <receiver+0x40>)
20000030:	f001 f8dc 	bl	200011ec <sync>
  SCI_WRITE(&sci0, "Can msg received: ");
20000034:	4b0a      	ldr	r3, [pc, #40]	@ (20000060 <receiver+0x44>)
20000036:	461a      	mov	r2, r3
20000038:	490a      	ldr	r1, [pc, #40]	@ (20000064 <receiver+0x48>)
2000003a:	480b      	ldr	r0, [pc, #44]	@ (20000068 <receiver+0x4c>)
2000003c:	f001 f8d6 	bl	200011ec <sync>
  SCI_WRITE(&sci0, msg.buff);
20000040:	f107 030c 	add.w	r3, r7, #12
20000044:	3303      	adds	r3, #3
20000046:	461a      	mov	r2, r3
20000048:	4906      	ldr	r1, [pc, #24]	@ (20000064 <receiver+0x48>)
2000004a:	4807      	ldr	r0, [pc, #28]	@ (20000068 <receiver+0x4c>)
2000004c:	f001 f8ce 	bl	200011ec <sync>
}
20000050:	bf00      	nop
20000052:	3718      	adds	r7, #24
20000054:	46bd      	mov	sp, r7
20000056:	bd80      	pop	{r7, pc}
20000058:	200019c5 	.word	0x200019c5
2000005c:	20009124 	.word	0x20009124
20000060:	20007df8 	.word	0x20007df8
20000064:	20001c59 	.word	0x20001c59
20000068:	2000919c 	.word	0x2000919c

2000006c <find_min_max>:
  SCI_WRITE(&sci0, "\'\n");
}
*/

void find_min_max(int *min, int *max)
{
2000006c:	b480      	push	{r7}
2000006e:	b085      	sub	sp, #20
20000070:	af00      	add	r7, sp, #0
20000072:	6078      	str	r0, [r7, #4]
20000074:	6039      	str	r1, [r7, #0]
  *min = john[0];
20000076:	4b19      	ldr	r3, [pc, #100]	@ (200000dc <find_min_max+0x70>)
20000078:	681a      	ldr	r2, [r3, #0]
2000007a:	687b      	ldr	r3, [r7, #4]
2000007c:	601a      	str	r2, [r3, #0]
  *max = john[0];
2000007e:	4b17      	ldr	r3, [pc, #92]	@ (200000dc <find_min_max+0x70>)
20000080:	681a      	ldr	r2, [r3, #0]
20000082:	683b      	ldr	r3, [r7, #0]
20000084:	601a      	str	r2, [r3, #0]
  for (int i = 1; i < 32; i++)
20000086:	2301      	movs	r3, #1
20000088:	60fb      	str	r3, [r7, #12]
2000008a:	e01e      	b.n	200000ca <find_min_max+0x5e>
  {
    if (john[i] < *min)
2000008c:	4a13      	ldr	r2, [pc, #76]	@ (200000dc <find_min_max+0x70>)
2000008e:	68fb      	ldr	r3, [r7, #12]
20000090:	f852 2023 	ldr.w	r2, [r2, r3, lsl #2]
20000094:	687b      	ldr	r3, [r7, #4]
20000096:	681b      	ldr	r3, [r3, #0]
20000098:	429a      	cmp	r2, r3
2000009a:	da05      	bge.n	200000a8 <find_min_max+0x3c>
    {
      *min = john[i];
2000009c:	4a0f      	ldr	r2, [pc, #60]	@ (200000dc <find_min_max+0x70>)
2000009e:	68fb      	ldr	r3, [r7, #12]
200000a0:	f852 2023 	ldr.w	r2, [r2, r3, lsl #2]
200000a4:	687b      	ldr	r3, [r7, #4]
200000a6:	601a      	str	r2, [r3, #0]
    }
    if (john[i] > *max)
200000a8:	4a0c      	ldr	r2, [pc, #48]	@ (200000dc <find_min_max+0x70>)
200000aa:	68fb      	ldr	r3, [r7, #12]
200000ac:	f852 2023 	ldr.w	r2, [r2, r3, lsl #2]
200000b0:	683b      	ldr	r3, [r7, #0]
200000b2:	681b      	ldr	r3, [r3, #0]
200000b4:	429a      	cmp	r2, r3
200000b6:	dd05      	ble.n	200000c4 <find_min_max+0x58>
    {
      *max = john[i];
200000b8:	4a08      	ldr	r2, [pc, #32]	@ (200000dc <find_min_max+0x70>)
200000ba:	68fb      	ldr	r3, [r7, #12]
200000bc:	f852 2023 	ldr.w	r2, [r2, r3, lsl #2]
200000c0:	683b      	ldr	r3, [r7, #0]
200000c2:	601a      	str	r2, [r3, #0]
  for (int i = 1; i < 32; i++)
200000c4:	68fb      	ldr	r3, [r7, #12]
200000c6:	3301      	adds	r3, #1
200000c8:	60fb      	str	r3, [r7, #12]
200000ca:	68fb      	ldr	r3, [r7, #12]
200000cc:	2b1f      	cmp	r3, #31
200000ce:	dddd      	ble.n	2000008c <find_min_max+0x20>
    }
  }
}
200000d0:	bf00      	nop
200000d2:	bf00      	nop
200000d4:	3714      	adds	r7, #20
200000d6:	46bd      	mov	sp, r7
200000d8:	bc80      	pop	{r7}
200000da:	4770      	bx	lr
200000dc:	20009000 	.word	0x20009000

200000e0 <x>:

int x(int k)
{
200000e0:	b480      	push	{r7}
200000e2:	b083      	sub	sp, #12
200000e4:	af00      	add	r7, sp, #0
200000e6:	6078      	str	r0, [r7, #4]
  return k + 10;
200000e8:	687b      	ldr	r3, [r7, #4]
200000ea:	330a      	adds	r3, #10
}
200000ec:	4618      	mov	r0, r3
200000ee:	370c      	adds	r7, #12
200000f0:	46bd      	mov	sp, r7
200000f2:	bc80      	pop	{r7}
200000f4:	4770      	bx	lr

200000f6 <print_periods_for_key>:

void print_periods_for_key(int key)
{
200000f6:	b580      	push	{r7, lr}
200000f8:	b086      	sub	sp, #24
200000fa:	af00      	add	r7, sp, #0
200000fc:	6078      	str	r0, [r7, #4]
  print("Key: %d\n", key);
200000fe:	6879      	ldr	r1, [r7, #4]
20000100:	4812      	ldr	r0, [pc, #72]	@ (2000014c <print_periods_for_key+0x56>)
20000102:	f000 fb37 	bl	20000774 <print>

  for (int i = 0; i < 32; i++)
20000106:	2300      	movs	r3, #0
20000108:	617b      	str	r3, [r7, #20]
2000010a:	e015      	b.n	20000138 <print_periods_for_key+0x42>
  {
    int k = john[i] + key;
2000010c:	4a10      	ldr	r2, [pc, #64]	@ (20000150 <print_periods_for_key+0x5a>)
2000010e:	697b      	ldr	r3, [r7, #20]
20000110:	f852 3023 	ldr.w	r3, [r2, r3, lsl #2]
20000114:	687a      	ldr	r2, [r7, #4]
20000116:	4413      	add	r3, r2
20000118:	613b      	str	r3, [r7, #16]
    int p = period[x(k)];
2000011a:	6938      	ldr	r0, [r7, #16]
2000011c:	f7ff ffe0 	bl	200000e0 <x>
20000120:	4603      	mov	r3, r0
20000122:	4a0c      	ldr	r2, [pc, #48]	@ (20000154 <print_periods_for_key+0x5e>)
20000124:	f852 3023 	ldr.w	r3, [r2, r3, lsl #2]
20000128:	60fb      	str	r3, [r7, #12]
    print("%d ", p);
2000012a:	68f9      	ldr	r1, [r7, #12]
2000012c:	480a      	ldr	r0, [pc, #40]	@ (20000158 <print_periods_for_key+0x62>)
2000012e:	f000 fb21 	bl	20000774 <print>
  for (int i = 0; i < 32; i++)
20000132:	697b      	ldr	r3, [r7, #20]
20000134:	3301      	adds	r3, #1
20000136:	617b      	str	r3, [r7, #20]
20000138:	697b      	ldr	r3, [r7, #20]
2000013a:	2b1f      	cmp	r3, #31
2000013c:	dde6      	ble.n	2000010c <print_periods_for_key+0x16>
  }
  print("\n");
2000013e:	4807      	ldr	r0, [pc, #28]	@ (2000015c <print_periods_for_key+0x66>)
20000140:	f000 fb18 	bl	20000774 <print>
}
20000144:	bf00      	nop
20000146:	3718      	adds	r7, #24
20000148:	46bd      	mov	sp, r7
2000014a:	bd80      	pop	{r7, pc}
2000014c:	20007e0c 	.word	0x20007e0c
20000150:	20009000 	.word	0x20009000
20000154:	20009080 	.word	0x20009080
20000158:	20007e18 	.word	0x20007e18
2000015c:	20007e1c 	.word	0x20007e1c

20000160 <startApp>:

void startApp(App *self, int arg)
{
20000160:	b580      	push	{r7, lr}
20000162:	b08a      	sub	sp, #40	@ 0x28
20000164:	af02      	add	r7, sp, #8
20000166:	6078      	str	r0, [r7, #4]
20000168:	6039      	str	r1, [r7, #0]

  int min, max;

  CANMsg msg;

  CAN_INIT(&can0);
2000016a:	2200      	movs	r2, #0
2000016c:	492a      	ldr	r1, [pc, #168]	@ (20000218 <startApp+0xb8>)
2000016e:	482b      	ldr	r0, [pc, #172]	@ (2000021c <startApp+0xbc>)
20000170:	f001 f83c 	bl	200011ec <sync>
  SCI_INIT(&sci0);
20000174:	2200      	movs	r2, #0
20000176:	492a      	ldr	r1, [pc, #168]	@ (20000220 <startApp+0xc0>)
20000178:	482a      	ldr	r0, [pc, #168]	@ (20000224 <startApp+0xc4>)
2000017a:	f001 f837 	bl	200011ec <sync>
  SCI_WRITE(&sci0, "Hello, hello...\n");
2000017e:	4b2a      	ldr	r3, [pc, #168]	@ (20000228 <startApp+0xc8>)
20000180:	461a      	mov	r2, r3
20000182:	492a      	ldr	r1, [pc, #168]	@ (2000022c <startApp+0xcc>)
20000184:	4827      	ldr	r0, [pc, #156]	@ (20000224 <startApp+0xc4>)
20000186:	f001 f831 	bl	200011ec <sync>

  find_min_max(&min, &max);
2000018a:	f107 0218 	add.w	r2, r7, #24
2000018e:	f107 031c 	add.w	r3, r7, #28
20000192:	4611      	mov	r1, r2
20000194:	4618      	mov	r0, r3
20000196:	f7ff ff69 	bl	2000006c <find_min_max>
  print("Min: %d, Max: %d\n", min, max);
2000019a:	69fb      	ldr	r3, [r7, #28]
2000019c:	69ba      	ldr	r2, [r7, #24]
2000019e:	4619      	mov	r1, r3
200001a0:	4823      	ldr	r0, [pc, #140]	@ (20000230 <startApp+0xd0>)
200001a2:	f000 fae7 	bl	20000774 <print>

  print("k=0 -> %d\n", period[x(0)]);
200001a6:	2000      	movs	r0, #0
200001a8:	f7ff ff9a 	bl	200000e0 <x>
200001ac:	4603      	mov	r3, r0
200001ae:	4a21      	ldr	r2, [pc, #132]	@ (20000234 <startApp+0xd4>)
200001b0:	f852 3023 	ldr.w	r3, [r2, r3, lsl #2]
200001b4:	4619      	mov	r1, r3
200001b6:	4820      	ldr	r0, [pc, #128]	@ (20000238 <startApp+0xd8>)
200001b8:	f000 fadc 	bl	20000774 <print>

  msg.msgId = 1;
200001bc:	2301      	movs	r3, #1
200001be:	733b      	strb	r3, [r7, #12]
  msg.nodeId = 1;
200001c0:	2301      	movs	r3, #1
200001c2:	737b      	strb	r3, [r7, #13]
  msg.length = 6;
200001c4:	2306      	movs	r3, #6
200001c6:	73bb      	strb	r3, [r7, #14]
  msg.buff[0] = 'H';
200001c8:	2348      	movs	r3, #72	@ 0x48
200001ca:	73fb      	strb	r3, [r7, #15]
  msg.buff[1] = 'e';
200001cc:	2365      	movs	r3, #101	@ 0x65
200001ce:	743b      	strb	r3, [r7, #16]
  msg.buff[2] = 'l';
200001d0:	236c      	movs	r3, #108	@ 0x6c
200001d2:	747b      	strb	r3, [r7, #17]
  msg.buff[3] = 'l';
200001d4:	236c      	movs	r3, #108	@ 0x6c
200001d6:	74bb      	strb	r3, [r7, #18]
  msg.buff[4] = 'o';
200001d8:	236f      	movs	r3, #111	@ 0x6f
200001da:	74fb      	strb	r3, [r7, #19]
  msg.buff[5] = 0;
200001dc:	2300      	movs	r3, #0
200001de:	753b      	strb	r3, [r7, #20]
  CAN_SEND(&can0, &msg);
200001e0:	f107 030c 	add.w	r3, r7, #12
200001e4:	461a      	mov	r2, r3
200001e6:	4915      	ldr	r1, [pc, #84]	@ (2000023c <startApp+0xdc>)
200001e8:	480c      	ldr	r0, [pc, #48]	@ (2000021c <startApp+0xbc>)
200001ea:	f000 ffff 	bl	200011ec <sync>

  AFTER(USEC(500), self, tone_generator, 0);
200001ee:	2300      	movs	r3, #0
200001f0:	9300      	str	r3, [sp, #0]
200001f2:	4b13      	ldr	r3, [pc, #76]	@ (20000240 <startApp+0xe0>)
200001f4:	687a      	ldr	r2, [r7, #4]
200001f6:	2100      	movs	r1, #0
200001f8:	2032      	movs	r0, #50	@ 0x32
200001fa:	f000 ff59 	bl	200010b0 <async>
  AFTER(USEC(1300), &background, background_load, 0);
200001fe:	2300      	movs	r3, #0
20000200:	9300      	str	r3, [sp, #0]
20000202:	4b10      	ldr	r3, [pc, #64]	@ (20000244 <startApp+0xe4>)
20000204:	4a10      	ldr	r2, [pc, #64]	@ (20000248 <startApp+0xe8>)
20000206:	2100      	movs	r1, #0
20000208:	2082      	movs	r0, #130	@ 0x82
2000020a:	f000 ff51 	bl	200010b0 <async>
}
2000020e:	bf00      	nop
20000210:	3720      	adds	r7, #32
20000212:	46bd      	mov	sp, r7
20000214:	bd80      	pop	{r7, pc}
20000216:	bf00      	nop
20000218:	20001785 	.word	0x20001785
2000021c:	20009124 	.word	0x20009124
20000220:	20001bb5 	.word	0x20001bb5
20000224:	2000919c 	.word	0x2000919c
20000228:	20007e20 	.word	0x20007e20
2000022c:	20001c59 	.word	0x20001c59
20000230:	20007e34 	.word	0x20007e34
20000234:	20009080 	.word	0x20009080
20000238:	20007e48 	.word	0x20007e48
2000023c:	20001a8f 	.word	0x20001a8f
20000240:	200006bd 	.word	0x200006bd
20000244:	20000731 	.word	0x20000731
20000248:	200095bc 	.word	0x200095bc

2000024c <sumArray>:
  SCI_WRITE(&sci0, "Rcv: \'");
  SCI_WRITECHAR(&sci0, c);
  SCI_WRITE(&sci0, num);
}*/
int sumArray(int *array)
{
2000024c:	b480      	push	{r7}
2000024e:	b085      	sub	sp, #20
20000250:	af00      	add	r7, sp, #0
20000252:	6078      	str	r0, [r7, #4]
  int a = 0;
20000254:	2300      	movs	r3, #0
20000256:	60fb      	str	r3, [r7, #12]
  for (int i = 0; i < 3; i++)
20000258:	2300      	movs	r3, #0
2000025a:	60bb      	str	r3, [r7, #8]
2000025c:	e00a      	b.n	20000274 <sumArray+0x28>
  {
    a += array[i];
2000025e:	68bb      	ldr	r3, [r7, #8]
20000260:	009b      	lsls	r3, r3, #2
20000262:	687a      	ldr	r2, [r7, #4]
20000264:	4413      	add	r3, r2
20000266:	681b      	ldr	r3, [r3, #0]
20000268:	68fa      	ldr	r2, [r7, #12]
2000026a:	4413      	add	r3, r2
2000026c:	60fb      	str	r3, [r7, #12]
  for (int i = 0; i < 3; i++)
2000026e:	68bb      	ldr	r3, [r7, #8]
20000270:	3301      	adds	r3, #1
20000272:	60bb      	str	r3, [r7, #8]
20000274:	68bb      	ldr	r3, [r7, #8]
20000276:	2b02      	cmp	r3, #2
20000278:	ddf1      	ble.n	2000025e <sumArray+0x12>
  }
  return a;
2000027a:	68fb      	ldr	r3, [r7, #12]
}
2000027c:	4618      	mov	r0, r3
2000027e:	3714      	adds	r7, #20
20000280:	46bd      	mov	sp, r7
20000282:	bc80      	pop	{r7}
20000284:	4770      	bx	lr

20000286 <increase_load>:

void increase_load(Background *self, int unused)
{
20000286:	b580      	push	{r7, lr}
20000288:	b082      	sub	sp, #8
2000028a:	af00      	add	r7, sp, #0
2000028c:	6078      	str	r0, [r7, #4]
2000028e:	6039      	str	r1, [r7, #0]
  if (self->background_loop_range < 8000)
20000290:	687b      	ldr	r3, [r7, #4]
20000292:	68db      	ldr	r3, [r3, #12]
20000294:	f5b3 5ffa 	cmp.w	r3, #8000	@ 0x1f40
20000298:	da05      	bge.n	200002a6 <increase_load+0x20>
  {
    self->background_loop_range += 500;
2000029a:	687b      	ldr	r3, [r7, #4]
2000029c:	68db      	ldr	r3, [r3, #12]
2000029e:	f503 72fa 	add.w	r2, r3, #500	@ 0x1f4
200002a2:	687b      	ldr	r3, [r7, #4]
200002a4:	60da      	str	r2, [r3, #12]
  }
  print("background loop range: %d\n", self->background_loop_range);
200002a6:	687b      	ldr	r3, [r7, #4]
200002a8:	68db      	ldr	r3, [r3, #12]
200002aa:	4619      	mov	r1, r3
200002ac:	4803      	ldr	r0, [pc, #12]	@ (200002bc <increase_load+0x36>)
200002ae:	f000 fa61 	bl	20000774 <print>
}
200002b2:	bf00      	nop
200002b4:	3708      	adds	r7, #8
200002b6:	46bd      	mov	sp, r7
200002b8:	bd80      	pop	{r7, pc}
200002ba:	bf00      	nop
200002bc:	20007e54 	.word	0x20007e54

200002c0 <decrease_load>:

void decrease_load(Background *self, int unused)
{
200002c0:	b580      	push	{r7, lr}
200002c2:	b082      	sub	sp, #8
200002c4:	af00      	add	r7, sp, #0
200002c6:	6078      	str	r0, [r7, #4]
200002c8:	6039      	str	r1, [r7, #0]
  if (self->background_loop_range > 1000)
200002ca:	687b      	ldr	r3, [r7, #4]
200002cc:	68db      	ldr	r3, [r3, #12]
200002ce:	f5b3 7f7a 	cmp.w	r3, #1000	@ 0x3e8
200002d2:	dd05      	ble.n	200002e0 <decrease_load+0x20>
  {
    self->background_loop_range -= 500;
200002d4:	687b      	ldr	r3, [r7, #4]
200002d6:	68db      	ldr	r3, [r3, #12]
200002d8:	f5a3 72fa 	sub.w	r2, r3, #500	@ 0x1f4
200002dc:	687b      	ldr	r3, [r7, #4]
200002de:	60da      	str	r2, [r3, #12]
  }
  print("background loop range: %d\n", self->background_loop_range);
200002e0:	687b      	ldr	r3, [r7, #4]
200002e2:	68db      	ldr	r3, [r3, #12]
200002e4:	4619      	mov	r1, r3
200002e6:	4803      	ldr	r0, [pc, #12]	@ (200002f4 <decrease_load+0x34>)
200002e8:	f000 fa44 	bl	20000774 <print>
}
200002ec:	bf00      	nop
200002ee:	3708      	adds	r7, #8
200002f0:	46bd      	mov	sp, r7
200002f2:	bd80      	pop	{r7, pc}
200002f4:	20007e54 	.word	0x20007e54

200002f8 <togglebg>:

void togglebg(Background *self, int unused)
{
200002f8:	b580      	push	{r7, lr}
200002fa:	b082      	sub	sp, #8
200002fc:	af00      	add	r7, sp, #0
200002fe:	6078      	str	r0, [r7, #4]
20000300:	6039      	str	r1, [r7, #0]
  if (self->loop_toggle == 0)
20000302:	687b      	ldr	r3, [r7, #4]
20000304:	689b      	ldr	r3, [r3, #8]
20000306:	2b00      	cmp	r3, #0
20000308:	d109      	bne.n	2000031e <togglebg+0x26>
  {
    self->loop_toggle = 1;
2000030a:	687b      	ldr	r3, [r7, #4]
2000030c:	2201      	movs	r2, #1
2000030e:	609a      	str	r2, [r3, #8]
    SCI_WRITE(&sci0, "Background loop toggled ON\n");
20000310:	4b09      	ldr	r3, [pc, #36]	@ (20000338 <togglebg+0x40>)
20000312:	461a      	mov	r2, r3
20000314:	4909      	ldr	r1, [pc, #36]	@ (2000033c <togglebg+0x44>)
20000316:	480a      	ldr	r0, [pc, #40]	@ (20000340 <togglebg+0x48>)
20000318:	f000 ff68 	bl	200011ec <sync>
  else
  {
    self->loop_toggle = 0;
    SCI_WRITE(&sci0, "Background loop toggled OFF\n");
  }
}
2000031c:	e008      	b.n	20000330 <togglebg+0x38>
    self->loop_toggle = 0;
2000031e:	687b      	ldr	r3, [r7, #4]
20000320:	2200      	movs	r2, #0
20000322:	609a      	str	r2, [r3, #8]
    SCI_WRITE(&sci0, "Background loop toggled OFF\n");
20000324:	4b07      	ldr	r3, [pc, #28]	@ (20000344 <togglebg+0x4c>)
20000326:	461a      	mov	r2, r3
20000328:	4904      	ldr	r1, [pc, #16]	@ (2000033c <togglebg+0x44>)
2000032a:	4805      	ldr	r0, [pc, #20]	@ (20000340 <togglebg+0x48>)
2000032c:	f000 ff5e 	bl	200011ec <sync>
}
20000330:	bf00      	nop
20000332:	3708      	adds	r7, #8
20000334:	46bd      	mov	sp, r7
20000336:	bd80      	pop	{r7, pc}
20000338:	20007e70 	.word	0x20007e70
2000033c:	20001c59 	.word	0x20001c59
20000340:	2000919c 	.word	0x2000919c
20000344:	20007e8c 	.word	0x20007e8c

20000348 <sortArray>:

void sortArray(int *array)
{
20000348:	b480      	push	{r7}
2000034a:	b087      	sub	sp, #28
2000034c:	af00      	add	r7, sp, #0
2000034e:	6078      	str	r0, [r7, #4]
  int temp;
  for (int i = 0; i < 2; i++)
20000350:	2300      	movs	r3, #0
20000352:	617b      	str	r3, [r7, #20]
20000354:	e033      	b.n	200003be <sortArray+0x76>
  {
    for (int j = 0; j < 2 - i; j++)
20000356:	2300      	movs	r3, #0
20000358:	613b      	str	r3, [r7, #16]
2000035a:	e027      	b.n	200003ac <sortArray+0x64>
    {
      if (array[j] > array[j + 1])
2000035c:	693b      	ldr	r3, [r7, #16]
2000035e:	009b      	lsls	r3, r3, #2
20000360:	687a      	ldr	r2, [r7, #4]
20000362:	4413      	add	r3, r2
20000364:	681a      	ldr	r2, [r3, #0]
20000366:	693b      	ldr	r3, [r7, #16]
20000368:	3301      	adds	r3, #1
2000036a:	009b      	lsls	r3, r3, #2
2000036c:	6879      	ldr	r1, [r7, #4]
2000036e:	440b      	add	r3, r1
20000370:	681b      	ldr	r3, [r3, #0]
20000372:	429a      	cmp	r2, r3
20000374:	dd17      	ble.n	200003a6 <sortArray+0x5e>
      {
        temp = array[j];
20000376:	693b      	ldr	r3, [r7, #16]
20000378:	009b      	lsls	r3, r3, #2
2000037a:	687a      	ldr	r2, [r7, #4]
2000037c:	4413      	add	r3, r2
2000037e:	681b      	ldr	r3, [r3, #0]
20000380:	60fb      	str	r3, [r7, #12]
        array[j] = array[j + 1];
20000382:	693b      	ldr	r3, [r7, #16]
20000384:	3301      	adds	r3, #1
20000386:	009b      	lsls	r3, r3, #2
20000388:	687a      	ldr	r2, [r7, #4]
2000038a:	441a      	add	r2, r3
2000038c:	693b      	ldr	r3, [r7, #16]
2000038e:	009b      	lsls	r3, r3, #2
20000390:	6879      	ldr	r1, [r7, #4]
20000392:	440b      	add	r3, r1
20000394:	6812      	ldr	r2, [r2, #0]
20000396:	601a      	str	r2, [r3, #0]
        array[j + 1] = temp;
20000398:	693b      	ldr	r3, [r7, #16]
2000039a:	3301      	adds	r3, #1
2000039c:	009b      	lsls	r3, r3, #2
2000039e:	687a      	ldr	r2, [r7, #4]
200003a0:	4413      	add	r3, r2
200003a2:	68fa      	ldr	r2, [r7, #12]
200003a4:	601a      	str	r2, [r3, #0]
    for (int j = 0; j < 2 - i; j++)
200003a6:	693b      	ldr	r3, [r7, #16]
200003a8:	3301      	adds	r3, #1
200003aa:	613b      	str	r3, [r7, #16]
200003ac:	697b      	ldr	r3, [r7, #20]
200003ae:	f1c3 0302 	rsb	r3, r3, #2
200003b2:	693a      	ldr	r2, [r7, #16]
200003b4:	429a      	cmp	r2, r3
200003b6:	dbd1      	blt.n	2000035c <sortArray+0x14>
  for (int i = 0; i < 2; i++)
200003b8:	697b      	ldr	r3, [r7, #20]
200003ba:	3301      	adds	r3, #1
200003bc:	617b      	str	r3, [r7, #20]
200003be:	697b      	ldr	r3, [r7, #20]
200003c0:	2b01      	cmp	r3, #1
200003c2:	ddc8      	ble.n	20000356 <sortArray+0xe>
      }
    }
  }
}
200003c4:	bf00      	nop
200003c6:	bf00      	nop
200003c8:	371c      	adds	r7, #28
200003ca:	46bd      	mov	sp, r7
200003cc:	bc80      	pop	{r7}
200003ce:	4770      	bx	lr

200003d0 <reader>:

void reader(App *self, int c)
{
200003d0:	b580      	push	{r7, lr}
200003d2:	b08c      	sub	sp, #48	@ 0x30
200003d4:	af02      	add	r7, sp, #8
200003d6:	6078      	str	r0, [r7, #4]
200003d8:	6039      	str	r1, [r7, #0]
  int inputValue;

  switch (c)
200003da:	683b      	ldr	r3, [r7, #0]
200003dc:	2b75      	cmp	r3, #117	@ 0x75
200003de:	f000 810c 	beq.w	200005fa <reader+0x22a>
200003e2:	683b      	ldr	r3, [r7, #0]
200003e4:	2b75      	cmp	r3, #117	@ 0x75
200003e6:	f300 8123 	bgt.w	20000630 <reader+0x260>
200003ea:	683b      	ldr	r3, [r7, #0]
200003ec:	2b74      	cmp	r3, #116	@ 0x74
200003ee:	f000 8116 	beq.w	2000061e <reader+0x24e>
200003f2:	683b      	ldr	r3, [r7, #0]
200003f4:	2b74      	cmp	r3, #116	@ 0x74
200003f6:	f300 811b 	bgt.w	20000630 <reader+0x260>
200003fa:	683b      	ldr	r3, [r7, #0]
200003fc:	2b6d      	cmp	r3, #109	@ 0x6d
200003fe:	f000 80e9 	beq.w	200005d4 <reader+0x204>
20000402:	683b      	ldr	r3, [r7, #0]
20000404:	2b6d      	cmp	r3, #109	@ 0x6d
20000406:	f300 8113 	bgt.w	20000630 <reader+0x260>
2000040a:	683b      	ldr	r3, [r7, #0]
2000040c:	2b66      	cmp	r3, #102	@ 0x66
2000040e:	f000 809b 	beq.w	20000548 <reader+0x178>
20000412:	683b      	ldr	r3, [r7, #0]
20000414:	2b66      	cmp	r3, #102	@ 0x66
20000416:	f300 810b 	bgt.w	20000630 <reader+0x260>
2000041a:	683b      	ldr	r3, [r7, #0]
2000041c:	2b65      	cmp	r3, #101	@ 0x65
2000041e:	d014      	beq.n	2000044a <reader+0x7a>
20000420:	683b      	ldr	r3, [r7, #0]
20000422:	2b65      	cmp	r3, #101	@ 0x65
20000424:	f300 8104 	bgt.w	20000630 <reader+0x260>
20000428:	683b      	ldr	r3, [r7, #0]
2000042a:	2b64      	cmp	r3, #100	@ 0x64
2000042c:	f000 80ee 	beq.w	2000060c <reader+0x23c>
20000430:	683b      	ldr	r3, [r7, #0]
20000432:	2b64      	cmp	r3, #100	@ 0x64
20000434:	f300 80fc 	bgt.w	20000630 <reader+0x260>
20000438:	683b      	ldr	r3, [r7, #0]
2000043a:	2b2b      	cmp	r3, #43	@ 0x2b
2000043c:	f000 809a 	beq.w	20000574 <reader+0x1a4>
20000440:	683b      	ldr	r3, [r7, #0]
20000442:	2b2d      	cmp	r3, #45	@ 0x2d
20000444:	f000 80ae 	beq.w	200005a4 <reader+0x1d4>
20000448:	e0f2      	b.n	20000630 <reader+0x260>
  {
  case 'e':
    int temp[3];
    self->input[self->inputIndex] = '\0';
2000044a:	687b      	ldr	r3, [r7, #4]
2000044c:	6a1b      	ldr	r3, [r3, #32]
2000044e:	687a      	ldr	r2, [r7, #4]
20000450:	4413      	add	r3, r2
20000452:	2200      	movs	r2, #0
20000454:	731a      	strb	r2, [r3, #12]
    self->inputIndex = 0;
20000456:	687b      	ldr	r3, [r7, #4]
20000458:	2200      	movs	r2, #0
2000045a:	621a      	str	r2, [r3, #32]
    inputValue = atoi(self->input);
2000045c:	687b      	ldr	r3, [r7, #4]
2000045e:	330c      	adds	r3, #12
20000460:	4618      	mov	r0, r3
20000462:	f006 feb5 	bl	200071d0 <atoi>
20000466:	61f8      	str	r0, [r7, #28]
    print_periods_for_key(inputValue);
20000468:	69f8      	ldr	r0, [r7, #28]
2000046a:	f7ff fe44 	bl	200000f6 <print_periods_for_key>

    self->median[self->medianIndex] = inputValue;
2000046e:	687b      	ldr	r3, [r7, #4]
20000470:	6b1b      	ldr	r3, [r3, #48]	@ 0x30
20000472:	687a      	ldr	r2, [r7, #4]
20000474:	3308      	adds	r3, #8
20000476:	009b      	lsls	r3, r3, #2
20000478:	4413      	add	r3, r2
2000047a:	69fa      	ldr	r2, [r7, #28]
2000047c:	605a      	str	r2, [r3, #4]
    if (self->historyCounter < 3)
2000047e:	687b      	ldr	r3, [r7, #4]
20000480:	6b5b      	ldr	r3, [r3, #52]	@ 0x34
20000482:	2b02      	cmp	r3, #2
20000484:	dc04      	bgt.n	20000490 <reader+0xc0>
    {
      self->historyCounter++;
20000486:	687b      	ldr	r3, [r7, #4]
20000488:	6b5b      	ldr	r3, [r3, #52]	@ 0x34
2000048a:	1c5a      	adds	r2, r3, #1
2000048c:	687b      	ldr	r3, [r7, #4]
2000048e:	635a      	str	r2, [r3, #52]	@ 0x34
    }

    self->medianIndex = (self->medianIndex + 1) % 3;
20000490:	687b      	ldr	r3, [r7, #4]
20000492:	6b1b      	ldr	r3, [r3, #48]	@ 0x30
20000494:	1c59      	adds	r1, r3, #1
20000496:	4b6e      	ldr	r3, [pc, #440]	@ (20000650 <reader+0x280>)
20000498:	fb83 3201 	smull	r3, r2, r3, r1
2000049c:	17cb      	asrs	r3, r1, #31
2000049e:	1ad2      	subs	r2, r2, r3
200004a0:	4613      	mov	r3, r2
200004a2:	005b      	lsls	r3, r3, #1
200004a4:	4413      	add	r3, r2
200004a6:	1aca      	subs	r2, r1, r3
200004a8:	687b      	ldr	r3, [r7, #4]
200004aa:	631a      	str	r2, [r3, #48]	@ 0x30
    self->sum = sumArray(self->median);
200004ac:	687b      	ldr	r3, [r7, #4]
200004ae:	3324      	adds	r3, #36	@ 0x24
200004b0:	4618      	mov	r0, r3
200004b2:	f7ff fecb 	bl	2000024c <sumArray>
200004b6:	4602      	mov	r2, r0
200004b8:	687b      	ldr	r3, [r7, #4]
200004ba:	639a      	str	r2, [r3, #56]	@ 0x38
    temp[0] = self->median[0];
200004bc:	687b      	ldr	r3, [r7, #4]
200004be:	6a5b      	ldr	r3, [r3, #36]	@ 0x24
200004c0:	60fb      	str	r3, [r7, #12]
    temp[1] = self->median[1];
200004c2:	687b      	ldr	r3, [r7, #4]
200004c4:	6a9b      	ldr	r3, [r3, #40]	@ 0x28
200004c6:	613b      	str	r3, [r7, #16]
    temp[2] = self->median[2];
200004c8:	687b      	ldr	r3, [r7, #4]
200004ca:	6adb      	ldr	r3, [r3, #44]	@ 0x2c
200004cc:	617b      	str	r3, [r7, #20]

    sortArray(temp);
200004ce:	f107 030c 	add.w	r3, r7, #12
200004d2:	4618      	mov	r0, r3
200004d4:	f7ff ff38 	bl	20000348 <sortArray>

    print("Entered integer: %d\n", inputValue);
200004d8:	69f9      	ldr	r1, [r7, #28]
200004da:	485e      	ldr	r0, [pc, #376]	@ (20000654 <reader+0x284>)
200004dc:	f000 f94a 	bl	20000774 <print>
    print("sum: %d\n", self->sum);
200004e0:	687b      	ldr	r3, [r7, #4]
200004e2:	6b9b      	ldr	r3, [r3, #56]	@ 0x38
200004e4:	4619      	mov	r1, r3
200004e6:	485c      	ldr	r0, [pc, #368]	@ (20000658 <reader+0x288>)
200004e8:	f000 f944 	bl	20000774 <print>
    if (self->historyCounter == 1)
200004ec:	687b      	ldr	r3, [r7, #4]
200004ee:	6b5b      	ldr	r3, [r3, #52]	@ 0x34
200004f0:	2b01      	cmp	r3, #1
200004f2:	d104      	bne.n	200004fe <reader+0x12e>
    {
      print("median: %d\n", inputValue);
200004f4:	69f9      	ldr	r1, [r7, #28]
200004f6:	4859      	ldr	r0, [pc, #356]	@ (2000065c <reader+0x28c>)
200004f8:	f000 f93c 	bl	20000774 <print>
    }
    else
    {
      print("median: %d\n", temp[1]);
    }
    break;
200004fc:	e0a4      	b.n	20000648 <reader+0x278>
    else if (self->historyCounter == 2)
200004fe:	687b      	ldr	r3, [r7, #4]
20000500:	6b5b      	ldr	r3, [r3, #52]	@ 0x34
20000502:	2b02      	cmp	r3, #2
20000504:	d11a      	bne.n	2000053c <reader+0x16c>
      int a = self->median[0];
20000506:	687b      	ldr	r3, [r7, #4]
20000508:	6a5b      	ldr	r3, [r3, #36]	@ 0x24
2000050a:	627b      	str	r3, [r7, #36]	@ 0x24
      int b = self->median[1];
2000050c:	687b      	ldr	r3, [r7, #4]
2000050e:	6a9b      	ldr	r3, [r3, #40]	@ 0x28
20000510:	623b      	str	r3, [r7, #32]
      if (a > b)
20000512:	6a7a      	ldr	r2, [r7, #36]	@ 0x24
20000514:	6a3b      	ldr	r3, [r7, #32]
20000516:	429a      	cmp	r2, r3
20000518:	dd05      	ble.n	20000526 <reader+0x156>
        int t = a;
2000051a:	6a7b      	ldr	r3, [r7, #36]	@ 0x24
2000051c:	61bb      	str	r3, [r7, #24]
        a = b;
2000051e:	6a3b      	ldr	r3, [r7, #32]
20000520:	627b      	str	r3, [r7, #36]	@ 0x24
        b = t;
20000522:	69bb      	ldr	r3, [r7, #24]
20000524:	623b      	str	r3, [r7, #32]
      print("median: %d\n", (a + b) / 2);
20000526:	6a7a      	ldr	r2, [r7, #36]	@ 0x24
20000528:	6a3b      	ldr	r3, [r7, #32]
2000052a:	4413      	add	r3, r2
2000052c:	0fda      	lsrs	r2, r3, #31
2000052e:	4413      	add	r3, r2
20000530:	105b      	asrs	r3, r3, #1
20000532:	4619      	mov	r1, r3
20000534:	4849      	ldr	r0, [pc, #292]	@ (2000065c <reader+0x28c>)
20000536:	f000 f91d 	bl	20000774 <print>
    break;
2000053a:	e085      	b.n	20000648 <reader+0x278>
      print("median: %d\n", temp[1]);
2000053c:	693b      	ldr	r3, [r7, #16]
2000053e:	4619      	mov	r1, r3
20000540:	4846      	ldr	r0, [pc, #280]	@ (2000065c <reader+0x28c>)
20000542:	f000 f917 	bl	20000774 <print>
    break;
20000546:	e07f      	b.n	20000648 <reader+0x278>
  case 'f':
    print("the 3-history has been erased\n");
20000548:	4845      	ldr	r0, [pc, #276]	@ (20000660 <reader+0x290>)
2000054a:	f000 f913 	bl	20000774 <print>
    self->medianIndex = 0;
2000054e:	687b      	ldr	r3, [r7, #4]
20000550:	2200      	movs	r2, #0
20000552:	631a      	str	r2, [r3, #48]	@ 0x30
    self->sum = 0;
20000554:	687b      	ldr	r3, [r7, #4]
20000556:	2200      	movs	r2, #0
20000558:	639a      	str	r2, [r3, #56]	@ 0x38
    self->median[0] = 0;
2000055a:	687b      	ldr	r3, [r7, #4]
2000055c:	2200      	movs	r2, #0
2000055e:	625a      	str	r2, [r3, #36]	@ 0x24
    self->median[1] = 0;
20000560:	687b      	ldr	r3, [r7, #4]
20000562:	2200      	movs	r2, #0
20000564:	629a      	str	r2, [r3, #40]	@ 0x28
    self->median[2] = 0;
20000566:	687b      	ldr	r3, [r7, #4]
20000568:	2200      	movs	r2, #0
2000056a:	62da      	str	r2, [r3, #44]	@ 0x2c
    self->historyCounter = 0;
2000056c:	687b      	ldr	r3, [r7, #4]
2000056e:	2200      	movs	r2, #0
20000570:	635a      	str	r2, [r3, #52]	@ 0x34
    // a = 0;
    break;
20000572:	e069      	b.n	20000648 <reader+0x278>
  case '+':
    if (self->volume < MAX_VOLUME)
20000574:	687b      	ldr	r3, [r7, #4]
20000576:	f893 303c 	ldrb.w	r3, [r3, #60]	@ 0x3c
2000057a:	b2db      	uxtb	r3, r3
2000057c:	2b1d      	cmp	r3, #29
2000057e:	d808      	bhi.n	20000592 <reader+0x1c2>
      self->volume++;
20000580:	687b      	ldr	r3, [r7, #4]
20000582:	f893 303c 	ldrb.w	r3, [r3, #60]	@ 0x3c
20000586:	b2db      	uxtb	r3, r3
20000588:	3301      	adds	r3, #1
2000058a:	b2da      	uxtb	r2, r3
2000058c:	687b      	ldr	r3, [r7, #4]
2000058e:	f883 203c 	strb.w	r2, [r3, #60]	@ 0x3c
    print("volume: %d\n", self->volume);
20000592:	687b      	ldr	r3, [r7, #4]
20000594:	f893 303c 	ldrb.w	r3, [r3, #60]	@ 0x3c
20000598:	b2db      	uxtb	r3, r3
2000059a:	4619      	mov	r1, r3
2000059c:	4831      	ldr	r0, [pc, #196]	@ (20000664 <reader+0x294>)
2000059e:	f000 f8e9 	bl	20000774 <print>
    break;
200005a2:	e051      	b.n	20000648 <reader+0x278>

  case '-':
    if (self->volume > MIN_VOLUME)
200005a4:	687b      	ldr	r3, [r7, #4]
200005a6:	f893 303c 	ldrb.w	r3, [r3, #60]	@ 0x3c
200005aa:	b2db      	uxtb	r3, r3
200005ac:	2b01      	cmp	r3, #1
200005ae:	d908      	bls.n	200005c2 <reader+0x1f2>
      self->volume--;
200005b0:	687b      	ldr	r3, [r7, #4]
200005b2:	f893 303c 	ldrb.w	r3, [r3, #60]	@ 0x3c
200005b6:	b2db      	uxtb	r3, r3
200005b8:	3b01      	subs	r3, #1
200005ba:	b2da      	uxtb	r2, r3
200005bc:	687b      	ldr	r3, [r7, #4]
200005be:	f883 203c 	strb.w	r2, [r3, #60]	@ 0x3c
    print("volume: %d\n", self->volume);
200005c2:	687b      	ldr	r3, [r7, #4]
200005c4:	f893 303c 	ldrb.w	r3, [r3, #60]	@ 0x3c
200005c8:	b2db      	uxtb	r3, r3
200005ca:	4619      	mov	r1, r3
200005cc:	4825      	ldr	r0, [pc, #148]	@ (20000664 <reader+0x294>)
200005ce:	f000 f8d1 	bl	20000774 <print>
    break;
200005d2:	e039      	b.n	20000648 <reader+0x278>

  case 'm':
    self->muted ^= 1;
200005d4:	687b      	ldr	r3, [r7, #4]
200005d6:	f893 303d 	ldrb.w	r3, [r3, #61]	@ 0x3d
200005da:	b2db      	uxtb	r3, r3
200005dc:	f083 0301 	eor.w	r3, r3, #1
200005e0:	b2da      	uxtb	r2, r3
200005e2:	687b      	ldr	r3, [r7, #4]
200005e4:	f883 203d 	strb.w	r2, [r3, #61]	@ 0x3d
    print("muted: %d\n", self->muted);
200005e8:	687b      	ldr	r3, [r7, #4]
200005ea:	f893 303d 	ldrb.w	r3, [r3, #61]	@ 0x3d
200005ee:	b2db      	uxtb	r3, r3
200005f0:	4619      	mov	r1, r3
200005f2:	481d      	ldr	r0, [pc, #116]	@ (20000668 <reader+0x298>)
200005f4:	f000 f8be 	bl	20000774 <print>
    break;
200005f8:	e026      	b.n	20000648 <reader+0x278>

  case 'u':
    ASYNC(&background, increase_load, 0);
200005fa:	2300      	movs	r3, #0
200005fc:	9300      	str	r3, [sp, #0]
200005fe:	4b1b      	ldr	r3, [pc, #108]	@ (2000066c <reader+0x29c>)
20000600:	4a1b      	ldr	r2, [pc, #108]	@ (20000670 <reader+0x2a0>)
20000602:	2100      	movs	r1, #0
20000604:	2000      	movs	r0, #0
20000606:	f000 fd53 	bl	200010b0 <async>
    break;
2000060a:	e01d      	b.n	20000648 <reader+0x278>

  case 'd':
    ASYNC(&background, decrease_load, 0);
2000060c:	2300      	movs	r3, #0
2000060e:	9300      	str	r3, [sp, #0]
20000610:	4b18      	ldr	r3, [pc, #96]	@ (20000674 <reader+0x2a4>)
20000612:	4a17      	ldr	r2, [pc, #92]	@ (20000670 <reader+0x2a0>)
20000614:	2100      	movs	r1, #0
20000616:	2000      	movs	r0, #0
20000618:	f000 fd4a 	bl	200010b0 <async>
    break;
2000061c:	e014      	b.n	20000648 <reader+0x278>

    case 't':
    ASYNC(&background, togglebg, 0);
2000061e:	2300      	movs	r3, #0
20000620:	9300      	str	r3, [sp, #0]
20000622:	4b15      	ldr	r3, [pc, #84]	@ (20000678 <reader+0x2a8>)
20000624:	4a12      	ldr	r2, [pc, #72]	@ (20000670 <reader+0x2a0>)
20000626:	2100      	movs	r1, #0
20000628:	2000      	movs	r0, #0
2000062a:	f000 fd41 	bl	200010b0 <async>
   
    break;
2000062e:	e00b      	b.n	20000648 <reader+0x278>

  default:

    self->input[self->inputIndex++] = c;
20000630:	687b      	ldr	r3, [r7, #4]
20000632:	6a1b      	ldr	r3, [r3, #32]
20000634:	1c59      	adds	r1, r3, #1
20000636:	687a      	ldr	r2, [r7, #4]
20000638:	6211      	str	r1, [r2, #32]
2000063a:	683a      	ldr	r2, [r7, #0]
2000063c:	b2d1      	uxtb	r1, r2
2000063e:	687a      	ldr	r2, [r7, #4]
20000640:	4413      	add	r3, r2
20000642:	460a      	mov	r2, r1
20000644:	731a      	strb	r2, [r3, #12]
    break;
20000646:	bf00      	nop
  }
}
20000648:	bf00      	nop
2000064a:	3728      	adds	r7, #40	@ 0x28
2000064c:	46bd      	mov	sp, r7
2000064e:	bd80      	pop	{r7, pc}
20000650:	55555556 	.word	0x55555556
20000654:	20007eac 	.word	0x20007eac
20000658:	20007ec4 	.word	0x20007ec4
2000065c:	20007ed0 	.word	0x20007ed0
20000660:	20007edc 	.word	0x20007edc
20000664:	20007efc 	.word	0x20007efc
20000668:	20007f08 	.word	0x20007f08
2000066c:	20000287 	.word	0x20000287
20000670:	200095bc 	.word	0x200095bc
20000674:	200002c1 	.word	0x200002c1
20000678:	200002f9 	.word	0x200002f9

2000067c <main>:

int main()
{
2000067c:	b580      	push	{r7, lr}
2000067e:	af00      	add	r7, sp, #0
  INSTALL(&sci0, sci_interrupt, SCI_IRQ0);
20000680:	2200      	movs	r2, #0
20000682:	4908      	ldr	r1, [pc, #32]	@ (200006a4 <main+0x28>)
20000684:	4808      	ldr	r0, [pc, #32]	@ (200006a8 <main+0x2c>)
20000686:	f000 ffa3 	bl	200015d0 <install>
  INSTALL(&can0, can_interrupt, CAN_IRQ0);
2000068a:	2201      	movs	r2, #1
2000068c:	4907      	ldr	r1, [pc, #28]	@ (200006ac <main+0x30>)
2000068e:	4808      	ldr	r0, [pc, #32]	@ (200006b0 <main+0x34>)
20000690:	f000 ff9e 	bl	200015d0 <install>
  TINYTIMBER(&app, startApp, 0);
20000694:	2200      	movs	r2, #0
20000696:	4907      	ldr	r1, [pc, #28]	@ (200006b4 <main+0x38>)
20000698:	4807      	ldr	r0, [pc, #28]	@ (200006b8 <main+0x3c>)
2000069a:	f000 ffff 	bl	2000169c <tinytimber>
  return 0;
2000069e:	2300      	movs	r3, #0
}
200006a0:	4618      	mov	r0, r3
200006a2:	bd80      	pop	{r7, pc}
200006a4:	20001ce5 	.word	0x20001ce5
200006a8:	2000919c 	.word	0x2000919c
200006ac:	2000183d 	.word	0x2000183d
200006b0:	20009124 	.word	0x20009124
200006b4:	20000161 	.word	0x20000161
200006b8:	200090e4 	.word	0x200090e4

200006bc <tone_generator>:

void tone_generator(App *self, int unused)
{
200006bc:	b580      	push	{r7, lr}
200006be:	b084      	sub	sp, #16
200006c0:	af02      	add	r7, sp, #8
200006c2:	6078      	str	r0, [r7, #4]
200006c4:	6039      	str	r1, [r7, #0]

  if (self->muted)
200006c6:	687b      	ldr	r3, [r7, #4]
200006c8:	f893 303d 	ldrb.w	r3, [r3, #61]	@ 0x3d
200006cc:	b2db      	uxtb	r3, r3
200006ce:	2b00      	cmp	r3, #0
200006d0:	d003      	beq.n	200006da <tone_generator+0x1e>
  {
    DAC = 0; // stäng av ljud
200006d2:	4b15      	ldr	r3, [pc, #84]	@ (20000728 <tone_generator+0x6c>)
200006d4:	2200      	movs	r2, #0
200006d6:	701a      	strb	r2, [r3, #0]
200006d8:	e00f      	b.n	200006fa <tone_generator+0x3e>
  }
  else if (self->tone_state)
200006da:	687b      	ldr	r3, [r7, #4]
200006dc:	f893 303e 	ldrb.w	r3, [r3, #62]	@ 0x3e
200006e0:	b2db      	uxtb	r3, r3
200006e2:	2b00      	cmp	r3, #0
200006e4:	d006      	beq.n	200006f4 <tone_generator+0x38>
  {
    DAC = self->volume;
200006e6:	4a10      	ldr	r2, [pc, #64]	@ (20000728 <tone_generator+0x6c>)
200006e8:	687b      	ldr	r3, [r7, #4]
200006ea:	f893 303c 	ldrb.w	r3, [r3, #60]	@ 0x3c
200006ee:	b2db      	uxtb	r3, r3
200006f0:	7013      	strb	r3, [r2, #0]
200006f2:	e002      	b.n	200006fa <tone_generator+0x3e>
  }
  else
  {
    DAC = 0;
200006f4:	4b0c      	ldr	r3, [pc, #48]	@ (20000728 <tone_generator+0x6c>)
200006f6:	2200      	movs	r2, #0
200006f8:	701a      	strb	r2, [r3, #0]
  }

  self->tone_state ^= 1; // xor
200006fa:	687b      	ldr	r3, [r7, #4]
200006fc:	f893 303e 	ldrb.w	r3, [r3, #62]	@ 0x3e
20000700:	b2db      	uxtb	r3, r3
20000702:	f083 0301 	eor.w	r3, r3, #1
20000706:	b2da      	uxtb	r2, r3
20000708:	687b      	ldr	r3, [r7, #4]
2000070a:	f883 203e 	strb.w	r2, [r3, #62]	@ 0x3e

  AFTER(USEC(931), self, tone_generator, 0);
2000070e:	2300      	movs	r3, #0
20000710:	9300      	str	r3, [sp, #0]
20000712:	4b06      	ldr	r3, [pc, #24]	@ (2000072c <tone_generator+0x70>)
20000714:	687a      	ldr	r2, [r7, #4]
20000716:	2100      	movs	r1, #0
20000718:	205d      	movs	r0, #93	@ 0x5d
2000071a:	f000 fcc9 	bl	200010b0 <async>
}
2000071e:	bf00      	nop
20000720:	3708      	adds	r7, #8
20000722:	46bd      	mov	sp, r7
20000724:	bd80      	pop	{r7, pc}
20000726:	bf00      	nop
20000728:	4000741c 	.word	0x4000741c
2000072c:	200006bd 	.word	0x200006bd

20000730 <background_load>:

void background_load(Background *self, int unused)
{
20000730:	b580      	push	{r7, lr}
20000732:	b086      	sub	sp, #24
20000734:	af02      	add	r7, sp, #8
20000736:	6078      	str	r0, [r7, #4]
20000738:	6039      	str	r1, [r7, #0]
  volatile int i;

  if (self->loop_toggle)
2000073a:	687b      	ldr	r3, [r7, #4]
2000073c:	689b      	ldr	r3, [r3, #8]
2000073e:	2b00      	cmp	r3, #0
20000740:	d00a      	beq.n	20000758 <background_load+0x28>
  {
     for (i = 0; i < self->background_loop_range; i++)
20000742:	2300      	movs	r3, #0
20000744:	60fb      	str	r3, [r7, #12]
20000746:	e002      	b.n	2000074e <background_load+0x1e>
20000748:	68fb      	ldr	r3, [r7, #12]
2000074a:	3301      	adds	r3, #1
2000074c:	60fb      	str	r3, [r7, #12]
2000074e:	687b      	ldr	r3, [r7, #4]
20000750:	68da      	ldr	r2, [r3, #12]
20000752:	68fb      	ldr	r3, [r7, #12]
20000754:	429a      	cmp	r2, r3
20000756:	dcf7      	bgt.n	20000748 <background_load+0x18>
    {}
  }
  
  AFTER(USEC(1300), self, background_load, 0);
20000758:	2300      	movs	r3, #0
2000075a:	9300      	str	r3, [sp, #0]
2000075c:	4b04      	ldr	r3, [pc, #16]	@ (20000770 <background_load+0x40>)
2000075e:	687a      	ldr	r2, [r7, #4]
20000760:	2100      	movs	r1, #0
20000762:	2082      	movs	r0, #130	@ 0x82
20000764:	f000 fca4 	bl	200010b0 <async>
}
20000768:	bf00      	nop
2000076a:	3710      	adds	r7, #16
2000076c:	46bd      	mov	sp, r7
2000076e:	bd80      	pop	{r7, pc}
20000770:	20000731 	.word	0x20000731

20000774 <print>:

#define BUFFER_SIZE ((unsigned int)1024)

extern Serial sci0;

void print(char *format, ...) {
20000774:	b40f      	push	{r0, r1, r2, r3}
20000776:	b580      	push	{r7, lr}
20000778:	f5ad 6d81 	sub.w	sp, sp, #1032	@ 0x408
2000077c:	af00      	add	r7, sp, #0
  char buffer[BUFFER_SIZE];
  va_list argp;
  va_start(argp, format);
2000077e:	f207 4214 	addw	r2, r7, #1044	@ 0x414
20000782:	f507 6381 	add.w	r3, r7, #1032	@ 0x408
20000786:	f2a3 4304 	subw	r3, r3, #1028	@ 0x404
2000078a:	601a      	str	r2, [r3, #0]
  vsnprintf(buffer, BUFFER_SIZE, format, argp);
2000078c:	f507 6381 	add.w	r3, r7, #1032	@ 0x408
20000790:	f2a3 4304 	subw	r3, r3, #1028	@ 0x404
20000794:	f107 0008 	add.w	r0, r7, #8
20000798:	681b      	ldr	r3, [r3, #0]
2000079a:	f8d7 2410 	ldr.w	r2, [r7, #1040]	@ 0x410
2000079e:	f44f 6180 	mov.w	r1, #1024	@ 0x400
200007a2:	f006 fdd5 	bl	20007350 <vsniprintf>
  va_end(argp);
  SCI_WRITE(&sci0, buffer);
200007a6:	f107 0308 	add.w	r3, r7, #8
200007aa:	461a      	mov	r2, r3
200007ac:	4905      	ldr	r1, [pc, #20]	@ (200007c4 <print+0x50>)
200007ae:	4806      	ldr	r0, [pc, #24]	@ (200007c8 <print+0x54>)
200007b0:	f000 fd1c 	bl	200011ec <sync>
}
200007b4:	bf00      	nop
200007b6:	f507 6781 	add.w	r7, r7, #1032	@ 0x408
200007ba:	46bd      	mov	sp, r7
200007bc:	e8bd 4080 	ldmia.w	sp!, {r7, lr}
200007c0:	b004      	add	sp, #16
200007c2:	4770      	bx	lr
200007c4:	20001c59 	.word	0x20001c59
200007c8:	2000919c 	.word	0x2000919c

200007cc <NVIC_EnableIRQ>:
    The function enables a device-specific interrupt in the NVIC interrupt controller.

    \param [in]      IRQn  External interrupt number. Value cannot be negative.
 */
__STATIC_INLINE void NVIC_EnableIRQ(IRQn_Type IRQn)
{
200007cc:	b480      	push	{r7}
200007ce:	b083      	sub	sp, #12
200007d0:	af00      	add	r7, sp, #0
200007d2:	4603      	mov	r3, r0
200007d4:	71fb      	strb	r3, [r7, #7]
/*  NVIC->ISER[((uint32_t)(IRQn) >> 5)] = (1 << ((uint32_t)(IRQn) & 0x1F));  enable interrupt */
  NVIC->ISER[(uint32_t)((int32_t)IRQn) >> 5] = (uint32_t)(1 << ((uint32_t)((int32_t)IRQn) & (uint32_t)0x1F)); /* enable interrupt */
200007d6:	79fb      	ldrb	r3, [r7, #7]
200007d8:	f003 031f 	and.w	r3, r3, #31
200007dc:	2201      	movs	r2, #1
200007de:	fa02 f103 	lsl.w	r1, r2, r3
200007e2:	4a05      	ldr	r2, [pc, #20]	@ (200007f8 <NVIC_EnableIRQ+0x2c>)
200007e4:	f997 3007 	ldrsb.w	r3, [r7, #7]
200007e8:	095b      	lsrs	r3, r3, #5
200007ea:	f842 1023 	str.w	r1, [r2, r3, lsl #2]
}
200007ee:	bf00      	nop
200007f0:	370c      	adds	r7, #12
200007f2:	46bd      	mov	sp, r7
200007f4:	bc80      	pop	{r7}
200007f6:	4770      	bx	lr
200007f8:	e000e100 	.word	0xe000e100

200007fc <NVIC_SetPriority>:

    \param [in]      IRQn  Interrupt number.
    \param [in]  priority  Priority to set.
 */
__STATIC_INLINE void NVIC_SetPriority(IRQn_Type IRQn, uint32_t priority)
{
200007fc:	b480      	push	{r7}
200007fe:	b083      	sub	sp, #12
20000800:	af00      	add	r7, sp, #0
20000802:	4603      	mov	r3, r0
20000804:	6039      	str	r1, [r7, #0]
20000806:	71fb      	strb	r3, [r7, #7]
  if(IRQn < 0) {
20000808:	f997 3007 	ldrsb.w	r3, [r7, #7]
2000080c:	2b00      	cmp	r3, #0
2000080e:	da0b      	bge.n	20000828 <NVIC_SetPriority+0x2c>
    SCB->SHP[((uint32_t)(IRQn) & 0xF)-4] = ((priority << (8 - __NVIC_PRIO_BITS)) & 0xff); } /* set Priority for Cortex-M  System Interrupts */
20000810:	683b      	ldr	r3, [r7, #0]
20000812:	b2da      	uxtb	r2, r3
20000814:	490c      	ldr	r1, [pc, #48]	@ (20000848 <NVIC_SetPriority+0x4c>)
20000816:	79fb      	ldrb	r3, [r7, #7]
20000818:	f003 030f 	and.w	r3, r3, #15
2000081c:	3b04      	subs	r3, #4
2000081e:	0112      	lsls	r2, r2, #4
20000820:	b2d2      	uxtb	r2, r2
20000822:	440b      	add	r3, r1
20000824:	761a      	strb	r2, [r3, #24]
  else {
    NVIC->IP[(uint32_t)(IRQn)] = ((priority << (8 - __NVIC_PRIO_BITS)) & 0xff);    }        /* set Priority for device specific Interrupts  */
}
20000826:	e009      	b.n	2000083c <NVIC_SetPriority+0x40>
    NVIC->IP[(uint32_t)(IRQn)] = ((priority << (8 - __NVIC_PRIO_BITS)) & 0xff);    }        /* set Priority for device specific Interrupts  */
20000828:	683b      	ldr	r3, [r7, #0]
2000082a:	b2da      	uxtb	r2, r3
2000082c:	4907      	ldr	r1, [pc, #28]	@ (2000084c <NVIC_SetPriority+0x50>)
2000082e:	f997 3007 	ldrsb.w	r3, [r7, #7]
20000832:	0112      	lsls	r2, r2, #4
20000834:	b2d2      	uxtb	r2, r2
20000836:	440b      	add	r3, r1
20000838:	f883 2300 	strb.w	r2, [r3, #768]	@ 0x300
}
2000083c:	bf00      	nop
2000083e:	370c      	adds	r7, #12
20000840:	46bd      	mov	sp, r7
20000842:	bc80      	pop	{r7}
20000844:	4770      	bx	lr
20000846:	bf00      	nop
20000848:	e000ed00 	.word	0xe000ed00
2000084c:	e000e100 	.word	0xe000e100

20000850 <DUMP>:
#include "stm32f4xx_tim.h"
#include "stm32f4xx_usart.h"

void DUMPC(char);

void DUMP(char *s) {
20000850:	b580      	push	{r7, lr}
20000852:	b082      	sub	sp, #8
20000854:	af00      	add	r7, sp, #0
20000856:	6078      	str	r0, [r7, #4]
  while (*s) {
20000858:	e00e      	b.n	20000878 <DUMP+0x28>
    if (*s != '\r')
2000085a:	687b      	ldr	r3, [r7, #4]
2000085c:	781b      	ldrb	r3, [r3, #0]
2000085e:	2b0d      	cmp	r3, #13
20000860:	d007      	beq.n	20000872 <DUMP+0x22>
      DUMPC(*s++);
20000862:	687b      	ldr	r3, [r7, #4]
20000864:	1c5a      	adds	r2, r3, #1
20000866:	607a      	str	r2, [r7, #4]
20000868:	781b      	ldrb	r3, [r3, #0]
2000086a:	4618      	mov	r0, r3
2000086c:	f000 f95a 	bl	20000b24 <DUMPC>
20000870:	e002      	b.n	20000878 <DUMP+0x28>
    else
      s++;
20000872:	687b      	ldr	r3, [r7, #4]
20000874:	3301      	adds	r3, #1
20000876:	607b      	str	r3, [r7, #4]
  while (*s) {
20000878:	687b      	ldr	r3, [r7, #4]
2000087a:	781b      	ldrb	r3, [r3, #0]
2000087c:	2b00      	cmp	r3, #0
2000087e:	d1ec      	bne.n	2000085a <DUMP+0xa>
  }
}
20000880:	bf00      	nop
20000882:	bf00      	nop
20000884:	3708      	adds	r7, #8
20000886:	46bd      	mov	sp, r7
20000888:	bd80      	pop	{r7, pc}

2000088a <DUMPH>:

char hex[] = "0123456789ABCDEF";

void DUMPH(unsigned int val) {
2000088a:	b580      	push	{r7, lr}
2000088c:	b086      	sub	sp, #24
2000088e:	af00      	add	r7, sp, #0
20000890:	6078      	str	r0, [r7, #4]
  char buf[8];
  int i = 0;
20000892:	2300      	movs	r3, #0
20000894:	617b      	str	r3, [r7, #20]
  do {
    buf[i++] = hex[val & 0x0F];
20000896:	687b      	ldr	r3, [r7, #4]
20000898:	f003 020f 	and.w	r2, r3, #15
2000089c:	697b      	ldr	r3, [r7, #20]
2000089e:	1c59      	adds	r1, r3, #1
200008a0:	6179      	str	r1, [r7, #20]
200008a2:	4910      	ldr	r1, [pc, #64]	@ (200008e4 <DUMPH+0x5a>)
200008a4:	5c8a      	ldrb	r2, [r1, r2]
200008a6:	3318      	adds	r3, #24
200008a8:	443b      	add	r3, r7
200008aa:	f803 2c0c 	strb.w	r2, [r3, #-12]
    val = val >> 4;
200008ae:	687b      	ldr	r3, [r7, #4]
200008b0:	091b      	lsrs	r3, r3, #4
200008b2:	607b      	str	r3, [r7, #4]
  } while (val);
200008b4:	687b      	ldr	r3, [r7, #4]
200008b6:	2b00      	cmp	r3, #0
200008b8:	d1ed      	bne.n	20000896 <DUMPH+0xc>
  while (i)
200008ba:	e00a      	b.n	200008d2 <DUMPH+0x48>
    DUMPC(buf[--i]);
200008bc:	697b      	ldr	r3, [r7, #20]
200008be:	3b01      	subs	r3, #1
200008c0:	617b      	str	r3, [r7, #20]
200008c2:	f107 020c 	add.w	r2, r7, #12
200008c6:	697b      	ldr	r3, [r7, #20]
200008c8:	4413      	add	r3, r2
200008ca:	781b      	ldrb	r3, [r3, #0]
200008cc:	4618      	mov	r0, r3
200008ce:	f000 f929 	bl	20000b24 <DUMPC>
  while (i)
200008d2:	697b      	ldr	r3, [r7, #20]
200008d4:	2b00      	cmp	r3, #0
200008d6:	d1f1      	bne.n	200008bc <DUMPH+0x32>
}
200008d8:	bf00      	nop
200008da:	bf00      	nop
200008dc:	3718      	adds	r7, #24
200008de:	46bd      	mov	sp, r7
200008e0:	bd80      	pop	{r7, pc}
200008e2:	bf00      	nop
200008e4:	200095cc 	.word	0x200095cc

200008e8 <DUMPD>:

void DUMPD(int val) {
200008e8:	b580      	push	{r7, lr}
200008ea:	b09e      	sub	sp, #120	@ 0x78
200008ec:	af00      	add	r7, sp, #0
200008ee:	6078      	str	r0, [r7, #4]
  char buf[100];

  int sign = val < 0 ? -1 : 1;
200008f0:	687b      	ldr	r3, [r7, #4]
200008f2:	2b00      	cmp	r3, #0
200008f4:	da03      	bge.n	200008fe <DUMPD+0x16>
200008f6:	f04f 33ff 	mov.w	r3, #4294967295
200008fa:	677b      	str	r3, [r7, #116]	@ 0x74
200008fc:	e001      	b.n	20000902 <DUMPD+0x1a>
200008fe:	2301      	movs	r3, #1
20000900:	677b      	str	r3, [r7, #116]	@ 0x74

  val = val * sign;
20000902:	687b      	ldr	r3, [r7, #4]
20000904:	6f7a      	ldr	r2, [r7, #116]	@ 0x74
20000906:	fb02 f303 	mul.w	r3, r2, r3
2000090a:	607b      	str	r3, [r7, #4]

  int i = 0;
2000090c:	2300      	movs	r3, #0
2000090e:	673b      	str	r3, [r7, #112]	@ 0x70
  do {
    buf[i++] = hex[val % 10];
20000910:	6879      	ldr	r1, [r7, #4]
20000912:	4b1c      	ldr	r3, [pc, #112]	@ (20000984 <DUMPD+0x9c>)
20000914:	fb83 2301 	smull	r2, r3, r3, r1
20000918:	109a      	asrs	r2, r3, #2
2000091a:	17cb      	asrs	r3, r1, #31
2000091c:	1ad2      	subs	r2, r2, r3
2000091e:	4613      	mov	r3, r2
20000920:	009b      	lsls	r3, r3, #2
20000922:	4413      	add	r3, r2
20000924:	005b      	lsls	r3, r3, #1
20000926:	1aca      	subs	r2, r1, r3
20000928:	6f3b      	ldr	r3, [r7, #112]	@ 0x70
2000092a:	1c59      	adds	r1, r3, #1
2000092c:	6739      	str	r1, [r7, #112]	@ 0x70
2000092e:	4916      	ldr	r1, [pc, #88]	@ (20000988 <DUMPD+0xa0>)
20000930:	5c8a      	ldrb	r2, [r1, r2]
20000932:	3378      	adds	r3, #120	@ 0x78
20000934:	443b      	add	r3, r7
20000936:	f803 2c6c 	strb.w	r2, [r3, #-108]
    val = val / 10;
2000093a:	687b      	ldr	r3, [r7, #4]
2000093c:	4a11      	ldr	r2, [pc, #68]	@ (20000984 <DUMPD+0x9c>)
2000093e:	fb82 1203 	smull	r1, r2, r2, r3
20000942:	1092      	asrs	r2, r2, #2
20000944:	17db      	asrs	r3, r3, #31
20000946:	1ad3      	subs	r3, r2, r3
20000948:	607b      	str	r3, [r7, #4]
  } while (val);
2000094a:	687b      	ldr	r3, [r7, #4]
2000094c:	2b00      	cmp	r3, #0
2000094e:	d1df      	bne.n	20000910 <DUMPD+0x28>
  if (sign < 0)
20000950:	6f7b      	ldr	r3, [r7, #116]	@ 0x74
20000952:	2b00      	cmp	r3, #0
20000954:	da0e      	bge.n	20000974 <DUMPD+0x8c>
    DUMPC('-');
20000956:	202d      	movs	r0, #45	@ 0x2d
20000958:	f000 f8e4 	bl	20000b24 <DUMPC>
  while (i)
2000095c:	e00a      	b.n	20000974 <DUMPD+0x8c>
    DUMPC(buf[--i]);
2000095e:	6f3b      	ldr	r3, [r7, #112]	@ 0x70
20000960:	3b01      	subs	r3, #1
20000962:	673b      	str	r3, [r7, #112]	@ 0x70
20000964:	f107 020c 	add.w	r2, r7, #12
20000968:	6f3b      	ldr	r3, [r7, #112]	@ 0x70
2000096a:	4413      	add	r3, r2
2000096c:	781b      	ldrb	r3, [r3, #0]
2000096e:	4618      	mov	r0, r3
20000970:	f000 f8d8 	bl	20000b24 <DUMPC>
  while (i)
20000974:	6f3b      	ldr	r3, [r7, #112]	@ 0x70
20000976:	2b00      	cmp	r3, #0
20000978:	d1f1      	bne.n	2000095e <DUMPD+0x76>
}
2000097a:	bf00      	nop
2000097c:	bf00      	nop
2000097e:	3778      	adds	r7, #120	@ 0x78
20000980:	46bd      	mov	sp, r7
20000982:	bd80      	pop	{r7, pc}
20000984:	66666667 	.word	0x66666667
20000988:	200095cc 	.word	0x200095cc

2000098c <sei>:

// Cortex m4 dependencies

#define __CURRENT_PRIORITY ((__get_BASEPRI() >> (8 - __NVIC_PRIO_BITS)))

void sei(void) { __set_BASEPRI(__DISABLED_PRIORITY << (8 - __NVIC_PRIO_BITS)); }
2000098c:	b480      	push	{r7}
2000098e:	b083      	sub	sp, #12
20000990:	af00      	add	r7, sp, #0
20000992:	2310      	movs	r3, #16
20000994:	607b      	str	r3, [r7, #4]

    \param [in]    basePri  Base Priority value to set
 */
__attribute__( ( always_inline ) ) __STATIC_INLINE void __set_BASEPRI(uint32_t value)
{
  __ASM volatile ("MSR basepri, %0" : : "r" (value) : "memory");
20000996:	687b      	ldr	r3, [r7, #4]
20000998:	f383 8811 	msr	BASEPRI, r3
}
2000099c:	bf00      	nop
2000099e:	bf00      	nop
200009a0:	370c      	adds	r7, #12
200009a2:	46bd      	mov	sp, r7
200009a4:	bc80      	pop	{r7}
200009a6:	4770      	bx	lr

200009a8 <cli>:
void cli(void) { __set_BASEPRI(__ENABLED_PRIORITY << (8 - __NVIC_PRIO_BITS)); }
200009a8:	b480      	push	{r7}
200009aa:	b083      	sub	sp, #12
200009ac:	af00      	add	r7, sp, #0
200009ae:	2330      	movs	r3, #48	@ 0x30
200009b0:	607b      	str	r3, [r7, #4]
  __ASM volatile ("MSR basepri, %0" : : "r" (value) : "memory");
200009b2:	687b      	ldr	r3, [r7, #4]
200009b4:	f383 8811 	msr	BASEPRI, r3
}
200009b8:	bf00      	nop
200009ba:	bf00      	nop
200009bc:	370c      	adds	r7, #12
200009be:	46bd      	mov	sp, r7
200009c0:	bc80      	pop	{r7}
200009c2:	4770      	bx	lr

200009c4 <_sbrk>:
#ifdef __USE_LOCAL_SBRK
// register char *__stack_ptr asm ("sp");

char *__heap_end;

void *_sbrk(int incr) {
200009c4:	b580      	push	{r7, lr}
200009c6:	b084      	sub	sp, #16
200009c8:	af00      	add	r7, sp, #0
200009ca:	6078      	str	r0, [r7, #4]
  extern char end; /* Set by linker.  */
  char *prev_heap_end;

  DUMP("NOTE: _sbrk in use!\n\r");
200009cc:	480b      	ldr	r0, [pc, #44]	@ (200009fc <_sbrk+0x38>)
200009ce:	f7ff ff3f 	bl	20000850 <DUMP>

  if (__heap_end == 0)
200009d2:	4b0b      	ldr	r3, [pc, #44]	@ (20000a00 <_sbrk+0x3c>)
200009d4:	681b      	ldr	r3, [r3, #0]
200009d6:	2b00      	cmp	r3, #0
200009d8:	d102      	bne.n	200009e0 <_sbrk+0x1c>
    __heap_end = &end;
200009da:	4b09      	ldr	r3, [pc, #36]	@ (20000a00 <_sbrk+0x3c>)
200009dc:	4a09      	ldr	r2, [pc, #36]	@ (20000a04 <_sbrk+0x40>)
200009de:	601a      	str	r2, [r3, #0]

  prev_heap_end = __heap_end;
200009e0:	4b07      	ldr	r3, [pc, #28]	@ (20000a00 <_sbrk+0x3c>)
200009e2:	681b      	ldr	r3, [r3, #0]
200009e4:	60fb      	str	r3, [r7, #12]

  //	if (__heap_end + incr > __stack_ptr) // will fail if stacks[0]-stacks[3]
  // is used 		PANIC("_sbrk: Heap and stack collision\r\n");

  __heap_end += incr;
200009e6:	4b06      	ldr	r3, [pc, #24]	@ (20000a00 <_sbrk+0x3c>)
200009e8:	681a      	ldr	r2, [r3, #0]
200009ea:	687b      	ldr	r3, [r7, #4]
200009ec:	4413      	add	r3, r2
200009ee:	4a04      	ldr	r2, [pc, #16]	@ (20000a00 <_sbrk+0x3c>)
200009f0:	6013      	str	r3, [r2, #0]

  return (void *)prev_heap_end;
200009f2:	68fb      	ldr	r3, [r7, #12]
}
200009f4:	4618      	mov	r0, r3
200009f6:	3710      	adds	r7, #16
200009f8:	46bd      	mov	sp, r7
200009fa:	bd80      	pop	{r7, pc}
200009fc:	20007f14 	.word	0x20007f14
20000a00:	2000a000 	.word	0x2000a000
20000a04:	20012384 	.word	0x20012384

20000a08 <SETSTACK>:

#define HW32_REG(ADDRESS) (*((volatile unsigned long *)(ADDRESS)))

#define SETCONTEXT(c)

void SETSTACK(CONTEXT_T *cp, struct stack *sp) {
20000a08:	b480      	push	{r7}
20000a0a:	b085      	sub	sp, #20
20000a0c:	af00      	add	r7, sp, #0
20000a0e:	6078      	str	r0, [r7, #4]
20000a10:	6039      	str	r1, [r7, #0]
  *cp = ((CONTEXT_T)sp) + STACKSIZE * sizeof(STACK_T) -
20000a12:	683b      	ldr	r3, [r7, #0]
20000a14:	f503 53f9 	add.w	r3, r3, #7968	@ 0x1f20
20000a18:	3310      	adds	r3, #16
20000a1a:	687a      	ldr	r2, [r7, #4]
20000a1c:	6013      	str	r3, [r2, #0]
        CONTEXTSIZE * sizeof(CONTEXT_T);

  CONTEXT_T ci = *cp;
20000a1e:	687b      	ldr	r3, [r7, #4]
20000a20:	681b      	ldr	r3, [r3, #0]
20000a22:	60bb      	str	r3, [r7, #8]
  int i;
  for (i = 0; i < CONTEXTSIZE; i++)
20000a24:	2300      	movs	r3, #0
20000a26:	60fb      	str	r3, [r7, #12]
20000a28:	e009      	b.n	20000a3e <SETSTACK+0x36>
    HW32_REG(ci + (i << 2)) = 0;
20000a2a:	68fb      	ldr	r3, [r7, #12]
20000a2c:	009a      	lsls	r2, r3, #2
20000a2e:	68bb      	ldr	r3, [r7, #8]
20000a30:	4413      	add	r3, r2
20000a32:	461a      	mov	r2, r3
20000a34:	2300      	movs	r3, #0
20000a36:	6013      	str	r3, [r2, #0]
  for (i = 0; i < CONTEXTSIZE; i++)
20000a38:	68fb      	ldr	r3, [r7, #12]
20000a3a:	3301      	adds	r3, #1
20000a3c:	60fb      	str	r3, [r7, #12]
20000a3e:	68fb      	ldr	r3, [r7, #12]
20000a40:	2b33      	cmp	r3, #51	@ 0x33
20000a42:	ddf2      	ble.n	20000a2a <SETSTACK+0x22>
  HW32_REG(ci + (CONTEXT_EXC_OFF << 2)) = 0xFFFFFFE9;
20000a44:	68bb      	ldr	r3, [r7, #8]
20000a46:	f06f 0216 	mvn.w	r2, #22
20000a4a:	601a      	str	r2, [r3, #0]
  HW32_REG(ci + (CONTEXT_BASEPRI_OFF << 2)) = __ENABLED_PRIORITY;
20000a4c:	68bb      	ldr	r3, [r7, #8]
20000a4e:	3304      	adds	r3, #4
20000a50:	461a      	mov	r2, r3
20000a52:	2303      	movs	r3, #3
20000a54:	6013      	str	r3, [r2, #0]
  HW32_REG(ci + (CONTEXT_xPSR_OFF << 2)) = 0x01000000;
20000a56:	68bb      	ldr	r3, [r7, #8]
20000a58:	3384      	adds	r3, #132	@ 0x84
20000a5a:	461a      	mov	r2, r3
20000a5c:	f04f 7380 	mov.w	r3, #16777216	@ 0x1000000
20000a60:	6013      	str	r3, [r2, #0]
}
20000a62:	bf00      	nop
20000a64:	3714      	adds	r7, #20
20000a66:	46bd      	mov	sp, r7
20000a68:	bc80      	pop	{r7}
20000a6a:	4770      	bx	lr

20000a6c <SETPC>:

void SETPC(CONTEXT_T *cp, void (*fp)(void)) {
20000a6c:	b480      	push	{r7}
20000a6e:	b085      	sub	sp, #20
20000a70:	af00      	add	r7, sp, #0
20000a72:	6078      	str	r0, [r7, #4]
20000a74:	6039      	str	r1, [r7, #0]
  CONTEXT_T pc_p = *cp + (CONTEXT_PC_OFF << 2);
20000a76:	687b      	ldr	r3, [r7, #4]
20000a78:	681b      	ldr	r3, [r3, #0]
20000a7a:	3380      	adds	r3, #128	@ 0x80
20000a7c:	60fb      	str	r3, [r7, #12]
  HW32_REG(pc_p) = (unsigned long)fp;
20000a7e:	68fb      	ldr	r3, [r7, #12]
20000a80:	683a      	ldr	r2, [r7, #0]
20000a82:	601a      	str	r2, [r3, #0]
}
20000a84:	bf00      	nop
20000a86:	3714      	adds	r7, #20
20000a88:	46bd      	mov	sp, r7
20000a8a:	bc80      	pop	{r7}
20000a8c:	4770      	bx	lr

20000a8e <TIMER_INIT>:
#define TIM5_IRQ_VECTOR (0x2001C000 + 0x108)
#define TIMER_COMPARE_INTERRUPT void vect_TIM5(void)

TIMER_COMPARE_INTERRUPT;

void TIMER_INIT() {
20000a8e:	b580      	push	{r7, lr}
20000a90:	b084      	sub	sp, #16
20000a92:	af00      	add	r7, sp, #0
          (++) Prescaler value = 0x0000
          (++) Counter mode = Up counting
          (++) Clock Division = TIM_CKD_DIV1
   */

  TIM_DeInit(TIM5);
20000a94:	481c      	ldr	r0, [pc, #112]	@ (20000b08 <TIMER_INIT+0x7a>)
20000a96:	f004 f8f7 	bl	20004c88 <TIM_DeInit>

  TIM_TimeBaseStructInit(&TIM_TimeBaseInitStructure);
20000a9a:	1d3b      	adds	r3, r7, #4
20000a9c:	4618      	mov	r0, r3
20000a9e:	f004 fa3d 	bl	20004f1c <TIM_TimeBaseStructInit>
  TIM_TimeBaseInitStructure.TIM_Prescaler = __TIMER_PRESCALE;
20000aa2:	f240 3347 	movw	r3, #839	@ 0x347
20000aa6:	80bb      	strh	r3, [r7, #4]
  TIM_TimeBaseInit(TIM5, &TIM_TimeBaseInitStructure);
20000aa8:	1d3b      	adds	r3, r7, #4
20000aaa:	4619      	mov	r1, r3
20000aac:	4816      	ldr	r0, [pc, #88]	@ (20000b08 <TIMER_INIT+0x7a>)
20000aae:	f004 f9cb 	bl	20004e48 <TIM_TimeBaseInit>

  *((void (**)(void))PendSV_IRQ_VECTOR) = vect_PendSV;
20000ab2:	4b16      	ldr	r3, [pc, #88]	@ (20000b0c <TIMER_INIT+0x7e>)
20000ab4:	4a16      	ldr	r2, [pc, #88]	@ (20000b10 <TIMER_INIT+0x82>)
20000ab6:	601a      	str	r2, [r3, #0]

  NVIC_SetPriority(PendSV_IRQn,
20000ab8:	2102      	movs	r1, #2
20000aba:	f06f 0001 	mvn.w	r0, #1
20000abe:	f7ff fe9d 	bl	200007fc <NVIC_SetPriority>
                   __IRQ_PRIORITY); // same priority as timer and USART1

  *((void (**)(void))SVCall_IRQ_VECTOR) = vect_SVCall;
20000ac2:	4b14      	ldr	r3, [pc, #80]	@ (20000b14 <TIMER_INIT+0x86>)
20000ac4:	4a14      	ldr	r2, [pc, #80]	@ (20000b18 <TIMER_INIT+0x8a>)
20000ac6:	601a      	str	r2, [r3, #0]

  NVIC_SetPriority(SVCall_IRQn, 0x00); // highest priority
20000ac8:	2100      	movs	r1, #0
20000aca:	f06f 0004 	mvn.w	r0, #4
20000ace:	f7ff fe95 	bl	200007fc <NVIC_SetPriority>

  *((void (**)(void))TIM5_IRQ_VECTOR) = vect_TIM5;
20000ad2:	4b12      	ldr	r3, [pc, #72]	@ (20000b1c <TIMER_INIT+0x8e>)
20000ad4:	4a12      	ldr	r2, [pc, #72]	@ (20000b20 <TIMER_INIT+0x92>)
20000ad6:	601a      	str	r2, [r3, #0]

  NVIC_SetPriority(TIM5_IRQn, __IRQ_PRIORITY);
20000ad8:	2102      	movs	r1, #2
20000ada:	2032      	movs	r0, #50	@ 0x32
20000adc:	f7ff fe8e 	bl	200007fc <NVIC_SetPriority>
  NVIC_EnableIRQ(TIM5_IRQn);
20000ae0:	2032      	movs	r0, #50	@ 0x32
20000ae2:	f7ff fe73 	bl	200007cc <NVIC_EnableIRQ>

  TIM_SetCounter(TIM5, 0);
20000ae6:	2100      	movs	r1, #0
20000ae8:	4807      	ldr	r0, [pc, #28]	@ (20000b08 <TIMER_INIT+0x7a>)
20000aea:	f004 fa5e 	bl	20004faa <TIM_SetCounter>
  TIM_Cmd(TIM5, ENABLE);
20000aee:	2101      	movs	r1, #1
20000af0:	4805      	ldr	r0, [pc, #20]	@ (20000b08 <TIMER_INIT+0x7a>)
20000af2:	f004 fb1e 	bl	20005132 <TIM_Cmd>

  TIM_ITConfig(TIM5, TIM_IT_CC1, ENABLE);
20000af6:	2201      	movs	r2, #1
20000af8:	2102      	movs	r1, #2
20000afa:	4803      	ldr	r0, [pc, #12]	@ (20000b08 <TIMER_INIT+0x7a>)
20000afc:	f005 fabc 	bl	20006078 <TIM_ITConfig>
}
20000b00:	bf00      	nop
20000b02:	3710      	adds	r7, #16
20000b04:	46bd      	mov	sp, r7
20000b06:	bd80      	pop	{r7, pc}
20000b08:	40000c00 	.word	0x40000c00
20000b0c:	2001c038 	.word	0x2001c038
20000b10:	20001f6d 	.word	0x20001f6d
20000b14:	2001c02c 	.word	0x2001c02c
20000b18:	20001f69 	.word	0x20001f69
20000b1c:	2001c108 	.word	0x2001c108
20000b20:	20000e9f 	.word	0x20000e9f

20000b24 <DUMPC>:

#define TIMERSET(x) (TIM_SetCompare1(TIM5, x->baseline))

#define INFINITY 0x7fffffffL

void DUMPC(char c) {
20000b24:	b580      	push	{r7, lr}
20000b26:	b082      	sub	sp, #8
20000b28:	af00      	add	r7, sp, #0
20000b2a:	4603      	mov	r3, r0
20000b2c:	71fb      	strb	r3, [r7, #7]
  USART_SendData(USART1, c);
20000b2e:	79fb      	ldrb	r3, [r7, #7]
20000b30:	b29b      	uxth	r3, r3
20000b32:	4619      	mov	r1, r3
20000b34:	4807      	ldr	r0, [pc, #28]	@ (20000b54 <DUMPC+0x30>)
20000b36:	f006 f87b 	bl	20006c30 <USART_SendData>
  while (USART_GetFlagStatus(USART1, USART_FLAG_TXE) == RESET)
20000b3a:	bf00      	nop
20000b3c:	2180      	movs	r1, #128	@ 0x80
20000b3e:	4805      	ldr	r0, [pc, #20]	@ (20000b54 <DUMPC+0x30>)
20000b40:	f006 fa55 	bl	20006fee <USART_GetFlagStatus>
20000b44:	4603      	mov	r3, r0
20000b46:	2b00      	cmp	r3, #0
20000b48:	d0f8      	beq.n	20000b3c <DUMPC+0x18>
    ;
}
20000b4a:	bf00      	nop
20000b4c:	bf00      	nop
20000b4e:	3708      	adds	r7, #8
20000b50:	46bd      	mov	sp, r7
20000b52:	bd80      	pop	{r7, pc}
20000b54:	40011000 	.word	0x40011000

20000b58 <vect_USART1>:
      schedule();                                                              \
    doIRQSchedule = 0;                                                         \
  }
#endif

IRQ(IRQ_USART1, vect_USART1);
20000b58:	b580      	push	{r7, lr}
20000b5a:	af00      	add	r7, sp, #0
20000b5c:	4812      	ldr	r0, [pc, #72]	@ (20000ba8 <vect_USART1+0x50>)
20000b5e:	f004 fa3e 	bl	20004fde <TIM_GetCounter>
20000b62:	4603      	mov	r3, r0
20000b64:	461a      	mov	r2, r3
20000b66:	4b11      	ldr	r3, [pc, #68]	@ (20000bac <vect_USART1+0x54>)
20000b68:	601a      	str	r2, [r3, #0]
20000b6a:	4b11      	ldr	r3, [pc, #68]	@ (20000bb0 <vect_USART1+0x58>)
20000b6c:	2201      	movs	r2, #1
20000b6e:	601a      	str	r2, [r3, #0]
20000b70:	4b10      	ldr	r3, [pc, #64]	@ (20000bb4 <vect_USART1+0x5c>)
20000b72:	2200      	movs	r2, #0
20000b74:	601a      	str	r2, [r3, #0]
20000b76:	4b10      	ldr	r3, [pc, #64]	@ (20000bb8 <vect_USART1+0x60>)
20000b78:	681b      	ldr	r3, [r3, #0]
20000b7a:	2b00      	cmp	r3, #0
20000b7c:	d006      	beq.n	20000b8c <vect_USART1+0x34>
20000b7e:	4b0e      	ldr	r3, [pc, #56]	@ (20000bb8 <vect_USART1+0x60>)
20000b80:	681b      	ldr	r3, [r3, #0]
20000b82:	4a0e      	ldr	r2, [pc, #56]	@ (20000bbc <vect_USART1+0x64>)
20000b84:	6812      	ldr	r2, [r2, #0]
20000b86:	2100      	movs	r1, #0
20000b88:	4610      	mov	r0, r2
20000b8a:	4798      	blx	r3
20000b8c:	4b08      	ldr	r3, [pc, #32]	@ (20000bb0 <vect_USART1+0x58>)
20000b8e:	2200      	movs	r2, #0
20000b90:	601a      	str	r2, [r3, #0]
20000b92:	4b08      	ldr	r3, [pc, #32]	@ (20000bb4 <vect_USART1+0x5c>)
20000b94:	681b      	ldr	r3, [r3, #0]
20000b96:	2b00      	cmp	r3, #0
20000b98:	d001      	beq.n	20000b9e <vect_USART1+0x46>
20000b9a:	f000 fa57 	bl	2000104c <schedule>
20000b9e:	4b05      	ldr	r3, [pc, #20]	@ (20000bb4 <vect_USART1+0x5c>)
20000ba0:	2200      	movs	r2, #0
20000ba2:	601a      	str	r2, [r3, #0]
20000ba4:	bd80      	pop	{r7, pc}
20000ba6:	bf00      	nop
20000ba8:	40000c00 	.word	0x40000c00
20000bac:	2001234c 	.word	0x2001234c
20000bb0:	20012344 	.word	0x20012344
20000bb4:	20012348 	.word	0x20012348
20000bb8:	20012358 	.word	0x20012358
20000bbc:	20012364 	.word	0x20012364

20000bc0 <vect_CAN1>:
IRQ(IRQ_CAN1, vect_CAN1);
20000bc0:	b580      	push	{r7, lr}
20000bc2:	af00      	add	r7, sp, #0
20000bc4:	4812      	ldr	r0, [pc, #72]	@ (20000c10 <vect_CAN1+0x50>)
20000bc6:	f004 fa0a 	bl	20004fde <TIM_GetCounter>
20000bca:	4603      	mov	r3, r0
20000bcc:	461a      	mov	r2, r3
20000bce:	4b11      	ldr	r3, [pc, #68]	@ (20000c14 <vect_CAN1+0x54>)
20000bd0:	601a      	str	r2, [r3, #0]
20000bd2:	4b11      	ldr	r3, [pc, #68]	@ (20000c18 <vect_CAN1+0x58>)
20000bd4:	2201      	movs	r2, #1
20000bd6:	601a      	str	r2, [r3, #0]
20000bd8:	4b10      	ldr	r3, [pc, #64]	@ (20000c1c <vect_CAN1+0x5c>)
20000bda:	2200      	movs	r2, #0
20000bdc:	601a      	str	r2, [r3, #0]
20000bde:	4b10      	ldr	r3, [pc, #64]	@ (20000c20 <vect_CAN1+0x60>)
20000be0:	685b      	ldr	r3, [r3, #4]
20000be2:	2b00      	cmp	r3, #0
20000be4:	d006      	beq.n	20000bf4 <vect_CAN1+0x34>
20000be6:	4b0e      	ldr	r3, [pc, #56]	@ (20000c20 <vect_CAN1+0x60>)
20000be8:	685b      	ldr	r3, [r3, #4]
20000bea:	4a0e      	ldr	r2, [pc, #56]	@ (20000c24 <vect_CAN1+0x64>)
20000bec:	6852      	ldr	r2, [r2, #4]
20000bee:	2101      	movs	r1, #1
20000bf0:	4610      	mov	r0, r2
20000bf2:	4798      	blx	r3
20000bf4:	4b08      	ldr	r3, [pc, #32]	@ (20000c18 <vect_CAN1+0x58>)
20000bf6:	2200      	movs	r2, #0
20000bf8:	601a      	str	r2, [r3, #0]
20000bfa:	4b08      	ldr	r3, [pc, #32]	@ (20000c1c <vect_CAN1+0x5c>)
20000bfc:	681b      	ldr	r3, [r3, #0]
20000bfe:	2b00      	cmp	r3, #0
20000c00:	d001      	beq.n	20000c06 <vect_CAN1+0x46>
20000c02:	f000 fa23 	bl	2000104c <schedule>
20000c06:	4b05      	ldr	r3, [pc, #20]	@ (20000c1c <vect_CAN1+0x5c>)
20000c08:	2200      	movs	r2, #0
20000c0a:	601a      	str	r2, [r3, #0]
20000c0c:	bd80      	pop	{r7, pc}
20000c0e:	bf00      	nop
20000c10:	40000c00 	.word	0x40000c00
20000c14:	2001234c 	.word	0x2001234c
20000c18:	20012344 	.word	0x20012344
20000c1c:	20012348 	.word	0x20012348
20000c20:	20012358 	.word	0x20012358
20000c24:	20012364 	.word	0x20012364

20000c28 <vect_EXTI9_5>:
IRQ(IRQ_EXTI9_5, vect_EXTI9_5);
20000c28:	b580      	push	{r7, lr}
20000c2a:	af00      	add	r7, sp, #0
20000c2c:	4812      	ldr	r0, [pc, #72]	@ (20000c78 <vect_EXTI9_5+0x50>)
20000c2e:	f004 f9d6 	bl	20004fde <TIM_GetCounter>
20000c32:	4603      	mov	r3, r0
20000c34:	461a      	mov	r2, r3
20000c36:	4b11      	ldr	r3, [pc, #68]	@ (20000c7c <vect_EXTI9_5+0x54>)
20000c38:	601a      	str	r2, [r3, #0]
20000c3a:	4b11      	ldr	r3, [pc, #68]	@ (20000c80 <vect_EXTI9_5+0x58>)
20000c3c:	2201      	movs	r2, #1
20000c3e:	601a      	str	r2, [r3, #0]
20000c40:	4b10      	ldr	r3, [pc, #64]	@ (20000c84 <vect_EXTI9_5+0x5c>)
20000c42:	2200      	movs	r2, #0
20000c44:	601a      	str	r2, [r3, #0]
20000c46:	4b10      	ldr	r3, [pc, #64]	@ (20000c88 <vect_EXTI9_5+0x60>)
20000c48:	689b      	ldr	r3, [r3, #8]
20000c4a:	2b00      	cmp	r3, #0
20000c4c:	d006      	beq.n	20000c5c <vect_EXTI9_5+0x34>
20000c4e:	4b0e      	ldr	r3, [pc, #56]	@ (20000c88 <vect_EXTI9_5+0x60>)
20000c50:	689b      	ldr	r3, [r3, #8]
20000c52:	4a0e      	ldr	r2, [pc, #56]	@ (20000c8c <vect_EXTI9_5+0x64>)
20000c54:	6892      	ldr	r2, [r2, #8]
20000c56:	2102      	movs	r1, #2
20000c58:	4610      	mov	r0, r2
20000c5a:	4798      	blx	r3
20000c5c:	4b08      	ldr	r3, [pc, #32]	@ (20000c80 <vect_EXTI9_5+0x58>)
20000c5e:	2200      	movs	r2, #0
20000c60:	601a      	str	r2, [r3, #0]
20000c62:	4b08      	ldr	r3, [pc, #32]	@ (20000c84 <vect_EXTI9_5+0x5c>)
20000c64:	681b      	ldr	r3, [r3, #0]
20000c66:	2b00      	cmp	r3, #0
20000c68:	d001      	beq.n	20000c6e <vect_EXTI9_5+0x46>
20000c6a:	f000 f9ef 	bl	2000104c <schedule>
20000c6e:	4b05      	ldr	r3, [pc, #20]	@ (20000c84 <vect_EXTI9_5+0x5c>)
20000c70:	2200      	movs	r2, #0
20000c72:	601a      	str	r2, [r3, #0]
20000c74:	bd80      	pop	{r7, pc}
20000c76:	bf00      	nop
20000c78:	40000c00 	.word	0x40000c00
20000c7c:	2001234c 	.word	0x2001234c
20000c80:	20012344 	.word	0x20012344
20000c84:	20012348 	.word	0x20012348
20000c88:	20012358 	.word	0x20012358
20000c8c:	20012364 	.word	0x20012364

20000c90 <enqueueByDeadline>:

// End of target dependencies

/* queue manager */
void enqueueByDeadline(Msg p, Msg *queue) {
20000c90:	b480      	push	{r7}
20000c92:	b085      	sub	sp, #20
20000c94:	af00      	add	r7, sp, #0
20000c96:	6078      	str	r0, [r7, #4]
20000c98:	6039      	str	r1, [r7, #0]
  Msg prev = NULL, q = *queue;
20000c9a:	2300      	movs	r3, #0
20000c9c:	60fb      	str	r3, [r7, #12]
20000c9e:	683b      	ldr	r3, [r7, #0]
20000ca0:	681b      	ldr	r3, [r3, #0]
20000ca2:	60bb      	str	r3, [r7, #8]
  while (q && (q->deadline <= p->deadline)) {
20000ca4:	e004      	b.n	20000cb0 <enqueueByDeadline+0x20>
    prev = q;
20000ca6:	68bb      	ldr	r3, [r7, #8]
20000ca8:	60fb      	str	r3, [r7, #12]
    q = q->next;
20000caa:	68bb      	ldr	r3, [r7, #8]
20000cac:	681b      	ldr	r3, [r3, #0]
20000cae:	60bb      	str	r3, [r7, #8]
  while (q && (q->deadline <= p->deadline)) {
20000cb0:	68bb      	ldr	r3, [r7, #8]
20000cb2:	2b00      	cmp	r3, #0
20000cb4:	d005      	beq.n	20000cc2 <enqueueByDeadline+0x32>
20000cb6:	68bb      	ldr	r3, [r7, #8]
20000cb8:	689a      	ldr	r2, [r3, #8]
20000cba:	687b      	ldr	r3, [r7, #4]
20000cbc:	689b      	ldr	r3, [r3, #8]
20000cbe:	429a      	cmp	r2, r3
20000cc0:	ddf1      	ble.n	20000ca6 <enqueueByDeadline+0x16>
  }
  p->next = q;
20000cc2:	687b      	ldr	r3, [r7, #4]
20000cc4:	68ba      	ldr	r2, [r7, #8]
20000cc6:	601a      	str	r2, [r3, #0]
  if (prev == NULL)
20000cc8:	68fb      	ldr	r3, [r7, #12]
20000cca:	2b00      	cmp	r3, #0
20000ccc:	d103      	bne.n	20000cd6 <enqueueByDeadline+0x46>
    *queue = p;
20000cce:	683b      	ldr	r3, [r7, #0]
20000cd0:	687a      	ldr	r2, [r7, #4]
20000cd2:	601a      	str	r2, [r3, #0]
  else
    prev->next = p;
}
20000cd4:	e002      	b.n	20000cdc <enqueueByDeadline+0x4c>
    prev->next = p;
20000cd6:	68fb      	ldr	r3, [r7, #12]
20000cd8:	687a      	ldr	r2, [r7, #4]
20000cda:	601a      	str	r2, [r3, #0]
}
20000cdc:	bf00      	nop
20000cde:	3714      	adds	r7, #20
20000ce0:	46bd      	mov	sp, r7
20000ce2:	bc80      	pop	{r7}
20000ce4:	4770      	bx	lr

20000ce6 <enqueueByBaseline>:

void enqueueByBaseline(Msg p, Msg *queue) {
20000ce6:	b480      	push	{r7}
20000ce8:	b085      	sub	sp, #20
20000cea:	af00      	add	r7, sp, #0
20000cec:	6078      	str	r0, [r7, #4]
20000cee:	6039      	str	r1, [r7, #0]
  Msg prev = NULL, q = *queue;
20000cf0:	2300      	movs	r3, #0
20000cf2:	60fb      	str	r3, [r7, #12]
20000cf4:	683b      	ldr	r3, [r7, #0]
20000cf6:	681b      	ldr	r3, [r3, #0]
20000cf8:	60bb      	str	r3, [r7, #8]
  while (q && (q->baseline <= p->baseline)) {
20000cfa:	e004      	b.n	20000d06 <enqueueByBaseline+0x20>
    prev = q;
20000cfc:	68bb      	ldr	r3, [r7, #8]
20000cfe:	60fb      	str	r3, [r7, #12]
    q = q->next;
20000d00:	68bb      	ldr	r3, [r7, #8]
20000d02:	681b      	ldr	r3, [r3, #0]
20000d04:	60bb      	str	r3, [r7, #8]
  while (q && (q->baseline <= p->baseline)) {
20000d06:	68bb      	ldr	r3, [r7, #8]
20000d08:	2b00      	cmp	r3, #0
20000d0a:	d005      	beq.n	20000d18 <enqueueByBaseline+0x32>
20000d0c:	68bb      	ldr	r3, [r7, #8]
20000d0e:	685a      	ldr	r2, [r3, #4]
20000d10:	687b      	ldr	r3, [r7, #4]
20000d12:	685b      	ldr	r3, [r3, #4]
20000d14:	429a      	cmp	r2, r3
20000d16:	ddf1      	ble.n	20000cfc <enqueueByBaseline+0x16>
  }
  p->next = q;
20000d18:	687b      	ldr	r3, [r7, #4]
20000d1a:	68ba      	ldr	r2, [r7, #8]
20000d1c:	601a      	str	r2, [r3, #0]
  if (prev == NULL)
20000d1e:	68fb      	ldr	r3, [r7, #12]
20000d20:	2b00      	cmp	r3, #0
20000d22:	d103      	bne.n	20000d2c <enqueueByBaseline+0x46>
    *queue = p;
20000d24:	683b      	ldr	r3, [r7, #0]
20000d26:	687a      	ldr	r2, [r7, #4]
20000d28:	601a      	str	r2, [r3, #0]
  else
    prev->next = p;
}
20000d2a:	e002      	b.n	20000d32 <enqueueByBaseline+0x4c>
    prev->next = p;
20000d2c:	68fb      	ldr	r3, [r7, #12]
20000d2e:	687a      	ldr	r2, [r7, #4]
20000d30:	601a      	str	r2, [r3, #0]
}
20000d32:	bf00      	nop
20000d34:	3714      	adds	r7, #20
20000d36:	46bd      	mov	sp, r7
20000d38:	bc80      	pop	{r7}
20000d3a:	4770      	bx	lr

20000d3c <dequeue>:

Msg dequeue(Msg *queue) {
20000d3c:	b580      	push	{r7, lr}
20000d3e:	b084      	sub	sp, #16
20000d40:	af00      	add	r7, sp, #0
20000d42:	6078      	str	r0, [r7, #4]
  Msg m = *queue;
20000d44:	687b      	ldr	r3, [r7, #4]
20000d46:	681b      	ldr	r3, [r3, #0]
20000d48:	60fb      	str	r3, [r7, #12]
  if (m)
20000d4a:	68fb      	ldr	r3, [r7, #12]
20000d4c:	2b00      	cmp	r3, #0
20000d4e:	d004      	beq.n	20000d5a <dequeue+0x1e>
    *queue = m->next;
20000d50:	68fb      	ldr	r3, [r7, #12]
20000d52:	681a      	ldr	r2, [r3, #0]
20000d54:	687b      	ldr	r3, [r7, #4]
20000d56:	601a      	str	r2, [r3, #0]
20000d58:	e00c      	b.n	20000d74 <dequeue+0x38>
  else
    PANIC("Empty queue"); // Empty queue, kernel panic!!!
20000d5a:	4809      	ldr	r0, [pc, #36]	@ (20000d80 <dequeue+0x44>)
20000d5c:	f7ff fd78 	bl	20000850 <DUMP>
20000d60:	2200      	movs	r2, #0
20000d62:	2102      	movs	r1, #2
20000d64:	4807      	ldr	r0, [pc, #28]	@ (20000d84 <dequeue+0x48>)
20000d66:	f003 f84f 	bl	20003e08 <GPIO_WriteBit>
20000d6a:	4807      	ldr	r0, [pc, #28]	@ (20000d88 <dequeue+0x4c>)
20000d6c:	f7ff fd70 	bl	20000850 <DUMP>
20000d70:	bf30      	wfi
20000d72:	e7fd      	b.n	20000d70 <dequeue+0x34>
  return m;
20000d74:	68fb      	ldr	r3, [r7, #12]
}
20000d76:	4618      	mov	r0, r3
20000d78:	3710      	adds	r7, #16
20000d7a:	46bd      	mov	sp, r7
20000d7c:	bd80      	pop	{r7, pc}
20000d7e:	bf00      	nop
20000d80:	20007f2c 	.word	0x20007f2c
20000d84:	40020400 	.word	0x40020400
20000d88:	20007f38 	.word	0x20007f38

20000d8c <dequeue_pool>:

Msg dequeue_pool(Msg *queue) {
20000d8c:	b580      	push	{r7, lr}
20000d8e:	b084      	sub	sp, #16
20000d90:	af00      	add	r7, sp, #0
20000d92:	6078      	str	r0, [r7, #4]
  Msg m = *queue;
20000d94:	687b      	ldr	r3, [r7, #4]
20000d96:	681b      	ldr	r3, [r3, #0]
20000d98:	60fb      	str	r3, [r7, #12]
  if (m)
20000d9a:	68fb      	ldr	r3, [r7, #12]
20000d9c:	2b00      	cmp	r3, #0
20000d9e:	d004      	beq.n	20000daa <dequeue_pool+0x1e>
    *queue = m->next;
20000da0:	68fb      	ldr	r3, [r7, #12]
20000da2:	681a      	ldr	r2, [r3, #0]
20000da4:	687b      	ldr	r3, [r7, #4]
20000da6:	601a      	str	r2, [r3, #0]
20000da8:	e00c      	b.n	20000dc4 <dequeue_pool+0x38>
  else
    PANIC("Empty pool"); // Empty pool, kernel panic!!!
20000daa:	4809      	ldr	r0, [pc, #36]	@ (20000dd0 <dequeue_pool+0x44>)
20000dac:	f7ff fd50 	bl	20000850 <DUMP>
20000db0:	2200      	movs	r2, #0
20000db2:	2102      	movs	r1, #2
20000db4:	4807      	ldr	r0, [pc, #28]	@ (20000dd4 <dequeue_pool+0x48>)
20000db6:	f003 f827 	bl	20003e08 <GPIO_WriteBit>
20000dba:	4807      	ldr	r0, [pc, #28]	@ (20000dd8 <dequeue_pool+0x4c>)
20000dbc:	f7ff fd48 	bl	20000850 <DUMP>
20000dc0:	bf30      	wfi
20000dc2:	e7fd      	b.n	20000dc0 <dequeue_pool+0x34>
  return m;
20000dc4:	68fb      	ldr	r3, [r7, #12]
}
20000dc6:	4618      	mov	r0, r3
20000dc8:	3710      	adds	r7, #16
20000dca:	46bd      	mov	sp, r7
20000dcc:	bd80      	pop	{r7, pc}
20000dce:	bf00      	nop
20000dd0:	20007f2c 	.word	0x20007f2c
20000dd4:	40020400 	.word	0x40020400
20000dd8:	20007f44 	.word	0x20007f44

20000ddc <insert>:

void insert(Msg m, Msg *queue) {
20000ddc:	b480      	push	{r7}
20000dde:	b083      	sub	sp, #12
20000de0:	af00      	add	r7, sp, #0
20000de2:	6078      	str	r0, [r7, #4]
20000de4:	6039      	str	r1, [r7, #0]
  m->next = *queue;
20000de6:	683b      	ldr	r3, [r7, #0]
20000de8:	681a      	ldr	r2, [r3, #0]
20000dea:	687b      	ldr	r3, [r7, #4]
20000dec:	601a      	str	r2, [r3, #0]
  *queue = m;
20000dee:	683b      	ldr	r3, [r7, #0]
20000df0:	687a      	ldr	r2, [r7, #4]
20000df2:	601a      	str	r2, [r3, #0]
}
20000df4:	bf00      	nop
20000df6:	370c      	adds	r7, #12
20000df8:	46bd      	mov	sp, r7
20000dfa:	bc80      	pop	{r7}
20000dfc:	4770      	bx	lr

20000dfe <push>:

void push(Thread t, Thread *stack) {
20000dfe:	b480      	push	{r7}
20000e00:	b083      	sub	sp, #12
20000e02:	af00      	add	r7, sp, #0
20000e04:	6078      	str	r0, [r7, #4]
20000e06:	6039      	str	r1, [r7, #0]
  t->next = *stack;
20000e08:	683b      	ldr	r3, [r7, #0]
20000e0a:	681a      	ldr	r2, [r3, #0]
20000e0c:	687b      	ldr	r3, [r7, #4]
20000e0e:	609a      	str	r2, [r3, #8]
  *stack = t;
20000e10:	683b      	ldr	r3, [r7, #0]
20000e12:	687a      	ldr	r2, [r7, #4]
20000e14:	601a      	str	r2, [r3, #0]
}
20000e16:	bf00      	nop
20000e18:	370c      	adds	r7, #12
20000e1a:	46bd      	mov	sp, r7
20000e1c:	bc80      	pop	{r7}
20000e1e:	4770      	bx	lr

20000e20 <pop>:

Thread pop(Thread *stack) {
20000e20:	b480      	push	{r7}
20000e22:	b085      	sub	sp, #20
20000e24:	af00      	add	r7, sp, #0
20000e26:	6078      	str	r0, [r7, #4]
  Thread t = *stack;
20000e28:	687b      	ldr	r3, [r7, #4]
20000e2a:	681b      	ldr	r3, [r3, #0]
20000e2c:	60fb      	str	r3, [r7, #12]
  *stack = t->next;
20000e2e:	68fb      	ldr	r3, [r7, #12]
20000e30:	689a      	ldr	r2, [r3, #8]
20000e32:	687b      	ldr	r3, [r7, #4]
20000e34:	601a      	str	r2, [r3, #0]
  return t;
20000e36:	68fb      	ldr	r3, [r7, #12]
}
20000e38:	4618      	mov	r0, r3
20000e3a:	3714      	adds	r7, #20
20000e3c:	46bd      	mov	sp, r7
20000e3e:	bc80      	pop	{r7}
20000e40:	4770      	bx	lr

20000e42 <remove>:

static int remove(Msg m, Msg *queue) {
20000e42:	b480      	push	{r7}
20000e44:	b085      	sub	sp, #20
20000e46:	af00      	add	r7, sp, #0
20000e48:	6078      	str	r0, [r7, #4]
20000e4a:	6039      	str	r1, [r7, #0]
  Msg prev = NULL, q = *queue;
20000e4c:	2300      	movs	r3, #0
20000e4e:	60fb      	str	r3, [r7, #12]
20000e50:	683b      	ldr	r3, [r7, #0]
20000e52:	681b      	ldr	r3, [r3, #0]
20000e54:	60bb      	str	r3, [r7, #8]
  while (q && (q != m)) {
20000e56:	e004      	b.n	20000e62 <remove+0x20>
    prev = q;
20000e58:	68bb      	ldr	r3, [r7, #8]
20000e5a:	60fb      	str	r3, [r7, #12]
    q = q->next;
20000e5c:	68bb      	ldr	r3, [r7, #8]
20000e5e:	681b      	ldr	r3, [r3, #0]
20000e60:	60bb      	str	r3, [r7, #8]
  while (q && (q != m)) {
20000e62:	68bb      	ldr	r3, [r7, #8]
20000e64:	2b00      	cmp	r3, #0
20000e66:	d003      	beq.n	20000e70 <remove+0x2e>
20000e68:	68ba      	ldr	r2, [r7, #8]
20000e6a:	687b      	ldr	r3, [r7, #4]
20000e6c:	429a      	cmp	r2, r3
20000e6e:	d1f3      	bne.n	20000e58 <remove+0x16>
  }
  if (q) {
20000e70:	68bb      	ldr	r3, [r7, #8]
20000e72:	2b00      	cmp	r3, #0
20000e74:	d00d      	beq.n	20000e92 <remove+0x50>
    if (prev)
20000e76:	68fb      	ldr	r3, [r7, #12]
20000e78:	2b00      	cmp	r3, #0
20000e7a:	d004      	beq.n	20000e86 <remove+0x44>
      prev->next = q->next;
20000e7c:	68bb      	ldr	r3, [r7, #8]
20000e7e:	681a      	ldr	r2, [r3, #0]
20000e80:	68fb      	ldr	r3, [r7, #12]
20000e82:	601a      	str	r2, [r3, #0]
20000e84:	e003      	b.n	20000e8e <remove+0x4c>
    else
      *queue = q->next;
20000e86:	68bb      	ldr	r3, [r7, #8]
20000e88:	681a      	ldr	r2, [r3, #0]
20000e8a:	683b      	ldr	r3, [r7, #0]
20000e8c:	601a      	str	r2, [r3, #0]
    return 1;
20000e8e:	2301      	movs	r3, #1
20000e90:	e000      	b.n	20000e94 <remove+0x52>
  }
  return 0;
20000e92:	2300      	movs	r3, #0
}
20000e94:	4618      	mov	r0, r3
20000e96:	3714      	adds	r7, #20
20000e98:	46bd      	mov	sp, r7
20000e9a:	bc80      	pop	{r7}
20000e9c:	4770      	bx	lr

20000e9e <vect_TIM5>:

TIMER_COMPARE_INTERRUPT {
20000e9e:	b580      	push	{r7, lr}
20000ea0:	b082      	sub	sp, #8
20000ea2:	af00      	add	r7, sp, #0
  Time now;

  TIMER_CCLR();
20000ea4:	2102      	movs	r1, #2
20000ea6:	481e      	ldr	r0, [pc, #120]	@ (20000f20 <vect_TIM5+0x82>)
20000ea8:	f005 f96b 	bl	20006182 <TIM_ClearITPendingBit>
#ifdef __USE_SAFE_TIMER
  TIM_Cmd(TIM5, DISABLE);
#endif
  TIMERGET(now);
20000eac:	481c      	ldr	r0, [pc, #112]	@ (20000f20 <vect_TIM5+0x82>)
20000eae:	f004 f896 	bl	20004fde <TIM_GetCounter>
20000eb2:	4603      	mov	r3, r0
20000eb4:	607b      	str	r3, [r7, #4]
  DUMP(", timerQ = ");
  DUMPH((unsigned int)timerQ);
  DUMP("\n\r");
#endif

  while (timerQ && (timerQ->baseline - now <= 0))
20000eb6:	e007      	b.n	20000ec8 <vect_TIM5+0x2a>
    enqueueByDeadline(dequeue(&timerQ), &msgQ);
20000eb8:	481a      	ldr	r0, [pc, #104]	@ (20000f24 <vect_TIM5+0x86>)
20000eba:	f7ff ff3f 	bl	20000d3c <dequeue>
20000ebe:	4603      	mov	r3, r0
20000ec0:	4919      	ldr	r1, [pc, #100]	@ (20000f28 <vect_TIM5+0x8a>)
20000ec2:	4618      	mov	r0, r3
20000ec4:	f7ff fee4 	bl	20000c90 <enqueueByDeadline>
  while (timerQ && (timerQ->baseline - now <= 0))
20000ec8:	4b16      	ldr	r3, [pc, #88]	@ (20000f24 <vect_TIM5+0x86>)
20000eca:	681b      	ldr	r3, [r3, #0]
20000ecc:	2b00      	cmp	r3, #0
20000ece:	d006      	beq.n	20000ede <vect_TIM5+0x40>
20000ed0:	4b14      	ldr	r3, [pc, #80]	@ (20000f24 <vect_TIM5+0x86>)
20000ed2:	681b      	ldr	r3, [r3, #0]
20000ed4:	685a      	ldr	r2, [r3, #4]
20000ed6:	687b      	ldr	r3, [r7, #4]
20000ed8:	1ad3      	subs	r3, r2, r3
20000eda:	2b00      	cmp	r3, #0
20000edc:	ddec      	ble.n	20000eb8 <vect_TIM5+0x1a>
  if (timerQ) {
20000ede:	4b11      	ldr	r3, [pc, #68]	@ (20000f24 <vect_TIM5+0x86>)
20000ee0:	681b      	ldr	r3, [r3, #0]
20000ee2:	2b00      	cmp	r3, #0
20000ee4:	d016      	beq.n	20000f14 <vect_TIM5+0x76>
#ifdef __USE_FUTURE_CHECK_TIMER
    Time timcount = TIM_GetCounter(TIM5);
20000ee6:	480e      	ldr	r0, [pc, #56]	@ (20000f20 <vect_TIM5+0x82>)
20000ee8:	f004 f879 	bl	20004fde <TIM_GetCounter>
20000eec:	4603      	mov	r3, r0
20000eee:	603b      	str	r3, [r7, #0]
    if (timerQ->baseline < timcount)
20000ef0:	4b0c      	ldr	r3, [pc, #48]	@ (20000f24 <vect_TIM5+0x86>)
20000ef2:	681b      	ldr	r3, [r3, #0]
20000ef4:	685b      	ldr	r3, [r3, #4]
20000ef6:	683a      	ldr	r2, [r7, #0]
20000ef8:	429a      	cmp	r2, r3
20000efa:	dd04      	ble.n	20000f06 <vect_TIM5+0x68>
      RED_ALERT(); // Next event is in the past!
20000efc:	2200      	movs	r2, #0
20000efe:	2102      	movs	r1, #2
20000f00:	480a      	ldr	r0, [pc, #40]	@ (20000f2c <vect_TIM5+0x8e>)
20000f02:	f002 ff81 	bl	20003e08 <GPIO_WriteBit>
#endif
    TIMERSET(timerQ);
20000f06:	4b07      	ldr	r3, [pc, #28]	@ (20000f24 <vect_TIM5+0x86>)
20000f08:	681b      	ldr	r3, [r3, #0]
20000f0a:	685b      	ldr	r3, [r3, #4]
20000f0c:	4619      	mov	r1, r3
20000f0e:	4804      	ldr	r0, [pc, #16]	@ (20000f20 <vect_TIM5+0x82>)
20000f10:	f004 fb97 	bl	20005642 <TIM_SetCompare1>
#endif
#ifdef __USE_SAFE_TIMER
  TIM_Cmd(TIM5, ENABLE);
#endif

  schedule();
20000f14:	f000 f89a 	bl	2000104c <schedule>
}
20000f18:	bf00      	nop
20000f1a:	3708      	adds	r7, #8
20000f1c:	46bd      	mov	sp, r7
20000f1e:	bd80      	pop	{r7, pc}
20000f20:	40000c00 	.word	0x40000c00
20000f24:	20012340 	.word	0x20012340
20000f28:	2001233c 	.word	0x2001233c
20000f2c:	40020400 	.word	0x40020400

20000f30 <__svc_dispatch>:

/* context switching */

__attribute__((naked)) void __svc_dispatch(Thread next) {
20000f30:	4603      	mov	r3, r0
  upcoming = next;
20000f32:	4a02      	ldr	r2, [pc, #8]	@ (20000f3c <__svc_dispatch+0xc>)
20000f34:	6013      	str	r3, [r2, #0]
  asm volatile("svc 0x10\n"
20000f36:	df10      	svc	16
20000f38:	46f7      	mov	pc, lr
               "mov pc, lr\n");
}
20000f3a:	bf00      	nop
20000f3c:	20012354 	.word	0x20012354

20000f40 <__pendSV_dispatch>:

__attribute__((naked)) void __pendSV_dispatch(Thread next) {
20000f40:	4603      	mov	r3, r0
  upcoming = next;
20000f42:	4a05      	ldr	r2, [pc, #20]	@ (20000f58 <__pendSV_dispatch+0x18>)
20000f44:	6013      	str	r3, [r2, #0]
  SCB->ICSR |= (1 << 28); // SCB_ICSR_PENDSVSET_Msk
20000f46:	4b05      	ldr	r3, [pc, #20]	@ (20000f5c <__pendSV_dispatch+0x1c>)
20000f48:	685b      	ldr	r3, [r3, #4]
20000f4a:	4a04      	ldr	r2, [pc, #16]	@ (20000f5c <__pendSV_dispatch+0x1c>)
20000f4c:	f043 5380 	orr.w	r3, r3, #268435456	@ 0x10000000
20000f50:	6053      	str	r3, [r2, #4]
  asm volatile("mov pc, lr\n");
20000f52:	46f7      	mov	pc, lr
}
20000f54:	bf00      	nop
20000f56:	bf00      	nop
20000f58:	20012354 	.word	0x20012354
20000f5c:	e000ed00 	.word	0xe000ed00

20000f60 <dispatch>:

void dispatch(Thread next) {
20000f60:	b580      	push	{r7, lr}
20000f62:	b082      	sub	sp, #8
20000f64:	af00      	add	r7, sp, #0
20000f66:	6078      	str	r0, [r7, #4]
  DUMP(", mode = ");
  DUMPD(__CURRENT_EXCEPTION);
  DUMP("\n\r");
#endif

  if (THREADMODE()) {
20000f68:	4b09      	ldr	r3, [pc, #36]	@ (20000f90 <dispatch+0x30>)
20000f6a:	685b      	ldr	r3, [r3, #4]
20000f6c:	f3c3 0308 	ubfx	r3, r3, #0, #9
20000f70:	2b00      	cmp	r3, #0
20000f72:	d103      	bne.n	20000f7c <dispatch+0x1c>
    __svc_dispatch(next);
20000f74:	6878      	ldr	r0, [r7, #4]
20000f76:	f7ff ffdb 	bl	20000f30 <__svc_dispatch>
20000f7a:	e002      	b.n	20000f82 <dispatch+0x22>
  } else {
    __pendSV_dispatch(next);
20000f7c:	6878      	ldr	r0, [r7, #4]
20000f7e:	f7ff ffdf 	bl	20000f40 <__pendSV_dispatch>
  }

  ENABLE(1);
20000f82:	f7ff fd11 	bl	200009a8 <cli>
}
20000f86:	bf00      	nop
20000f88:	3708      	adds	r7, #8
20000f8a:	46bd      	mov	sp, r7
20000f8c:	bd80      	pop	{r7, pc}
20000f8e:	bf00      	nop
20000f90:	e000ed00 	.word	0xe000ed00

20000f94 <run>:

static void run(void) {
20000f94:	b590      	push	{r4, r7, lr}
20000f96:	b085      	sub	sp, #20
20000f98:	af00      	add	r7, sp, #0
    DUMP(", Exception = ");
    DUMPD(__CURRENT_EXCEPTION);
    DUMP("\n\r");
#endif

    Msg this = current->msg = dequeue(&msgQ); // Get first pending message
20000f9a:	4b23      	ldr	r3, [pc, #140]	@ (20001028 <run+0x94>)
20000f9c:	681c      	ldr	r4, [r3, #0]
20000f9e:	4823      	ldr	r0, [pc, #140]	@ (2000102c <run+0x98>)
20000fa0:	f7ff fecc 	bl	20000d3c <dequeue>
20000fa4:	4603      	mov	r3, r0
20000fa6:	60e3      	str	r3, [r4, #12]
20000fa8:	68e3      	ldr	r3, [r4, #12]
20000faa:	60bb      	str	r3, [r7, #8]
    DUMP(", method = ");
    DUMPH((unsigned int)this->method);
    DUMP("\n\r");
#endif

    ENABLE(1);
20000fac:	f7ff fcfc 	bl	200009a8 <cli>
    SYNC(this->to, this->method, this->arg);
20000fb0:	68bb      	ldr	r3, [r7, #8]
20000fb2:	68d8      	ldr	r0, [r3, #12]
20000fb4:	68bb      	ldr	r3, [r7, #8]
20000fb6:	6919      	ldr	r1, [r3, #16]
20000fb8:	68bb      	ldr	r3, [r7, #8]
20000fba:	695b      	ldr	r3, [r3, #20]
20000fbc:	461a      	mov	r2, r3
20000fbe:	f000 f915 	bl	200011ec <sync>
    DISABLE();
20000fc2:	f7ff fce3 	bl	2000098c <sei>

    insert(this, &msgPool);
20000fc6:	491a      	ldr	r1, [pc, #104]	@ (20001030 <run+0x9c>)
20000fc8:	68b8      	ldr	r0, [r7, #8]
20000fca:	f7ff ff07 	bl	20000ddc <insert>

    oldMsg = activeStack->next->msg;
20000fce:	4b19      	ldr	r3, [pc, #100]	@ (20001034 <run+0xa0>)
20000fd0:	681b      	ldr	r3, [r3, #0]
20000fd2:	689b      	ldr	r3, [r3, #8]
20000fd4:	68db      	ldr	r3, [r3, #12]
20000fd6:	607b      	str	r3, [r7, #4]
    if (!msgQ || (oldMsg && (msgQ->deadline - oldMsg->deadline > 0))) {
20000fd8:	4b14      	ldr	r3, [pc, #80]	@ (2000102c <run+0x98>)
20000fda:	681b      	ldr	r3, [r3, #0]
20000fdc:	2b00      	cmp	r3, #0
20000fde:	d00a      	beq.n	20000ff6 <run+0x62>
20000fe0:	687b      	ldr	r3, [r7, #4]
20000fe2:	2b00      	cmp	r3, #0
20000fe4:	d0d9      	beq.n	20000f9a <run+0x6>
20000fe6:	4b11      	ldr	r3, [pc, #68]	@ (2000102c <run+0x98>)
20000fe8:	681b      	ldr	r3, [r3, #0]
20000fea:	689a      	ldr	r2, [r3, #8]
20000fec:	687b      	ldr	r3, [r7, #4]
20000fee:	689b      	ldr	r3, [r3, #8]
20000ff0:	1ad3      	subs	r3, r2, r3
20000ff2:	2b00      	cmp	r3, #0
20000ff4:	ddd1      	ble.n	20000f9a <run+0x6>
      Thread t;
      push(pop(&activeStack), &threadPool);
20000ff6:	480f      	ldr	r0, [pc, #60]	@ (20001034 <run+0xa0>)
20000ff8:	f7ff ff12 	bl	20000e20 <pop>
20000ffc:	4603      	mov	r3, r0
20000ffe:	490e      	ldr	r1, [pc, #56]	@ (20001038 <run+0xa4>)
20001000:	4618      	mov	r0, r3
20001002:	f7ff fefc 	bl	20000dfe <push>
      t = activeStack; // can't be NULL, may be &thread0
20001006:	4b0b      	ldr	r3, [pc, #44]	@ (20001034 <run+0xa0>)
20001008:	681b      	ldr	r3, [r3, #0]
2000100a:	60fb      	str	r3, [r7, #12]
      while (t->waitsFor)
2000100c:	e003      	b.n	20001016 <run+0x82>
        t = t->waitsFor->ownedBy;
2000100e:	68fb      	ldr	r3, [r7, #12]
20001010:	691b      	ldr	r3, [r3, #16]
20001012:	681b      	ldr	r3, [r3, #0]
20001014:	60fb      	str	r3, [r7, #12]
      while (t->waitsFor)
20001016:	68fb      	ldr	r3, [r7, #12]
20001018:	691b      	ldr	r3, [r3, #16]
2000101a:	2b00      	cmp	r3, #0
2000101c:	d1f7      	bne.n	2000100e <run+0x7a>
#ifdef __TRACE_DISPATCH
      DUMP("dispatch() in run()");
      DUMP("\n\r");
#endif
      dispatch(t);
2000101e:	68f8      	ldr	r0, [r7, #12]
20001020:	f7ff ff9e 	bl	20000f60 <dispatch>
  while (1) {
20001024:	e7b9      	b.n	20000f9a <run+0x6>
20001026:	bf00      	nop
20001028:	200095ec 	.word	0x200095ec
2000102c:	2001233c 	.word	0x2001233c
20001030:	200095e0 	.word	0x200095e0
20001034:	200095e8 	.word	0x200095e8
20001038:	200095e4 	.word	0x200095e4

2000103c <idle>:
    }
  }
}

static void idle(void) {
2000103c:	b580      	push	{r7, lr}
2000103e:	af00      	add	r7, sp, #0
#ifdef __TRACE_SCHEDULE
  DUMP("schedule() in idle()");
  DUMP("\n\r");
#endif
  schedule();
20001040:	f000 f804 	bl	2000104c <schedule>
  while (1) {
    ENABLE(1);
20001044:	f7ff fcb0 	bl	200009a8 <cli>
    SLEEP();
20001048:	bf30      	wfi
    ENABLE(1);
2000104a:	e7fb      	b.n	20001044 <idle+0x8>

2000104c <schedule>:
  }
}

static void schedule(void) {
2000104c:	b580      	push	{r7, lr}
2000104e:	b082      	sub	sp, #8
20001050:	af00      	add	r7, sp, #0
  Msg topMsg = activeStack->msg;
20001052:	4b14      	ldr	r3, [pc, #80]	@ (200010a4 <schedule+0x58>)
20001054:	681b      	ldr	r3, [r3, #0]
20001056:	68db      	ldr	r3, [r3, #12]
20001058:	607b      	str	r3, [r7, #4]
  DUMP(", topMsg = ");
  DUMPH((unsigned int)topMsg);
  DUMP("\n\r");
#endif

  if (msgQ && threadPool &&
2000105a:	4b13      	ldr	r3, [pc, #76]	@ (200010a8 <schedule+0x5c>)
2000105c:	681b      	ldr	r3, [r3, #0]
2000105e:	2b00      	cmp	r3, #0
20001060:	d01b      	beq.n	2000109a <schedule+0x4e>
20001062:	4b12      	ldr	r3, [pc, #72]	@ (200010ac <schedule+0x60>)
20001064:	681b      	ldr	r3, [r3, #0]
20001066:	2b00      	cmp	r3, #0
20001068:	d017      	beq.n	2000109a <schedule+0x4e>
2000106a:	687b      	ldr	r3, [r7, #4]
2000106c:	2b00      	cmp	r3, #0
2000106e:	d007      	beq.n	20001080 <schedule+0x34>
      ((!topMsg) || (msgQ->deadline - topMsg->deadline < 0))) {
20001070:	4b0d      	ldr	r3, [pc, #52]	@ (200010a8 <schedule+0x5c>)
20001072:	681b      	ldr	r3, [r3, #0]
20001074:	689a      	ldr	r2, [r3, #8]
20001076:	687b      	ldr	r3, [r7, #4]
20001078:	689b      	ldr	r3, [r3, #8]
2000107a:	1ad3      	subs	r3, r2, r3
2000107c:	2b00      	cmp	r3, #0
2000107e:	da0c      	bge.n	2000109a <schedule+0x4e>
    push(pop(&threadPool), &activeStack);
20001080:	480a      	ldr	r0, [pc, #40]	@ (200010ac <schedule+0x60>)
20001082:	f7ff fecd 	bl	20000e20 <pop>
20001086:	4603      	mov	r3, r0
20001088:	4906      	ldr	r1, [pc, #24]	@ (200010a4 <schedule+0x58>)
2000108a:	4618      	mov	r0, r3
2000108c:	f7ff feb7 	bl	20000dfe <push>

#ifdef __TRACE_DISPATCH
    DUMP("dispatch() in schedule()");
    DUMP("\n\r");
#endif
    dispatch(activeStack);
20001090:	4b04      	ldr	r3, [pc, #16]	@ (200010a4 <schedule+0x58>)
20001092:	681b      	ldr	r3, [r3, #0]
20001094:	4618      	mov	r0, r3
20001096:	f7ff ff63 	bl	20000f60 <dispatch>
  }
}
2000109a:	bf00      	nop
2000109c:	3708      	adds	r7, #8
2000109e:	46bd      	mov	sp, r7
200010a0:	bd80      	pop	{r7, pc}
200010a2:	bf00      	nop
200010a4:	200095e8 	.word	0x200095e8
200010a8:	2001233c 	.word	0x2001233c
200010ac:	200095e4 	.word	0x200095e4

200010b0 <async>:

/* communication primitives */
Msg async(Time bl, Time dl, Object *to, Method meth, int arg) {
200010b0:	b580      	push	{r7, lr}
200010b2:	b088      	sub	sp, #32
200010b4:	af00      	add	r7, sp, #0
200010b6:	60f8      	str	r0, [r7, #12]
200010b8:	60b9      	str	r1, [r7, #8]
200010ba:	607a      	str	r2, [r7, #4]
200010bc:	603b      	str	r3, [r7, #0]
  __ASM volatile ("MRS %0, basepri_max" : "=r" (result) );
200010be:	f3ef 8312 	mrs	r3, BASEPRI_MAX
200010c2:	613b      	str	r3, [r7, #16]
  return(result);
200010c4:	693b      	ldr	r3, [r7, #16]
  Msg m;
  Time now;
  char wasEnabled = ENABLED();
200010c6:	091b      	lsrs	r3, r3, #4
200010c8:	2b01      	cmp	r3, #1
200010ca:	bf14      	ite	ne
200010cc:	2301      	movne	r3, #1
200010ce:	2300      	moveq	r3, #0
200010d0:	b2db      	uxtb	r3, r3
200010d2:	77fb      	strb	r3, [r7, #31]
  DISABLE();
200010d4:	f7ff fc5a 	bl	2000098c <sei>
  m = dequeue_pool(&msgPool); // Get new message template
200010d8:	483a      	ldr	r0, [pc, #232]	@ (200011c4 <async+0x114>)
200010da:	f7ff fe57 	bl	20000d8c <dequeue_pool>
200010de:	61b8      	str	r0, [r7, #24]
  m->to = to;
200010e0:	69bb      	ldr	r3, [r7, #24]
200010e2:	687a      	ldr	r2, [r7, #4]
200010e4:	60da      	str	r2, [r3, #12]
  m->method = meth;
200010e6:	69bb      	ldr	r3, [r7, #24]
200010e8:	683a      	ldr	r2, [r7, #0]
200010ea:	611a      	str	r2, [r3, #16]
  m->arg = arg;
200010ec:	69bb      	ldr	r3, [r7, #24]
200010ee:	6aba      	ldr	r2, [r7, #40]	@ 0x28
200010f0:	615a      	str	r2, [r3, #20]
  m->baseline = (runAsHardware ? timestamp : current->msg->baseline) + bl;
200010f2:	4b35      	ldr	r3, [pc, #212]	@ (200011c8 <async+0x118>)
200010f4:	681b      	ldr	r3, [r3, #0]
200010f6:	2b00      	cmp	r3, #0
200010f8:	d104      	bne.n	20001104 <async+0x54>
200010fa:	4b34      	ldr	r3, [pc, #208]	@ (200011cc <async+0x11c>)
200010fc:	681b      	ldr	r3, [r3, #0]
200010fe:	68db      	ldr	r3, [r3, #12]
20001100:	685b      	ldr	r3, [r3, #4]
20001102:	e001      	b.n	20001108 <async+0x58>
20001104:	4b32      	ldr	r3, [pc, #200]	@ (200011d0 <async+0x120>)
20001106:	681b      	ldr	r3, [r3, #0]
20001108:	68fa      	ldr	r2, [r7, #12]
2000110a:	441a      	add	r2, r3
2000110c:	69bb      	ldr	r3, [r7, #24]
2000110e:	605a      	str	r2, [r3, #4]
  m->deadline = m->baseline + (dl > 0 ? dl : INFINITY);
20001110:	69bb      	ldr	r3, [r7, #24]
20001112:	685a      	ldr	r2, [r3, #4]
20001114:	68bb      	ldr	r3, [r7, #8]
20001116:	2b00      	cmp	r3, #0
20001118:	dd01      	ble.n	2000111e <async+0x6e>
2000111a:	68bb      	ldr	r3, [r7, #8]
2000111c:	e001      	b.n	20001122 <async+0x72>
2000111e:	f06f 4300 	mvn.w	r3, #2147483648	@ 0x80000000
20001122:	441a      	add	r2, r3
20001124:	69bb      	ldr	r3, [r7, #24]
20001126:	609a      	str	r2, [r3, #8]

#ifdef __USE_SAFE_TIMER
  TIM_Cmd(TIM5, DISABLE);
#endif
  TIMERGET(now);
20001128:	482a      	ldr	r0, [pc, #168]	@ (200011d4 <async+0x124>)
2000112a:	f003 ff58 	bl	20004fde <TIM_GetCounter>
2000112e:	4603      	mov	r3, r0
20001130:	617b      	str	r3, [r7, #20]
          DUMPD(wasEnabled);
          DUMP(", runAsHardware = ");
          DUMPD(runAsHardware);
          DUMP("\n\r"); */

  if (m->baseline - now > 0) { // baseline has not yet passed
20001132:	69bb      	ldr	r3, [r7, #24]
20001134:	685a      	ldr	r2, [r3, #4]
20001136:	697b      	ldr	r3, [r7, #20]
20001138:	1ad3      	subs	r3, r2, r3
2000113a:	2b00      	cmp	r3, #0
2000113c:	dd16      	ble.n	2000116c <async+0xbc>
#ifdef __TRACE_ASYNC1
    DUMP("enqueueByBaseline() in async()");
    DUMP("\n\r");
#endif
    enqueueByBaseline(m, &timerQ);
2000113e:	4926      	ldr	r1, [pc, #152]	@ (200011d8 <async+0x128>)
20001140:	69b8      	ldr	r0, [r7, #24]
20001142:	f7ff fdd0 	bl	20000ce6 <enqueueByBaseline>
#ifdef __USE_FUTURE_CHECK_TIMER
    if (timerQ->baseline < now)
20001146:	4b24      	ldr	r3, [pc, #144]	@ (200011d8 <async+0x128>)
20001148:	681b      	ldr	r3, [r3, #0]
2000114a:	685b      	ldr	r3, [r3, #4]
2000114c:	697a      	ldr	r2, [r7, #20]
2000114e:	429a      	cmp	r2, r3
20001150:	dd04      	ble.n	2000115c <async+0xac>
      RED_ALERT(); // Next event is in the past!
20001152:	2200      	movs	r2, #0
20001154:	2102      	movs	r1, #2
20001156:	4821      	ldr	r0, [pc, #132]	@ (200011dc <async+0x12c>)
20001158:	f002 fe56 	bl	20003e08 <GPIO_WriteBit>
#endif
    TIMERSET(timerQ);
2000115c:	4b1e      	ldr	r3, [pc, #120]	@ (200011d8 <async+0x128>)
2000115e:	681b      	ldr	r3, [r3, #0]
20001160:	685b      	ldr	r3, [r3, #4]
20001162:	4619      	mov	r1, r3
20001164:	481b      	ldr	r0, [pc, #108]	@ (200011d4 <async+0x124>)
20001166:	f004 fa6c 	bl	20005642 <TIM_SetCompare1>
2000116a:	e021      	b.n	200011b0 <async+0x100>
    DUMP("\n\r");
#endif
#ifdef __USE_SAFE_TIMER
    TIM_Cmd(TIM5, ENABLE);
#endif
    enqueueByDeadline(m, &msgQ);
2000116c:	491c      	ldr	r1, [pc, #112]	@ (200011e0 <async+0x130>)
2000116e:	69b8      	ldr	r0, [r7, #24]
20001170:	f7ff fd8e 	bl	20000c90 <enqueueByDeadline>
    if (wasEnabled && threadPool &&
20001174:	7ffb      	ldrb	r3, [r7, #31]
20001176:	2b00      	cmp	r3, #0
20001178:	d01a      	beq.n	200011b0 <async+0x100>
2000117a:	4b1a      	ldr	r3, [pc, #104]	@ (200011e4 <async+0x134>)
2000117c:	681b      	ldr	r3, [r3, #0]
2000117e:	2b00      	cmp	r3, #0
20001180:	d016      	beq.n	200011b0 <async+0x100>
        (msgQ->deadline - activeStack->msg->deadline < 0)) {
20001182:	4b17      	ldr	r3, [pc, #92]	@ (200011e0 <async+0x130>)
20001184:	681b      	ldr	r3, [r3, #0]
20001186:	689a      	ldr	r2, [r3, #8]
20001188:	4b17      	ldr	r3, [pc, #92]	@ (200011e8 <async+0x138>)
2000118a:	681b      	ldr	r3, [r3, #0]
2000118c:	68db      	ldr	r3, [r3, #12]
2000118e:	689b      	ldr	r3, [r3, #8]
20001190:	1ad3      	subs	r3, r2, r3
    if (wasEnabled && threadPool &&
20001192:	2b00      	cmp	r3, #0
20001194:	da0c      	bge.n	200011b0 <async+0x100>
      push(pop(&threadPool), &activeStack);
20001196:	4813      	ldr	r0, [pc, #76]	@ (200011e4 <async+0x134>)
20001198:	f7ff fe42 	bl	20000e20 <pop>
2000119c:	4603      	mov	r3, r0
2000119e:	4912      	ldr	r1, [pc, #72]	@ (200011e8 <async+0x138>)
200011a0:	4618      	mov	r0, r3
200011a2:	f7ff fe2c 	bl	20000dfe <push>
#ifdef __TRACE_DISPATCH
      DUMP("dispatch() in async()");
      DUMP("\n\r");
#endif
      dispatch(activeStack);
200011a6:	4b10      	ldr	r3, [pc, #64]	@ (200011e8 <async+0x138>)
200011a8:	681b      	ldr	r3, [r3, #0]
200011aa:	4618      	mov	r0, r3
200011ac:	f7ff fed8 	bl	20000f60 <dispatch>
    }
  }

  ENABLE(wasEnabled);
200011b0:	7ffb      	ldrb	r3, [r7, #31]
200011b2:	2b00      	cmp	r3, #0
200011b4:	d001      	beq.n	200011ba <async+0x10a>
200011b6:	f7ff fbf7 	bl	200009a8 <cli>
  return m;
200011ba:	69bb      	ldr	r3, [r7, #24]
}
200011bc:	4618      	mov	r0, r3
200011be:	3720      	adds	r7, #32
200011c0:	46bd      	mov	sp, r7
200011c2:	bd80      	pop	{r7, pc}
200011c4:	200095e0 	.word	0x200095e0
200011c8:	20012344 	.word	0x20012344
200011cc:	200095ec 	.word	0x200095ec
200011d0:	2001234c 	.word	0x2001234c
200011d4:	40000c00 	.word	0x40000c00
200011d8:	20012340 	.word	0x20012340
200011dc:	40020400 	.word	0x40020400
200011e0:	2001233c 	.word	0x2001233c
200011e4:	200095e4 	.word	0x200095e4
200011e8:	200095e8 	.word	0x200095e8

200011ec <sync>:

int sync(Object *to, Method meth, int arg) {
200011ec:	b580      	push	{r7, lr}
200011ee:	b088      	sub	sp, #32
200011f0:	af00      	add	r7, sp, #0
200011f2:	60f8      	str	r0, [r7, #12]
200011f4:	60b9      	str	r1, [r7, #8]
200011f6:	607a      	str	r2, [r7, #4]
  __ASM volatile ("MRS %0, basepri_max" : "=r" (result) );
200011f8:	f3ef 8312 	mrs	r3, BASEPRI_MAX
200011fc:	613b      	str	r3, [r7, #16]
  return(result);
200011fe:	693b      	ldr	r3, [r7, #16]
  Thread t;
  int result;
  char wasEnabled = ENABLED();
20001200:	091b      	lsrs	r3, r3, #4
20001202:	2b01      	cmp	r3, #1
20001204:	bf14      	ite	ne
20001206:	2301      	movne	r3, #1
20001208:	2300      	moveq	r3, #0
2000120a:	b2db      	uxtb	r3, r3
2000120c:	76fb      	strb	r3, [r7, #27]

  DISABLE();
2000120e:	f7ff fbbd 	bl	2000098c <sei>

  //	DUMP("Entered sync(): ");
  //	DUMP("\n\r");

  t = to->ownedBy;
20001212:	68fb      	ldr	r3, [r7, #12]
20001214:	681b      	ldr	r3, [r3, #0]
20001216:	61fb      	str	r3, [r7, #28]
  if (t) { // to is already locked
20001218:	69fb      	ldr	r3, [r7, #28]
2000121a:	2b00      	cmp	r3, #0
2000121c:	d037      	beq.n	2000128e <sync+0xa2>
    while (t->waitsFor)
2000121e:	e003      	b.n	20001228 <sync+0x3c>
      t = t->waitsFor->ownedBy;
20001220:	69fb      	ldr	r3, [r7, #28]
20001222:	691b      	ldr	r3, [r3, #16]
20001224:	681b      	ldr	r3, [r3, #0]
20001226:	61fb      	str	r3, [r7, #28]
    while (t->waitsFor)
20001228:	69fb      	ldr	r3, [r7, #28]
2000122a:	691b      	ldr	r3, [r3, #16]
2000122c:	2b00      	cmp	r3, #0
2000122e:	d1f7      	bne.n	20001220 <sync+0x34>
    if (t == current || !wasEnabled) { // deadlock!
20001230:	4b30      	ldr	r3, [pc, #192]	@ (200012f4 <sync+0x108>)
20001232:	681b      	ldr	r3, [r3, #0]
20001234:	69fa      	ldr	r2, [r7, #28]
20001236:	429a      	cmp	r2, r3
20001238:	d002      	beq.n	20001240 <sync+0x54>
2000123a:	7efb      	ldrb	r3, [r7, #27]
2000123c:	2b00      	cmp	r3, #0
2000123e:	d107      	bne.n	20001250 <sync+0x64>
      ENABLE(wasEnabled);
20001240:	7efb      	ldrb	r3, [r7, #27]
20001242:	2b00      	cmp	r3, #0
20001244:	d001      	beq.n	2000124a <sync+0x5e>
20001246:	f7ff fbaf 	bl	200009a8 <cli>
      return -1;
2000124a:	f04f 33ff 	mov.w	r3, #4294967295
2000124e:	e04d      	b.n	200012ec <sync+0x100>
    }
    if (to->wantedBy) // must be a lower priority thread
20001250:	68fb      	ldr	r3, [r7, #12]
20001252:	685b      	ldr	r3, [r3, #4]
20001254:	2b00      	cmp	r3, #0
20001256:	d003      	beq.n	20001260 <sync+0x74>
      to->wantedBy->waitsFor = NULL;
20001258:	68fb      	ldr	r3, [r7, #12]
2000125a:	685b      	ldr	r3, [r3, #4]
2000125c:	2200      	movs	r2, #0
2000125e:	611a      	str	r2, [r3, #16]
    to->wantedBy = current;
20001260:	4b24      	ldr	r3, [pc, #144]	@ (200012f4 <sync+0x108>)
20001262:	681a      	ldr	r2, [r3, #0]
20001264:	68fb      	ldr	r3, [r7, #12]
20001266:	605a      	str	r2, [r3, #4]
    current->waitsFor = to;
20001268:	4b22      	ldr	r3, [pc, #136]	@ (200012f4 <sync+0x108>)
2000126a:	681b      	ldr	r3, [r3, #0]
2000126c:	68fa      	ldr	r2, [r7, #12]
2000126e:	611a      	str	r2, [r3, #16]
#ifdef __TRACE_DISPATCH
    DUMP("dispatch() in sync() - already locked");
    DUMP("\n\r");
#endif
    dispatch(t);
20001270:	69f8      	ldr	r0, [r7, #28]
20001272:	f7ff fe75 	bl	20000f60 <dispatch>
    if (current->msg == NULL) { // message was aborted (when called from run)
20001276:	4b1f      	ldr	r3, [pc, #124]	@ (200012f4 <sync+0x108>)
20001278:	681b      	ldr	r3, [r3, #0]
2000127a:	68db      	ldr	r3, [r3, #12]
2000127c:	2b00      	cmp	r3, #0
2000127e:	d106      	bne.n	2000128e <sync+0xa2>
      ENABLE(wasEnabled);
20001280:	7efb      	ldrb	r3, [r7, #27]
20001282:	2b00      	cmp	r3, #0
20001284:	d001      	beq.n	2000128a <sync+0x9e>
20001286:	f7ff fb8f 	bl	200009a8 <cli>
      return 0;
2000128a:	2300      	movs	r3, #0
2000128c:	e02e      	b.n	200012ec <sync+0x100>
    }
  }
  to->ownedBy = current;
2000128e:	4b19      	ldr	r3, [pc, #100]	@ (200012f4 <sync+0x108>)
20001290:	681a      	ldr	r2, [r3, #0]
20001292:	68fb      	ldr	r3, [r7, #12]
20001294:	601a      	str	r2, [r3, #0]
  ENABLE(wasEnabled &&
20001296:	7efb      	ldrb	r3, [r7, #27]
20001298:	2b00      	cmp	r3, #0
2000129a:	d005      	beq.n	200012a8 <sync+0xbc>
2000129c:	68fb      	ldr	r3, [r7, #12]
2000129e:	685b      	ldr	r3, [r3, #4]
200012a0:	2b01      	cmp	r3, #1
200012a2:	d001      	beq.n	200012a8 <sync+0xbc>
200012a4:	f7ff fb80 	bl	200009a8 <cli>
         (to->wantedBy !=
          INSTALLED_TAG)); // don't enable interrupts if running as handler
  result = meth(to, arg);
200012a8:	68bb      	ldr	r3, [r7, #8]
200012aa:	6879      	ldr	r1, [r7, #4]
200012ac:	68f8      	ldr	r0, [r7, #12]
200012ae:	4798      	blx	r3
200012b0:	6178      	str	r0, [r7, #20]
  DISABLE();
200012b2:	f7ff fb6b 	bl	2000098c <sei>
  to->ownedBy = NULL;
200012b6:	68fb      	ldr	r3, [r7, #12]
200012b8:	2200      	movs	r2, #0
200012ba:	601a      	str	r2, [r3, #0]
  t = to->wantedBy;
200012bc:	68fb      	ldr	r3, [r7, #12]
200012be:	685b      	ldr	r3, [r3, #4]
200012c0:	61fb      	str	r3, [r7, #28]
  if (t && (t != INSTALLED_TAG)) { // we have run on someone's behalf
200012c2:	69fb      	ldr	r3, [r7, #28]
200012c4:	2b00      	cmp	r3, #0
200012c6:	d00b      	beq.n	200012e0 <sync+0xf4>
200012c8:	69fb      	ldr	r3, [r7, #28]
200012ca:	2b01      	cmp	r3, #1
200012cc:	d008      	beq.n	200012e0 <sync+0xf4>
    to->wantedBy = NULL;
200012ce:	68fb      	ldr	r3, [r7, #12]
200012d0:	2200      	movs	r2, #0
200012d2:	605a      	str	r2, [r3, #4]
    t->waitsFor = NULL;
200012d4:	69fb      	ldr	r3, [r7, #28]
200012d6:	2200      	movs	r2, #0
200012d8:	611a      	str	r2, [r3, #16]
#ifdef __TRACE_DISPATCH
    DUMP("dispatch() in sync() - run on someone's behalf");
    DUMP("\n\r");
#endif
    dispatch(t);
200012da:	69f8      	ldr	r0, [r7, #28]
200012dc:	f7ff fe40 	bl	20000f60 <dispatch>
  }
  ENABLE(wasEnabled);
200012e0:	7efb      	ldrb	r3, [r7, #27]
200012e2:	2b00      	cmp	r3, #0
200012e4:	d001      	beq.n	200012ea <sync+0xfe>
200012e6:	f7ff fb5f 	bl	200009a8 <cli>
  return result;
200012ea:	697b      	ldr	r3, [r7, #20]
}
200012ec:	4618      	mov	r0, r3
200012ee:	3720      	adds	r7, #32
200012f0:	46bd      	mov	sp, r7
200012f2:	bd80      	pop	{r7, pc}
200012f4:	200095ec 	.word	0x200095ec

200012f8 <ABORT>:

void ABORT(Msg m) {
200012f8:	b580      	push	{r7, lr}
200012fa:	b086      	sub	sp, #24
200012fc:	af00      	add	r7, sp, #0
200012fe:	6078      	str	r0, [r7, #4]
  __ASM volatile ("MRS %0, basepri_max" : "=r" (result) );
20001300:	f3ef 8312 	mrs	r3, BASEPRI_MAX
20001304:	60fb      	str	r3, [r7, #12]
  return(result);
20001306:	68fb      	ldr	r3, [r7, #12]
  char wasEnabled = ENABLED();
20001308:	091b      	lsrs	r3, r3, #4
2000130a:	2b01      	cmp	r3, #1
2000130c:	bf14      	ite	ne
2000130e:	2301      	movne	r3, #1
20001310:	2300      	moveq	r3, #0
20001312:	b2db      	uxtb	r3, r3
20001314:	74fb      	strb	r3, [r7, #19]
  DISABLE();
20001316:	f7ff fb39 	bl	2000098c <sei>

  if (remove(m, &timerQ) || remove(m, &msgQ))
2000131a:	491f      	ldr	r1, [pc, #124]	@ (20001398 <ABORT+0xa0>)
2000131c:	6878      	ldr	r0, [r7, #4]
2000131e:	f7ff fd90 	bl	20000e42 <remove>
20001322:	4603      	mov	r3, r0
20001324:	2b00      	cmp	r3, #0
20001326:	d106      	bne.n	20001336 <ABORT+0x3e>
20001328:	491c      	ldr	r1, [pc, #112]	@ (2000139c <ABORT+0xa4>)
2000132a:	6878      	ldr	r0, [r7, #4]
2000132c:	f7ff fd89 	bl	20000e42 <remove>
20001330:	4603      	mov	r3, r0
20001332:	2b00      	cmp	r3, #0
20001334:	d004      	beq.n	20001340 <ABORT+0x48>
    insert(m, &msgPool);
20001336:	491a      	ldr	r1, [pc, #104]	@ (200013a0 <ABORT+0xa8>)
20001338:	6878      	ldr	r0, [r7, #4]
2000133a:	f7ff fd4f 	bl	20000ddc <insert>
2000133e:	e021      	b.n	20001384 <ABORT+0x8c>
  else {
    Thread t = activeStack;
20001340:	4b18      	ldr	r3, [pc, #96]	@ (200013a4 <ABORT+0xac>)
20001342:	681b      	ldr	r3, [r3, #0]
20001344:	617b      	str	r3, [r7, #20]
    while (t) {
20001346:	e01a      	b.n	2000137e <ABORT+0x86>
      if ((t != current) && (t->msg == m) && (t->waitsFor == m->to)) {
20001348:	4b17      	ldr	r3, [pc, #92]	@ (200013a8 <ABORT+0xb0>)
2000134a:	681b      	ldr	r3, [r3, #0]
2000134c:	697a      	ldr	r2, [r7, #20]
2000134e:	429a      	cmp	r2, r3
20001350:	d012      	beq.n	20001378 <ABORT+0x80>
20001352:	697b      	ldr	r3, [r7, #20]
20001354:	68db      	ldr	r3, [r3, #12]
20001356:	687a      	ldr	r2, [r7, #4]
20001358:	429a      	cmp	r2, r3
2000135a:	d10d      	bne.n	20001378 <ABORT+0x80>
2000135c:	697b      	ldr	r3, [r7, #20]
2000135e:	691a      	ldr	r2, [r3, #16]
20001360:	687b      	ldr	r3, [r7, #4]
20001362:	68db      	ldr	r3, [r3, #12]
20001364:	429a      	cmp	r2, r3
20001366:	d107      	bne.n	20001378 <ABORT+0x80>
        t->msg = NULL;
20001368:	697b      	ldr	r3, [r7, #20]
2000136a:	2200      	movs	r2, #0
2000136c:	60da      	str	r2, [r3, #12]
        insert(m, &msgPool);
2000136e:	490c      	ldr	r1, [pc, #48]	@ (200013a0 <ABORT+0xa8>)
20001370:	6878      	ldr	r0, [r7, #4]
20001372:	f7ff fd33 	bl	20000ddc <insert>
        break;
20001376:	e005      	b.n	20001384 <ABORT+0x8c>
      }
      t = t->next;
20001378:	697b      	ldr	r3, [r7, #20]
2000137a:	689b      	ldr	r3, [r3, #8]
2000137c:	617b      	str	r3, [r7, #20]
    while (t) {
2000137e:	697b      	ldr	r3, [r7, #20]
20001380:	2b00      	cmp	r3, #0
20001382:	d1e1      	bne.n	20001348 <ABORT+0x50>
    }
  }
  ENABLE(wasEnabled);
20001384:	7cfb      	ldrb	r3, [r7, #19]
20001386:	2b00      	cmp	r3, #0
20001388:	d001      	beq.n	2000138e <ABORT+0x96>
2000138a:	f7ff fb0d 	bl	200009a8 <cli>
}
2000138e:	bf00      	nop
20001390:	3718      	adds	r7, #24
20001392:	46bd      	mov	sp, r7
20001394:	bd80      	pop	{r7, pc}
20001396:	bf00      	nop
20001398:	20012340 	.word	0x20012340
2000139c:	2001233c 	.word	0x2001233c
200013a0:	200095e0 	.word	0x200095e0
200013a4:	200095e8 	.word	0x200095e8
200013a8:	200095ec 	.word	0x200095ec

200013ac <T_RESET>:

void T_RESET(Timer *t) {
200013ac:	b480      	push	{r7}
200013ae:	b085      	sub	sp, #20
200013b0:	af00      	add	r7, sp, #0
200013b2:	6078      	str	r0, [r7, #4]
  __ASM volatile ("MRS %0, basepri_max" : "=r" (result) );
200013b4:	f3ef 8312 	mrs	r3, BASEPRI_MAX
200013b8:	60fb      	str	r3, [r7, #12]
  return(result);
200013ba:	68fb      	ldr	r3, [r7, #12]
  t->accum = ENABLED() ? current->msg->baseline : timestamp;
200013bc:	091b      	lsrs	r3, r3, #4
200013be:	2b01      	cmp	r3, #1
200013c0:	d004      	beq.n	200013cc <T_RESET+0x20>
200013c2:	4b07      	ldr	r3, [pc, #28]	@ (200013e0 <T_RESET+0x34>)
200013c4:	681b      	ldr	r3, [r3, #0]
200013c6:	68db      	ldr	r3, [r3, #12]
200013c8:	685b      	ldr	r3, [r3, #4]
200013ca:	e001      	b.n	200013d0 <T_RESET+0x24>
200013cc:	4b05      	ldr	r3, [pc, #20]	@ (200013e4 <T_RESET+0x38>)
200013ce:	681b      	ldr	r3, [r3, #0]
200013d0:	687a      	ldr	r2, [r7, #4]
200013d2:	6013      	str	r3, [r2, #0]
}
200013d4:	bf00      	nop
200013d6:	3714      	adds	r7, #20
200013d8:	46bd      	mov	sp, r7
200013da:	bc80      	pop	{r7}
200013dc:	4770      	bx	lr
200013de:	bf00      	nop
200013e0:	200095ec 	.word	0x200095ec
200013e4:	2001234c 	.word	0x2001234c

200013e8 <T_SAMPLE>:

Time T_SAMPLE(Timer *t) {
200013e8:	b480      	push	{r7}
200013ea:	b085      	sub	sp, #20
200013ec:	af00      	add	r7, sp, #0
200013ee:	6078      	str	r0, [r7, #4]
  __ASM volatile ("MRS %0, basepri_max" : "=r" (result) );
200013f0:	f3ef 8312 	mrs	r3, BASEPRI_MAX
200013f4:	60fb      	str	r3, [r7, #12]
  return(result);
200013f6:	68fb      	ldr	r3, [r7, #12]
  return (ENABLED() ? current->msg->baseline : timestamp) - t->accum;
200013f8:	091b      	lsrs	r3, r3, #4
200013fa:	2b01      	cmp	r3, #1
200013fc:	d004      	beq.n	20001408 <T_SAMPLE+0x20>
200013fe:	4b07      	ldr	r3, [pc, #28]	@ (2000141c <T_SAMPLE+0x34>)
20001400:	681b      	ldr	r3, [r3, #0]
20001402:	68db      	ldr	r3, [r3, #12]
20001404:	685b      	ldr	r3, [r3, #4]
20001406:	e001      	b.n	2000140c <T_SAMPLE+0x24>
20001408:	4b05      	ldr	r3, [pc, #20]	@ (20001420 <T_SAMPLE+0x38>)
2000140a:	681b      	ldr	r3, [r3, #0]
2000140c:	687a      	ldr	r2, [r7, #4]
2000140e:	6812      	ldr	r2, [r2, #0]
20001410:	1a9b      	subs	r3, r3, r2
}
20001412:	4618      	mov	r0, r3
20001414:	3714      	adds	r7, #20
20001416:	46bd      	mov	sp, r7
20001418:	bc80      	pop	{r7}
2000141a:	4770      	bx	lr
2000141c:	200095ec 	.word	0x200095ec
20001420:	2001234c 	.word	0x2001234c

20001424 <CURRENT_OFFSET>:

Time CURRENT_OFFSET(void) {
20001424:	b580      	push	{r7, lr}
20001426:	b084      	sub	sp, #16
20001428:	af00      	add	r7, sp, #0
  __ASM volatile ("MRS %0, basepri_max" : "=r" (result) );
2000142a:	f3ef 8312 	mrs	r3, BASEPRI_MAX
2000142e:	607b      	str	r3, [r7, #4]
  return(result);
20001430:	687b      	ldr	r3, [r7, #4]
  Time now;
  char wasEnabled = ENABLED();
20001432:	091b      	lsrs	r3, r3, #4
20001434:	2b01      	cmp	r3, #1
20001436:	bf14      	ite	ne
20001438:	2301      	movne	r3, #1
2000143a:	2300      	moveq	r3, #0
2000143c:	b2db      	uxtb	r3, r3
2000143e:	73fb      	strb	r3, [r7, #15]
  DISABLE();
20001440:	f7ff faa4 	bl	2000098c <sei>
  TIMERGET(now);
20001444:	480c      	ldr	r0, [pc, #48]	@ (20001478 <CURRENT_OFFSET+0x54>)
20001446:	f003 fdca 	bl	20004fde <TIM_GetCounter>
2000144a:	4603      	mov	r3, r0
2000144c:	60bb      	str	r3, [r7, #8]
  ENABLE(wasEnabled);
2000144e:	7bfb      	ldrb	r3, [r7, #15]
20001450:	2b00      	cmp	r3, #0
20001452:	d001      	beq.n	20001458 <CURRENT_OFFSET+0x34>
20001454:	f7ff faa8 	bl	200009a8 <cli>
  return now - (wasEnabled ? current->msg->baseline : timestamp);
20001458:	7bfb      	ldrb	r3, [r7, #15]
2000145a:	2b00      	cmp	r3, #0
2000145c:	d004      	beq.n	20001468 <CURRENT_OFFSET+0x44>
2000145e:	4b07      	ldr	r3, [pc, #28]	@ (2000147c <CURRENT_OFFSET+0x58>)
20001460:	681b      	ldr	r3, [r3, #0]
20001462:	68db      	ldr	r3, [r3, #12]
20001464:	685b      	ldr	r3, [r3, #4]
20001466:	e001      	b.n	2000146c <CURRENT_OFFSET+0x48>
20001468:	4b05      	ldr	r3, [pc, #20]	@ (20001480 <CURRENT_OFFSET+0x5c>)
2000146a:	681b      	ldr	r3, [r3, #0]
2000146c:	68ba      	ldr	r2, [r7, #8]
2000146e:	1ad3      	subs	r3, r2, r3
}
20001470:	4618      	mov	r0, r3
20001472:	3710      	adds	r7, #16
20001474:	46bd      	mov	sp, r7
20001476:	bd80      	pop	{r7, pc}
20001478:	40000c00 	.word	0x40000c00
2000147c:	200095ec 	.word	0x200095ec
20001480:	2001234c 	.word	0x2001234c

20001484 <initialize>:

/* initialization */
static void initialize(void) {
20001484:	b580      	push	{r7, lr}
20001486:	b082      	sub	sp, #8
20001488:	af00      	add	r7, sp, #0
  int i;

  for (i = 0; i < NMSGS - 1; i++)
2000148a:	2300      	movs	r3, #0
2000148c:	607b      	str	r3, [r7, #4]
2000148e:	e012      	b.n	200014b6 <initialize+0x32>
    messages[i].next = &messages[i + 1];
20001490:	687b      	ldr	r3, [r7, #4]
20001492:	1c5a      	adds	r2, r3, #1
20001494:	4613      	mov	r3, r2
20001496:	005b      	lsls	r3, r3, #1
20001498:	4413      	add	r3, r2
2000149a:	00db      	lsls	r3, r3, #3
2000149c:	4a44      	ldr	r2, [pc, #272]	@ (200015b0 <initialize+0x12c>)
2000149e:	1899      	adds	r1, r3, r2
200014a0:	4843      	ldr	r0, [pc, #268]	@ (200015b0 <initialize+0x12c>)
200014a2:	687a      	ldr	r2, [r7, #4]
200014a4:	4613      	mov	r3, r2
200014a6:	005b      	lsls	r3, r3, #1
200014a8:	4413      	add	r3, r2
200014aa:	00db      	lsls	r3, r3, #3
200014ac:	4403      	add	r3, r0
200014ae:	6019      	str	r1, [r3, #0]
  for (i = 0; i < NMSGS - 1; i++)
200014b0:	687b      	ldr	r3, [r7, #4]
200014b2:	3301      	adds	r3, #1
200014b4:	607b      	str	r3, [r7, #4]
200014b6:	687b      	ldr	r3, [r7, #4]
200014b8:	2b1c      	cmp	r3, #28
200014ba:	dde9      	ble.n	20001490 <initialize+0xc>
  messages[NMSGS - 1].next = NULL;
200014bc:	4b3c      	ldr	r3, [pc, #240]	@ (200015b0 <initialize+0x12c>)
200014be:	2200      	movs	r2, #0
200014c0:	f8c3 22b8 	str.w	r2, [r3, #696]	@ 0x2b8

  for (i = 0; i < NTHREADS - 1; i++)
200014c4:	2300      	movs	r3, #0
200014c6:	607b      	str	r3, [r7, #4]
200014c8:	e013      	b.n	200014f2 <initialize+0x6e>
    threads[i].next = &threads[i + 1];
200014ca:	687b      	ldr	r3, [r7, #4]
200014cc:	1c5a      	adds	r2, r3, #1
200014ce:	4613      	mov	r3, r2
200014d0:	009b      	lsls	r3, r3, #2
200014d2:	4413      	add	r3, r2
200014d4:	009b      	lsls	r3, r3, #2
200014d6:	4a37      	ldr	r2, [pc, #220]	@ (200015b4 <initialize+0x130>)
200014d8:	1899      	adds	r1, r3, r2
200014da:	4836      	ldr	r0, [pc, #216]	@ (200015b4 <initialize+0x130>)
200014dc:	687a      	ldr	r2, [r7, #4]
200014de:	4613      	mov	r3, r2
200014e0:	009b      	lsls	r3, r3, #2
200014e2:	4413      	add	r3, r2
200014e4:	009b      	lsls	r3, r3, #2
200014e6:	4403      	add	r3, r0
200014e8:	3308      	adds	r3, #8
200014ea:	6019      	str	r1, [r3, #0]
  for (i = 0; i < NTHREADS - 1; i++)
200014ec:	687b      	ldr	r3, [r7, #4]
200014ee:	3301      	adds	r3, #1
200014f0:	607b      	str	r3, [r7, #4]
200014f2:	687b      	ldr	r3, [r7, #4]
200014f4:	2b02      	cmp	r3, #2
200014f6:	dde8      	ble.n	200014ca <initialize+0x46>
  threads[NTHREADS - 1].next = NULL;
200014f8:	4b2e      	ldr	r3, [pc, #184]	@ (200015b4 <initialize+0x130>)
200014fa:	2200      	movs	r2, #0
200014fc:	645a      	str	r2, [r3, #68]	@ 0x44

  for (i = 0; i < NTHREADS; i++) {
200014fe:	2300      	movs	r3, #0
20001500:	607b      	str	r3, [r7, #4]
20001502:	e030      	b.n	20001566 <initialize+0xe2>
    threads[i].thread_no = i;
20001504:	492b      	ldr	r1, [pc, #172]	@ (200015b4 <initialize+0x130>)
20001506:	687a      	ldr	r2, [r7, #4]
20001508:	4613      	mov	r3, r2
2000150a:	009b      	lsls	r3, r3, #2
2000150c:	4413      	add	r3, r2
2000150e:	009b      	lsls	r3, r3, #2
20001510:	440b      	add	r3, r1
20001512:	3304      	adds	r3, #4
20001514:	687a      	ldr	r2, [r7, #4]
20001516:	601a      	str	r2, [r3, #0]
    SETCONTEXT(threads[i].context);
    SETSTACK(&threads[i].context, &stacks[i]);
20001518:	687a      	ldr	r2, [r7, #4]
2000151a:	4613      	mov	r3, r2
2000151c:	009b      	lsls	r3, r3, #2
2000151e:	4413      	add	r3, r2
20001520:	009b      	lsls	r3, r3, #2
20001522:	4a24      	ldr	r2, [pc, #144]	@ (200015b4 <initialize+0x130>)
20001524:	441a      	add	r2, r3
20001526:	687b      	ldr	r3, [r7, #4]
20001528:	035b      	lsls	r3, r3, #13
2000152a:	4923      	ldr	r1, [pc, #140]	@ (200015b8 <initialize+0x134>)
2000152c:	440b      	add	r3, r1
2000152e:	4619      	mov	r1, r3
20001530:	4610      	mov	r0, r2
20001532:	f7ff fa69 	bl	20000a08 <SETSTACK>
    SETPC(&threads[i].context, run);
20001536:	687a      	ldr	r2, [r7, #4]
20001538:	4613      	mov	r3, r2
2000153a:	009b      	lsls	r3, r3, #2
2000153c:	4413      	add	r3, r2
2000153e:	009b      	lsls	r3, r3, #2
20001540:	4a1c      	ldr	r2, [pc, #112]	@ (200015b4 <initialize+0x130>)
20001542:	4413      	add	r3, r2
20001544:	491d      	ldr	r1, [pc, #116]	@ (200015bc <initialize+0x138>)
20001546:	4618      	mov	r0, r3
20001548:	f7ff fa90 	bl	20000a6c <SETPC>
    threads[i].waitsFor = NULL;
2000154c:	4919      	ldr	r1, [pc, #100]	@ (200015b4 <initialize+0x130>)
2000154e:	687a      	ldr	r2, [r7, #4]
20001550:	4613      	mov	r3, r2
20001552:	009b      	lsls	r3, r3, #2
20001554:	4413      	add	r3, r2
20001556:	009b      	lsls	r3, r3, #2
20001558:	440b      	add	r3, r1
2000155a:	3310      	adds	r3, #16
2000155c:	2200      	movs	r2, #0
2000155e:	601a      	str	r2, [r3, #0]
  for (i = 0; i < NTHREADS; i++) {
20001560:	687b      	ldr	r3, [r7, #4]
20001562:	3301      	adds	r3, #1
20001564:	607b      	str	r3, [r7, #4]
20001566:	687b      	ldr	r3, [r7, #4]
20001568:	2b03      	cmp	r3, #3
2000156a:	ddcb      	ble.n	20001504 <initialize+0x80>
  }

  thread0.thread_no = -1;
2000156c:	4b14      	ldr	r3, [pc, #80]	@ (200015c0 <initialize+0x13c>)
2000156e:	f04f 32ff 	mov.w	r2, #4294967295
20001572:	605a      	str	r2, [r3, #4]
  thread0.next = NULL;
20001574:	4b12      	ldr	r3, [pc, #72]	@ (200015c0 <initialize+0x13c>)
20001576:	2200      	movs	r2, #0
20001578:	609a      	str	r2, [r3, #8]
  thread0.waitsFor = NULL;
2000157a:	4b11      	ldr	r3, [pc, #68]	@ (200015c0 <initialize+0x13c>)
2000157c:	2200      	movs	r2, #0
2000157e:	611a      	str	r2, [r3, #16]
  thread0.msg = NULL;
20001580:	4b0f      	ldr	r3, [pc, #60]	@ (200015c0 <initialize+0x13c>)
20001582:	2200      	movs	r2, #0
20001584:	60da      	str	r2, [r3, #12]

  DUMP("\n\r");
20001586:	480f      	ldr	r0, [pc, #60]	@ (200015c4 <initialize+0x140>)
20001588:	f7ff f962 	bl	20000850 <DUMP>
  DUMP("TinyTimber ");
2000158c:	480e      	ldr	r0, [pc, #56]	@ (200015c8 <initialize+0x144>)
2000158e:	f7ff f95f 	bl	20000850 <DUMP>
  DUMP(TINYTIMBER_VERSION);
20001592:	480e      	ldr	r0, [pc, #56]	@ (200015cc <initialize+0x148>)
20001594:	f7ff f95c 	bl	20000850 <DUMP>
  DUMP("\n\r");
20001598:	480a      	ldr	r0, [pc, #40]	@ (200015c4 <initialize+0x140>)
2000159a:	f7ff f959 	bl	20000850 <DUMP>
  DUMP("\n\r");
2000159e:	4809      	ldr	r0, [pc, #36]	@ (200015c4 <initialize+0x140>)
200015a0:	f7ff f956 	bl	20000850 <DUMP>

  TIMER_INIT();
200015a4:	f7ff fa73 	bl	20000a8e <TIMER_INIT>
}
200015a8:	bf00      	nop
200015aa:	3708      	adds	r7, #8
200015ac:	46bd      	mov	sp, r7
200015ae:	bd80      	pop	{r7, pc}
200015b0:	2000a004 	.word	0x2000a004
200015b4:	2000a2d4 	.word	0x2000a2d4
200015b8:	2000a328 	.word	0x2000a328
200015bc:	20000f95 	.word	0x20000f95
200015c0:	20012328 	.word	0x20012328
200015c4:	20007f50 	.word	0x20007f50
200015c8:	20007f54 	.word	0x20007f54
200015cc:	20007f60 	.word	0x20007f60

200015d0 <install>:

void install(Object *obj, Method m, enum Vector i) {
200015d0:	b580      	push	{r7, lr}
200015d2:	b086      	sub	sp, #24
200015d4:	af00      	add	r7, sp, #0
200015d6:	60f8      	str	r0, [r7, #12]
200015d8:	60b9      	str	r1, [r7, #8]
200015da:	4613      	mov	r3, r2
200015dc:	71fb      	strb	r3, [r7, #7]
  if (i >= 0 && i < N_VECTORS) {
200015de:	79fb      	ldrb	r3, [r7, #7]
200015e0:	2b02      	cmp	r3, #2
200015e2:	d841      	bhi.n	20001668 <install+0x98>
  __ASM volatile ("MRS %0, basepri_max" : "=r" (result) );
200015e4:	f3ef 8312 	mrs	r3, BASEPRI_MAX
200015e8:	613b      	str	r3, [r7, #16]
  return(result);
200015ea:	693b      	ldr	r3, [r7, #16]
    char wasEnabled = ENABLED();
200015ec:	091b      	lsrs	r3, r3, #4
200015ee:	2b01      	cmp	r3, #1
200015f0:	bf14      	ite	ne
200015f2:	2301      	movne	r3, #1
200015f4:	2300      	moveq	r3, #0
200015f6:	b2db      	uxtb	r3, r3
200015f8:	75fb      	strb	r3, [r7, #23]
    DISABLE();
200015fa:	f7ff f9c7 	bl	2000098c <sei>
    switch (i) {
200015fe:	79fb      	ldrb	r3, [r7, #7]
20001600:	2b02      	cmp	r3, #2
20001602:	d00e      	beq.n	20001622 <install+0x52>
20001604:	2b02      	cmp	r3, #2
20001606:	dc10      	bgt.n	2000162a <install+0x5a>
20001608:	2b00      	cmp	r3, #0
2000160a:	d002      	beq.n	20001612 <install+0x42>
2000160c:	2b01      	cmp	r3, #1
2000160e:	d004      	beq.n	2000161a <install+0x4a>
20001610:	e00b      	b.n	2000162a <install+0x5a>
    case IRQ_USART1:
      *((void (**)(void))USART1_IRQ_VECTOR) = vect_USART1;
20001612:	4b17      	ldr	r3, [pc, #92]	@ (20001670 <install+0xa0>)
20001614:	4a17      	ldr	r2, [pc, #92]	@ (20001674 <install+0xa4>)
20001616:	601a      	str	r2, [r3, #0]
      break;
20001618:	e014      	b.n	20001644 <install+0x74>

    case IRQ_CAN1:
      *((void (**)(void))CAN1_IRQ_VECTOR) = vect_CAN1;
2000161a:	4b17      	ldr	r3, [pc, #92]	@ (20001678 <install+0xa8>)
2000161c:	4a17      	ldr	r2, [pc, #92]	@ (2000167c <install+0xac>)
2000161e:	601a      	str	r2, [r3, #0]
      break;
20001620:	e010      	b.n	20001644 <install+0x74>

    case IRQ_EXTI9_5:
      *((void (**)(void))EXTI9_5_IRQ_VECTOR) = vect_EXTI9_5;
20001622:	4b17      	ldr	r3, [pc, #92]	@ (20001680 <install+0xb0>)
20001624:	4a17      	ldr	r2, [pc, #92]	@ (20001684 <install+0xb4>)
20001626:	601a      	str	r2, [r3, #0]
      break;
20001628:	e00c      	b.n	20001644 <install+0x74>

    default:
      PANIC("Device IRQ not supported ...");
2000162a:	4817      	ldr	r0, [pc, #92]	@ (20001688 <install+0xb8>)
2000162c:	f7ff f910 	bl	20000850 <DUMP>
20001630:	2200      	movs	r2, #0
20001632:	2102      	movs	r1, #2
20001634:	4815      	ldr	r0, [pc, #84]	@ (2000168c <install+0xbc>)
20001636:	f002 fbe7 	bl	20003e08 <GPIO_WriteBit>
2000163a:	4815      	ldr	r0, [pc, #84]	@ (20001690 <install+0xc0>)
2000163c:	f7ff f908 	bl	20000850 <DUMP>
20001640:	bf30      	wfi
20001642:	e7fd      	b.n	20001640 <install+0x70>
    }
    otable[i] = obj;
20001644:	79fb      	ldrb	r3, [r7, #7]
20001646:	4913      	ldr	r1, [pc, #76]	@ (20001694 <install+0xc4>)
20001648:	68fa      	ldr	r2, [r7, #12]
2000164a:	f841 2023 	str.w	r2, [r1, r3, lsl #2]
    mtable[i] = m;
2000164e:	79fb      	ldrb	r3, [r7, #7]
20001650:	4911      	ldr	r1, [pc, #68]	@ (20001698 <install+0xc8>)
20001652:	68ba      	ldr	r2, [r7, #8]
20001654:	f841 2023 	str.w	r2, [r1, r3, lsl #2]
    obj->wantedBy = INSTALLED_TAG; // Mark object as subject to synchronization
20001658:	68fb      	ldr	r3, [r7, #12]
2000165a:	2201      	movs	r2, #1
2000165c:	605a      	str	r2, [r3, #4]
                                   // by interrupt disabling
    ENABLE(wasEnabled);
2000165e:	7dfb      	ldrb	r3, [r7, #23]
20001660:	2b00      	cmp	r3, #0
20001662:	d001      	beq.n	20001668 <install+0x98>
20001664:	f7ff f9a0 	bl	200009a8 <cli>
  }
}
20001668:	bf00      	nop
2000166a:	3718      	adds	r7, #24
2000166c:	46bd      	mov	sp, r7
2000166e:	bd80      	pop	{r7, pc}
20001670:	2001c0d4 	.word	0x2001c0d4
20001674:	20000b59 	.word	0x20000b59
20001678:	2001c090 	.word	0x2001c090
2000167c:	20000bc1 	.word	0x20000bc1
20001680:	2001c09c 	.word	0x2001c09c
20001684:	20000c29 	.word	0x20000c29
20001688:	20007f2c 	.word	0x20007f2c
2000168c:	40020400 	.word	0x40020400
20001690:	20007f78 	.word	0x20007f78
20001694:	20012364 	.word	0x20012364
20001698:	20012358 	.word	0x20012358

2000169c <tinytimber>:

int tinytimber(Object *obj, Method meth, int arg) {
2000169c:	b580      	push	{r7, lr}
2000169e:	b086      	sub	sp, #24
200016a0:	af02      	add	r7, sp, #8
200016a2:	60f8      	str	r0, [r7, #12]
200016a4:	60b9      	str	r1, [r7, #8]
200016a6:	607a      	str	r2, [r7, #4]
  DISABLE();
200016a8:	f7ff f970 	bl	2000098c <sei>
  initialize();
200016ac:	f7ff feea 	bl	20001484 <initialize>
  if (meth != NULL) {
200016b0:	68bb      	ldr	r3, [r7, #8]
200016b2:	2b00      	cmp	r3, #0
200016b4:	d016      	beq.n	200016e4 <tinytimber+0x48>
    TIMERGET(timestamp);
200016b6:	480f      	ldr	r0, [pc, #60]	@ (200016f4 <tinytimber+0x58>)
200016b8:	f003 fc91 	bl	20004fde <TIM_GetCounter>
200016bc:	4603      	mov	r3, r0
200016be:	461a      	mov	r2, r3
200016c0:	4b0d      	ldr	r3, [pc, #52]	@ (200016f8 <tinytimber+0x5c>)
200016c2:	601a      	str	r2, [r3, #0]
    runAsHardware = 1;
200016c4:	4b0d      	ldr	r3, [pc, #52]	@ (200016fc <tinytimber+0x60>)
200016c6:	2201      	movs	r2, #1
200016c8:	601a      	str	r2, [r3, #0]
    ASYNC(obj, meth, arg);
200016ca:	687b      	ldr	r3, [r7, #4]
200016cc:	9300      	str	r3, [sp, #0]
200016ce:	68bb      	ldr	r3, [r7, #8]
200016d0:	68fa      	ldr	r2, [r7, #12]
200016d2:	2100      	movs	r1, #0
200016d4:	2000      	movs	r0, #0
200016d6:	f7ff fceb 	bl	200010b0 <async>
    runAsHardware = 0;
200016da:	4b08      	ldr	r3, [pc, #32]	@ (200016fc <tinytimber+0x60>)
200016dc:	2200      	movs	r2, #0
200016de:	601a      	str	r2, [r3, #0]
#ifdef __TRACE_SCHEDULE
    DUMP("schedule() in tinytimber()");
    DUMP("\n\r");
#endif
    schedule();
200016e0:	f7ff fcb4 	bl	2000104c <schedule>
  }
  idle();
200016e4:	f7ff fcaa 	bl	2000103c <idle>
  return 0;
200016e8:	2300      	movs	r3, #0
}
200016ea:	4618      	mov	r0, r3
200016ec:	3710      	adds	r7, #16
200016ee:	46bd      	mov	sp, r7
200016f0:	bd80      	pop	{r7, pc}
200016f2:	bf00      	nop
200016f4:	40000c00 	.word	0x40000c00
200016f8:	2001234c 	.word	0x2001234c
200016fc:	20012344 	.word	0x20012344

20001700 <NVIC_EnableIRQ>:
{
20001700:	b480      	push	{r7}
20001702:	b083      	sub	sp, #12
20001704:	af00      	add	r7, sp, #0
20001706:	4603      	mov	r3, r0
20001708:	71fb      	strb	r3, [r7, #7]
  NVIC->ISER[(uint32_t)((int32_t)IRQn) >> 5] = (uint32_t)(1 << ((uint32_t)((int32_t)IRQn) & (uint32_t)0x1F)); /* enable interrupt */
2000170a:	79fb      	ldrb	r3, [r7, #7]
2000170c:	f003 031f 	and.w	r3, r3, #31
20001710:	2201      	movs	r2, #1
20001712:	fa02 f103 	lsl.w	r1, r2, r3
20001716:	4a05      	ldr	r2, [pc, #20]	@ (2000172c <NVIC_EnableIRQ+0x2c>)
20001718:	f997 3007 	ldrsb.w	r3, [r7, #7]
2000171c:	095b      	lsrs	r3, r3, #5
2000171e:	f842 1023 	str.w	r1, [r2, r3, lsl #2]
}
20001722:	bf00      	nop
20001724:	370c      	adds	r7, #12
20001726:	46bd      	mov	sp, r7
20001728:	bc80      	pop	{r7}
2000172a:	4770      	bx	lr
2000172c:	e000e100 	.word	0xe000e100

20001730 <NVIC_SetPriority>:
{
20001730:	b480      	push	{r7}
20001732:	b083      	sub	sp, #12
20001734:	af00      	add	r7, sp, #0
20001736:	4603      	mov	r3, r0
20001738:	6039      	str	r1, [r7, #0]
2000173a:	71fb      	strb	r3, [r7, #7]
  if(IRQn < 0) {
2000173c:	f997 3007 	ldrsb.w	r3, [r7, #7]
20001740:	2b00      	cmp	r3, #0
20001742:	da0b      	bge.n	2000175c <NVIC_SetPriority+0x2c>
    SCB->SHP[((uint32_t)(IRQn) & 0xF)-4] = ((priority << (8 - __NVIC_PRIO_BITS)) & 0xff); } /* set Priority for Cortex-M  System Interrupts */
20001744:	683b      	ldr	r3, [r7, #0]
20001746:	b2da      	uxtb	r2, r3
20001748:	490c      	ldr	r1, [pc, #48]	@ (2000177c <NVIC_SetPriority+0x4c>)
2000174a:	79fb      	ldrb	r3, [r7, #7]
2000174c:	f003 030f 	and.w	r3, r3, #15
20001750:	3b04      	subs	r3, #4
20001752:	0112      	lsls	r2, r2, #4
20001754:	b2d2      	uxtb	r2, r2
20001756:	440b      	add	r3, r1
20001758:	761a      	strb	r2, [r3, #24]
}
2000175a:	e009      	b.n	20001770 <NVIC_SetPriority+0x40>
    NVIC->IP[(uint32_t)(IRQn)] = ((priority << (8 - __NVIC_PRIO_BITS)) & 0xff);    }        /* set Priority for device specific Interrupts  */
2000175c:	683b      	ldr	r3, [r7, #0]
2000175e:	b2da      	uxtb	r2, r3
20001760:	4907      	ldr	r1, [pc, #28]	@ (20001780 <NVIC_SetPriority+0x50>)
20001762:	f997 3007 	ldrsb.w	r3, [r7, #7]
20001766:	0112      	lsls	r2, r2, #4
20001768:	b2d2      	uxtb	r2, r2
2000176a:	440b      	add	r3, r1
2000176c:	f883 2300 	strb.w	r2, [r3, #768]	@ 0x300
}
20001770:	bf00      	nop
20001772:	370c      	adds	r7, #12
20001774:	46bd      	mov	sp, r7
20001776:	bc80      	pop	{r7}
20001778:	4770      	bx	lr
2000177a:	bf00      	nop
2000177c:	e000ed00 	.word	0xe000ed00
20001780:	e000e100 	.word	0xe000e100

20001784 <can_init>:
void DUMP(char *s);

//
// Initialize CAN controller
//
void can_init(Can *self, int unused) {
20001784:	b580      	push	{r7, lr}
20001786:	b086      	sub	sp, #24
20001788:	af00      	add	r7, sp, #0
2000178a:	6078      	str	r0, [r7, #4]
2000178c:	6039      	str	r1, [r7, #0]
  CAN_InitTypeDef CAN_InitStructure;

  self->count = self->head = self->tail = 0;
2000178e:	687b      	ldr	r3, [r7, #4]
20001790:	2200      	movs	r2, #0
20001792:	619a      	str	r2, [r3, #24]
20001794:	687b      	ldr	r3, [r7, #4]
20001796:	699a      	ldr	r2, [r3, #24]
20001798:	687b      	ldr	r3, [r7, #4]
2000179a:	615a      	str	r2, [r3, #20]
2000179c:	687b      	ldr	r3, [r7, #4]
2000179e:	695a      	ldr	r2, [r3, #20]
200017a0:	687b      	ldr	r3, [r7, #4]
200017a2:	61da      	str	r2, [r3, #28]
  //#define	__CAN_TxAck // if defined: single transmission, can_send() will
  // wait for message error or acknowledgement
  //  default: automatic retransmission, can_send() will not wait for message
  //  error or acknowledgement

  CAN_StructInit(&CAN_InitStructure);
200017a4:	f107 030c 	add.w	r3, r7, #12
200017a8:	4618      	mov	r0, r3
200017aa:	f000 ff9b 	bl	200026e4 <CAN_StructInit>

  CAN_InitStructure.CAN_TTCM =
200017ae:	2300      	movs	r3, #0
200017b0:	74bb      	strb	r3, [r7, #18]
      DISABLE; // time-triggered communication mode = DISABLED
  CAN_InitStructure.CAN_ABOM =
200017b2:	2300      	movs	r3, #0
200017b4:	74fb      	strb	r3, [r7, #19]
      DISABLE; // automatic bus-off management mode = DISABLED
  CAN_InitStructure.CAN_AWUM = DISABLE; // automatic wake-up mode = DISABLED
200017b6:	2300      	movs	r3, #0
200017b8:	753b      	strb	r3, [r7, #20]
#ifdef __CAN_TxAck
  CAN_InitStructure.CAN_NART = ENABLE; // non-automatic retransmission mode =
                                       // ENABLED (single transmission)
  DUMP("NOTE: CAN running with Tx Ack!\n\r");
#else
  CAN_InitStructure.CAN_NART =
200017ba:	2300      	movs	r3, #0
200017bc:	757b      	strb	r3, [r7, #21]
      DISABLE; // non-automatic retransmission mode = DISABLED (retransmit until
               // error or ack)
#endif
  CAN_InitStructure.CAN_RFLM = DISABLE; // receive FIFO locked mode = DISABLED
200017be:	2300      	movs	r3, #0
200017c0:	75bb      	strb	r3, [r7, #22]
  CAN_InitStructure.CAN_TXFP = DISABLE; // transmit FIFO priority = DISABLED
200017c2:	2300      	movs	r3, #0
200017c4:	75fb      	strb	r3, [r7, #23]
  CAN_InitStructure.CAN_Mode = CAN_Mode_Normal; // normal CAN mode
200017c6:	2300      	movs	r3, #0
200017c8:	73bb      	strb	r3, [r7, #14]
  // 42 MHz clock on APB1
  // Prescaler = 7 => time quanta tq = 1/6 us
  // Bit time = tq*(SJW + BS1 + BS2)
  // See figure 346 in F407 - Reference Manual.pdf
  //
  CAN_InitStructure.CAN_SJW = CAN_SJW_1tq; // synchronization jump width = 1
200017ca:	2300      	movs	r3, #0
200017cc:	73fb      	strb	r3, [r7, #15]
  CAN_InitStructure.CAN_BS1 = CAN_BS1_3tq;
200017ce:	2302      	movs	r3, #2
200017d0:	743b      	strb	r3, [r7, #16]
  CAN_InitStructure.CAN_BS2 = CAN_BS2_4tq;
200017d2:	2303      	movs	r3, #3
200017d4:	747b      	strb	r3, [r7, #17]
  CAN_InitStructure.CAN_Prescaler = 7; // baudrate 750kbps
200017d6:	2307      	movs	r3, #7
200017d8:	81bb      	strh	r3, [r7, #12]

  if (CAN_Init(CAN1, &CAN_InitStructure) == CAN_InitStatus_Failed)
200017da:	f107 030c 	add.w	r3, r7, #12
200017de:	4619      	mov	r1, r3
200017e0:	4812      	ldr	r0, [pc, #72]	@ (2000182c <can_init+0xa8>)
200017e2:	f000 fded 	bl	200023c0 <CAN_Init>
200017e6:	4603      	mov	r3, r0
200017e8:	2b00      	cmp	r3, #0
200017ea:	d102      	bne.n	200017f2 <can_init+0x6e>
    DUMP("\n\rCAN #1 Init failed!\n\r");
200017ec:	4810      	ldr	r0, [pc, #64]	@ (20001830 <can_init+0xac>)
200017ee:	f7ff f82f 	bl	20000850 <DUMP>
  //	else
  //		DUMP("\n\rCAN #1 successful!\n\r");

  if (CAN_Init(CAN2, &CAN_InitStructure) == CAN_InitStatus_Failed)
200017f2:	f107 030c 	add.w	r3, r7, #12
200017f6:	4619      	mov	r1, r3
200017f8:	480e      	ldr	r0, [pc, #56]	@ (20001834 <can_init+0xb0>)
200017fa:	f000 fde1 	bl	200023c0 <CAN_Init>
200017fe:	4603      	mov	r3, r0
20001800:	2b00      	cmp	r3, #0
20001802:	d102      	bne.n	2000180a <can_init+0x86>
    DUMP("CAN #2 Init failed!\n\r");
20001804:	480c      	ldr	r0, [pc, #48]	@ (20001838 <can_init+0xb4>)
20001806:	f7ff f823 	bl	20000850 <DUMP>
  //	else
  //		DUMP("CAN #2 successful!\n\r");

  NVIC_SetPriority(CAN1_RX0_IRQn, __IRQ_PRIORITY);
2000180a:	2102      	movs	r1, #2
2000180c:	2014      	movs	r0, #20
2000180e:	f7ff ff8f 	bl	20001730 <NVIC_SetPriority>
  NVIC_EnableIRQ(CAN1_RX0_IRQn);
20001812:	2014      	movs	r0, #20
20001814:	f7ff ff74 	bl	20001700 <NVIC_EnableIRQ>
  CAN_ITConfig(CAN1, CAN_IT_FMP0, ENABLE);
20001818:	2201      	movs	r2, #1
2000181a:	2102      	movs	r1, #2
2000181c:	4803      	ldr	r0, [pc, #12]	@ (2000182c <can_init+0xa8>)
2000181e:	f001 fb8f 	bl	20002f40 <CAN_ITConfig>
}
20001822:	bf00      	nop
20001824:	3718      	adds	r7, #24
20001826:	46bd      	mov	sp, r7
20001828:	bd80      	pop	{r7, pc}
2000182a:	bf00      	nop
2000182c:	40006400 	.word	0x40006400
20001830:	20007f98 	.word	0x20007f98
20001834:	40006800 	.word	0x40006800
20001838:	20007fb0 	.word	0x20007fb0

2000183c <can_interrupt>:

//
// When a message is received on the can bus, store it in a software
// buffer, notify the listener and clear the receive interrupt.
//
void can_interrupt(Can *self, int unused) {
2000183c:	b5b0      	push	{r4, r5, r7, lr}
2000183e:	b08a      	sub	sp, #40	@ 0x28
20001840:	af02      	add	r7, sp, #8
20001842:	6078      	str	r0, [r7, #4]
20001844:	6039      	str	r1, [r7, #0]
  uchar index;

  if (CAN_GetFlagStatus(self->port, CAN_FLAG_FMP0) ==
20001846:	687b      	ldr	r3, [r7, #4]
20001848:	689b      	ldr	r3, [r3, #8]
2000184a:	495a      	ldr	r1, [pc, #360]	@ (200019b4 <can_interrupt+0x178>)
2000184c:	4618      	mov	r0, r3
2000184e:	f001 fb94 	bl	20002f7a <CAN_GetFlagStatus>
20001852:	4603      	mov	r3, r0
20001854:	2b01      	cmp	r3, #1
20001856:	d002      	beq.n	2000185e <can_interrupt+0x22>
      SET) { // Data received in FIFO0
             //		DUMP("\n\rYay: A CAN #1 FIFO0 IRQ!\n\r");
  } else
    DUMP("\n\rStrange: Not a CAN #1 FIFO0 IRQ!\n\r");
20001858:	4857      	ldr	r0, [pc, #348]	@ (200019b8 <can_interrupt+0x17c>)
2000185a:	f7fe fff9 	bl	20000850 <DUMP>

  if (self->count < CAN_BUFSIZE) {
2000185e:	687b      	ldr	r3, [r7, #4]
20001860:	69db      	ldr	r3, [r3, #28]
20001862:	2b07      	cmp	r3, #7
20001864:	f300 809e 	bgt.w	200019a4 <can_interrupt+0x168>
    CanRxMsg RxMessage;

    CAN_Receive(self->port, CAN_FIFO0, &RxMessage);
20001868:	687b      	ldr	r3, [r7, #4]
2000186a:	689b      	ldr	r3, [r3, #8]
2000186c:	f107 0208 	add.w	r2, r7, #8
20001870:	2100      	movs	r1, #0
20001872:	4618      	mov	r0, r3
20001874:	f001 f973 	bl	20002b5e <CAN_Receive>

    self->iBuff[self->head].msgId = (RxMessage.StdId >> 4) & 0x7F;
20001878:	68bb      	ldr	r3, [r7, #8]
2000187a:	091b      	lsrs	r3, r3, #4
2000187c:	b2db      	uxtb	r3, r3
2000187e:	687a      	ldr	r2, [r7, #4]
20001880:	6952      	ldr	r2, [r2, #20]
20001882:	f003 037f 	and.w	r3, r3, #127	@ 0x7f
20001886:	b2d8      	uxtb	r0, r3
20001888:	6879      	ldr	r1, [r7, #4]
2000188a:	4613      	mov	r3, r2
2000188c:	009b      	lsls	r3, r3, #2
2000188e:	4413      	add	r3, r2
20001890:	005b      	lsls	r3, r3, #1
20001892:	4413      	add	r3, r2
20001894:	440b      	add	r3, r1
20001896:	3320      	adds	r3, #32
20001898:	4602      	mov	r2, r0
2000189a:	701a      	strb	r2, [r3, #0]
    self->iBuff[self->head].nodeId = RxMessage.StdId & 0x0F;
2000189c:	68bb      	ldr	r3, [r7, #8]
2000189e:	b2db      	uxtb	r3, r3
200018a0:	687a      	ldr	r2, [r7, #4]
200018a2:	6952      	ldr	r2, [r2, #20]
200018a4:	f003 030f 	and.w	r3, r3, #15
200018a8:	b2d8      	uxtb	r0, r3
200018aa:	6879      	ldr	r1, [r7, #4]
200018ac:	4613      	mov	r3, r2
200018ae:	009b      	lsls	r3, r3, #2
200018b0:	4413      	add	r3, r2
200018b2:	005b      	lsls	r3, r3, #1
200018b4:	4413      	add	r3, r2
200018b6:	440b      	add	r3, r1
200018b8:	3321      	adds	r3, #33	@ 0x21
200018ba:	4602      	mov	r2, r0
200018bc:	701a      	strb	r2, [r3, #0]

    self->iBuff[self->head].length = (RxMessage.DLC & 0x0F);
200018be:	7cbb      	ldrb	r3, [r7, #18]
200018c0:	687a      	ldr	r2, [r7, #4]
200018c2:	6952      	ldr	r2, [r2, #20]
200018c4:	f003 030f 	and.w	r3, r3, #15
200018c8:	b2d8      	uxtb	r0, r3
200018ca:	6879      	ldr	r1, [r7, #4]
200018cc:	4613      	mov	r3, r2
200018ce:	009b      	lsls	r3, r3, #2
200018d0:	4413      	add	r3, r2
200018d2:	005b      	lsls	r3, r3, #1
200018d4:	4413      	add	r3, r2
200018d6:	440b      	add	r3, r1
200018d8:	3322      	adds	r3, #34	@ 0x22
200018da:	4602      	mov	r2, r0
200018dc:	701a      	strb	r2, [r3, #0]

    for (index = 0; index < self->iBuff[self->head].length; index++) {
200018de:	2300      	movs	r3, #0
200018e0:	77fb      	strb	r3, [r7, #31]
200018e2:	e015      	b.n	20001910 <can_interrupt+0xd4>
      // Get received data
      self->iBuff[self->head].buff[index] = RxMessage.Data[index];
200018e4:	7ffb      	ldrb	r3, [r7, #31]
200018e6:	687a      	ldr	r2, [r7, #4]
200018e8:	6952      	ldr	r2, [r2, #20]
200018ea:	7ff9      	ldrb	r1, [r7, #31]
200018ec:	3320      	adds	r3, #32
200018ee:	443b      	add	r3, r7
200018f0:	f813 4c0d 	ldrb.w	r4, [r3, #-13]
200018f4:	6878      	ldr	r0, [r7, #4]
200018f6:	4613      	mov	r3, r2
200018f8:	009b      	lsls	r3, r3, #2
200018fa:	4413      	add	r3, r2
200018fc:	005b      	lsls	r3, r3, #1
200018fe:	4413      	add	r3, r2
20001900:	4403      	add	r3, r0
20001902:	440b      	add	r3, r1
20001904:	3323      	adds	r3, #35	@ 0x23
20001906:	4622      	mov	r2, r4
20001908:	701a      	strb	r2, [r3, #0]
    for (index = 0; index < self->iBuff[self->head].length; index++) {
2000190a:	7ffb      	ldrb	r3, [r7, #31]
2000190c:	3301      	adds	r3, #1
2000190e:	77fb      	strb	r3, [r7, #31]
20001910:	687b      	ldr	r3, [r7, #4]
20001912:	695a      	ldr	r2, [r3, #20]
20001914:	6879      	ldr	r1, [r7, #4]
20001916:	4613      	mov	r3, r2
20001918:	009b      	lsls	r3, r3, #2
2000191a:	4413      	add	r3, r2
2000191c:	005b      	lsls	r3, r3, #1
2000191e:	4413      	add	r3, r2
20001920:	440b      	add	r3, r1
20001922:	3322      	adds	r3, #34	@ 0x22
20001924:	781b      	ldrb	r3, [r3, #0]
20001926:	7ffa      	ldrb	r2, [r7, #31]
20001928:	429a      	cmp	r2, r3
2000192a:	d3db      	bcc.n	200018e4 <can_interrupt+0xa8>
    }

    if (self->obj) {
2000192c:	687b      	ldr	r3, [r7, #4]
2000192e:	68db      	ldr	r3, [r3, #12]
20001930:	2b00      	cmp	r3, #0
20001932:	d025      	beq.n	20001980 <can_interrupt+0x144>
      ASYNC(self->obj, self->meth,
20001934:	687b      	ldr	r3, [r7, #4]
20001936:	68dc      	ldr	r4, [r3, #12]
20001938:	687b      	ldr	r3, [r7, #4]
2000193a:	691d      	ldr	r5, [r3, #16]
2000193c:	687b      	ldr	r3, [r7, #4]
2000193e:	695a      	ldr	r2, [r3, #20]
20001940:	6879      	ldr	r1, [r7, #4]
20001942:	4613      	mov	r3, r2
20001944:	009b      	lsls	r3, r3, #2
20001946:	4413      	add	r3, r2
20001948:	005b      	lsls	r3, r3, #1
2000194a:	4413      	add	r3, r2
2000194c:	440b      	add	r3, r1
2000194e:	3320      	adds	r3, #32
20001950:	781b      	ldrb	r3, [r3, #0]
20001952:	0119      	lsls	r1, r3, #4
20001954:	687b      	ldr	r3, [r7, #4]
20001956:	695a      	ldr	r2, [r3, #20]
20001958:	6878      	ldr	r0, [r7, #4]
2000195a:	4613      	mov	r3, r2
2000195c:	009b      	lsls	r3, r3, #2
2000195e:	4413      	add	r3, r2
20001960:	005b      	lsls	r3, r3, #1
20001962:	4413      	add	r3, r2
20001964:	4403      	add	r3, r0
20001966:	3321      	adds	r3, #33	@ 0x21
20001968:	781b      	ldrb	r3, [r3, #0]
2000196a:	440b      	add	r3, r1
2000196c:	9300      	str	r3, [sp, #0]
2000196e:	462b      	mov	r3, r5
20001970:	4622      	mov	r2, r4
20001972:	2100      	movs	r1, #0
20001974:	2000      	movs	r0, #0
20001976:	f7ff fb9b 	bl	200010b0 <async>
            (self->iBuff[self->head].msgId << 4) +
                self->iBuff[self->head].nodeId);
      doIRQSchedule = 1;
2000197a:	4b10      	ldr	r3, [pc, #64]	@ (200019bc <can_interrupt+0x180>)
2000197c:	2201      	movs	r2, #1
2000197e:	601a      	str	r2, [r3, #0]
    }

    self->head = (self->head + 1) % CAN_BUFSIZE;
20001980:	687b      	ldr	r3, [r7, #4]
20001982:	695b      	ldr	r3, [r3, #20]
20001984:	3301      	adds	r3, #1
20001986:	425a      	negs	r2, r3
20001988:	f003 0307 	and.w	r3, r3, #7
2000198c:	f002 0207 	and.w	r2, r2, #7
20001990:	bf58      	it	pl
20001992:	4253      	negpl	r3, r2
20001994:	687a      	ldr	r2, [r7, #4]
20001996:	6153      	str	r3, [r2, #20]
    self->count++;
20001998:	687b      	ldr	r3, [r7, #4]
2000199a:	69db      	ldr	r3, [r3, #28]
2000199c:	1c5a      	adds	r2, r3, #1
2000199e:	687b      	ldr	r3, [r7, #4]
200019a0:	61da      	str	r2, [r3, #28]
  } else {
    DUMP("\n\rStrange: CAN #1 FIFO0 Full!\n\r");
    // Handle full buffers
    // Now just discards message
  }
}
200019a2:	e002      	b.n	200019aa <can_interrupt+0x16e>
    DUMP("\n\rStrange: CAN #1 FIFO0 Full!\n\r");
200019a4:	4806      	ldr	r0, [pc, #24]	@ (200019c0 <can_interrupt+0x184>)
200019a6:	f7fe ff53 	bl	20000850 <DUMP>
}
200019aa:	bf00      	nop
200019ac:	3720      	adds	r7, #32
200019ae:	46bd      	mov	sp, r7
200019b0:	bdb0      	pop	{r4, r5, r7, pc}
200019b2:	bf00      	nop
200019b4:	12000003 	.word	0x12000003
200019b8:	20007fc8 	.word	0x20007fc8
200019bc:	20012348 	.word	0x20012348
200019c0:	20007ff0 	.word	0x20007ff0

200019c4 <can_receive>:

//
// Copy the first message from the software buffer to the supplied
// message data structure.
//
int can_receive(Can *self, CANMsg *msg) {
200019c4:	b490      	push	{r4, r7}
200019c6:	b084      	sub	sp, #16
200019c8:	af00      	add	r7, sp, #0
200019ca:	6078      	str	r0, [r7, #4]
200019cc:	6039      	str	r1, [r7, #0]
  uchar index;

  if (self->count > 0) {
200019ce:	687b      	ldr	r3, [r7, #4]
200019d0:	69db      	ldr	r3, [r3, #28]
200019d2:	2b00      	cmp	r3, #0
200019d4:	dd55      	ble.n	20001a82 <can_receive+0xbe>
    msg->msgId = self->iBuff[self->tail].msgId;
200019d6:	687b      	ldr	r3, [r7, #4]
200019d8:	699a      	ldr	r2, [r3, #24]
200019da:	6879      	ldr	r1, [r7, #4]
200019dc:	4613      	mov	r3, r2
200019de:	009b      	lsls	r3, r3, #2
200019e0:	4413      	add	r3, r2
200019e2:	005b      	lsls	r3, r3, #1
200019e4:	4413      	add	r3, r2
200019e6:	440b      	add	r3, r1
200019e8:	3320      	adds	r3, #32
200019ea:	781a      	ldrb	r2, [r3, #0]
200019ec:	683b      	ldr	r3, [r7, #0]
200019ee:	701a      	strb	r2, [r3, #0]
    msg->nodeId = self->iBuff[self->tail].nodeId;
200019f0:	687b      	ldr	r3, [r7, #4]
200019f2:	699a      	ldr	r2, [r3, #24]
200019f4:	6879      	ldr	r1, [r7, #4]
200019f6:	4613      	mov	r3, r2
200019f8:	009b      	lsls	r3, r3, #2
200019fa:	4413      	add	r3, r2
200019fc:	005b      	lsls	r3, r3, #1
200019fe:	4413      	add	r3, r2
20001a00:	440b      	add	r3, r1
20001a02:	3321      	adds	r3, #33	@ 0x21
20001a04:	781a      	ldrb	r2, [r3, #0]
20001a06:	683b      	ldr	r3, [r7, #0]
20001a08:	705a      	strb	r2, [r3, #1]
    msg->length = self->iBuff[self->tail].length;
20001a0a:	687b      	ldr	r3, [r7, #4]
20001a0c:	699a      	ldr	r2, [r3, #24]
20001a0e:	6879      	ldr	r1, [r7, #4]
20001a10:	4613      	mov	r3, r2
20001a12:	009b      	lsls	r3, r3, #2
20001a14:	4413      	add	r3, r2
20001a16:	005b      	lsls	r3, r3, #1
20001a18:	4413      	add	r3, r2
20001a1a:	440b      	add	r3, r1
20001a1c:	3322      	adds	r3, #34	@ 0x22
20001a1e:	781a      	ldrb	r2, [r3, #0]
20001a20:	683b      	ldr	r3, [r7, #0]
20001a22:	709a      	strb	r2, [r3, #2]

    // Get received data
    for (index = 0; index < msg->length; index++) {
20001a24:	2300      	movs	r3, #0
20001a26:	73fb      	strb	r3, [r7, #15]
20001a28:	e013      	b.n	20001a52 <can_receive+0x8e>
      msg->buff[index] = self->iBuff[self->tail].buff[index];
20001a2a:	687b      	ldr	r3, [r7, #4]
20001a2c:	699a      	ldr	r2, [r3, #24]
20001a2e:	7bf8      	ldrb	r0, [r7, #15]
20001a30:	7bf9      	ldrb	r1, [r7, #15]
20001a32:	687c      	ldr	r4, [r7, #4]
20001a34:	4613      	mov	r3, r2
20001a36:	009b      	lsls	r3, r3, #2
20001a38:	4413      	add	r3, r2
20001a3a:	005b      	lsls	r3, r3, #1
20001a3c:	4413      	add	r3, r2
20001a3e:	4423      	add	r3, r4
20001a40:	4403      	add	r3, r0
20001a42:	3323      	adds	r3, #35	@ 0x23
20001a44:	781a      	ldrb	r2, [r3, #0]
20001a46:	683b      	ldr	r3, [r7, #0]
20001a48:	440b      	add	r3, r1
20001a4a:	70da      	strb	r2, [r3, #3]
    for (index = 0; index < msg->length; index++) {
20001a4c:	7bfb      	ldrb	r3, [r7, #15]
20001a4e:	3301      	adds	r3, #1
20001a50:	73fb      	strb	r3, [r7, #15]
20001a52:	683b      	ldr	r3, [r7, #0]
20001a54:	789b      	ldrb	r3, [r3, #2]
20001a56:	7bfa      	ldrb	r2, [r7, #15]
20001a58:	429a      	cmp	r2, r3
20001a5a:	d3e6      	bcc.n	20001a2a <can_receive+0x66>
    }

    self->tail = (self->tail + 1) % CAN_BUFSIZE;
20001a5c:	687b      	ldr	r3, [r7, #4]
20001a5e:	699b      	ldr	r3, [r3, #24]
20001a60:	3301      	adds	r3, #1
20001a62:	425a      	negs	r2, r3
20001a64:	f003 0307 	and.w	r3, r3, #7
20001a68:	f002 0207 	and.w	r2, r2, #7
20001a6c:	bf58      	it	pl
20001a6e:	4253      	negpl	r3, r2
20001a70:	687a      	ldr	r2, [r7, #4]
20001a72:	6193      	str	r3, [r2, #24]
    self->count--;
20001a74:	687b      	ldr	r3, [r7, #4]
20001a76:	69db      	ldr	r3, [r3, #28]
20001a78:	1e5a      	subs	r2, r3, #1
20001a7a:	687b      	ldr	r3, [r7, #4]
20001a7c:	61da      	str	r2, [r3, #28]
    return 0;
20001a7e:	2300      	movs	r3, #0
20001a80:	e000      	b.n	20001a84 <can_receive+0xc0>
  }
  return 1;
20001a82:	2301      	movs	r3, #1
}
20001a84:	4618      	mov	r0, r3
20001a86:	3710      	adds	r7, #16
20001a88:	46bd      	mov	sp, r7
20001a8a:	bc90      	pop	{r4, r7}
20001a8c:	4770      	bx	lr

20001a8e <can_send>:

//
// Copy the given message to a transmit buffer and send the message
//
int can_send(Can *self, CANMsg *msg) {
20001a8e:	b580      	push	{r7, lr}
20001a90:	b08a      	sub	sp, #40	@ 0x28
20001a92:	af00      	add	r7, sp, #0
20001a94:	6078      	str	r0, [r7, #4]
20001a96:	6039      	str	r1, [r7, #0]
  uchar index;
  CAN_TypeDef *canport = self->port;
20001a98:	687b      	ldr	r3, [r7, #4]
20001a9a:	689b      	ldr	r3, [r3, #8]
20001a9c:	623b      	str	r3, [r7, #32]
  CanTxMsg TxMessage;
  uint8_t TransmitMailbox = 0;
20001a9e:	2300      	movs	r3, #0
20001aa0:	77fb      	strb	r3, [r7, #31]
#ifdef __CAN_LOOPBACK
  canport = CAN2;
#endif

  // set the transmit ID, standard identifiers are used, combine IDs
  TxMessage.StdId = (msg->msgId << 4) + msg->nodeId;
20001aa2:	683b      	ldr	r3, [r7, #0]
20001aa4:	781b      	ldrb	r3, [r3, #0]
20001aa6:	011b      	lsls	r3, r3, #4
20001aa8:	683a      	ldr	r2, [r7, #0]
20001aaa:	7852      	ldrb	r2, [r2, #1]
20001aac:	4413      	add	r3, r2
20001aae:	60bb      	str	r3, [r7, #8]
  TxMessage.RTR = CAN_RTR_Data;
20001ab0:	2300      	movs	r3, #0
20001ab2:	747b      	strb	r3, [r7, #17]
  TxMessage.IDE = CAN_Id_Standard;
20001ab4:	2300      	movs	r3, #0
20001ab6:	743b      	strb	r3, [r7, #16]
  if (msg->length > 8)
20001ab8:	683b      	ldr	r3, [r7, #0]
20001aba:	789b      	ldrb	r3, [r3, #2]
20001abc:	2b08      	cmp	r3, #8
20001abe:	d902      	bls.n	20001ac6 <can_send+0x38>
    msg->length = 8;
20001ac0:	683b      	ldr	r3, [r7, #0]
20001ac2:	2208      	movs	r2, #8
20001ac4:	709a      	strb	r2, [r3, #2]
  TxMessage.DLC = msg->length; // set number of bytes to send
20001ac6:	683b      	ldr	r3, [r7, #0]
20001ac8:	789b      	ldrb	r3, [r3, #2]
20001aca:	74bb      	strb	r3, [r7, #18]

  for (index = 0; index < msg->length; index++) {
20001acc:	2300      	movs	r3, #0
20001ace:	f887 3027 	strb.w	r3, [r7, #39]	@ 0x27
20001ad2:	e00f      	b.n	20001af4 <can_send+0x66>
    TxMessage.Data[index] = msg->buff[index]; // copy data to buffer
20001ad4:	f897 2027 	ldrb.w	r2, [r7, #39]	@ 0x27
20001ad8:	f897 3027 	ldrb.w	r3, [r7, #39]	@ 0x27
20001adc:	6839      	ldr	r1, [r7, #0]
20001ade:	440a      	add	r2, r1
20001ae0:	78d2      	ldrb	r2, [r2, #3]
20001ae2:	3328      	adds	r3, #40	@ 0x28
20001ae4:	443b      	add	r3, r7
20001ae6:	f803 2c15 	strb.w	r2, [r3, #-21]
  for (index = 0; index < msg->length; index++) {
20001aea:	f897 3027 	ldrb.w	r3, [r7, #39]	@ 0x27
20001aee:	3301      	adds	r3, #1
20001af0:	f887 3027 	strb.w	r3, [r7, #39]	@ 0x27
20001af4:	683b      	ldr	r3, [r7, #0]
20001af6:	789b      	ldrb	r3, [r3, #2]
20001af8:	f897 2027 	ldrb.w	r2, [r7, #39]	@ 0x27
20001afc:	429a      	cmp	r2, r3
20001afe:	d3e9      	bcc.n	20001ad4 <can_send+0x46>
  }

  TransmitMailbox = CAN_Transmit(canport, &TxMessage);
20001b00:	f107 0308 	add.w	r3, r7, #8
20001b04:	4619      	mov	r1, r3
20001b06:	6a38      	ldr	r0, [r7, #32]
20001b08:	f000 feac 	bl	20002864 <CAN_Transmit>
20001b0c:	4603      	mov	r3, r0
20001b0e:	77fb      	strb	r3, [r7, #31]

  if (TransmitMailbox == CAN_TxStatus_NoMailBox) {
20001b10:	7ffb      	ldrb	r3, [r7, #31]
20001b12:	2b04      	cmp	r3, #4
20001b14:	d104      	bne.n	20001b20 <can_send+0x92>
    DUMP("CAN TxBuf full!\n\r");
20001b16:	4805      	ldr	r0, [pc, #20]	@ (20001b2c <can_send+0x9e>)
20001b18:	f7fe fe9a 	bl	20000850 <DUMP>
    return 1;
20001b1c:	2301      	movs	r3, #1
20001b1e:	e000      	b.n	20001b22 <can_send+0x94>
    DUMP("CAN Tx fail!\n\r");
    return 1;
  }
#endif

  return 0;
20001b20:	2300      	movs	r3, #0
}
20001b22:	4618      	mov	r0, r3
20001b24:	3728      	adds	r7, #40	@ 0x28
20001b26:	46bd      	mov	sp, r7
20001b28:	bd80      	pop	{r7, pc}
20001b2a:	bf00      	nop
20001b2c:	20008010 	.word	0x20008010

20001b30 <NVIC_EnableIRQ>:
{
20001b30:	b480      	push	{r7}
20001b32:	b083      	sub	sp, #12
20001b34:	af00      	add	r7, sp, #0
20001b36:	4603      	mov	r3, r0
20001b38:	71fb      	strb	r3, [r7, #7]
  NVIC->ISER[(uint32_t)((int32_t)IRQn) >> 5] = (uint32_t)(1 << ((uint32_t)((int32_t)IRQn) & (uint32_t)0x1F)); /* enable interrupt */
20001b3a:	79fb      	ldrb	r3, [r7, #7]
20001b3c:	f003 031f 	and.w	r3, r3, #31
20001b40:	2201      	movs	r2, #1
20001b42:	fa02 f103 	lsl.w	r1, r2, r3
20001b46:	4a05      	ldr	r2, [pc, #20]	@ (20001b5c <NVIC_EnableIRQ+0x2c>)
20001b48:	f997 3007 	ldrsb.w	r3, [r7, #7]
20001b4c:	095b      	lsrs	r3, r3, #5
20001b4e:	f842 1023 	str.w	r1, [r2, r3, lsl #2]
}
20001b52:	bf00      	nop
20001b54:	370c      	adds	r7, #12
20001b56:	46bd      	mov	sp, r7
20001b58:	bc80      	pop	{r7}
20001b5a:	4770      	bx	lr
20001b5c:	e000e100 	.word	0xe000e100

20001b60 <NVIC_SetPriority>:
{
20001b60:	b480      	push	{r7}
20001b62:	b083      	sub	sp, #12
20001b64:	af00      	add	r7, sp, #0
20001b66:	4603      	mov	r3, r0
20001b68:	6039      	str	r1, [r7, #0]
20001b6a:	71fb      	strb	r3, [r7, #7]
  if(IRQn < 0) {
20001b6c:	f997 3007 	ldrsb.w	r3, [r7, #7]
20001b70:	2b00      	cmp	r3, #0
20001b72:	da0b      	bge.n	20001b8c <NVIC_SetPriority+0x2c>
    SCB->SHP[((uint32_t)(IRQn) & 0xF)-4] = ((priority << (8 - __NVIC_PRIO_BITS)) & 0xff); } /* set Priority for Cortex-M  System Interrupts */
20001b74:	683b      	ldr	r3, [r7, #0]
20001b76:	b2da      	uxtb	r2, r3
20001b78:	490c      	ldr	r1, [pc, #48]	@ (20001bac <NVIC_SetPriority+0x4c>)
20001b7a:	79fb      	ldrb	r3, [r7, #7]
20001b7c:	f003 030f 	and.w	r3, r3, #15
20001b80:	3b04      	subs	r3, #4
20001b82:	0112      	lsls	r2, r2, #4
20001b84:	b2d2      	uxtb	r2, r2
20001b86:	440b      	add	r3, r1
20001b88:	761a      	strb	r2, [r3, #24]
}
20001b8a:	e009      	b.n	20001ba0 <NVIC_SetPriority+0x40>
    NVIC->IP[(uint32_t)(IRQn)] = ((priority << (8 - __NVIC_PRIO_BITS)) & 0xff);    }        /* set Priority for device specific Interrupts  */
20001b8c:	683b      	ldr	r3, [r7, #0]
20001b8e:	b2da      	uxtb	r2, r3
20001b90:	4907      	ldr	r1, [pc, #28]	@ (20001bb0 <NVIC_SetPriority+0x50>)
20001b92:	f997 3007 	ldrsb.w	r3, [r7, #7]
20001b96:	0112      	lsls	r2, r2, #4
20001b98:	b2d2      	uxtb	r2, r2
20001b9a:	440b      	add	r3, r1
20001b9c:	f883 2300 	strb.w	r2, [r3, #768]	@ 0x300
}
20001ba0:	bf00      	nop
20001ba2:	370c      	adds	r7, #12
20001ba4:	46bd      	mov	sp, r7
20001ba6:	bc80      	pop	{r7}
20001ba8:	4770      	bx	lr
20001baa:	bf00      	nop
20001bac:	e000ed00 	.word	0xe000ed00
20001bb0:	e000e100 	.word	0xe000e100

20001bb4 <sci_init>:
#include "sciTinyTimber.h"
#include "TinyTimber.h"

void sci_init(Serial *self, int unused) {
20001bb4:	b580      	push	{r7, lr}
20001bb6:	b082      	sub	sp, #8
20001bb8:	af00      	add	r7, sp, #0
20001bba:	6078      	str	r0, [r7, #4]
20001bbc:	6039      	str	r1, [r7, #0]
  self->count = self->head = self->tail = 0;
20001bbe:	687b      	ldr	r3, [r7, #4]
20001bc0:	2200      	movs	r2, #0
20001bc2:	619a      	str	r2, [r3, #24]
20001bc4:	687b      	ldr	r3, [r7, #4]
20001bc6:	699a      	ldr	r2, [r3, #24]
20001bc8:	687b      	ldr	r3, [r7, #4]
20001bca:	615a      	str	r2, [r3, #20]
20001bcc:	687b      	ldr	r3, [r7, #4]
20001bce:	695a      	ldr	r2, [r3, #20]
20001bd0:	687b      	ldr	r3, [r7, #4]
20001bd2:	61da      	str	r2, [r3, #28]

  USART_ITConfig(USART1, USART_IT_RXNE, ENABLE);
20001bd4:	2201      	movs	r2, #1
20001bd6:	f240 5125 	movw	r1, #1317	@ 0x525
20001bda:	480a      	ldr	r0, [pc, #40]	@ (20001c04 <sci_init+0x50>)
20001bdc:	f005 f9c0 	bl	20006f60 <USART_ITConfig>
  USART_ITConfig(USART1, USART_IT_TXE, DISABLE);
20001be0:	2200      	movs	r2, #0
20001be2:	f240 7127 	movw	r1, #1831	@ 0x727
20001be6:	4807      	ldr	r0, [pc, #28]	@ (20001c04 <sci_init+0x50>)
20001be8:	f005 f9ba 	bl	20006f60 <USART_ITConfig>
  NVIC_SetPriority(USART1_IRQn, __IRQ_PRIORITY);
20001bec:	2102      	movs	r1, #2
20001bee:	2025      	movs	r0, #37	@ 0x25
20001bf0:	f7ff ffb6 	bl	20001b60 <NVIC_SetPriority>
  NVIC_EnableIRQ(USART1_IRQn);
20001bf4:	2025      	movs	r0, #37	@ 0x25
20001bf6:	f7ff ff9b 	bl	20001b30 <NVIC_EnableIRQ>
}
20001bfa:	bf00      	nop
20001bfc:	3708      	adds	r7, #8
20001bfe:	46bd      	mov	sp, r7
20001c00:	bd80      	pop	{r7, pc}
20001c02:	bf00      	nop
20001c04:	40011000 	.word	0x40011000

20001c08 <outc>:

static void outc(Serial *self, char c) {
20001c08:	b480      	push	{r7}
20001c0a:	b083      	sub	sp, #12
20001c0c:	af00      	add	r7, sp, #0
20001c0e:	6078      	str	r0, [r7, #4]
20001c10:	460b      	mov	r3, r1
20001c12:	70fb      	strb	r3, [r7, #3]
  if (self->count < SCI_BUFSIZE) {
20001c14:	687b      	ldr	r3, [r7, #4]
20001c16:	69db      	ldr	r3, [r3, #28]
20001c18:	f5b3 6f80 	cmp.w	r3, #1024	@ 0x400
20001c1c:	da17      	bge.n	20001c4e <outc+0x46>
    self->buf[self->head] = c;
20001c1e:	687b      	ldr	r3, [r7, #4]
20001c20:	695b      	ldr	r3, [r3, #20]
20001c22:	687a      	ldr	r2, [r7, #4]
20001c24:	4413      	add	r3, r2
20001c26:	78fa      	ldrb	r2, [r7, #3]
20001c28:	f883 2020 	strb.w	r2, [r3, #32]
    self->head = (self->head + 1) % SCI_BUFSIZE;
20001c2c:	687b      	ldr	r3, [r7, #4]
20001c2e:	695b      	ldr	r3, [r3, #20]
20001c30:	3301      	adds	r3, #1
20001c32:	425a      	negs	r2, r3
20001c34:	f3c3 0309 	ubfx	r3, r3, #0, #10
20001c38:	f3c2 0209 	ubfx	r2, r2, #0, #10
20001c3c:	bf58      	it	pl
20001c3e:	4253      	negpl	r3, r2
20001c40:	687a      	ldr	r2, [r7, #4]
20001c42:	6153      	str	r3, [r2, #20]
    self->count++;
20001c44:	687b      	ldr	r3, [r7, #4]
20001c46:	69db      	ldr	r3, [r3, #28]
20001c48:	1c5a      	adds	r2, r3, #1
20001c4a:	687b      	ldr	r3, [r7, #4]
20001c4c:	61da      	str	r2, [r3, #28]
  }
  //	else
  //		Should handle overflow;
}
20001c4e:	bf00      	nop
20001c50:	370c      	adds	r7, #12
20001c52:	46bd      	mov	sp, r7
20001c54:	bc80      	pop	{r7}
20001c56:	4770      	bx	lr

20001c58 <sci_write>:

void sci_write(Serial *self, char *p) {
20001c58:	b580      	push	{r7, lr}
20001c5a:	b082      	sub	sp, #8
20001c5c:	af00      	add	r7, sp, #0
20001c5e:	6078      	str	r0, [r7, #4]
20001c60:	6039      	str	r1, [r7, #0]
  if (self->count == 0)
20001c62:	687b      	ldr	r3, [r7, #4]
20001c64:	69db      	ldr	r3, [r3, #28]
20001c66:	2b00      	cmp	r3, #0
20001c68:	d118      	bne.n	20001c9c <sci_write+0x44>
    USART_ITConfig(self->port, USART_IT_TXE, ENABLE);
20001c6a:	687b      	ldr	r3, [r7, #4]
20001c6c:	689b      	ldr	r3, [r3, #8]
20001c6e:	2201      	movs	r2, #1
20001c70:	f240 7127 	movw	r1, #1831	@ 0x727
20001c74:	4618      	mov	r0, r3
20001c76:	f005 f973 	bl	20006f60 <USART_ITConfig>

  while (*p != '\0') {
20001c7a:	e00f      	b.n	20001c9c <sci_write+0x44>
    if (*p == '\n')
20001c7c:	683b      	ldr	r3, [r7, #0]
20001c7e:	781b      	ldrb	r3, [r3, #0]
20001c80:	2b0a      	cmp	r3, #10
20001c82:	d103      	bne.n	20001c8c <sci_write+0x34>
      outc(self, '\r');
20001c84:	210d      	movs	r1, #13
20001c86:	6878      	ldr	r0, [r7, #4]
20001c88:	f7ff ffbe 	bl	20001c08 <outc>
    outc(self, *p++);
20001c8c:	683b      	ldr	r3, [r7, #0]
20001c8e:	1c5a      	adds	r2, r3, #1
20001c90:	603a      	str	r2, [r7, #0]
20001c92:	781b      	ldrb	r3, [r3, #0]
20001c94:	4619      	mov	r1, r3
20001c96:	6878      	ldr	r0, [r7, #4]
20001c98:	f7ff ffb6 	bl	20001c08 <outc>
  while (*p != '\0') {
20001c9c:	683b      	ldr	r3, [r7, #0]
20001c9e:	781b      	ldrb	r3, [r3, #0]
20001ca0:	2b00      	cmp	r3, #0
20001ca2:	d1eb      	bne.n	20001c7c <sci_write+0x24>
  }
}
20001ca4:	bf00      	nop
20001ca6:	bf00      	nop
20001ca8:	3708      	adds	r7, #8
20001caa:	46bd      	mov	sp, r7
20001cac:	bd80      	pop	{r7, pc}

20001cae <sci_writechar>:

void sci_writechar(Serial *self, int c) {
20001cae:	b580      	push	{r7, lr}
20001cb0:	b082      	sub	sp, #8
20001cb2:	af00      	add	r7, sp, #0
20001cb4:	6078      	str	r0, [r7, #4]
20001cb6:	6039      	str	r1, [r7, #0]
  if (self->count == 0)
20001cb8:	687b      	ldr	r3, [r7, #4]
20001cba:	69db      	ldr	r3, [r3, #28]
20001cbc:	2b00      	cmp	r3, #0
20001cbe:	d107      	bne.n	20001cd0 <sci_writechar+0x22>
    USART_ITConfig(self->port, USART_IT_TXE, ENABLE);
20001cc0:	687b      	ldr	r3, [r7, #4]
20001cc2:	689b      	ldr	r3, [r3, #8]
20001cc4:	2201      	movs	r2, #1
20001cc6:	f240 7127 	movw	r1, #1831	@ 0x727
20001cca:	4618      	mov	r0, r3
20001ccc:	f005 f948 	bl	20006f60 <USART_ITConfig>
  outc(self, c);
20001cd0:	683b      	ldr	r3, [r7, #0]
20001cd2:	b2db      	uxtb	r3, r3
20001cd4:	4619      	mov	r1, r3
20001cd6:	6878      	ldr	r0, [r7, #4]
20001cd8:	f7ff ff96 	bl	20001c08 <outc>
}
20001cdc:	bf00      	nop
20001cde:	3708      	adds	r7, #8
20001ce0:	46bd      	mov	sp, r7
20001ce2:	bd80      	pop	{r7, pc}

20001ce4 <sci_interrupt>:

int sci_interrupt(Serial *self, int unused) {
20001ce4:	b580      	push	{r7, lr}
20001ce6:	b086      	sub	sp, #24
20001ce8:	af02      	add	r7, sp, #8
20001cea:	6078      	str	r0, [r7, #4]
20001cec:	6039      	str	r1, [r7, #0]
  if (USART_GetFlagStatus(self->port, USART_FLAG_RXNE) ==
20001cee:	687b      	ldr	r3, [r7, #4]
20001cf0:	689b      	ldr	r3, [r3, #8]
20001cf2:	2120      	movs	r1, #32
20001cf4:	4618      	mov	r0, r3
20001cf6:	f005 f97a 	bl	20006fee <USART_GetFlagStatus>
20001cfa:	4603      	mov	r3, r0
20001cfc:	2b01      	cmp	r3, #1
20001cfe:	d118      	bne.n	20001d32 <sci_interrupt+0x4e>
      SET) { // Data received
    int c;

    c = USART_ReceiveData(self->port);
20001d00:	687b      	ldr	r3, [r7, #4]
20001d02:	689b      	ldr	r3, [r3, #8]
20001d04:	4618      	mov	r0, r3
20001d06:	f004 ffa4 	bl	20006c52 <USART_ReceiveData>
20001d0a:	4603      	mov	r3, r0
20001d0c:	60fb      	str	r3, [r7, #12]

    if (self->obj) {
20001d0e:	687b      	ldr	r3, [r7, #4]
20001d10:	68db      	ldr	r3, [r3, #12]
20001d12:	2b00      	cmp	r3, #0
20001d14:	d00d      	beq.n	20001d32 <sci_interrupt+0x4e>
      ASYNC(self->obj, self->meth, c);
20001d16:	687b      	ldr	r3, [r7, #4]
20001d18:	68da      	ldr	r2, [r3, #12]
20001d1a:	687b      	ldr	r3, [r7, #4]
20001d1c:	6919      	ldr	r1, [r3, #16]
20001d1e:	68fb      	ldr	r3, [r7, #12]
20001d20:	9300      	str	r3, [sp, #0]
20001d22:	460b      	mov	r3, r1
20001d24:	2100      	movs	r1, #0
20001d26:	2000      	movs	r0, #0
20001d28:	f7ff f9c2 	bl	200010b0 <async>
      doIRQSchedule = 1;
20001d2c:	4b22      	ldr	r3, [pc, #136]	@ (20001db8 <sci_interrupt+0xd4>)
20001d2e:	2201      	movs	r2, #1
20001d30:	601a      	str	r2, [r3, #0]
    }
  }

  if (USART_GetFlagStatus(self->port, USART_FLAG_TXE) ==
20001d32:	687b      	ldr	r3, [r7, #4]
20001d34:	689b      	ldr	r3, [r3, #8]
20001d36:	2180      	movs	r1, #128	@ 0x80
20001d38:	4618      	mov	r0, r3
20001d3a:	f005 f958 	bl	20006fee <USART_GetFlagStatus>
20001d3e:	4603      	mov	r3, r0
20001d40:	2b01      	cmp	r3, #1
20001d42:	d134      	bne.n	20001dae <sci_interrupt+0xca>
      SET) { // Transmit buffer empty
    if (self->count > 0) {
20001d44:	687b      	ldr	r3, [r7, #4]
20001d46:	69db      	ldr	r3, [r3, #28]
20001d48:	2b00      	cmp	r3, #0
20001d4a:	dd28      	ble.n	20001d9e <sci_interrupt+0xba>
      USART_SendData(self->port, self->buf[self->tail]);
20001d4c:	687b      	ldr	r3, [r7, #4]
20001d4e:	6898      	ldr	r0, [r3, #8]
20001d50:	687b      	ldr	r3, [r7, #4]
20001d52:	699b      	ldr	r3, [r3, #24]
20001d54:	687a      	ldr	r2, [r7, #4]
20001d56:	4413      	add	r3, r2
20001d58:	f893 3020 	ldrb.w	r3, [r3, #32]
20001d5c:	4619      	mov	r1, r3
20001d5e:	f004 ff67 	bl	20006c30 <USART_SendData>
      self->tail = (self->tail + 1) % SCI_BUFSIZE;
20001d62:	687b      	ldr	r3, [r7, #4]
20001d64:	699b      	ldr	r3, [r3, #24]
20001d66:	3301      	adds	r3, #1
20001d68:	425a      	negs	r2, r3
20001d6a:	f3c3 0309 	ubfx	r3, r3, #0, #10
20001d6e:	f3c2 0209 	ubfx	r2, r2, #0, #10
20001d72:	bf58      	it	pl
20001d74:	4253      	negpl	r3, r2
20001d76:	687a      	ldr	r2, [r7, #4]
20001d78:	6193      	str	r3, [r2, #24]
      self->count--;
20001d7a:	687b      	ldr	r3, [r7, #4]
20001d7c:	69db      	ldr	r3, [r3, #28]
20001d7e:	1e5a      	subs	r2, r3, #1
20001d80:	687b      	ldr	r3, [r7, #4]
20001d82:	61da      	str	r2, [r3, #28]
      if (self->count == 0)
20001d84:	687b      	ldr	r3, [r7, #4]
20001d86:	69db      	ldr	r3, [r3, #28]
20001d88:	2b00      	cmp	r3, #0
20001d8a:	d110      	bne.n	20001dae <sci_interrupt+0xca>
        USART_ITConfig(self->port, USART_IT_TXE, DISABLE);
20001d8c:	687b      	ldr	r3, [r7, #4]
20001d8e:	689b      	ldr	r3, [r3, #8]
20001d90:	2200      	movs	r2, #0
20001d92:	f240 7127 	movw	r1, #1831	@ 0x727
20001d96:	4618      	mov	r0, r3
20001d98:	f005 f8e2 	bl	20006f60 <USART_ITConfig>
20001d9c:	e007      	b.n	20001dae <sci_interrupt+0xca>
    } else {
      USART_ITConfig(self->port, USART_IT_TXE, DISABLE);
20001d9e:	687b      	ldr	r3, [r7, #4]
20001da0:	689b      	ldr	r3, [r3, #8]
20001da2:	2200      	movs	r2, #0
20001da4:	f240 7127 	movw	r1, #1831	@ 0x727
20001da8:	4618      	mov	r0, r3
20001daa:	f005 f8d9 	bl	20006f60 <USART_ITConfig>
    }
  }
  return 0;
20001dae:	2300      	movs	r3, #0
}
20001db0:	4618      	mov	r0, r3
20001db2:	3710      	adds	r7, #16
20001db4:	46bd      	mov	sp, r7
20001db6:	bd80      	pop	{r7, pc}
20001db8:	20012348 	.word	0x20012348

20001dbc <NVIC_EnableIRQ>:
{
20001dbc:	b480      	push	{r7}
20001dbe:	b083      	sub	sp, #12
20001dc0:	af00      	add	r7, sp, #0
20001dc2:	4603      	mov	r3, r0
20001dc4:	71fb      	strb	r3, [r7, #7]
  NVIC->ISER[(uint32_t)((int32_t)IRQn) >> 5] = (uint32_t)(1 << ((uint32_t)((int32_t)IRQn) & (uint32_t)0x1F)); /* enable interrupt */
20001dc6:	79fb      	ldrb	r3, [r7, #7]
20001dc8:	f003 031f 	and.w	r3, r3, #31
20001dcc:	2201      	movs	r2, #1
20001dce:	fa02 f103 	lsl.w	r1, r2, r3
20001dd2:	4a05      	ldr	r2, [pc, #20]	@ (20001de8 <NVIC_EnableIRQ+0x2c>)
20001dd4:	f997 3007 	ldrsb.w	r3, [r7, #7]
20001dd8:	095b      	lsrs	r3, r3, #5
20001dda:	f842 1023 	str.w	r1, [r2, r3, lsl #2]
}
20001dde:	bf00      	nop
20001de0:	370c      	adds	r7, #12
20001de2:	46bd      	mov	sp, r7
20001de4:	bc80      	pop	{r7}
20001de6:	4770      	bx	lr
20001de8:	e000e100 	.word	0xe000e100

20001dec <NVIC_SetPriority>:
{
20001dec:	b480      	push	{r7}
20001dee:	b083      	sub	sp, #12
20001df0:	af00      	add	r7, sp, #0
20001df2:	4603      	mov	r3, r0
20001df4:	6039      	str	r1, [r7, #0]
20001df6:	71fb      	strb	r3, [r7, #7]
  if(IRQn < 0) {
20001df8:	f997 3007 	ldrsb.w	r3, [r7, #7]
20001dfc:	2b00      	cmp	r3, #0
20001dfe:	da0b      	bge.n	20001e18 <NVIC_SetPriority+0x2c>
    SCB->SHP[((uint32_t)(IRQn) & 0xF)-4] = ((priority << (8 - __NVIC_PRIO_BITS)) & 0xff); } /* set Priority for Cortex-M  System Interrupts */
20001e00:	683b      	ldr	r3, [r7, #0]
20001e02:	b2da      	uxtb	r2, r3
20001e04:	490c      	ldr	r1, [pc, #48]	@ (20001e38 <NVIC_SetPriority+0x4c>)
20001e06:	79fb      	ldrb	r3, [r7, #7]
20001e08:	f003 030f 	and.w	r3, r3, #15
20001e0c:	3b04      	subs	r3, #4
20001e0e:	0112      	lsls	r2, r2, #4
20001e10:	b2d2      	uxtb	r2, r2
20001e12:	440b      	add	r3, r1
20001e14:	761a      	strb	r2, [r3, #24]
}
20001e16:	e009      	b.n	20001e2c <NVIC_SetPriority+0x40>
    NVIC->IP[(uint32_t)(IRQn)] = ((priority << (8 - __NVIC_PRIO_BITS)) & 0xff);    }        /* set Priority for device specific Interrupts  */
20001e18:	683b      	ldr	r3, [r7, #0]
20001e1a:	b2da      	uxtb	r2, r3
20001e1c:	4907      	ldr	r1, [pc, #28]	@ (20001e3c <NVIC_SetPriority+0x50>)
20001e1e:	f997 3007 	ldrsb.w	r3, [r7, #7]
20001e22:	0112      	lsls	r2, r2, #4
20001e24:	b2d2      	uxtb	r2, r2
20001e26:	440b      	add	r3, r1
20001e28:	f883 2300 	strb.w	r2, [r3, #768]	@ 0x300
}
20001e2c:	bf00      	nop
20001e2e:	370c      	adds	r7, #12
20001e30:	46bd      	mov	sp, r7
20001e32:	bc80      	pop	{r7}
20001e34:	4770      	bx	lr
20001e36:	bf00      	nop
20001e38:	e000ed00 	.word	0xe000ed00
20001e3c:	e000e100 	.word	0xe000e100

20001e40 <sio_init>:
#include "sioTinyTimber.h"
#include "TinyTimber.h"

void sio_init(SysIO *self, int unused) {
20001e40:	b580      	push	{r7, lr}
20001e42:	b082      	sub	sp, #8
20001e44:	af00      	add	r7, sp, #0
20001e46:	6078      	str	r0, [r7, #4]
20001e48:	6039      	str	r1, [r7, #0]

  GPIO_WriteBit(GPIOB, GPIO_Pin_0, (BitAction)0); // Green LED On
20001e4a:	2200      	movs	r2, #0
20001e4c:	2101      	movs	r1, #1
20001e4e:	4807      	ldr	r0, [pc, #28]	@ (20001e6c <sio_init+0x2c>)
20001e50:	f001 ffda 	bl	20003e08 <GPIO_WriteBit>

  NVIC_SetPriority(EXTI9_5_IRQn, __IRQ_PRIORITY);
20001e54:	2102      	movs	r1, #2
20001e56:	2017      	movs	r0, #23
20001e58:	f7ff ffc8 	bl	20001dec <NVIC_SetPriority>
  NVIC_EnableIRQ(EXTI9_5_IRQn);
20001e5c:	2017      	movs	r0, #23
20001e5e:	f7ff ffad 	bl	20001dbc <NVIC_EnableIRQ>
}
20001e62:	bf00      	nop
20001e64:	3708      	adds	r7, #8
20001e66:	46bd      	mov	sp, r7
20001e68:	bd80      	pop	{r7, pc}
20001e6a:	bf00      	nop
20001e6c:	40020400 	.word	0x40020400

20001e70 <sio_read>:

int sio_read(SysIO *self, int unused) {
20001e70:	b580      	push	{r7, lr}
20001e72:	b082      	sub	sp, #8
20001e74:	af00      	add	r7, sp, #0
20001e76:	6078      	str	r0, [r7, #4]
20001e78:	6039      	str	r1, [r7, #0]
  return GPIO_ReadInputDataBit(self->port, GPIO_Pin_7);
20001e7a:	687b      	ldr	r3, [r7, #4]
20001e7c:	689b      	ldr	r3, [r3, #8]
20001e7e:	2180      	movs	r1, #128	@ 0x80
20001e80:	4618      	mov	r0, r3
20001e82:	f001 ff5b 	bl	20003d3c <GPIO_ReadInputDataBit>
20001e86:	4603      	mov	r3, r0
}
20001e88:	4618      	mov	r0, r3
20001e8a:	3708      	adds	r7, #8
20001e8c:	46bd      	mov	sp, r7
20001e8e:	bd80      	pop	{r7, pc}

20001e90 <sio_write>:

void sio_write(SysIO *self, int val) {
20001e90:	b580      	push	{r7, lr}
20001e92:	b082      	sub	sp, #8
20001e94:	af00      	add	r7, sp, #0
20001e96:	6078      	str	r0, [r7, #4]
20001e98:	6039      	str	r1, [r7, #0]
  GPIO_WriteBit(self->port, GPIO_Pin_0, (BitAction)val);
20001e9a:	687b      	ldr	r3, [r7, #4]
20001e9c:	689b      	ldr	r3, [r3, #8]
20001e9e:	683a      	ldr	r2, [r7, #0]
20001ea0:	b2d2      	uxtb	r2, r2
20001ea2:	2101      	movs	r1, #1
20001ea4:	4618      	mov	r0, r3
20001ea6:	f001 ffaf 	bl	20003e08 <GPIO_WriteBit>
}
20001eaa:	bf00      	nop
20001eac:	3708      	adds	r7, #8
20001eae:	46bd      	mov	sp, r7
20001eb0:	bd80      	pop	{r7, pc}

20001eb2 <sio_toggle>:

void sio_toggle(SysIO *self, int unused) {
20001eb2:	b580      	push	{r7, lr}
20001eb4:	b082      	sub	sp, #8
20001eb6:	af00      	add	r7, sp, #0
20001eb8:	6078      	str	r0, [r7, #4]
20001eba:	6039      	str	r1, [r7, #0]
  GPIO_ToggleBits(self->port, GPIO_Pin_0);
20001ebc:	687b      	ldr	r3, [r7, #4]
20001ebe:	689b      	ldr	r3, [r3, #8]
20001ec0:	2101      	movs	r1, #1
20001ec2:	4618      	mov	r0, r3
20001ec4:	f001 ffc5 	bl	20003e52 <GPIO_ToggleBits>
}
20001ec8:	bf00      	nop
20001eca:	3708      	adds	r7, #8
20001ecc:	46bd      	mov	sp, r7
20001ece:	bd80      	pop	{r7, pc}

20001ed0 <sio_trig>:

void sio_trig(SysIO *self, int rise) {
20001ed0:	b580      	push	{r7, lr}
20001ed2:	b084      	sub	sp, #16
20001ed4:	af00      	add	r7, sp, #0
20001ed6:	6078      	str	r0, [r7, #4]
20001ed8:	6039      	str	r1, [r7, #0]
  EXTI_InitTypeDef EXTI_InitStructure;

  EXTI_StructInit(&EXTI_InitStructure);
20001eda:	f107 0308 	add.w	r3, r7, #8
20001ede:	4618      	mov	r0, r3
20001ee0:	f001 fd3c 	bl	2000395c <EXTI_StructInit>
  EXTI_InitStructure.EXTI_Line = EXTI_Line7;
20001ee4:	2380      	movs	r3, #128	@ 0x80
20001ee6:	60bb      	str	r3, [r7, #8]
  EXTI_InitStructure.EXTI_Mode = EXTI_Mode_Interrupt;
20001ee8:	2300      	movs	r3, #0
20001eea:	733b      	strb	r3, [r7, #12]
  EXTI_InitStructure.EXTI_Trigger =
      rise ? EXTI_Trigger_Rising : EXTI_Trigger_Falling;
20001eec:	683b      	ldr	r3, [r7, #0]
20001eee:	2b00      	cmp	r3, #0
20001ef0:	d001      	beq.n	20001ef6 <sio_trig+0x26>
20001ef2:	2308      	movs	r3, #8
20001ef4:	e000      	b.n	20001ef8 <sio_trig+0x28>
20001ef6:	230c      	movs	r3, #12
  EXTI_InitStructure.EXTI_Trigger =
20001ef8:	737b      	strb	r3, [r7, #13]
  EXTI_InitStructure.EXTI_LineCmd = ENABLE;
20001efa:	2301      	movs	r3, #1
20001efc:	73bb      	strb	r3, [r7, #14]
  EXTI_Init(&EXTI_InitStructure);
20001efe:	f107 0308 	add.w	r3, r7, #8
20001f02:	4618      	mov	r0, r3
20001f04:	f001 fcb8 	bl	20003878 <EXTI_Init>
}
20001f08:	bf00      	nop
20001f0a:	3710      	adds	r7, #16
20001f0c:	46bd      	mov	sp, r7
20001f0e:	bd80      	pop	{r7, pc}

20001f10 <sio_interrupt>:

void DUMP(char *s);

int sio_interrupt(SysIO *self, int unused) {
20001f10:	b580      	push	{r7, lr}
20001f12:	b084      	sub	sp, #16
20001f14:	af02      	add	r7, sp, #8
20001f16:	6078      	str	r0, [r7, #4]
20001f18:	6039      	str	r1, [r7, #0]
  if (EXTI_GetITStatus(EXTI_Line7) == SET) {
20001f1a:	2080      	movs	r0, #128	@ 0x80
20001f1c:	f001 fd6c 	bl	200039f8 <EXTI_GetITStatus>
20001f20:	4603      	mov	r3, r0
20001f22:	2b01      	cmp	r3, #1
20001f24:	d114      	bne.n	20001f50 <sio_interrupt+0x40>
    //        DUMP("\n\rYey! A GPIOB bit7 IRQ!\n\r");

    EXTI_ClearITPendingBit(EXTI_Line7); // remove interrupt request
20001f26:	2080      	movs	r0, #128	@ 0x80
20001f28:	f001 fd80 	bl	20003a2c <EXTI_ClearITPendingBit>

    if (self->obj) {
20001f2c:	687b      	ldr	r3, [r7, #4]
20001f2e:	68db      	ldr	r3, [r3, #12]
20001f30:	2b00      	cmp	r3, #0
20001f32:	d010      	beq.n	20001f56 <sio_interrupt+0x46>
      ASYNC(self->obj, self->meth, 0);
20001f34:	687b      	ldr	r3, [r7, #4]
20001f36:	68da      	ldr	r2, [r3, #12]
20001f38:	687b      	ldr	r3, [r7, #4]
20001f3a:	691b      	ldr	r3, [r3, #16]
20001f3c:	2100      	movs	r1, #0
20001f3e:	9100      	str	r1, [sp, #0]
20001f40:	2100      	movs	r1, #0
20001f42:	2000      	movs	r0, #0
20001f44:	f7ff f8b4 	bl	200010b0 <async>
      doIRQSchedule = 1;
20001f48:	4b05      	ldr	r3, [pc, #20]	@ (20001f60 <sio_interrupt+0x50>)
20001f4a:	2201      	movs	r2, #1
20001f4c:	601a      	str	r2, [r3, #0]
20001f4e:	e002      	b.n	20001f56 <sio_interrupt+0x46>
    }
  } else {
    DUMP("\n\rStrange: Not a GPIOB bit7 IRQ!\n\r");
20001f50:	4804      	ldr	r0, [pc, #16]	@ (20001f64 <sio_interrupt+0x54>)
20001f52:	f7fe fc7d 	bl	20000850 <DUMP>
  }

  return 0;
20001f56:	2300      	movs	r3, #0
}
20001f58:	4618      	mov	r0, r3
20001f5a:	3708      	adds	r7, #8
20001f5c:	46bd      	mov	sp, r7
20001f5e:	bd80      	pop	{r7, pc}
20001f60:	20012348 	.word	0x20012348
20001f64:	20008024 	.word	0x20008024

20001f68 <vect_SVCall>:
@	void vect_SVCall ( void)
    .section  .text,"ax",%progbits
	.type  vect_SVCall, %function

vect_SVCall:
	ldr	r1, =L00
20001f68:	4931      	ldr	r1, [pc, #196]	@ (20002030 <L000b+0x26>)
	b vect_PendSV1
20001f6a:	e000      	b.n	20001f6e <vect_PendSV1>

20001f6c <vect_PendSV>:
@	void vect_PendSV ( void)
    .section  .text,"ax",%progbits
	.type  vect_PendSV, %function

vect_PendSV:
	ldr r1, =L01
20001f6c:	4931      	ldr	r1, [pc, #196]	@ (20002034 <L000b+0x2a>)

20001f6e <vect_PendSV1>:

vect_PendSV1:
	mrs r0, msp
20001f6e:	f3ef 8008 	mrs	r0, MSP
	vstmdb r0!, {s16-s31} @ save floating point registers
20001f72:	ed20 8a10 	vstmdb	r0!, {s16-s31}
	mov r2, lr
20001f76:	4672      	mov	r2, lr
	mrs r3, basepri
20001f78:	f3ef 8311 	mrs	r3, BASEPRI
	stmdb r0!, {r2-r11} @ save LR, BASEPRI and R4 to R11
20001f7c:	e920 0ffc 	stmdb	r0!, {r2, r3, r4, r5, r6, r7, r8, r9, sl, fp}

	ldr r7, =current
20001f80:	4f2d      	ldr	r7, [pc, #180]	@ (20002038 <L000b+0x2e>)
	ldr	r8, [r7]
20001f82:	f8d7 8000 	ldr.w	r8, [r7]
	str r0, [r8] @ save thread context
20001f86:	f8c8 0000 	str.w	r0, [r8]
	
	b L000a
20001f8a:	e01e      	b.n	20001fca <L000a>
	
@ Debug printout
	mov r0, r1
20001f8c:	4608      	mov	r0, r1
	bl		DUMP
20001f8e:	f7fe fc5f 	bl	20000850 <DUMP>
	ldr	r0, =L99
20001f92:	482a      	ldr	r0, [pc, #168]	@ (2000203c <L000b+0x32>)
	bl		DUMP
20001f94:	f7fe fc5c 	bl	20000850 <DUMP>

	ldr	r0, =L03a
20001f98:	4829      	ldr	r0, [pc, #164]	@ (20002040 <L000b+0x36>)
	bl		DUMP
20001f9a:	f7fe fc59 	bl	20000850 <DUMP>
	ldr	r0, [r8, #4] @ Thread ID
20001f9e:	f8d8 0004 	ldr.w	r0, [r8, #4]
	bl		DUMPD
20001fa2:	f7fe fca1 	bl	200008e8 <DUMPD>
	ldr	r0, =L03b
20001fa6:	4827      	ldr	r0, [pc, #156]	@ (20002044 <L000b+0x3a>)
	bl		DUMP
20001fa8:	f7fe fc52 	bl	20000850 <DUMP>
	ldr	r0, [r8] @ Thread context
20001fac:	f8d8 0000 	ldr.w	r0, [r8]
	bl		DUMPH
20001fb0:	f7fe fc6b 	bl	2000088a <DUMPH>
	ldr	r0, =L03c
20001fb4:	4824      	ldr	r0, [pc, #144]	@ (20002048 <L000b+0x3e>)
	bl		DUMP
20001fb6:	f7fe fc4b 	bl	20000850 <DUMP>
	ldr	r0, [r8] 
20001fba:	f8d8 0000 	ldr.w	r0, [r8]
	ldr	r0, [r0] @ EXC_RETURN value
20001fbe:	6800      	ldr	r0, [r0, #0]
	bl		DUMPH
20001fc0:	f7fe fc63 	bl	2000088a <DUMPH>
	ldr	r0, =L99
20001fc4:	481d      	ldr	r0, [pc, #116]	@ (2000203c <L000b+0x32>)
	bl		DUMP
20001fc6:	f7fe fc43 	bl	20000850 <DUMP>

20001fca <L000a>:

L000a:
	ldr	r8, =upcoming
20001fca:	f8df 8080 	ldr.w	r8, [pc, #128]	@ 2000204c <L000b+0x42>
	ldr	r8, [r8]
20001fce:	f8d8 8000 	ldr.w	r8, [r8]
	str r8, [r7] @ set current = upcoming
20001fd2:	f8c7 8000 	str.w	r8, [r7]

	b L000b
20001fd6:	e018      	b.n	2000200a <L000b>
	
	ldr	r0, =L04a
20001fd8:	481d      	ldr	r0, [pc, #116]	@ (20002050 <L000b+0x46>)
	bl		DUMP
20001fda:	f7fe fc39 	bl	20000850 <DUMP>
	ldr	r0, [r8, #4] @ Thread ID
20001fde:	f8d8 0004 	ldr.w	r0, [r8, #4]
	bl		DUMPD
20001fe2:	f7fe fc81 	bl	200008e8 <DUMPD>
	ldr	r0, =L04b
20001fe6:	481b      	ldr	r0, [pc, #108]	@ (20002054 <L000b+0x4a>)
	bl		DUMP
20001fe8:	f7fe fc32 	bl	20000850 <DUMP>
	ldr	r0, [r8] @ Thread context
20001fec:	f8d8 0000 	ldr.w	r0, [r8]
	bl		DUMPH
20001ff0:	f7fe fc4b 	bl	2000088a <DUMPH>
	ldr	r0, =L03c
20001ff4:	4814      	ldr	r0, [pc, #80]	@ (20002048 <L000b+0x3e>)
	bl		DUMP
20001ff6:	f7fe fc2b 	bl	20000850 <DUMP>
	ldr	r0, [r8] 
20001ffa:	f8d8 0000 	ldr.w	r0, [r8]
	ldr	r0, [r0] @ EXC_RETURN value
20001ffe:	6800      	ldr	r0, [r0, #0]
	bl		DUMPH
20002000:	f7fe fc43 	bl	2000088a <DUMPH>
	ldr	r0, =L99
20002004:	480d      	ldr	r0, [pc, #52]	@ (2000203c <L000b+0x32>)
	bl		DUMP
20002006:	f7fe fc23 	bl	20000850 <DUMP>

2000200a <L000b>:

L000b:
@ Clear Pend_SV exception	
	ldr	r2,=0xE000ED00
2000200a:	4a13      	ldr	r2, [pc, #76]	@ (20002058 <L000b+0x4e>)
	ldr	r3, [r2, #4]	@ SCB->ICSR
2000200c:	6853      	ldr	r3, [r2, #4]
	orr	r3, r3, #(1<<27)	@ SCB_ICSR_PENDSVCLR_Msk
2000200e:	f043 6300 	orr.w	r3, r3, #134217728	@ 0x8000000
	str	r3, [r2, #4]	@ SCB->ICSR
20002012:	6053      	str	r3, [r2, #4]
	nop
20002014:	bf00      	nop

	ldr r0, [r8] @ save thread context
20002016:	f8d8 0000 	ldr.w	r0, [r8]
	ldmia r0!, {r2-r11} @ load LR, BASEPRI and R4 to R11
2000201a:	e8b0 0ffc 	ldmia.w	r0!, {r2, r3, r4, r5, r6, r7, r8, r9, sl, fp}
	msr basepri, r3
2000201e:	f383 8811 	msr	BASEPRI, r3
	mov lr, r2
20002022:	4696      	mov	lr, r2
	vldmia r0!, {s16-s31} @ load floating point registers
20002024:	ecb0 8a10 	vldmia	r0!, {s16-s31}
	msr msp, r0
20002028:	f380 8808 	msr	MSP, r0
	bx lr
2000202c:	4770      	bx	lr
2000202e:	0000      	.short	0x0000
	ldr	r1, =L00
20002030:	200095f0 	.word	0x200095f0
	ldr r1, =L01
20002034:	20009601 	.word	0x20009601
	ldr r7, =current
20002038:	200095ec 	.word	0x200095ec
	ldr	r0, =L99
2000203c:	20009671 	.word	0x20009671
	ldr	r0, =L03a
20002040:	20009622 	.word	0x20009622
	ldr	r0, =L03b
20002044:	2000963a 	.word	0x2000963a
	ldr	r0, =L03c
20002048:	20009642 	.word	0x20009642
	ldr	r8, =upcoming
2000204c:	20012354 	.word	0x20012354
	ldr	r0, =L04a
20002050:	2000964b 	.word	0x2000964b
	ldr	r0, =L04b
20002054:	20009660 	.word	0x20009660
	ldr	r2,=0xE000ED00
20002058:	e000ed00 	.word	0xe000ed00

2000205c <__usart_init>:
static void __usart_init() {}
2000205c:	b480      	push	{r7}
2000205e:	af00      	add	r7, sp, #0
20002060:	bf00      	nop
20002062:	46bd      	mov	sp, r7
20002064:	bc80      	pop	{r7}
20002066:	4770      	bx	lr

20002068 <__can_init>:
static void __can_init() {
20002068:	b580      	push	{r7, lr}
2000206a:	b086      	sub	sp, #24
2000206c:	af00      	add	r7, sp, #0
  GPIO_DeInit(GPIOB);
2000206e:	4846      	ldr	r0, [pc, #280]	@ (20002188 <__can_init+0x120>)
20002070:	f001 fcea 	bl	20003a48 <GPIO_DeInit>
  CAN_DeInit(CAN1);
20002074:	4845      	ldr	r0, [pc, #276]	@ (2000218c <__can_init+0x124>)
20002076:	f000 f97f 	bl	20002378 <CAN_DeInit>
  CAN_DeInit(CAN2);
2000207a:	4845      	ldr	r0, [pc, #276]	@ (20002190 <__can_init+0x128>)
2000207c:	f000 f97c 	bl	20002378 <CAN_DeInit>
  RCC_APB1PeriphClockCmd(RCC_APB1Periph_CAN1, ENABLE);
20002080:	2101      	movs	r1, #1
20002082:	f04f 7000 	mov.w	r0, #33554432	@ 0x2000000
20002086:	f002 fb5b 	bl	20004740 <RCC_APB1PeriphClockCmd>
  RCC_APB1PeriphClockCmd(RCC_APB1Periph_CAN2, ENABLE);
2000208a:	2101      	movs	r1, #1
2000208c:	f04f 6080 	mov.w	r0, #67108864	@ 0x4000000
20002090:	f002 fb56 	bl	20004740 <RCC_APB1PeriphClockCmd>
  RCC_AHB1PeriphClockCmd(RCC_AHB1Periph_GPIOB, ENABLE);
20002094:	2101      	movs	r1, #1
20002096:	2002      	movs	r0, #2
20002098:	f002 faf8 	bl	2000468c <RCC_AHB1PeriphClockCmd>
  GPIO_PinAFConfig(GPIOB, GPIO_PinSource9, GPIO_AF_CAN1);
2000209c:	2209      	movs	r2, #9
2000209e:	2109      	movs	r1, #9
200020a0:	4839      	ldr	r0, [pc, #228]	@ (20002188 <__can_init+0x120>)
200020a2:	f001 fee7 	bl	20003e74 <GPIO_PinAFConfig>
  GPIO_PinAFConfig(GPIOB, GPIO_PinSource8, GPIO_AF_CAN1);
200020a6:	2209      	movs	r2, #9
200020a8:	2108      	movs	r1, #8
200020aa:	4837      	ldr	r0, [pc, #220]	@ (20002188 <__can_init+0x120>)
200020ac:	f001 fee2 	bl	20003e74 <GPIO_PinAFConfig>
  GPIO_StructInit(&GPIO_InitStructure);
200020b0:	f107 0310 	add.w	r3, r7, #16
200020b4:	4618      	mov	r0, r3
200020b6:	f001 fe07 	bl	20003cc8 <GPIO_StructInit>
  GPIO_InitStructure.GPIO_Pin = GPIO_Pin_9;
200020ba:	f44f 7300 	mov.w	r3, #512	@ 0x200
200020be:	613b      	str	r3, [r7, #16]
  GPIO_InitStructure.GPIO_Mode = GPIO_Mode_AF;
200020c0:	2302      	movs	r3, #2
200020c2:	753b      	strb	r3, [r7, #20]
  GPIO_InitStructure.GPIO_OType = GPIO_OType_PP;
200020c4:	2300      	movs	r3, #0
200020c6:	75bb      	strb	r3, [r7, #22]
  GPIO_InitStructure.GPIO_PuPd = GPIO_PuPd_NOPULL;
200020c8:	2300      	movs	r3, #0
200020ca:	75fb      	strb	r3, [r7, #23]
  GPIO_InitStructure.GPIO_Speed = GPIO_Speed_50MHz;
200020cc:	2302      	movs	r3, #2
200020ce:	757b      	strb	r3, [r7, #21]
  GPIO_Init(GPIOB, &GPIO_InitStructure);
200020d0:	f107 0310 	add.w	r3, r7, #16
200020d4:	4619      	mov	r1, r3
200020d6:	482c      	ldr	r0, [pc, #176]	@ (20002188 <__can_init+0x120>)
200020d8:	f001 fd68 	bl	20003bac <GPIO_Init>
  GPIO_InitStructure.GPIO_Pin = GPIO_Pin_8;
200020dc:	f44f 7380 	mov.w	r3, #256	@ 0x100
200020e0:	613b      	str	r3, [r7, #16]
  GPIO_InitStructure.GPIO_Mode = GPIO_Mode_AF;
200020e2:	2302      	movs	r3, #2
200020e4:	753b      	strb	r3, [r7, #20]
  GPIO_InitStructure.GPIO_OType =
200020e6:	2300      	movs	r3, #0
200020e8:	75bb      	strb	r3, [r7, #22]
  GPIO_InitStructure.GPIO_PuPd = GPIO_PuPd_UP;
200020ea:	2301      	movs	r3, #1
200020ec:	75fb      	strb	r3, [r7, #23]
  GPIO_InitStructure.GPIO_Speed = GPIO_Speed_50MHz;
200020ee:	2302      	movs	r3, #2
200020f0:	757b      	strb	r3, [r7, #21]
  GPIO_Init(GPIOB, &GPIO_InitStructure);
200020f2:	f107 0310 	add.w	r3, r7, #16
200020f6:	4619      	mov	r1, r3
200020f8:	4823      	ldr	r0, [pc, #140]	@ (20002188 <__can_init+0x120>)
200020fa:	f001 fd57 	bl	20003bac <GPIO_Init>
  GPIO_PinAFConfig(GPIOB, GPIO_PinSource6, GPIO_AF_CAN2);
200020fe:	2209      	movs	r2, #9
20002100:	2106      	movs	r1, #6
20002102:	4821      	ldr	r0, [pc, #132]	@ (20002188 <__can_init+0x120>)
20002104:	f001 feb6 	bl	20003e74 <GPIO_PinAFConfig>
  GPIO_PinAFConfig(GPIOB, GPIO_PinSource5, GPIO_AF_CAN2);
20002108:	2209      	movs	r2, #9
2000210a:	2105      	movs	r1, #5
2000210c:	481e      	ldr	r0, [pc, #120]	@ (20002188 <__can_init+0x120>)
2000210e:	f001 feb1 	bl	20003e74 <GPIO_PinAFConfig>
  GPIO_InitStructure.GPIO_Pin = GPIO_Pin_6;
20002112:	2340      	movs	r3, #64	@ 0x40
20002114:	613b      	str	r3, [r7, #16]
  GPIO_InitStructure.GPIO_Mode = GPIO_Mode_AF;
20002116:	2302      	movs	r3, #2
20002118:	753b      	strb	r3, [r7, #20]
  GPIO_InitStructure.GPIO_OType = GPIO_OType_PP;
2000211a:	2300      	movs	r3, #0
2000211c:	75bb      	strb	r3, [r7, #22]
  GPIO_InitStructure.GPIO_PuPd = GPIO_PuPd_NOPULL;
2000211e:	2300      	movs	r3, #0
20002120:	75fb      	strb	r3, [r7, #23]
  GPIO_InitStructure.GPIO_Speed = GPIO_Speed_50MHz;
20002122:	2302      	movs	r3, #2
20002124:	757b      	strb	r3, [r7, #21]
  GPIO_Init(GPIOB, &GPIO_InitStructure);
20002126:	f107 0310 	add.w	r3, r7, #16
2000212a:	4619      	mov	r1, r3
2000212c:	4816      	ldr	r0, [pc, #88]	@ (20002188 <__can_init+0x120>)
2000212e:	f001 fd3d 	bl	20003bac <GPIO_Init>
  GPIO_InitStructure.GPIO_Pin = GPIO_Pin_5;
20002132:	2320      	movs	r3, #32
20002134:	613b      	str	r3, [r7, #16]
  GPIO_InitStructure.GPIO_Mode = GPIO_Mode_AF;
20002136:	2302      	movs	r3, #2
20002138:	753b      	strb	r3, [r7, #20]
  GPIO_InitStructure.GPIO_OType =
2000213a:	2300      	movs	r3, #0
2000213c:	75bb      	strb	r3, [r7, #22]
  GPIO_InitStructure.GPIO_PuPd = GPIO_PuPd_UP;
2000213e:	2301      	movs	r3, #1
20002140:	75fb      	strb	r3, [r7, #23]
  GPIO_InitStructure.GPIO_Speed = GPIO_Speed_50MHz;
20002142:	2302      	movs	r3, #2
20002144:	757b      	strb	r3, [r7, #21]
  GPIO_Init(GPIOB, &GPIO_InitStructure);
20002146:	f107 0310 	add.w	r3, r7, #16
2000214a:	4619      	mov	r1, r3
2000214c:	480e      	ldr	r0, [pc, #56]	@ (20002188 <__can_init+0x120>)
2000214e:	f001 fd2d 	bl	20003bac <GPIO_Init>
  CAN_FilterInitStructure.CAN_FilterNumber = 0;
20002152:	2300      	movs	r3, #0
20002154:	72bb      	strb	r3, [r7, #10]
  CAN_FilterInitStructure.CAN_FilterMode = CAN_FilterMode_IdMask;
20002156:	2300      	movs	r3, #0
20002158:	72fb      	strb	r3, [r7, #11]
  CAN_FilterInitStructure.CAN_FilterScale = CAN_FilterScale_32bit;
2000215a:	2301      	movs	r3, #1
2000215c:	733b      	strb	r3, [r7, #12]
  CAN_FilterInitStructure.CAN_FilterIdHigh = 0x0000;
2000215e:	2300      	movs	r3, #0
20002160:	803b      	strh	r3, [r7, #0]
  CAN_FilterInitStructure.CAN_FilterIdLow = 0x0000;
20002162:	2300      	movs	r3, #0
20002164:	807b      	strh	r3, [r7, #2]
  CAN_FilterInitStructure.CAN_FilterMaskIdHigh =
20002166:	2300      	movs	r3, #0
20002168:	80bb      	strh	r3, [r7, #4]
  CAN_FilterInitStructure.CAN_FilterMaskIdLow = 0x0000;
2000216a:	2300      	movs	r3, #0
2000216c:	80fb      	strh	r3, [r7, #6]
  CAN_FilterInitStructure.CAN_FilterFIFOAssignment = CAN_Filter_FIFO0;
2000216e:	2300      	movs	r3, #0
20002170:	813b      	strh	r3, [r7, #8]
  CAN_FilterInitStructure.CAN_FilterActivation = ENABLE;
20002172:	2301      	movs	r3, #1
20002174:	737b      	strb	r3, [r7, #13]
  CAN_FilterInit(&CAN_FilterInitStructure);
20002176:	463b      	mov	r3, r7
20002178:	4618      	mov	r0, r3
2000217a:	f000 f9f1 	bl	20002560 <CAN_FilterInit>
}
2000217e:	bf00      	nop
20002180:	3718      	adds	r7, #24
20002182:	46bd      	mov	sp, r7
20002184:	bd80      	pop	{r7, pc}
20002186:	bf00      	nop
20002188:	40020400 	.word	0x40020400
2000218c:	40006400 	.word	0x40006400
20002190:	40006800 	.word	0x40006800

20002194 <__dac_init>:
static void __dac_init() {
20002194:	b580      	push	{r7, lr}
20002196:	b086      	sub	sp, #24
20002198:	af00      	add	r7, sp, #0
  RCC_APB1PeriphClockCmd(RCC_APB1Periph_DAC, ENABLE);
2000219a:	2101      	movs	r1, #1
2000219c:	f04f 5000 	mov.w	r0, #536870912	@ 0x20000000
200021a0:	f002 face 	bl	20004740 <RCC_APB1PeriphClockCmd>
  GPIO_StructInit(&GPIO_InitStructure);
200021a4:	f107 0310 	add.w	r3, r7, #16
200021a8:	4618      	mov	r0, r3
200021aa:	f001 fd8d 	bl	20003cc8 <GPIO_StructInit>
  GPIO_InitStructure.GPIO_Pin = GPIO_Pin_5;
200021ae:	2320      	movs	r3, #32
200021b0:	613b      	str	r3, [r7, #16]
  GPIO_InitStructure.GPIO_Mode = GPIO_Mode_AN;
200021b2:	2303      	movs	r3, #3
200021b4:	753b      	strb	r3, [r7, #20]
  GPIO_InitStructure.GPIO_PuPd = GPIO_PuPd_NOPULL;
200021b6:	2300      	movs	r3, #0
200021b8:	75fb      	strb	r3, [r7, #23]
  GPIO_Init(GPIOA, &GPIO_InitStructure);
200021ba:	f107 0310 	add.w	r3, r7, #16
200021be:	4619      	mov	r1, r3
200021c0:	480f      	ldr	r0, [pc, #60]	@ (20002200 <__dac_init+0x6c>)
200021c2:	f001 fcf3 	bl	20003bac <GPIO_Init>
  DAC_DeInit();
200021c6:	f001 f92b 	bl	20003420 <DAC_DeInit>
  DAC_StructInit(&DAC_InitStructure);
200021ca:	463b      	mov	r3, r7
200021cc:	4618      	mov	r0, r3
200021ce:	f001 f967 	bl	200034a0 <DAC_StructInit>
  DAC_InitStructure.DAC_Trigger = DAC_Trigger_None;
200021d2:	2300      	movs	r3, #0
200021d4:	603b      	str	r3, [r7, #0]
  DAC_InitStructure.DAC_WaveGeneration = DAC_WaveGeneration_None;
200021d6:	2300      	movs	r3, #0
200021d8:	607b      	str	r3, [r7, #4]
  DAC_InitStructure.DAC_OutputBuffer = DAC_OutputBuffer_Enable;
200021da:	2300      	movs	r3, #0
200021dc:	60fb      	str	r3, [r7, #12]
  DAC_Init(DAC_Channel_2, &DAC_InitStructure);
200021de:	463b      	mov	r3, r7
200021e0:	4619      	mov	r1, r3
200021e2:	2010      	movs	r0, #16
200021e4:	f001 f92a 	bl	2000343c <DAC_Init>
  DAC_Cmd(DAC_Channel_2, ENABLE);
200021e8:	2101      	movs	r1, #1
200021ea:	2010      	movs	r0, #16
200021ec:	f001 f96d 	bl	200034ca <DAC_Cmd>
  DAC_SetChannel2Data(DAC_Align_8b_R, 0);
200021f0:	2100      	movs	r1, #0
200021f2:	2008      	movs	r0, #8
200021f4:	f001 fa10 	bl	20003618 <DAC_SetChannel2Data>
}
200021f8:	bf00      	nop
200021fa:	3718      	adds	r7, #24
200021fc:	46bd      	mov	sp, r7
200021fe:	bd80      	pop	{r7, pc}
20002200:	40020000 	.word	0x40020000

20002204 <__sio_init>:
static void __sio_init() {
20002204:	b580      	push	{r7, lr}
20002206:	b084      	sub	sp, #16
20002208:	af00      	add	r7, sp, #0
  RCC_APB2PeriphClockCmd(RCC_APB2Periph_SYSCFG, ENABLE);
2000220a:	2101      	movs	r1, #1
2000220c:	f44f 4080 	mov.w	r0, #16384	@ 0x4000
20002210:	f002 fab4 	bl	2000477c <RCC_APB2PeriphClockCmd>
  SYSCFG_EXTILineConfig(EXTI_PortSourceGPIOB, EXTI_PinSource7);
20002214:	2107      	movs	r1, #7
20002216:	2001      	movs	r0, #1
20002218:	f002 fcc0 	bl	20004b9c <SYSCFG_EXTILineConfig>
  EXTI_DeInit();
2000221c:	f001 fb12 	bl	20003844 <EXTI_DeInit>
  EXTI_StructInit(&EXTI_InitStructure);
20002220:	463b      	mov	r3, r7
20002222:	4618      	mov	r0, r3
20002224:	f001 fb9a 	bl	2000395c <EXTI_StructInit>
  EXTI_InitStructure.EXTI_Line = EXTI_Line7;
20002228:	2380      	movs	r3, #128	@ 0x80
2000222a:	603b      	str	r3, [r7, #0]
  EXTI_InitStructure.EXTI_Mode = EXTI_Mode_Interrupt;
2000222c:	2300      	movs	r3, #0
2000222e:	713b      	strb	r3, [r7, #4]
  EXTI_InitStructure.EXTI_Trigger = EXTI_Trigger_Falling;
20002230:	230c      	movs	r3, #12
20002232:	717b      	strb	r3, [r7, #5]
  EXTI_InitStructure.EXTI_LineCmd = ENABLE;
20002234:	2301      	movs	r3, #1
20002236:	71bb      	strb	r3, [r7, #6]
  EXTI_Init(&EXTI_InitStructure);
20002238:	463b      	mov	r3, r7
2000223a:	4618      	mov	r0, r3
2000223c:	f001 fb1c 	bl	20003878 <EXTI_Init>
  GPIO_StructInit(&GPIO_InitStructure);
20002240:	f107 0308 	add.w	r3, r7, #8
20002244:	4618      	mov	r0, r3
20002246:	f001 fd3f 	bl	20003cc8 <GPIO_StructInit>
  GPIO_InitStructure.GPIO_Pin = GPIO_Pin_1;
2000224a:	2302      	movs	r3, #2
2000224c:	60bb      	str	r3, [r7, #8]
  GPIO_InitStructure.GPIO_Mode = GPIO_Mode_OUT;
2000224e:	2301      	movs	r3, #1
20002250:	733b      	strb	r3, [r7, #12]
  GPIO_InitStructure.GPIO_OType = GPIO_OType_OD;
20002252:	2301      	movs	r3, #1
20002254:	73bb      	strb	r3, [r7, #14]
  GPIO_InitStructure.GPIO_PuPd = GPIO_PuPd_NOPULL;
20002256:	2300      	movs	r3, #0
20002258:	73fb      	strb	r3, [r7, #15]
  GPIO_InitStructure.GPIO_Speed = GPIO_Speed_25MHz;
2000225a:	2301      	movs	r3, #1
2000225c:	737b      	strb	r3, [r7, #13]
  GPIO_Init(GPIOB, &GPIO_InitStructure);
2000225e:	f107 0308 	add.w	r3, r7, #8
20002262:	4619      	mov	r1, r3
20002264:	4818      	ldr	r0, [pc, #96]	@ (200022c8 <__sio_init+0xc4>)
20002266:	f001 fca1 	bl	20003bac <GPIO_Init>
  GPIO_InitStructure.GPIO_Pin = GPIO_Pin_0;
2000226a:	2301      	movs	r3, #1
2000226c:	60bb      	str	r3, [r7, #8]
  GPIO_InitStructure.GPIO_Mode = GPIO_Mode_OUT;
2000226e:	2301      	movs	r3, #1
20002270:	733b      	strb	r3, [r7, #12]
  GPIO_InitStructure.GPIO_OType = GPIO_OType_OD;
20002272:	2301      	movs	r3, #1
20002274:	73bb      	strb	r3, [r7, #14]
  GPIO_InitStructure.GPIO_PuPd = GPIO_PuPd_NOPULL;
20002276:	2300      	movs	r3, #0
20002278:	73fb      	strb	r3, [r7, #15]
  GPIO_InitStructure.GPIO_Speed = GPIO_Speed_25MHz;
2000227a:	2301      	movs	r3, #1
2000227c:	737b      	strb	r3, [r7, #13]
  GPIO_Init(GPIOB, &GPIO_InitStructure);
2000227e:	f107 0308 	add.w	r3, r7, #8
20002282:	4619      	mov	r1, r3
20002284:	4810      	ldr	r0, [pc, #64]	@ (200022c8 <__sio_init+0xc4>)
20002286:	f001 fc91 	bl	20003bac <GPIO_Init>
  GPIO_WriteBit(GPIOB, GPIO_Pin_1, (BitAction)1); // default red LED Off
2000228a:	2201      	movs	r2, #1
2000228c:	2102      	movs	r1, #2
2000228e:	480e      	ldr	r0, [pc, #56]	@ (200022c8 <__sio_init+0xc4>)
20002290:	f001 fdba 	bl	20003e08 <GPIO_WriteBit>
  GPIO_WriteBit(GPIOB, GPIO_Pin_0, (BitAction)1); // default green LED Off
20002294:	2201      	movs	r2, #1
20002296:	2101      	movs	r1, #1
20002298:	480b      	ldr	r0, [pc, #44]	@ (200022c8 <__sio_init+0xc4>)
2000229a:	f001 fdb5 	bl	20003e08 <GPIO_WriteBit>
  GPIO_InitStructure.GPIO_Pin = GPIO_Pin_7;
2000229e:	2380      	movs	r3, #128	@ 0x80
200022a0:	60bb      	str	r3, [r7, #8]
  GPIO_InitStructure.GPIO_Mode = GPIO_Mode_IN;
200022a2:	2300      	movs	r3, #0
200022a4:	733b      	strb	r3, [r7, #12]
  GPIO_InitStructure.GPIO_OType = GPIO_OType_PP;
200022a6:	2300      	movs	r3, #0
200022a8:	73bb      	strb	r3, [r7, #14]
  GPIO_InitStructure.GPIO_PuPd = GPIO_PuPd_NOPULL;
200022aa:	2300      	movs	r3, #0
200022ac:	73fb      	strb	r3, [r7, #15]
  GPIO_InitStructure.GPIO_Speed = GPIO_Speed_25MHz;
200022ae:	2301      	movs	r3, #1
200022b0:	737b      	strb	r3, [r7, #13]
  GPIO_Init(GPIOB, &GPIO_InitStructure);
200022b2:	f107 0308 	add.w	r3, r7, #8
200022b6:	4619      	mov	r1, r3
200022b8:	4803      	ldr	r0, [pc, #12]	@ (200022c8 <__sio_init+0xc4>)
200022ba:	f001 fc77 	bl	20003bac <GPIO_Init>
}
200022be:	bf00      	nop
200022c0:	3710      	adds	r7, #16
200022c2:	46bd      	mov	sp, r7
200022c4:	bd80      	pop	{r7, pc}
200022c6:	bf00      	nop
200022c8:	40020400 	.word	0x40020400

200022cc <__sys_init>:
static void __sys_init() {
200022cc:	b480      	push	{r7}
200022ce:	b083      	sub	sp, #12
200022d0:	af00      	add	r7, sp, #0
  __ASM volatile ("MRS %0, control" : "=r" (result) );
200022d2:	f3ef 8314 	mrs	r3, CONTROL
200022d6:	603b      	str	r3, [r7, #0]
  return(result);
200022d8:	683b      	ldr	r3, [r7, #0]
  __set_CONTROL(__get_CONTROL() & ~0x03); // Use MSP and privileged Thread mode
200022da:	f023 0303 	bic.w	r3, r3, #3
200022de:	607b      	str	r3, [r7, #4]
  __ASM volatile ("MSR control, %0" : : "r" (control) : "memory");
200022e0:	687b      	ldr	r3, [r7, #4]
200022e2:	f383 8814 	msr	CONTROL, r3
}
200022e6:	bf00      	nop
  SCB->CCR = 0x210; // STKALIGN + DIV_0_TRP
200022e8:	4b06      	ldr	r3, [pc, #24]	@ (20002304 <__sys_init+0x38>)
200022ea:	f44f 7204 	mov.w	r2, #528	@ 0x210
200022ee:	615a      	str	r2, [r3, #20]
  FPU->FPCCR = 0x80000000; // No lazy stacking
200022f0:	4b05      	ldr	r3, [pc, #20]	@ (20002308 <__sys_init+0x3c>)
200022f2:	f04f 4200 	mov.w	r2, #2147483648	@ 0x80000000
200022f6:	605a      	str	r2, [r3, #4]
}
200022f8:	bf00      	nop
200022fa:	370c      	adds	r7, #12
200022fc:	46bd      	mov	sp, r7
200022fe:	bc80      	pop	{r7}
20002300:	4770      	bx	lr
20002302:	bf00      	nop
20002304:	e000ed00 	.word	0xe000ed00
20002308:	e000ef30 	.word	0xe000ef30

2000230c <__timer_init>:
static void __timer_init() {
2000230c:	b580      	push	{r7, lr}
2000230e:	af00      	add	r7, sp, #0
  RCC_APB1PeriphClockCmd(RCC_APB1Periph_TIM5, ENABLE);
20002310:	2101      	movs	r1, #1
20002312:	2008      	movs	r0, #8
20002314:	f002 fa14 	bl	20004740 <RCC_APB1PeriphClockCmd>
  RCC_APB1PeriphClockLPModeCmd(RCC_APB1Periph_TIM5, ENABLE);
20002318:	2101      	movs	r1, #1
2000231a:	2008      	movs	r0, #8
2000231c:	f002 fb3c 	bl	20004998 <RCC_APB1PeriphClockLPModeCmd>
}
20002320:	bf00      	nop
20002322:	bd80      	pop	{r7, pc}

20002324 <__bss_init>:
static void __bss_init() {
20002324:	b480      	push	{r7}
20002326:	af00      	add	r7, sp, #0
  asm volatile(" ldr  r2, =_sbss\n"
20002328:	4a11      	ldr	r2, [pc, #68]	@ (20002370 <Exit+0xc>)
2000232a:	e002      	b.n	20002332 <LoopFillZerobss>

2000232c <FillZerobss>:
2000232c:	2300      	movs	r3, #0
2000232e:	f842 3b04 	str.w	r3, [r2], #4

20002332 <LoopFillZerobss>:
20002332:	4b10      	ldr	r3, [pc, #64]	@ (20002374 <Exit+0x10>)
20002334:	429a      	cmp	r2, r3
20002336:	d3f9      	bcc.n	2000232c <FillZerobss>
}
20002338:	bf00      	nop
2000233a:	46bd      	mov	sp, r7
2000233c:	bc80      	pop	{r7}
2000233e:	4770      	bx	lr

20002340 <Init>:
static void Init(void) {
20002340:	b580      	push	{r7, lr}
20002342:	af00      	add	r7, sp, #0
  __bss_init();
20002344:	f7ff ffee 	bl	20002324 <__bss_init>
  __usart_init();
20002348:	f7ff fe88 	bl	2000205c <__usart_init>
  __can_init();
2000234c:	f7ff fe8c 	bl	20002068 <__can_init>
  __dac_init();
20002350:	f7ff ff20 	bl	20002194 <__dac_init>
  __sio_init();
20002354:	f7ff ff56 	bl	20002204 <__sio_init>
  __sys_init();
20002358:	f7ff ffb8 	bl	200022cc <__sys_init>
  __timer_init();
2000235c:	f7ff ffd6 	bl	2000230c <__timer_init>
}
20002360:	bf00      	nop
20002362:	bd80      	pop	{r7, pc}

20002364 <Exit>:
static void Exit(void) {
20002364:	b480      	push	{r7}
20002366:	af00      	add	r7, sp, #0
}
20002368:	bf00      	nop
2000236a:	46bd      	mov	sp, r7
2000236c:	bc80      	pop	{r7}
2000236e:	4770      	bx	lr
20002370:	2000a000 	.word	0x2000a000
20002374:	20012384 	.word	0x20012384

20002378 <CAN_DeInit>:
  * @brief  Deinitializes the CAN peripheral registers to their default reset values.
  * @param  CANx: where x can be 1 or 2 to select the CAN peripheral.
  * @retval None.
  */
void CAN_DeInit(CAN_TypeDef* CANx)
{
20002378:	b580      	push	{r7, lr}
2000237a:	b082      	sub	sp, #8
2000237c:	af00      	add	r7, sp, #0
2000237e:	6078      	str	r0, [r7, #4]
  /* Check the parameters */
  assert_param(IS_CAN_ALL_PERIPH(CANx));
 
  if (CANx == CAN1)
20002380:	687b      	ldr	r3, [r7, #4]
20002382:	4a0e      	ldr	r2, [pc, #56]	@ (200023bc <CAN_DeInit+0x44>)
20002384:	4293      	cmp	r3, r2
20002386:	d10a      	bne.n	2000239e <CAN_DeInit+0x26>
  {
    /* Enable CAN1 reset state */
    RCC_APB1PeriphResetCmd(RCC_APB1Periph_CAN1, ENABLE);
20002388:	2101      	movs	r1, #1
2000238a:	f04f 7000 	mov.w	r0, #33554432	@ 0x2000000
2000238e:	f002 fa6d 	bl	2000486c <RCC_APB1PeriphResetCmd>
    /* Release CAN1 from reset state */
    RCC_APB1PeriphResetCmd(RCC_APB1Periph_CAN1, DISABLE);
20002392:	2100      	movs	r1, #0
20002394:	f04f 7000 	mov.w	r0, #33554432	@ 0x2000000
20002398:	f002 fa68 	bl	2000486c <RCC_APB1PeriphResetCmd>
    /* Enable CAN2 reset state */
    RCC_APB1PeriphResetCmd(RCC_APB1Periph_CAN2, ENABLE);
    /* Release CAN2 from reset state */
    RCC_APB1PeriphResetCmd(RCC_APB1Periph_CAN2, DISABLE);
  }
}
2000239c:	e009      	b.n	200023b2 <CAN_DeInit+0x3a>
    RCC_APB1PeriphResetCmd(RCC_APB1Periph_CAN2, ENABLE);
2000239e:	2101      	movs	r1, #1
200023a0:	f04f 6080 	mov.w	r0, #67108864	@ 0x4000000
200023a4:	f002 fa62 	bl	2000486c <RCC_APB1PeriphResetCmd>
    RCC_APB1PeriphResetCmd(RCC_APB1Periph_CAN2, DISABLE);
200023a8:	2100      	movs	r1, #0
200023aa:	f04f 6080 	mov.w	r0, #67108864	@ 0x4000000
200023ae:	f002 fa5d 	bl	2000486c <RCC_APB1PeriphResetCmd>
}
200023b2:	bf00      	nop
200023b4:	3708      	adds	r7, #8
200023b6:	46bd      	mov	sp, r7
200023b8:	bd80      	pop	{r7, pc}
200023ba:	bf00      	nop
200023bc:	40006400 	.word	0x40006400

200023c0 <CAN_Init>:
  *         the configuration information for the CAN peripheral.
  * @retval Constant indicates initialization succeed which will be 
  *         CAN_InitStatus_Failed or CAN_InitStatus_Success.
  */
uint8_t CAN_Init(CAN_TypeDef* CANx, CAN_InitTypeDef* CAN_InitStruct)
{
200023c0:	b480      	push	{r7}
200023c2:	b085      	sub	sp, #20
200023c4:	af00      	add	r7, sp, #0
200023c6:	6078      	str	r0, [r7, #4]
200023c8:	6039      	str	r1, [r7, #0]
  uint8_t InitStatus = CAN_InitStatus_Failed;
200023ca:	2300      	movs	r3, #0
200023cc:	73fb      	strb	r3, [r7, #15]
  uint32_t wait_ack = 0x00000000;
200023ce:	2300      	movs	r3, #0
200023d0:	60bb      	str	r3, [r7, #8]
  assert_param(IS_CAN_BS1(CAN_InitStruct->CAN_BS1));
  assert_param(IS_CAN_BS2(CAN_InitStruct->CAN_BS2));
  assert_param(IS_CAN_PRESCALER(CAN_InitStruct->CAN_Prescaler));

  /* Exit from sleep mode */
  CANx->MCR &= (~(uint32_t)CAN_MCR_SLEEP);
200023d2:	687b      	ldr	r3, [r7, #4]
200023d4:	681b      	ldr	r3, [r3, #0]
200023d6:	f023 0202 	bic.w	r2, r3, #2
200023da:	687b      	ldr	r3, [r7, #4]
200023dc:	601a      	str	r2, [r3, #0]

  /* Request initialisation */
  CANx->MCR |= CAN_MCR_INRQ ;
200023de:	687b      	ldr	r3, [r7, #4]
200023e0:	681b      	ldr	r3, [r3, #0]
200023e2:	f043 0201 	orr.w	r2, r3, #1
200023e6:	687b      	ldr	r3, [r7, #4]
200023e8:	601a      	str	r2, [r3, #0]

  /* Wait the acknowledge */
  while (((CANx->MSR & CAN_MSR_INAK) != CAN_MSR_INAK) && (wait_ack != INAK_TIMEOUT))
200023ea:	e002      	b.n	200023f2 <CAN_Init+0x32>
  {
    wait_ack++;
200023ec:	68bb      	ldr	r3, [r7, #8]
200023ee:	3301      	adds	r3, #1
200023f0:	60bb      	str	r3, [r7, #8]
  while (((CANx->MSR & CAN_MSR_INAK) != CAN_MSR_INAK) && (wait_ack != INAK_TIMEOUT))
200023f2:	687b      	ldr	r3, [r7, #4]
200023f4:	685b      	ldr	r3, [r3, #4]
200023f6:	f003 0301 	and.w	r3, r3, #1
200023fa:	2b01      	cmp	r3, #1
200023fc:	d004      	beq.n	20002408 <CAN_Init+0x48>
200023fe:	68bb      	ldr	r3, [r7, #8]
20002400:	f64f 72ff 	movw	r2, #65535	@ 0xffff
20002404:	4293      	cmp	r3, r2
20002406:	d1f1      	bne.n	200023ec <CAN_Init+0x2c>
  }

  /* Check acknowledge */
  if ((CANx->MSR & CAN_MSR_INAK) != CAN_MSR_INAK)
20002408:	687b      	ldr	r3, [r7, #4]
2000240a:	685b      	ldr	r3, [r3, #4]
2000240c:	f003 0301 	and.w	r3, r3, #1
20002410:	2b01      	cmp	r3, #1
20002412:	d002      	beq.n	2000241a <CAN_Init+0x5a>
  {
    InitStatus = CAN_InitStatus_Failed;
20002414:	2300      	movs	r3, #0
20002416:	73fb      	strb	r3, [r7, #15]
20002418:	e09c      	b.n	20002554 <CAN_Init+0x194>
  }
  else 
  {
    /* Set the time triggered communication mode */
    if (CAN_InitStruct->CAN_TTCM == ENABLE)
2000241a:	683b      	ldr	r3, [r7, #0]
2000241c:	799b      	ldrb	r3, [r3, #6]
2000241e:	2b01      	cmp	r3, #1
20002420:	d106      	bne.n	20002430 <CAN_Init+0x70>
    {
      CANx->MCR |= CAN_MCR_TTCM;
20002422:	687b      	ldr	r3, [r7, #4]
20002424:	681b      	ldr	r3, [r3, #0]
20002426:	f043 0280 	orr.w	r2, r3, #128	@ 0x80
2000242a:	687b      	ldr	r3, [r7, #4]
2000242c:	601a      	str	r2, [r3, #0]
2000242e:	e005      	b.n	2000243c <CAN_Init+0x7c>
    }
    else
    {
      CANx->MCR &= ~(uint32_t)CAN_MCR_TTCM;
20002430:	687b      	ldr	r3, [r7, #4]
20002432:	681b      	ldr	r3, [r3, #0]
20002434:	f023 0280 	bic.w	r2, r3, #128	@ 0x80
20002438:	687b      	ldr	r3, [r7, #4]
2000243a:	601a      	str	r2, [r3, #0]
    }

    /* Set the automatic bus-off management */
    if (CAN_InitStruct->CAN_ABOM == ENABLE)
2000243c:	683b      	ldr	r3, [r7, #0]
2000243e:	79db      	ldrb	r3, [r3, #7]
20002440:	2b01      	cmp	r3, #1
20002442:	d106      	bne.n	20002452 <CAN_Init+0x92>
    {
      CANx->MCR |= CAN_MCR_ABOM;
20002444:	687b      	ldr	r3, [r7, #4]
20002446:	681b      	ldr	r3, [r3, #0]
20002448:	f043 0240 	orr.w	r2, r3, #64	@ 0x40
2000244c:	687b      	ldr	r3, [r7, #4]
2000244e:	601a      	str	r2, [r3, #0]
20002450:	e005      	b.n	2000245e <CAN_Init+0x9e>
    }
    else
    {
      CANx->MCR &= ~(uint32_t)CAN_MCR_ABOM;
20002452:	687b      	ldr	r3, [r7, #4]
20002454:	681b      	ldr	r3, [r3, #0]
20002456:	f023 0240 	bic.w	r2, r3, #64	@ 0x40
2000245a:	687b      	ldr	r3, [r7, #4]
2000245c:	601a      	str	r2, [r3, #0]
    }

    /* Set the automatic wake-up mode */
    if (CAN_InitStruct->CAN_AWUM == ENABLE)
2000245e:	683b      	ldr	r3, [r7, #0]
20002460:	7a1b      	ldrb	r3, [r3, #8]
20002462:	2b01      	cmp	r3, #1
20002464:	d106      	bne.n	20002474 <CAN_Init+0xb4>
    {
      CANx->MCR |= CAN_MCR_AWUM;
20002466:	687b      	ldr	r3, [r7, #4]
20002468:	681b      	ldr	r3, [r3, #0]
2000246a:	f043 0220 	orr.w	r2, r3, #32
2000246e:	687b      	ldr	r3, [r7, #4]
20002470:	601a      	str	r2, [r3, #0]
20002472:	e005      	b.n	20002480 <CAN_Init+0xc0>
    }
    else
    {
      CANx->MCR &= ~(uint32_t)CAN_MCR_AWUM;
20002474:	687b      	ldr	r3, [r7, #4]
20002476:	681b      	ldr	r3, [r3, #0]
20002478:	f023 0220 	bic.w	r2, r3, #32
2000247c:	687b      	ldr	r3, [r7, #4]
2000247e:	601a      	str	r2, [r3, #0]
    }

    /* Set the no automatic retransmission */
    if (CAN_InitStruct->CAN_NART == ENABLE)
20002480:	683b      	ldr	r3, [r7, #0]
20002482:	7a5b      	ldrb	r3, [r3, #9]
20002484:	2b01      	cmp	r3, #1
20002486:	d106      	bne.n	20002496 <CAN_Init+0xd6>
    {
      CANx->MCR |= CAN_MCR_NART;
20002488:	687b      	ldr	r3, [r7, #4]
2000248a:	681b      	ldr	r3, [r3, #0]
2000248c:	f043 0210 	orr.w	r2, r3, #16
20002490:	687b      	ldr	r3, [r7, #4]
20002492:	601a      	str	r2, [r3, #0]
20002494:	e005      	b.n	200024a2 <CAN_Init+0xe2>
    }
    else
    {
      CANx->MCR &= ~(uint32_t)CAN_MCR_NART;
20002496:	687b      	ldr	r3, [r7, #4]
20002498:	681b      	ldr	r3, [r3, #0]
2000249a:	f023 0210 	bic.w	r2, r3, #16
2000249e:	687b      	ldr	r3, [r7, #4]
200024a0:	601a      	str	r2, [r3, #0]
    }

    /* Set the receive FIFO locked mode */
    if (CAN_InitStruct->CAN_RFLM == ENABLE)
200024a2:	683b      	ldr	r3, [r7, #0]
200024a4:	7a9b      	ldrb	r3, [r3, #10]
200024a6:	2b01      	cmp	r3, #1
200024a8:	d106      	bne.n	200024b8 <CAN_Init+0xf8>
    {
      CANx->MCR |= CAN_MCR_RFLM;
200024aa:	687b      	ldr	r3, [r7, #4]
200024ac:	681b      	ldr	r3, [r3, #0]
200024ae:	f043 0208 	orr.w	r2, r3, #8
200024b2:	687b      	ldr	r3, [r7, #4]
200024b4:	601a      	str	r2, [r3, #0]
200024b6:	e005      	b.n	200024c4 <CAN_Init+0x104>
    }
    else
    {
      CANx->MCR &= ~(uint32_t)CAN_MCR_RFLM;
200024b8:	687b      	ldr	r3, [r7, #4]
200024ba:	681b      	ldr	r3, [r3, #0]
200024bc:	f023 0208 	bic.w	r2, r3, #8
200024c0:	687b      	ldr	r3, [r7, #4]
200024c2:	601a      	str	r2, [r3, #0]
    }

    /* Set the transmit FIFO priority */
    if (CAN_InitStruct->CAN_TXFP == ENABLE)
200024c4:	683b      	ldr	r3, [r7, #0]
200024c6:	7adb      	ldrb	r3, [r3, #11]
200024c8:	2b01      	cmp	r3, #1
200024ca:	d106      	bne.n	200024da <CAN_Init+0x11a>
    {
      CANx->MCR |= CAN_MCR_TXFP;
200024cc:	687b      	ldr	r3, [r7, #4]
200024ce:	681b      	ldr	r3, [r3, #0]
200024d0:	f043 0204 	orr.w	r2, r3, #4
200024d4:	687b      	ldr	r3, [r7, #4]
200024d6:	601a      	str	r2, [r3, #0]
200024d8:	e005      	b.n	200024e6 <CAN_Init+0x126>
    }
    else
    {
      CANx->MCR &= ~(uint32_t)CAN_MCR_TXFP;
200024da:	687b      	ldr	r3, [r7, #4]
200024dc:	681b      	ldr	r3, [r3, #0]
200024de:	f023 0204 	bic.w	r2, r3, #4
200024e2:	687b      	ldr	r3, [r7, #4]
200024e4:	601a      	str	r2, [r3, #0]
    }

    /* Set the bit timing register */
    CANx->BTR = (uint32_t)((uint32_t)CAN_InitStruct->CAN_Mode << 30) | \
200024e6:	683b      	ldr	r3, [r7, #0]
200024e8:	789b      	ldrb	r3, [r3, #2]
200024ea:	079a      	lsls	r2, r3, #30
                ((uint32_t)CAN_InitStruct->CAN_SJW << 24) | \
200024ec:	683b      	ldr	r3, [r7, #0]
200024ee:	78db      	ldrb	r3, [r3, #3]
200024f0:	061b      	lsls	r3, r3, #24
    CANx->BTR = (uint32_t)((uint32_t)CAN_InitStruct->CAN_Mode << 30) | \
200024f2:	431a      	orrs	r2, r3
                ((uint32_t)CAN_InitStruct->CAN_BS1 << 16) | \
200024f4:	683b      	ldr	r3, [r7, #0]
200024f6:	791b      	ldrb	r3, [r3, #4]
200024f8:	041b      	lsls	r3, r3, #16
                ((uint32_t)CAN_InitStruct->CAN_SJW << 24) | \
200024fa:	431a      	orrs	r2, r3
                ((uint32_t)CAN_InitStruct->CAN_BS2 << 20) | \
200024fc:	683b      	ldr	r3, [r7, #0]
200024fe:	795b      	ldrb	r3, [r3, #5]
20002500:	051b      	lsls	r3, r3, #20
                ((uint32_t)CAN_InitStruct->CAN_BS1 << 16) | \
20002502:	431a      	orrs	r2, r3
               ((uint32_t)CAN_InitStruct->CAN_Prescaler - 1);
20002504:	683b      	ldr	r3, [r7, #0]
20002506:	881b      	ldrh	r3, [r3, #0]
20002508:	3b01      	subs	r3, #1
                ((uint32_t)CAN_InitStruct->CAN_BS2 << 20) | \
2000250a:	431a      	orrs	r2, r3
    CANx->BTR = (uint32_t)((uint32_t)CAN_InitStruct->CAN_Mode << 30) | \
2000250c:	687b      	ldr	r3, [r7, #4]
2000250e:	61da      	str	r2, [r3, #28]

    /* Request leave initialisation */
    CANx->MCR &= ~(uint32_t)CAN_MCR_INRQ;
20002510:	687b      	ldr	r3, [r7, #4]
20002512:	681b      	ldr	r3, [r3, #0]
20002514:	f023 0201 	bic.w	r2, r3, #1
20002518:	687b      	ldr	r3, [r7, #4]
2000251a:	601a      	str	r2, [r3, #0]

   /* Wait the acknowledge */
   wait_ack = 0;
2000251c:	2300      	movs	r3, #0
2000251e:	60bb      	str	r3, [r7, #8]

   while (((CANx->MSR & CAN_MSR_INAK) == CAN_MSR_INAK) && (wait_ack != INAK_TIMEOUT))
20002520:	e002      	b.n	20002528 <CAN_Init+0x168>
   {
     wait_ack++;
20002522:	68bb      	ldr	r3, [r7, #8]
20002524:	3301      	adds	r3, #1
20002526:	60bb      	str	r3, [r7, #8]
   while (((CANx->MSR & CAN_MSR_INAK) == CAN_MSR_INAK) && (wait_ack != INAK_TIMEOUT))
20002528:	687b      	ldr	r3, [r7, #4]
2000252a:	685b      	ldr	r3, [r3, #4]
2000252c:	f003 0301 	and.w	r3, r3, #1
20002530:	2b01      	cmp	r3, #1
20002532:	d104      	bne.n	2000253e <CAN_Init+0x17e>
20002534:	68bb      	ldr	r3, [r7, #8]
20002536:	f64f 72ff 	movw	r2, #65535	@ 0xffff
2000253a:	4293      	cmp	r3, r2
2000253c:	d1f1      	bne.n	20002522 <CAN_Init+0x162>
   }

    /* ...and check acknowledged */
    if ((CANx->MSR & CAN_MSR_INAK) == CAN_MSR_INAK)
2000253e:	687b      	ldr	r3, [r7, #4]
20002540:	685b      	ldr	r3, [r3, #4]
20002542:	f003 0301 	and.w	r3, r3, #1
20002546:	2b01      	cmp	r3, #1
20002548:	d102      	bne.n	20002550 <CAN_Init+0x190>
    {
      InitStatus = CAN_InitStatus_Failed;
2000254a:	2300      	movs	r3, #0
2000254c:	73fb      	strb	r3, [r7, #15]
2000254e:	e001      	b.n	20002554 <CAN_Init+0x194>
    }
    else
    {
      InitStatus = CAN_InitStatus_Success ;
20002550:	2301      	movs	r3, #1
20002552:	73fb      	strb	r3, [r7, #15]
    }
  }

  /* At this step, return the status of initialization */
  return InitStatus;
20002554:	7bfb      	ldrb	r3, [r7, #15]
}
20002556:	4618      	mov	r0, r3
20002558:	3714      	adds	r7, #20
2000255a:	46bd      	mov	sp, r7
2000255c:	bc80      	pop	{r7}
2000255e:	4770      	bx	lr

20002560 <CAN_FilterInit>:
  * @param  CAN_FilterInitStruct: pointer to a CAN_FilterInitTypeDef structure that
  *         contains the configuration information.
  * @retval None
  */
void CAN_FilterInit(CAN_FilterInitTypeDef* CAN_FilterInitStruct)
{
20002560:	b490      	push	{r4, r7}
20002562:	b084      	sub	sp, #16
20002564:	af00      	add	r7, sp, #0
20002566:	6078      	str	r0, [r7, #4]
  uint32_t filter_number_bit_pos = 0;
20002568:	2300      	movs	r3, #0
2000256a:	60fb      	str	r3, [r7, #12]
  assert_param(IS_CAN_FILTER_MODE(CAN_FilterInitStruct->CAN_FilterMode));
  assert_param(IS_CAN_FILTER_SCALE(CAN_FilterInitStruct->CAN_FilterScale));
  assert_param(IS_CAN_FILTER_FIFO(CAN_FilterInitStruct->CAN_FilterFIFOAssignment));
  assert_param(IS_FUNCTIONAL_STATE(CAN_FilterInitStruct->CAN_FilterActivation));

  filter_number_bit_pos = ((uint32_t)1) << CAN_FilterInitStruct->CAN_FilterNumber;
2000256c:	687b      	ldr	r3, [r7, #4]
2000256e:	7a9b      	ldrb	r3, [r3, #10]
20002570:	461a      	mov	r2, r3
20002572:	2301      	movs	r3, #1
20002574:	4093      	lsls	r3, r2
20002576:	60fb      	str	r3, [r7, #12]

  /* Initialisation mode for the filter */
  CAN1->FMR |= FMR_FINIT;
20002578:	4b59      	ldr	r3, [pc, #356]	@ (200026e0 <CAN_FilterInit+0x180>)
2000257a:	f8d3 3200 	ldr.w	r3, [r3, #512]	@ 0x200
2000257e:	4a58      	ldr	r2, [pc, #352]	@ (200026e0 <CAN_FilterInit+0x180>)
20002580:	f043 0301 	orr.w	r3, r3, #1
20002584:	f8c2 3200 	str.w	r3, [r2, #512]	@ 0x200

  /* Filter Deactivation */
  CAN1->FA1R &= ~(uint32_t)filter_number_bit_pos;
20002588:	4b55      	ldr	r3, [pc, #340]	@ (200026e0 <CAN_FilterInit+0x180>)
2000258a:	f8d3 221c 	ldr.w	r2, [r3, #540]	@ 0x21c
2000258e:	68fb      	ldr	r3, [r7, #12]
20002590:	43db      	mvns	r3, r3
20002592:	4953      	ldr	r1, [pc, #332]	@ (200026e0 <CAN_FilterInit+0x180>)
20002594:	4013      	ands	r3, r2
20002596:	f8c1 321c 	str.w	r3, [r1, #540]	@ 0x21c

  /* Filter Scale */
  if (CAN_FilterInitStruct->CAN_FilterScale == CAN_FilterScale_16bit)
2000259a:	687b      	ldr	r3, [r7, #4]
2000259c:	7b1b      	ldrb	r3, [r3, #12]
2000259e:	2b00      	cmp	r3, #0
200025a0:	d129      	bne.n	200025f6 <CAN_FilterInit+0x96>
  {
    /* 16-bit scale for the filter */
    CAN1->FS1R &= ~(uint32_t)filter_number_bit_pos;
200025a2:	4b4f      	ldr	r3, [pc, #316]	@ (200026e0 <CAN_FilterInit+0x180>)
200025a4:	f8d3 220c 	ldr.w	r2, [r3, #524]	@ 0x20c
200025a8:	68fb      	ldr	r3, [r7, #12]
200025aa:	43db      	mvns	r3, r3
200025ac:	494c      	ldr	r1, [pc, #304]	@ (200026e0 <CAN_FilterInit+0x180>)
200025ae:	4013      	ands	r3, r2
200025b0:	f8c1 320c 	str.w	r3, [r1, #524]	@ 0x20c

    /* First 16-bit identifier and First 16-bit mask */
    /* Or First 16-bit identifier and Second 16-bit identifier */
    CAN1->sFilterRegister[CAN_FilterInitStruct->CAN_FilterNumber].FR1 = 
       ((0x0000FFFF & (uint32_t)CAN_FilterInitStruct->CAN_FilterMaskIdLow) << 16) |
200025b4:	687b      	ldr	r3, [r7, #4]
200025b6:	88db      	ldrh	r3, [r3, #6]
200025b8:	041b      	lsls	r3, r3, #16
        (0x0000FFFF & (uint32_t)CAN_FilterInitStruct->CAN_FilterIdLow);
200025ba:	687a      	ldr	r2, [r7, #4]
200025bc:	8852      	ldrh	r2, [r2, #2]
200025be:	4614      	mov	r4, r2
    CAN1->sFilterRegister[CAN_FilterInitStruct->CAN_FilterNumber].FR1 = 
200025c0:	4947      	ldr	r1, [pc, #284]	@ (200026e0 <CAN_FilterInit+0x180>)
200025c2:	687a      	ldr	r2, [r7, #4]
200025c4:	7a92      	ldrb	r2, [r2, #10]
200025c6:	4610      	mov	r0, r2
       ((0x0000FFFF & (uint32_t)CAN_FilterInitStruct->CAN_FilterMaskIdLow) << 16) |
200025c8:	ea43 0204 	orr.w	r2, r3, r4
    CAN1->sFilterRegister[CAN_FilterInitStruct->CAN_FilterNumber].FR1 = 
200025cc:	f100 0348 	add.w	r3, r0, #72	@ 0x48
200025d0:	f841 2033 	str.w	r2, [r1, r3, lsl #3]

    /* Second 16-bit identifier and Second 16-bit mask */
    /* Or Third 16-bit identifier and Fourth 16-bit identifier */
    CAN1->sFilterRegister[CAN_FilterInitStruct->CAN_FilterNumber].FR2 = 
       ((0x0000FFFF & (uint32_t)CAN_FilterInitStruct->CAN_FilterMaskIdHigh) << 16) |
200025d4:	687b      	ldr	r3, [r7, #4]
200025d6:	889b      	ldrh	r3, [r3, #4]
200025d8:	041b      	lsls	r3, r3, #16
        (0x0000FFFF & (uint32_t)CAN_FilterInitStruct->CAN_FilterIdHigh);
200025da:	687a      	ldr	r2, [r7, #4]
200025dc:	8812      	ldrh	r2, [r2, #0]
200025de:	4614      	mov	r4, r2
    CAN1->sFilterRegister[CAN_FilterInitStruct->CAN_FilterNumber].FR2 = 
200025e0:	493f      	ldr	r1, [pc, #252]	@ (200026e0 <CAN_FilterInit+0x180>)
200025e2:	687a      	ldr	r2, [r7, #4]
200025e4:	7a92      	ldrb	r2, [r2, #10]
200025e6:	4610      	mov	r0, r2
       ((0x0000FFFF & (uint32_t)CAN_FilterInitStruct->CAN_FilterMaskIdHigh) << 16) |
200025e8:	ea43 0204 	orr.w	r2, r3, r4
    CAN1->sFilterRegister[CAN_FilterInitStruct->CAN_FilterNumber].FR2 = 
200025ec:	f100 0348 	add.w	r3, r0, #72	@ 0x48
200025f0:	00db      	lsls	r3, r3, #3
200025f2:	440b      	add	r3, r1
200025f4:	605a      	str	r2, [r3, #4]
  }

  if (CAN_FilterInitStruct->CAN_FilterScale == CAN_FilterScale_32bit)
200025f6:	687b      	ldr	r3, [r7, #4]
200025f8:	7b1b      	ldrb	r3, [r3, #12]
200025fa:	2b01      	cmp	r3, #1
200025fc:	d128      	bne.n	20002650 <CAN_FilterInit+0xf0>
  {
    /* 32-bit scale for the filter */
    CAN1->FS1R |= filter_number_bit_pos;
200025fe:	4b38      	ldr	r3, [pc, #224]	@ (200026e0 <CAN_FilterInit+0x180>)
20002600:	f8d3 220c 	ldr.w	r2, [r3, #524]	@ 0x20c
20002604:	4936      	ldr	r1, [pc, #216]	@ (200026e0 <CAN_FilterInit+0x180>)
20002606:	68fb      	ldr	r3, [r7, #12]
20002608:	4313      	orrs	r3, r2
2000260a:	f8c1 320c 	str.w	r3, [r1, #524]	@ 0x20c
    /* 32-bit identifier or First 32-bit identifier */
    CAN1->sFilterRegister[CAN_FilterInitStruct->CAN_FilterNumber].FR1 = 
       ((0x0000FFFF & (uint32_t)CAN_FilterInitStruct->CAN_FilterIdHigh) << 16) |
2000260e:	687b      	ldr	r3, [r7, #4]
20002610:	881b      	ldrh	r3, [r3, #0]
20002612:	041b      	lsls	r3, r3, #16
        (0x0000FFFF & (uint32_t)CAN_FilterInitStruct->CAN_FilterIdLow);
20002614:	687a      	ldr	r2, [r7, #4]
20002616:	8852      	ldrh	r2, [r2, #2]
20002618:	4614      	mov	r4, r2
    CAN1->sFilterRegister[CAN_FilterInitStruct->CAN_FilterNumber].FR1 = 
2000261a:	4931      	ldr	r1, [pc, #196]	@ (200026e0 <CAN_FilterInit+0x180>)
2000261c:	687a      	ldr	r2, [r7, #4]
2000261e:	7a92      	ldrb	r2, [r2, #10]
20002620:	4610      	mov	r0, r2
       ((0x0000FFFF & (uint32_t)CAN_FilterInitStruct->CAN_FilterIdHigh) << 16) |
20002622:	ea43 0204 	orr.w	r2, r3, r4
    CAN1->sFilterRegister[CAN_FilterInitStruct->CAN_FilterNumber].FR1 = 
20002626:	f100 0348 	add.w	r3, r0, #72	@ 0x48
2000262a:	f841 2033 	str.w	r2, [r1, r3, lsl #3]
    /* 32-bit mask or Second 32-bit identifier */
    CAN1->sFilterRegister[CAN_FilterInitStruct->CAN_FilterNumber].FR2 = 
       ((0x0000FFFF & (uint32_t)CAN_FilterInitStruct->CAN_FilterMaskIdHigh) << 16) |
2000262e:	687b      	ldr	r3, [r7, #4]
20002630:	889b      	ldrh	r3, [r3, #4]
20002632:	041b      	lsls	r3, r3, #16
        (0x0000FFFF & (uint32_t)CAN_FilterInitStruct->CAN_FilterMaskIdLow);
20002634:	687a      	ldr	r2, [r7, #4]
20002636:	88d2      	ldrh	r2, [r2, #6]
20002638:	4614      	mov	r4, r2
    CAN1->sFilterRegister[CAN_FilterInitStruct->CAN_FilterNumber].FR2 = 
2000263a:	4929      	ldr	r1, [pc, #164]	@ (200026e0 <CAN_FilterInit+0x180>)
2000263c:	687a      	ldr	r2, [r7, #4]
2000263e:	7a92      	ldrb	r2, [r2, #10]
20002640:	4610      	mov	r0, r2
       ((0x0000FFFF & (uint32_t)CAN_FilterInitStruct->CAN_FilterMaskIdHigh) << 16) |
20002642:	ea43 0204 	orr.w	r2, r3, r4
    CAN1->sFilterRegister[CAN_FilterInitStruct->CAN_FilterNumber].FR2 = 
20002646:	f100 0348 	add.w	r3, r0, #72	@ 0x48
2000264a:	00db      	lsls	r3, r3, #3
2000264c:	440b      	add	r3, r1
2000264e:	605a      	str	r2, [r3, #4]
  }

  /* Filter Mode */
  if (CAN_FilterInitStruct->CAN_FilterMode == CAN_FilterMode_IdMask)
20002650:	687b      	ldr	r3, [r7, #4]
20002652:	7adb      	ldrb	r3, [r3, #11]
20002654:	2b00      	cmp	r3, #0
20002656:	d109      	bne.n	2000266c <CAN_FilterInit+0x10c>
  {
    /*Id/Mask mode for the filter*/
    CAN1->FM1R &= ~(uint32_t)filter_number_bit_pos;
20002658:	4b21      	ldr	r3, [pc, #132]	@ (200026e0 <CAN_FilterInit+0x180>)
2000265a:	f8d3 2204 	ldr.w	r2, [r3, #516]	@ 0x204
2000265e:	68fb      	ldr	r3, [r7, #12]
20002660:	43db      	mvns	r3, r3
20002662:	491f      	ldr	r1, [pc, #124]	@ (200026e0 <CAN_FilterInit+0x180>)
20002664:	4013      	ands	r3, r2
20002666:	f8c1 3204 	str.w	r3, [r1, #516]	@ 0x204
2000266a:	e007      	b.n	2000267c <CAN_FilterInit+0x11c>
  }
  else /* CAN_FilterInitStruct->CAN_FilterMode == CAN_FilterMode_IdList */
  {
    /*Identifier list mode for the filter*/
    CAN1->FM1R |= (uint32_t)filter_number_bit_pos;
2000266c:	4b1c      	ldr	r3, [pc, #112]	@ (200026e0 <CAN_FilterInit+0x180>)
2000266e:	f8d3 2204 	ldr.w	r2, [r3, #516]	@ 0x204
20002672:	491b      	ldr	r1, [pc, #108]	@ (200026e0 <CAN_FilterInit+0x180>)
20002674:	68fb      	ldr	r3, [r7, #12]
20002676:	4313      	orrs	r3, r2
20002678:	f8c1 3204 	str.w	r3, [r1, #516]	@ 0x204
  }

  /* Filter FIFO assignment */
  if (CAN_FilterInitStruct->CAN_FilterFIFOAssignment == CAN_Filter_FIFO0)
2000267c:	687b      	ldr	r3, [r7, #4]
2000267e:	891b      	ldrh	r3, [r3, #8]
20002680:	2b00      	cmp	r3, #0
20002682:	d108      	bne.n	20002696 <CAN_FilterInit+0x136>
  {
    /* FIFO 0 assignation for the filter */
    CAN1->FFA1R &= ~(uint32_t)filter_number_bit_pos;
20002684:	4b16      	ldr	r3, [pc, #88]	@ (200026e0 <CAN_FilterInit+0x180>)
20002686:	f8d3 2214 	ldr.w	r2, [r3, #532]	@ 0x214
2000268a:	68fb      	ldr	r3, [r7, #12]
2000268c:	43db      	mvns	r3, r3
2000268e:	4914      	ldr	r1, [pc, #80]	@ (200026e0 <CAN_FilterInit+0x180>)
20002690:	4013      	ands	r3, r2
20002692:	f8c1 3214 	str.w	r3, [r1, #532]	@ 0x214
  }

  if (CAN_FilterInitStruct->CAN_FilterFIFOAssignment == CAN_Filter_FIFO1)
20002696:	687b      	ldr	r3, [r7, #4]
20002698:	891b      	ldrh	r3, [r3, #8]
2000269a:	2b01      	cmp	r3, #1
2000269c:	d107      	bne.n	200026ae <CAN_FilterInit+0x14e>
  {
    /* FIFO 1 assignation for the filter */
    CAN1->FFA1R |= (uint32_t)filter_number_bit_pos;
2000269e:	4b10      	ldr	r3, [pc, #64]	@ (200026e0 <CAN_FilterInit+0x180>)
200026a0:	f8d3 2214 	ldr.w	r2, [r3, #532]	@ 0x214
200026a4:	490e      	ldr	r1, [pc, #56]	@ (200026e0 <CAN_FilterInit+0x180>)
200026a6:	68fb      	ldr	r3, [r7, #12]
200026a8:	4313      	orrs	r3, r2
200026aa:	f8c1 3214 	str.w	r3, [r1, #532]	@ 0x214
  }
  
  /* Filter activation */
  if (CAN_FilterInitStruct->CAN_FilterActivation == ENABLE)
200026ae:	687b      	ldr	r3, [r7, #4]
200026b0:	7b5b      	ldrb	r3, [r3, #13]
200026b2:	2b01      	cmp	r3, #1
200026b4:	d107      	bne.n	200026c6 <CAN_FilterInit+0x166>
  {
    CAN1->FA1R |= filter_number_bit_pos;
200026b6:	4b0a      	ldr	r3, [pc, #40]	@ (200026e0 <CAN_FilterInit+0x180>)
200026b8:	f8d3 221c 	ldr.w	r2, [r3, #540]	@ 0x21c
200026bc:	4908      	ldr	r1, [pc, #32]	@ (200026e0 <CAN_FilterInit+0x180>)
200026be:	68fb      	ldr	r3, [r7, #12]
200026c0:	4313      	orrs	r3, r2
200026c2:	f8c1 321c 	str.w	r3, [r1, #540]	@ 0x21c
  }

  /* Leave the initialisation mode for the filter */
  CAN1->FMR &= ~FMR_FINIT;
200026c6:	4b06      	ldr	r3, [pc, #24]	@ (200026e0 <CAN_FilterInit+0x180>)
200026c8:	f8d3 3200 	ldr.w	r3, [r3, #512]	@ 0x200
200026cc:	4a04      	ldr	r2, [pc, #16]	@ (200026e0 <CAN_FilterInit+0x180>)
200026ce:	f023 0301 	bic.w	r3, r3, #1
200026d2:	f8c2 3200 	str.w	r3, [r2, #512]	@ 0x200
}
200026d6:	bf00      	nop
200026d8:	3710      	adds	r7, #16
200026da:	46bd      	mov	sp, r7
200026dc:	bc90      	pop	{r4, r7}
200026de:	4770      	bx	lr
200026e0:	40006400 	.word	0x40006400

200026e4 <CAN_StructInit>:
  * @brief  Fills each CAN_InitStruct member with its default value.
  * @param  CAN_InitStruct: pointer to a CAN_InitTypeDef structure which ill be initialized.
  * @retval None
  */
void CAN_StructInit(CAN_InitTypeDef* CAN_InitStruct)
{
200026e4:	b480      	push	{r7}
200026e6:	b083      	sub	sp, #12
200026e8:	af00      	add	r7, sp, #0
200026ea:	6078      	str	r0, [r7, #4]
  /* Reset CAN init structure parameters values */
  
  /* Initialize the time triggered communication mode */
  CAN_InitStruct->CAN_TTCM = DISABLE;
200026ec:	687b      	ldr	r3, [r7, #4]
200026ee:	2200      	movs	r2, #0
200026f0:	719a      	strb	r2, [r3, #6]
  
  /* Initialize the automatic bus-off management */
  CAN_InitStruct->CAN_ABOM = DISABLE;
200026f2:	687b      	ldr	r3, [r7, #4]
200026f4:	2200      	movs	r2, #0
200026f6:	71da      	strb	r2, [r3, #7]
  
  /* Initialize the automatic wake-up mode */
  CAN_InitStruct->CAN_AWUM = DISABLE;
200026f8:	687b      	ldr	r3, [r7, #4]
200026fa:	2200      	movs	r2, #0
200026fc:	721a      	strb	r2, [r3, #8]
  
  /* Initialize the no automatic retransmission */
  CAN_InitStruct->CAN_NART = DISABLE;
200026fe:	687b      	ldr	r3, [r7, #4]
20002700:	2200      	movs	r2, #0
20002702:	725a      	strb	r2, [r3, #9]
  
  /* Initialize the receive FIFO locked mode */
  CAN_InitStruct->CAN_RFLM = DISABLE;
20002704:	687b      	ldr	r3, [r7, #4]
20002706:	2200      	movs	r2, #0
20002708:	729a      	strb	r2, [r3, #10]
  
  /* Initialize the transmit FIFO priority */
  CAN_InitStruct->CAN_TXFP = DISABLE;
2000270a:	687b      	ldr	r3, [r7, #4]
2000270c:	2200      	movs	r2, #0
2000270e:	72da      	strb	r2, [r3, #11]
  
  /* Initialize the CAN_Mode member */
  CAN_InitStruct->CAN_Mode = CAN_Mode_Normal;
20002710:	687b      	ldr	r3, [r7, #4]
20002712:	2200      	movs	r2, #0
20002714:	709a      	strb	r2, [r3, #2]
  
  /* Initialize the CAN_SJW member */
  CAN_InitStruct->CAN_SJW = CAN_SJW_1tq;
20002716:	687b      	ldr	r3, [r7, #4]
20002718:	2200      	movs	r2, #0
2000271a:	70da      	strb	r2, [r3, #3]
  
  /* Initialize the CAN_BS1 member */
  CAN_InitStruct->CAN_BS1 = CAN_BS1_4tq;
2000271c:	687b      	ldr	r3, [r7, #4]
2000271e:	2203      	movs	r2, #3
20002720:	711a      	strb	r2, [r3, #4]
  
  /* Initialize the CAN_BS2 member */
  CAN_InitStruct->CAN_BS2 = CAN_BS2_3tq;
20002722:	687b      	ldr	r3, [r7, #4]
20002724:	2202      	movs	r2, #2
20002726:	715a      	strb	r2, [r3, #5]
  
  /* Initialize the CAN_Prescaler member */
  CAN_InitStruct->CAN_Prescaler = 1;
20002728:	687b      	ldr	r3, [r7, #4]
2000272a:	2201      	movs	r2, #1
2000272c:	801a      	strh	r2, [r3, #0]
}
2000272e:	bf00      	nop
20002730:	370c      	adds	r7, #12
20002732:	46bd      	mov	sp, r7
20002734:	bc80      	pop	{r7}
20002736:	4770      	bx	lr

20002738 <CAN_SlaveStartBank>:
  * @brief  Select the start bank filter for slave CAN.
  * @param  CAN_BankNumber: Select the start slave bank filter from 1..27.
  * @retval None
  */
void CAN_SlaveStartBank(uint8_t CAN_BankNumber) 
{
20002738:	b480      	push	{r7}
2000273a:	b083      	sub	sp, #12
2000273c:	af00      	add	r7, sp, #0
2000273e:	4603      	mov	r3, r0
20002740:	71fb      	strb	r3, [r7, #7]
  /* Check the parameters */
  assert_param(IS_CAN_BANKNUMBER(CAN_BankNumber));
  
  /* Enter Initialisation mode for the filter */
  CAN1->FMR |= FMR_FINIT;
20002742:	4b14      	ldr	r3, [pc, #80]	@ (20002794 <CAN_SlaveStartBank+0x5c>)
20002744:	f8d3 3200 	ldr.w	r3, [r3, #512]	@ 0x200
20002748:	4a12      	ldr	r2, [pc, #72]	@ (20002794 <CAN_SlaveStartBank+0x5c>)
2000274a:	f043 0301 	orr.w	r3, r3, #1
2000274e:	f8c2 3200 	str.w	r3, [r2, #512]	@ 0x200
  
  /* Select the start slave bank */
  CAN1->FMR &= (uint32_t)0xFFFFC0F1 ;
20002752:	4b10      	ldr	r3, [pc, #64]	@ (20002794 <CAN_SlaveStartBank+0x5c>)
20002754:	f8d3 3200 	ldr.w	r3, [r3, #512]	@ 0x200
20002758:	4a0e      	ldr	r2, [pc, #56]	@ (20002794 <CAN_SlaveStartBank+0x5c>)
2000275a:	f423 537c 	bic.w	r3, r3, #16128	@ 0x3f00
2000275e:	f023 030e 	bic.w	r3, r3, #14
20002762:	f8c2 3200 	str.w	r3, [r2, #512]	@ 0x200
  CAN1->FMR |= (uint32_t)(CAN_BankNumber)<<8;
20002766:	4b0b      	ldr	r3, [pc, #44]	@ (20002794 <CAN_SlaveStartBank+0x5c>)
20002768:	f8d3 2200 	ldr.w	r2, [r3, #512]	@ 0x200
2000276c:	79fb      	ldrb	r3, [r7, #7]
2000276e:	021b      	lsls	r3, r3, #8
20002770:	4908      	ldr	r1, [pc, #32]	@ (20002794 <CAN_SlaveStartBank+0x5c>)
20002772:	4313      	orrs	r3, r2
20002774:	f8c1 3200 	str.w	r3, [r1, #512]	@ 0x200
  
  /* Leave Initialisation mode for the filter */
  CAN1->FMR &= ~FMR_FINIT;
20002778:	4b06      	ldr	r3, [pc, #24]	@ (20002794 <CAN_SlaveStartBank+0x5c>)
2000277a:	f8d3 3200 	ldr.w	r3, [r3, #512]	@ 0x200
2000277e:	4a05      	ldr	r2, [pc, #20]	@ (20002794 <CAN_SlaveStartBank+0x5c>)
20002780:	f023 0301 	bic.w	r3, r3, #1
20002784:	f8c2 3200 	str.w	r3, [r2, #512]	@ 0x200
}
20002788:	bf00      	nop
2000278a:	370c      	adds	r7, #12
2000278c:	46bd      	mov	sp, r7
2000278e:	bc80      	pop	{r7}
20002790:	4770      	bx	lr
20002792:	bf00      	nop
20002794:	40006400 	.word	0x40006400

20002798 <CAN_DBGFreeze>:
  *          during debug. Reception FIFOs can still be accessed/controlled normally) 
  *          or DISABLE (CAN is working during debug).
  * @retval None
  */
void CAN_DBGFreeze(CAN_TypeDef* CANx, FunctionalState NewState)
{
20002798:	b480      	push	{r7}
2000279a:	b083      	sub	sp, #12
2000279c:	af00      	add	r7, sp, #0
2000279e:	6078      	str	r0, [r7, #4]
200027a0:	460b      	mov	r3, r1
200027a2:	70fb      	strb	r3, [r7, #3]
  /* Check the parameters */
  assert_param(IS_CAN_ALL_PERIPH(CANx));
  assert_param(IS_FUNCTIONAL_STATE(NewState));
  
  if (NewState != DISABLE)
200027a4:	78fb      	ldrb	r3, [r7, #3]
200027a6:	2b00      	cmp	r3, #0
200027a8:	d006      	beq.n	200027b8 <CAN_DBGFreeze+0x20>
  {
    /* Enable Debug Freeze  */
    CANx->MCR |= MCR_DBF;
200027aa:	687b      	ldr	r3, [r7, #4]
200027ac:	681b      	ldr	r3, [r3, #0]
200027ae:	f443 3280 	orr.w	r2, r3, #65536	@ 0x10000
200027b2:	687b      	ldr	r3, [r7, #4]
200027b4:	601a      	str	r2, [r3, #0]
  else
  {
    /* Disable Debug Freeze */
    CANx->MCR &= ~MCR_DBF;
  }
}
200027b6:	e005      	b.n	200027c4 <CAN_DBGFreeze+0x2c>
    CANx->MCR &= ~MCR_DBF;
200027b8:	687b      	ldr	r3, [r7, #4]
200027ba:	681b      	ldr	r3, [r3, #0]
200027bc:	f423 3280 	bic.w	r2, r3, #65536	@ 0x10000
200027c0:	687b      	ldr	r3, [r7, #4]
200027c2:	601a      	str	r2, [r3, #0]
}
200027c4:	bf00      	nop
200027c6:	370c      	adds	r7, #12
200027c8:	46bd      	mov	sp, r7
200027ca:	bc80      	pop	{r7}
200027cc:	4770      	bx	lr

200027ce <CAN_TTComModeCmd>:
  *         data bytes of the 8-byte message: TIME[7:0] in data byte 6 and TIME[15:8] 
  *         in data byte 7. 
  * @retval None
  */
void CAN_TTComModeCmd(CAN_TypeDef* CANx, FunctionalState NewState)
{
200027ce:	b480      	push	{r7}
200027d0:	b083      	sub	sp, #12
200027d2:	af00      	add	r7, sp, #0
200027d4:	6078      	str	r0, [r7, #4]
200027d6:	460b      	mov	r3, r1
200027d8:	70fb      	strb	r3, [r7, #3]
  /* Check the parameters */
  assert_param(IS_CAN_ALL_PERIPH(CANx));
  assert_param(IS_FUNCTIONAL_STATE(NewState));
  if (NewState != DISABLE)
200027da:	78fb      	ldrb	r3, [r7, #3]
200027dc:	2b00      	cmp	r3, #0
200027de:	d01e      	beq.n	2000281e <CAN_TTComModeCmd+0x50>
  {
    /* Enable the TTCM mode */
    CANx->MCR |= CAN_MCR_TTCM;
200027e0:	687b      	ldr	r3, [r7, #4]
200027e2:	681b      	ldr	r3, [r3, #0]
200027e4:	f043 0280 	orr.w	r2, r3, #128	@ 0x80
200027e8:	687b      	ldr	r3, [r7, #4]
200027ea:	601a      	str	r2, [r3, #0]

    /* Set TGT bits */
    CANx->sTxMailBox[0].TDTR |= ((uint32_t)CAN_TDT0R_TGT);
200027ec:	687b      	ldr	r3, [r7, #4]
200027ee:	f8d3 3184 	ldr.w	r3, [r3, #388]	@ 0x184
200027f2:	f443 7280 	orr.w	r2, r3, #256	@ 0x100
200027f6:	687b      	ldr	r3, [r7, #4]
200027f8:	f8c3 2184 	str.w	r2, [r3, #388]	@ 0x184
    CANx->sTxMailBox[1].TDTR |= ((uint32_t)CAN_TDT1R_TGT);
200027fc:	687b      	ldr	r3, [r7, #4]
200027fe:	f8d3 3194 	ldr.w	r3, [r3, #404]	@ 0x194
20002802:	f443 7280 	orr.w	r2, r3, #256	@ 0x100
20002806:	687b      	ldr	r3, [r7, #4]
20002808:	f8c3 2194 	str.w	r2, [r3, #404]	@ 0x194
    CANx->sTxMailBox[2].TDTR |= ((uint32_t)CAN_TDT2R_TGT);
2000280c:	687b      	ldr	r3, [r7, #4]
2000280e:	f8d3 31a4 	ldr.w	r3, [r3, #420]	@ 0x1a4
20002812:	f443 7280 	orr.w	r2, r3, #256	@ 0x100
20002816:	687b      	ldr	r3, [r7, #4]
20002818:	f8c3 21a4 	str.w	r2, [r3, #420]	@ 0x1a4
    /* Reset TGT bits */
    CANx->sTxMailBox[0].TDTR &= ((uint32_t)~CAN_TDT0R_TGT);
    CANx->sTxMailBox[1].TDTR &= ((uint32_t)~CAN_TDT1R_TGT);
    CANx->sTxMailBox[2].TDTR &= ((uint32_t)~CAN_TDT2R_TGT);
  }
}
2000281c:	e01d      	b.n	2000285a <CAN_TTComModeCmd+0x8c>
    CANx->MCR &= (uint32_t)(~(uint32_t)CAN_MCR_TTCM);
2000281e:	687b      	ldr	r3, [r7, #4]
20002820:	681b      	ldr	r3, [r3, #0]
20002822:	f023 0280 	bic.w	r2, r3, #128	@ 0x80
20002826:	687b      	ldr	r3, [r7, #4]
20002828:	601a      	str	r2, [r3, #0]
    CANx->sTxMailBox[0].TDTR &= ((uint32_t)~CAN_TDT0R_TGT);
2000282a:	687b      	ldr	r3, [r7, #4]
2000282c:	f8d3 3184 	ldr.w	r3, [r3, #388]	@ 0x184
20002830:	f423 7280 	bic.w	r2, r3, #256	@ 0x100
20002834:	687b      	ldr	r3, [r7, #4]
20002836:	f8c3 2184 	str.w	r2, [r3, #388]	@ 0x184
    CANx->sTxMailBox[1].TDTR &= ((uint32_t)~CAN_TDT1R_TGT);
2000283a:	687b      	ldr	r3, [r7, #4]
2000283c:	f8d3 3194 	ldr.w	r3, [r3, #404]	@ 0x194
20002840:	f423 7280 	bic.w	r2, r3, #256	@ 0x100
20002844:	687b      	ldr	r3, [r7, #4]
20002846:	f8c3 2194 	str.w	r2, [r3, #404]	@ 0x194
    CANx->sTxMailBox[2].TDTR &= ((uint32_t)~CAN_TDT2R_TGT);
2000284a:	687b      	ldr	r3, [r7, #4]
2000284c:	f8d3 31a4 	ldr.w	r3, [r3, #420]	@ 0x1a4
20002850:	f423 7280 	bic.w	r2, r3, #256	@ 0x100
20002854:	687b      	ldr	r3, [r7, #4]
20002856:	f8c3 21a4 	str.w	r2, [r3, #420]	@ 0x1a4
}
2000285a:	bf00      	nop
2000285c:	370c      	adds	r7, #12
2000285e:	46bd      	mov	sp, r7
20002860:	bc80      	pop	{r7}
20002862:	4770      	bx	lr

20002864 <CAN_Transmit>:
  * @param  TxMessage: pointer to a structure which contains CAN Id, CAN DLC and CAN data.
  * @retval The number of the mailbox that is used for transmission or
  *         CAN_TxStatus_NoMailBox if there is no empty mailbox.
  */
uint8_t CAN_Transmit(CAN_TypeDef* CANx, CanTxMsg* TxMessage)
{
20002864:	b480      	push	{r7}
20002866:	b085      	sub	sp, #20
20002868:	af00      	add	r7, sp, #0
2000286a:	6078      	str	r0, [r7, #4]
2000286c:	6039      	str	r1, [r7, #0]
  uint8_t transmit_mailbox = 0;
2000286e:	2300      	movs	r3, #0
20002870:	73fb      	strb	r3, [r7, #15]
  assert_param(IS_CAN_IDTYPE(TxMessage->IDE));
  assert_param(IS_CAN_RTR(TxMessage->RTR));
  assert_param(IS_CAN_DLC(TxMessage->DLC));

  /* Select one empty transmit mailbox */
  if ((CANx->TSR&CAN_TSR_TME0) == CAN_TSR_TME0)
20002872:	687b      	ldr	r3, [r7, #4]
20002874:	689b      	ldr	r3, [r3, #8]
20002876:	f003 6380 	and.w	r3, r3, #67108864	@ 0x4000000
2000287a:	f1b3 6f80 	cmp.w	r3, #67108864	@ 0x4000000
2000287e:	d102      	bne.n	20002886 <CAN_Transmit+0x22>
  {
    transmit_mailbox = 0;
20002880:	2300      	movs	r3, #0
20002882:	73fb      	strb	r3, [r7, #15]
20002884:	e015      	b.n	200028b2 <CAN_Transmit+0x4e>
  }
  else if ((CANx->TSR&CAN_TSR_TME1) == CAN_TSR_TME1)
20002886:	687b      	ldr	r3, [r7, #4]
20002888:	689b      	ldr	r3, [r3, #8]
2000288a:	f003 6300 	and.w	r3, r3, #134217728	@ 0x8000000
2000288e:	f1b3 6f00 	cmp.w	r3, #134217728	@ 0x8000000
20002892:	d102      	bne.n	2000289a <CAN_Transmit+0x36>
  {
    transmit_mailbox = 1;
20002894:	2301      	movs	r3, #1
20002896:	73fb      	strb	r3, [r7, #15]
20002898:	e00b      	b.n	200028b2 <CAN_Transmit+0x4e>
  }
  else if ((CANx->TSR&CAN_TSR_TME2) == CAN_TSR_TME2)
2000289a:	687b      	ldr	r3, [r7, #4]
2000289c:	689b      	ldr	r3, [r3, #8]
2000289e:	f003 5380 	and.w	r3, r3, #268435456	@ 0x10000000
200028a2:	f1b3 5f80 	cmp.w	r3, #268435456	@ 0x10000000
200028a6:	d102      	bne.n	200028ae <CAN_Transmit+0x4a>
  {
    transmit_mailbox = 2;
200028a8:	2302      	movs	r3, #2
200028aa:	73fb      	strb	r3, [r7, #15]
200028ac:	e001      	b.n	200028b2 <CAN_Transmit+0x4e>
  }
  else
  {
    transmit_mailbox = CAN_TxStatus_NoMailBox;
200028ae:	2304      	movs	r3, #4
200028b0:	73fb      	strb	r3, [r7, #15]
  }

  if (transmit_mailbox != CAN_TxStatus_NoMailBox)
200028b2:	7bfb      	ldrb	r3, [r7, #15]
200028b4:	2b04      	cmp	r3, #4
200028b6:	f000 809f 	beq.w	200029f8 <CAN_Transmit+0x194>
  {
    /* Set up the Id */
    CANx->sTxMailBox[transmit_mailbox].TIR &= TMIDxR_TXRQ;
200028ba:	7bfb      	ldrb	r3, [r7, #15]
200028bc:	687a      	ldr	r2, [r7, #4]
200028be:	3318      	adds	r3, #24
200028c0:	011b      	lsls	r3, r3, #4
200028c2:	4413      	add	r3, r2
200028c4:	681a      	ldr	r2, [r3, #0]
200028c6:	7bfb      	ldrb	r3, [r7, #15]
200028c8:	f002 0201 	and.w	r2, r2, #1
200028cc:	6879      	ldr	r1, [r7, #4]
200028ce:	3318      	adds	r3, #24
200028d0:	011b      	lsls	r3, r3, #4
200028d2:	440b      	add	r3, r1
200028d4:	601a      	str	r2, [r3, #0]
    if (TxMessage->IDE == CAN_Id_Standard)
200028d6:	683b      	ldr	r3, [r7, #0]
200028d8:	7a1b      	ldrb	r3, [r3, #8]
200028da:	2b00      	cmp	r3, #0
200028dc:	d113      	bne.n	20002906 <CAN_Transmit+0xa2>
    {
      assert_param(IS_CAN_STDID(TxMessage->StdId));  
      CANx->sTxMailBox[transmit_mailbox].TIR |= ((TxMessage->StdId << 21) | \
200028de:	7bfb      	ldrb	r3, [r7, #15]
200028e0:	687a      	ldr	r2, [r7, #4]
200028e2:	3318      	adds	r3, #24
200028e4:	011b      	lsls	r3, r3, #4
200028e6:	4413      	add	r3, r2
200028e8:	6819      	ldr	r1, [r3, #0]
200028ea:	683b      	ldr	r3, [r7, #0]
200028ec:	681b      	ldr	r3, [r3, #0]
200028ee:	055b      	lsls	r3, r3, #21
                                                  TxMessage->RTR);
200028f0:	683a      	ldr	r2, [r7, #0]
200028f2:	7a52      	ldrb	r2, [r2, #9]
      CANx->sTxMailBox[transmit_mailbox].TIR |= ((TxMessage->StdId << 21) | \
200028f4:	431a      	orrs	r2, r3
200028f6:	7bfb      	ldrb	r3, [r7, #15]
200028f8:	430a      	orrs	r2, r1
200028fa:	6879      	ldr	r1, [r7, #4]
200028fc:	3318      	adds	r3, #24
200028fe:	011b      	lsls	r3, r3, #4
20002900:	440b      	add	r3, r1
20002902:	601a      	str	r2, [r3, #0]
20002904:	e015      	b.n	20002932 <CAN_Transmit+0xce>
    }
    else
    {
      assert_param(IS_CAN_EXTID(TxMessage->ExtId));
      CANx->sTxMailBox[transmit_mailbox].TIR |= ((TxMessage->ExtId << 3) | \
20002906:	7bfb      	ldrb	r3, [r7, #15]
20002908:	687a      	ldr	r2, [r7, #4]
2000290a:	3318      	adds	r3, #24
2000290c:	011b      	lsls	r3, r3, #4
2000290e:	4413      	add	r3, r2
20002910:	6819      	ldr	r1, [r3, #0]
20002912:	683b      	ldr	r3, [r7, #0]
20002914:	685b      	ldr	r3, [r3, #4]
20002916:	00db      	lsls	r3, r3, #3
                                                  TxMessage->IDE | \
20002918:	683a      	ldr	r2, [r7, #0]
2000291a:	7a12      	ldrb	r2, [r2, #8]
      CANx->sTxMailBox[transmit_mailbox].TIR |= ((TxMessage->ExtId << 3) | \
2000291c:	4313      	orrs	r3, r2
                                                  TxMessage->RTR);
2000291e:	683a      	ldr	r2, [r7, #0]
20002920:	7a52      	ldrb	r2, [r2, #9]
                                                  TxMessage->IDE | \
20002922:	431a      	orrs	r2, r3
      CANx->sTxMailBox[transmit_mailbox].TIR |= ((TxMessage->ExtId << 3) | \
20002924:	7bfb      	ldrb	r3, [r7, #15]
20002926:	430a      	orrs	r2, r1
20002928:	6879      	ldr	r1, [r7, #4]
2000292a:	3318      	adds	r3, #24
2000292c:	011b      	lsls	r3, r3, #4
2000292e:	440b      	add	r3, r1
20002930:	601a      	str	r2, [r3, #0]
    }
    
    /* Set up the DLC */
    TxMessage->DLC &= (uint8_t)0x0000000F;
20002932:	683b      	ldr	r3, [r7, #0]
20002934:	7a9b      	ldrb	r3, [r3, #10]
20002936:	f003 030f 	and.w	r3, r3, #15
2000293a:	b2da      	uxtb	r2, r3
2000293c:	683b      	ldr	r3, [r7, #0]
2000293e:	729a      	strb	r2, [r3, #10]
    CANx->sTxMailBox[transmit_mailbox].TDTR &= (uint32_t)0xFFFFFFF0;
20002940:	7bfb      	ldrb	r3, [r7, #15]
20002942:	687a      	ldr	r2, [r7, #4]
20002944:	3318      	adds	r3, #24
20002946:	011b      	lsls	r3, r3, #4
20002948:	4413      	add	r3, r2
2000294a:	3304      	adds	r3, #4
2000294c:	681a      	ldr	r2, [r3, #0]
2000294e:	7bfb      	ldrb	r3, [r7, #15]
20002950:	f022 020f 	bic.w	r2, r2, #15
20002954:	6879      	ldr	r1, [r7, #4]
20002956:	3318      	adds	r3, #24
20002958:	011b      	lsls	r3, r3, #4
2000295a:	440b      	add	r3, r1
2000295c:	3304      	adds	r3, #4
2000295e:	601a      	str	r2, [r3, #0]
    CANx->sTxMailBox[transmit_mailbox].TDTR |= TxMessage->DLC;
20002960:	7bfb      	ldrb	r3, [r7, #15]
20002962:	687a      	ldr	r2, [r7, #4]
20002964:	3318      	adds	r3, #24
20002966:	011b      	lsls	r3, r3, #4
20002968:	4413      	add	r3, r2
2000296a:	3304      	adds	r3, #4
2000296c:	681a      	ldr	r2, [r3, #0]
2000296e:	683b      	ldr	r3, [r7, #0]
20002970:	7a9b      	ldrb	r3, [r3, #10]
20002972:	4619      	mov	r1, r3
20002974:	7bfb      	ldrb	r3, [r7, #15]
20002976:	430a      	orrs	r2, r1
20002978:	6879      	ldr	r1, [r7, #4]
2000297a:	3318      	adds	r3, #24
2000297c:	011b      	lsls	r3, r3, #4
2000297e:	440b      	add	r3, r1
20002980:	3304      	adds	r3, #4
20002982:	601a      	str	r2, [r3, #0]

    /* Set up the data field */
    CANx->sTxMailBox[transmit_mailbox].TDLR = (((uint32_t)TxMessage->Data[3] << 24) | 
20002984:	683b      	ldr	r3, [r7, #0]
20002986:	7b9b      	ldrb	r3, [r3, #14]
20002988:	061a      	lsls	r2, r3, #24
                                             ((uint32_t)TxMessage->Data[2] << 16) |
2000298a:	683b      	ldr	r3, [r7, #0]
2000298c:	7b5b      	ldrb	r3, [r3, #13]
2000298e:	041b      	lsls	r3, r3, #16
    CANx->sTxMailBox[transmit_mailbox].TDLR = (((uint32_t)TxMessage->Data[3] << 24) | 
20002990:	431a      	orrs	r2, r3
                                             ((uint32_t)TxMessage->Data[1] << 8) | 
20002992:	683b      	ldr	r3, [r7, #0]
20002994:	7b1b      	ldrb	r3, [r3, #12]
20002996:	021b      	lsls	r3, r3, #8
                                             ((uint32_t)TxMessage->Data[2] << 16) |
20002998:	431a      	orrs	r2, r3
                                             ((uint32_t)TxMessage->Data[0]));
2000299a:	683b      	ldr	r3, [r7, #0]
2000299c:	7adb      	ldrb	r3, [r3, #11]
2000299e:	4619      	mov	r1, r3
    CANx->sTxMailBox[transmit_mailbox].TDLR = (((uint32_t)TxMessage->Data[3] << 24) | 
200029a0:	7bfb      	ldrb	r3, [r7, #15]
                                             ((uint32_t)TxMessage->Data[1] << 8) | 
200029a2:	430a      	orrs	r2, r1
    CANx->sTxMailBox[transmit_mailbox].TDLR = (((uint32_t)TxMessage->Data[3] << 24) | 
200029a4:	6879      	ldr	r1, [r7, #4]
200029a6:	011b      	lsls	r3, r3, #4
200029a8:	440b      	add	r3, r1
200029aa:	f503 73c4 	add.w	r3, r3, #392	@ 0x188
200029ae:	601a      	str	r2, [r3, #0]
    CANx->sTxMailBox[transmit_mailbox].TDHR = (((uint32_t)TxMessage->Data[7] << 24) | 
200029b0:	683b      	ldr	r3, [r7, #0]
200029b2:	7c9b      	ldrb	r3, [r3, #18]
200029b4:	061a      	lsls	r2, r3, #24
                                             ((uint32_t)TxMessage->Data[6] << 16) |
200029b6:	683b      	ldr	r3, [r7, #0]
200029b8:	7c5b      	ldrb	r3, [r3, #17]
200029ba:	041b      	lsls	r3, r3, #16
    CANx->sTxMailBox[transmit_mailbox].TDHR = (((uint32_t)TxMessage->Data[7] << 24) | 
200029bc:	431a      	orrs	r2, r3
                                             ((uint32_t)TxMessage->Data[5] << 8) |
200029be:	683b      	ldr	r3, [r7, #0]
200029c0:	7c1b      	ldrb	r3, [r3, #16]
200029c2:	021b      	lsls	r3, r3, #8
                                             ((uint32_t)TxMessage->Data[6] << 16) |
200029c4:	431a      	orrs	r2, r3
                                             ((uint32_t)TxMessage->Data[4]));
200029c6:	683b      	ldr	r3, [r7, #0]
200029c8:	7bdb      	ldrb	r3, [r3, #15]
200029ca:	4619      	mov	r1, r3
    CANx->sTxMailBox[transmit_mailbox].TDHR = (((uint32_t)TxMessage->Data[7] << 24) | 
200029cc:	7bfb      	ldrb	r3, [r7, #15]
                                             ((uint32_t)TxMessage->Data[5] << 8) |
200029ce:	430a      	orrs	r2, r1
    CANx->sTxMailBox[transmit_mailbox].TDHR = (((uint32_t)TxMessage->Data[7] << 24) | 
200029d0:	6879      	ldr	r1, [r7, #4]
200029d2:	011b      	lsls	r3, r3, #4
200029d4:	440b      	add	r3, r1
200029d6:	f503 73c6 	add.w	r3, r3, #396	@ 0x18c
200029da:	601a      	str	r2, [r3, #0]
    /* Request transmission */
    CANx->sTxMailBox[transmit_mailbox].TIR |= TMIDxR_TXRQ;
200029dc:	7bfb      	ldrb	r3, [r7, #15]
200029de:	687a      	ldr	r2, [r7, #4]
200029e0:	3318      	adds	r3, #24
200029e2:	011b      	lsls	r3, r3, #4
200029e4:	4413      	add	r3, r2
200029e6:	681a      	ldr	r2, [r3, #0]
200029e8:	7bfb      	ldrb	r3, [r7, #15]
200029ea:	f042 0201 	orr.w	r2, r2, #1
200029ee:	6879      	ldr	r1, [r7, #4]
200029f0:	3318      	adds	r3, #24
200029f2:	011b      	lsls	r3, r3, #4
200029f4:	440b      	add	r3, r1
200029f6:	601a      	str	r2, [r3, #0]
  }
  return transmit_mailbox;
200029f8:	7bfb      	ldrb	r3, [r7, #15]
}
200029fa:	4618      	mov	r0, r3
200029fc:	3714      	adds	r7, #20
200029fe:	46bd      	mov	sp, r7
20002a00:	bc80      	pop	{r7}
20002a02:	4770      	bx	lr

20002a04 <CAN_TransmitStatus>:
  * @param  TransmitMailbox: the number of the mailbox that is used for transmission.
  * @retval CAN_TxStatus_Ok if the CAN driver transmits the message, 
  *         CAN_TxStatus_Failed in an other case.
  */
uint8_t CAN_TransmitStatus(CAN_TypeDef* CANx, uint8_t TransmitMailbox)
{
20002a04:	b480      	push	{r7}
20002a06:	b085      	sub	sp, #20
20002a08:	af00      	add	r7, sp, #0
20002a0a:	6078      	str	r0, [r7, #4]
20002a0c:	460b      	mov	r3, r1
20002a0e:	70fb      	strb	r3, [r7, #3]
  uint32_t state = 0;
20002a10:	2300      	movs	r3, #0
20002a12:	60fb      	str	r3, [r7, #12]

  /* Check the parameters */
  assert_param(IS_CAN_ALL_PERIPH(CANx));
  assert_param(IS_CAN_TRANSMITMAILBOX(TransmitMailbox));
 
  switch (TransmitMailbox)
20002a14:	78fb      	ldrb	r3, [r7, #3]
20002a16:	2b02      	cmp	r3, #2
20002a18:	d012      	beq.n	20002a40 <CAN_TransmitStatus+0x3c>
20002a1a:	2b02      	cmp	r3, #2
20002a1c:	dc16      	bgt.n	20002a4c <CAN_TransmitStatus+0x48>
20002a1e:	2b00      	cmp	r3, #0
20002a20:	d002      	beq.n	20002a28 <CAN_TransmitStatus+0x24>
20002a22:	2b01      	cmp	r3, #1
20002a24:	d006      	beq.n	20002a34 <CAN_TransmitStatus+0x30>
20002a26:	e011      	b.n	20002a4c <CAN_TransmitStatus+0x48>
  {
    case (CAN_TXMAILBOX_0): 
      state =   CANx->TSR &  (CAN_TSR_RQCP0 | CAN_TSR_TXOK0 | CAN_TSR_TME0);
20002a28:	687b      	ldr	r3, [r7, #4]
20002a2a:	689a      	ldr	r2, [r3, #8]
20002a2c:	4b30      	ldr	r3, [pc, #192]	@ (20002af0 <CAN_TransmitStatus+0xec>)
20002a2e:	4013      	ands	r3, r2
20002a30:	60fb      	str	r3, [r7, #12]
      break;
20002a32:	e00e      	b.n	20002a52 <CAN_TransmitStatus+0x4e>
    case (CAN_TXMAILBOX_1): 
      state =   CANx->TSR &  (CAN_TSR_RQCP1 | CAN_TSR_TXOK1 | CAN_TSR_TME1);
20002a34:	687b      	ldr	r3, [r7, #4]
20002a36:	689a      	ldr	r2, [r3, #8]
20002a38:	4b2e      	ldr	r3, [pc, #184]	@ (20002af4 <CAN_TransmitStatus+0xf0>)
20002a3a:	4013      	ands	r3, r2
20002a3c:	60fb      	str	r3, [r7, #12]
      break;
20002a3e:	e008      	b.n	20002a52 <CAN_TransmitStatus+0x4e>
    case (CAN_TXMAILBOX_2): 
      state =   CANx->TSR &  (CAN_TSR_RQCP2 | CAN_TSR_TXOK2 | CAN_TSR_TME2);
20002a40:	687b      	ldr	r3, [r7, #4]
20002a42:	689a      	ldr	r2, [r3, #8]
20002a44:	4b2c      	ldr	r3, [pc, #176]	@ (20002af8 <CAN_TransmitStatus+0xf4>)
20002a46:	4013      	ands	r3, r2
20002a48:	60fb      	str	r3, [r7, #12]
      break;
20002a4a:	e002      	b.n	20002a52 <CAN_TransmitStatus+0x4e>
    default:
      state = CAN_TxStatus_Failed;
20002a4c:	2300      	movs	r3, #0
20002a4e:	60fb      	str	r3, [r7, #12]
      break;
20002a50:	bf00      	nop
  }
  switch (state)
20002a52:	68fb      	ldr	r3, [r7, #12]
20002a54:	4a28      	ldr	r2, [pc, #160]	@ (20002af8 <CAN_TransmitStatus+0xf4>)
20002a56:	4293      	cmp	r3, r2
20002a58:	d03d      	beq.n	20002ad6 <CAN_TransmitStatus+0xd2>
20002a5a:	68fb      	ldr	r3, [r7, #12]
20002a5c:	4a26      	ldr	r2, [pc, #152]	@ (20002af8 <CAN_TransmitStatus+0xf4>)
20002a5e:	4293      	cmp	r3, r2
20002a60:	d83c      	bhi.n	20002adc <CAN_TransmitStatus+0xd8>
20002a62:	68fb      	ldr	r3, [r7, #12]
20002a64:	4a25      	ldr	r2, [pc, #148]	@ (20002afc <CAN_TransmitStatus+0xf8>)
20002a66:	4293      	cmp	r3, r2
20002a68:	d02c      	beq.n	20002ac4 <CAN_TransmitStatus+0xc0>
20002a6a:	68fb      	ldr	r3, [r7, #12]
20002a6c:	4a23      	ldr	r2, [pc, #140]	@ (20002afc <CAN_TransmitStatus+0xf8>)
20002a6e:	4293      	cmp	r3, r2
20002a70:	d834      	bhi.n	20002adc <CAN_TransmitStatus+0xd8>
20002a72:	68fb      	ldr	r3, [r7, #12]
20002a74:	4a1f      	ldr	r2, [pc, #124]	@ (20002af4 <CAN_TransmitStatus+0xf0>)
20002a76:	4293      	cmp	r3, r2
20002a78:	d02a      	beq.n	20002ad0 <CAN_TransmitStatus+0xcc>
20002a7a:	68fb      	ldr	r3, [r7, #12]
20002a7c:	4a1d      	ldr	r2, [pc, #116]	@ (20002af4 <CAN_TransmitStatus+0xf0>)
20002a7e:	4293      	cmp	r3, r2
20002a80:	d82c      	bhi.n	20002adc <CAN_TransmitStatus+0xd8>
20002a82:	68fb      	ldr	r3, [r7, #12]
20002a84:	4a1e      	ldr	r2, [pc, #120]	@ (20002b00 <CAN_TransmitStatus+0xfc>)
20002a86:	4293      	cmp	r3, r2
20002a88:	d019      	beq.n	20002abe <CAN_TransmitStatus+0xba>
20002a8a:	68fb      	ldr	r3, [r7, #12]
20002a8c:	4a1c      	ldr	r2, [pc, #112]	@ (20002b00 <CAN_TransmitStatus+0xfc>)
20002a8e:	4293      	cmp	r3, r2
20002a90:	d824      	bhi.n	20002adc <CAN_TransmitStatus+0xd8>
20002a92:	68fb      	ldr	r3, [r7, #12]
20002a94:	4a16      	ldr	r2, [pc, #88]	@ (20002af0 <CAN_TransmitStatus+0xec>)
20002a96:	4293      	cmp	r3, r2
20002a98:	d017      	beq.n	20002aca <CAN_TransmitStatus+0xc6>
20002a9a:	68fb      	ldr	r3, [r7, #12]
20002a9c:	4a14      	ldr	r2, [pc, #80]	@ (20002af0 <CAN_TransmitStatus+0xec>)
20002a9e:	4293      	cmp	r3, r2
20002aa0:	d81c      	bhi.n	20002adc <CAN_TransmitStatus+0xd8>
20002aa2:	68fb      	ldr	r3, [r7, #12]
20002aa4:	2b00      	cmp	r3, #0
20002aa6:	d004      	beq.n	20002ab2 <CAN_TransmitStatus+0xae>
20002aa8:	68fb      	ldr	r3, [r7, #12]
20002aaa:	4a16      	ldr	r2, [pc, #88]	@ (20002b04 <CAN_TransmitStatus+0x100>)
20002aac:	4293      	cmp	r3, r2
20002aae:	d003      	beq.n	20002ab8 <CAN_TransmitStatus+0xb4>
20002ab0:	e014      	b.n	20002adc <CAN_TransmitStatus+0xd8>
  {
      /* transmit pending  */
    case (0x0): state = CAN_TxStatus_Pending;
20002ab2:	2302      	movs	r3, #2
20002ab4:	60fb      	str	r3, [r7, #12]
      break;
20002ab6:	e014      	b.n	20002ae2 <CAN_TransmitStatus+0xde>
      /* transmit failed  */
     case (CAN_TSR_RQCP0 | CAN_TSR_TME0): state = CAN_TxStatus_Failed;
20002ab8:	2300      	movs	r3, #0
20002aba:	60fb      	str	r3, [r7, #12]
      break;
20002abc:	e011      	b.n	20002ae2 <CAN_TransmitStatus+0xde>
     case (CAN_TSR_RQCP1 | CAN_TSR_TME1): state = CAN_TxStatus_Failed;
20002abe:	2300      	movs	r3, #0
20002ac0:	60fb      	str	r3, [r7, #12]
      break;
20002ac2:	e00e      	b.n	20002ae2 <CAN_TransmitStatus+0xde>
     case (CAN_TSR_RQCP2 | CAN_TSR_TME2): state = CAN_TxStatus_Failed;
20002ac4:	2300      	movs	r3, #0
20002ac6:	60fb      	str	r3, [r7, #12]
      break;
20002ac8:	e00b      	b.n	20002ae2 <CAN_TransmitStatus+0xde>
      /* transmit succeeded  */
    case (CAN_TSR_RQCP0 | CAN_TSR_TXOK0 | CAN_TSR_TME0):state = CAN_TxStatus_Ok;
20002aca:	2301      	movs	r3, #1
20002acc:	60fb      	str	r3, [r7, #12]
      break;
20002ace:	e008      	b.n	20002ae2 <CAN_TransmitStatus+0xde>
    case (CAN_TSR_RQCP1 | CAN_TSR_TXOK1 | CAN_TSR_TME1):state = CAN_TxStatus_Ok;
20002ad0:	2301      	movs	r3, #1
20002ad2:	60fb      	str	r3, [r7, #12]
      break;
20002ad4:	e005      	b.n	20002ae2 <CAN_TransmitStatus+0xde>
    case (CAN_TSR_RQCP2 | CAN_TSR_TXOK2 | CAN_TSR_TME2):state = CAN_TxStatus_Ok;
20002ad6:	2301      	movs	r3, #1
20002ad8:	60fb      	str	r3, [r7, #12]
      break;
20002ada:	e002      	b.n	20002ae2 <CAN_TransmitStatus+0xde>
    default: state = CAN_TxStatus_Failed;
20002adc:	2300      	movs	r3, #0
20002ade:	60fb      	str	r3, [r7, #12]
      break;
20002ae0:	bf00      	nop
  }
  return (uint8_t) state;
20002ae2:	68fb      	ldr	r3, [r7, #12]
20002ae4:	b2db      	uxtb	r3, r3
}
20002ae6:	4618      	mov	r0, r3
20002ae8:	3714      	adds	r7, #20
20002aea:	46bd      	mov	sp, r7
20002aec:	bc80      	pop	{r7}
20002aee:	4770      	bx	lr
20002af0:	04000003 	.word	0x04000003
20002af4:	08000300 	.word	0x08000300
20002af8:	10030000 	.word	0x10030000
20002afc:	10010000 	.word	0x10010000
20002b00:	08000100 	.word	0x08000100
20002b04:	04000001 	.word	0x04000001

20002b08 <CAN_CancelTransmit>:
  * @param  CANx: where x can be 1 or 2 to select the CAN peripheral.
  * @param  Mailbox: Mailbox number.
  * @retval None
  */
void CAN_CancelTransmit(CAN_TypeDef* CANx, uint8_t Mailbox)
{
20002b08:	b480      	push	{r7}
20002b0a:	b083      	sub	sp, #12
20002b0c:	af00      	add	r7, sp, #0
20002b0e:	6078      	str	r0, [r7, #4]
20002b10:	460b      	mov	r3, r1
20002b12:	70fb      	strb	r3, [r7, #3]
  /* Check the parameters */
  assert_param(IS_CAN_ALL_PERIPH(CANx));
  assert_param(IS_CAN_TRANSMITMAILBOX(Mailbox));
  /* abort transmission */
  switch (Mailbox)
20002b14:	78fb      	ldrb	r3, [r7, #3]
20002b16:	2b02      	cmp	r3, #2
20002b18:	d014      	beq.n	20002b44 <CAN_CancelTransmit+0x3c>
20002b1a:	2b02      	cmp	r3, #2
20002b1c:	dc19      	bgt.n	20002b52 <CAN_CancelTransmit+0x4a>
20002b1e:	2b00      	cmp	r3, #0
20002b20:	d002      	beq.n	20002b28 <CAN_CancelTransmit+0x20>
20002b22:	2b01      	cmp	r3, #1
20002b24:	d007      	beq.n	20002b36 <CAN_CancelTransmit+0x2e>
    case (CAN_TXMAILBOX_1): CANx->TSR |= CAN_TSR_ABRQ1;
      break;
    case (CAN_TXMAILBOX_2): CANx->TSR |= CAN_TSR_ABRQ2;
      break;
    default:
      break;
20002b26:	e014      	b.n	20002b52 <CAN_CancelTransmit+0x4a>
    case (CAN_TXMAILBOX_0): CANx->TSR |= CAN_TSR_ABRQ0;
20002b28:	687b      	ldr	r3, [r7, #4]
20002b2a:	689b      	ldr	r3, [r3, #8]
20002b2c:	f043 0280 	orr.w	r2, r3, #128	@ 0x80
20002b30:	687b      	ldr	r3, [r7, #4]
20002b32:	609a      	str	r2, [r3, #8]
      break;
20002b34:	e00e      	b.n	20002b54 <CAN_CancelTransmit+0x4c>
    case (CAN_TXMAILBOX_1): CANx->TSR |= CAN_TSR_ABRQ1;
20002b36:	687b      	ldr	r3, [r7, #4]
20002b38:	689b      	ldr	r3, [r3, #8]
20002b3a:	f443 4200 	orr.w	r2, r3, #32768	@ 0x8000
20002b3e:	687b      	ldr	r3, [r7, #4]
20002b40:	609a      	str	r2, [r3, #8]
      break;
20002b42:	e007      	b.n	20002b54 <CAN_CancelTransmit+0x4c>
    case (CAN_TXMAILBOX_2): CANx->TSR |= CAN_TSR_ABRQ2;
20002b44:	687b      	ldr	r3, [r7, #4]
20002b46:	689b      	ldr	r3, [r3, #8]
20002b48:	f443 0200 	orr.w	r2, r3, #8388608	@ 0x800000
20002b4c:	687b      	ldr	r3, [r7, #4]
20002b4e:	609a      	str	r2, [r3, #8]
      break;
20002b50:	e000      	b.n	20002b54 <CAN_CancelTransmit+0x4c>
      break;
20002b52:	bf00      	nop
  }
}
20002b54:	bf00      	nop
20002b56:	370c      	adds	r7, #12
20002b58:	46bd      	mov	sp, r7
20002b5a:	bc80      	pop	{r7}
20002b5c:	4770      	bx	lr

20002b5e <CAN_Receive>:
  * @param  RxMessage: pointer to a structure receive frame which contains CAN Id,
  *         CAN DLC, CAN data and FMI number.
  * @retval None
  */
void CAN_Receive(CAN_TypeDef* CANx, uint8_t FIFONumber, CanRxMsg* RxMessage)
{
20002b5e:	b480      	push	{r7}
20002b60:	b085      	sub	sp, #20
20002b62:	af00      	add	r7, sp, #0
20002b64:	60f8      	str	r0, [r7, #12]
20002b66:	460b      	mov	r3, r1
20002b68:	607a      	str	r2, [r7, #4]
20002b6a:	72fb      	strb	r3, [r7, #11]
  /* Check the parameters */
  assert_param(IS_CAN_ALL_PERIPH(CANx));
  assert_param(IS_CAN_FIFO(FIFONumber));
  /* Get the Id */
  RxMessage->IDE = (uint8_t)0x04 & CANx->sFIFOMailBox[FIFONumber].RIR;
20002b6c:	7afb      	ldrb	r3, [r7, #11]
20002b6e:	68fa      	ldr	r2, [r7, #12]
20002b70:	331b      	adds	r3, #27
20002b72:	011b      	lsls	r3, r3, #4
20002b74:	4413      	add	r3, r2
20002b76:	681b      	ldr	r3, [r3, #0]
20002b78:	b2db      	uxtb	r3, r3
20002b7a:	f003 0304 	and.w	r3, r3, #4
20002b7e:	b2da      	uxtb	r2, r3
20002b80:	687b      	ldr	r3, [r7, #4]
20002b82:	721a      	strb	r2, [r3, #8]
  if (RxMessage->IDE == CAN_Id_Standard)
20002b84:	687b      	ldr	r3, [r7, #4]
20002b86:	7a1b      	ldrb	r3, [r3, #8]
20002b88:	2b00      	cmp	r3, #0
20002b8a:	d10b      	bne.n	20002ba4 <CAN_Receive+0x46>
  {
    RxMessage->StdId = (uint32_t)0x000007FF & (CANx->sFIFOMailBox[FIFONumber].RIR >> 21);
20002b8c:	7afb      	ldrb	r3, [r7, #11]
20002b8e:	68fa      	ldr	r2, [r7, #12]
20002b90:	331b      	adds	r3, #27
20002b92:	011b      	lsls	r3, r3, #4
20002b94:	4413      	add	r3, r2
20002b96:	681b      	ldr	r3, [r3, #0]
20002b98:	0d5b      	lsrs	r3, r3, #21
20002b9a:	f3c3 020a 	ubfx	r2, r3, #0, #11
20002b9e:	687b      	ldr	r3, [r7, #4]
20002ba0:	601a      	str	r2, [r3, #0]
20002ba2:	e00a      	b.n	20002bba <CAN_Receive+0x5c>
  }
  else
  {
    RxMessage->ExtId = (uint32_t)0x1FFFFFFF & (CANx->sFIFOMailBox[FIFONumber].RIR >> 3);
20002ba4:	7afb      	ldrb	r3, [r7, #11]
20002ba6:	68fa      	ldr	r2, [r7, #12]
20002ba8:	331b      	adds	r3, #27
20002baa:	011b      	lsls	r3, r3, #4
20002bac:	4413      	add	r3, r2
20002bae:	681b      	ldr	r3, [r3, #0]
20002bb0:	08db      	lsrs	r3, r3, #3
20002bb2:	f023 4260 	bic.w	r2, r3, #3758096384	@ 0xe0000000
20002bb6:	687b      	ldr	r3, [r7, #4]
20002bb8:	605a      	str	r2, [r3, #4]
  }
  
  RxMessage->RTR = (uint8_t)0x02 & CANx->sFIFOMailBox[FIFONumber].RIR;
20002bba:	7afb      	ldrb	r3, [r7, #11]
20002bbc:	68fa      	ldr	r2, [r7, #12]
20002bbe:	331b      	adds	r3, #27
20002bc0:	011b      	lsls	r3, r3, #4
20002bc2:	4413      	add	r3, r2
20002bc4:	681b      	ldr	r3, [r3, #0]
20002bc6:	b2db      	uxtb	r3, r3
20002bc8:	f003 0302 	and.w	r3, r3, #2
20002bcc:	b2da      	uxtb	r2, r3
20002bce:	687b      	ldr	r3, [r7, #4]
20002bd0:	725a      	strb	r2, [r3, #9]
  /* Get the DLC */
  RxMessage->DLC = (uint8_t)0x0F & CANx->sFIFOMailBox[FIFONumber].RDTR;
20002bd2:	7afb      	ldrb	r3, [r7, #11]
20002bd4:	68fa      	ldr	r2, [r7, #12]
20002bd6:	331b      	adds	r3, #27
20002bd8:	011b      	lsls	r3, r3, #4
20002bda:	4413      	add	r3, r2
20002bdc:	3304      	adds	r3, #4
20002bde:	681b      	ldr	r3, [r3, #0]
20002be0:	b2db      	uxtb	r3, r3
20002be2:	f003 030f 	and.w	r3, r3, #15
20002be6:	b2da      	uxtb	r2, r3
20002be8:	687b      	ldr	r3, [r7, #4]
20002bea:	729a      	strb	r2, [r3, #10]
  /* Get the FMI */
  RxMessage->FMI = (uint8_t)0xFF & (CANx->sFIFOMailBox[FIFONumber].RDTR >> 8);
20002bec:	7afb      	ldrb	r3, [r7, #11]
20002bee:	68fa      	ldr	r2, [r7, #12]
20002bf0:	331b      	adds	r3, #27
20002bf2:	011b      	lsls	r3, r3, #4
20002bf4:	4413      	add	r3, r2
20002bf6:	3304      	adds	r3, #4
20002bf8:	681b      	ldr	r3, [r3, #0]
20002bfa:	0a1b      	lsrs	r3, r3, #8
20002bfc:	b2da      	uxtb	r2, r3
20002bfe:	687b      	ldr	r3, [r7, #4]
20002c00:	74da      	strb	r2, [r3, #19]
  /* Get the data field */
  RxMessage->Data[0] = (uint8_t)0xFF & CANx->sFIFOMailBox[FIFONumber].RDLR;
20002c02:	7afb      	ldrb	r3, [r7, #11]
20002c04:	68fa      	ldr	r2, [r7, #12]
20002c06:	011b      	lsls	r3, r3, #4
20002c08:	4413      	add	r3, r2
20002c0a:	f503 73dc 	add.w	r3, r3, #440	@ 0x1b8
20002c0e:	681b      	ldr	r3, [r3, #0]
20002c10:	b2da      	uxtb	r2, r3
20002c12:	687b      	ldr	r3, [r7, #4]
20002c14:	72da      	strb	r2, [r3, #11]
  RxMessage->Data[1] = (uint8_t)0xFF & (CANx->sFIFOMailBox[FIFONumber].RDLR >> 8);
20002c16:	7afb      	ldrb	r3, [r7, #11]
20002c18:	68fa      	ldr	r2, [r7, #12]
20002c1a:	011b      	lsls	r3, r3, #4
20002c1c:	4413      	add	r3, r2
20002c1e:	f503 73dc 	add.w	r3, r3, #440	@ 0x1b8
20002c22:	681b      	ldr	r3, [r3, #0]
20002c24:	0a1b      	lsrs	r3, r3, #8
20002c26:	b2da      	uxtb	r2, r3
20002c28:	687b      	ldr	r3, [r7, #4]
20002c2a:	731a      	strb	r2, [r3, #12]
  RxMessage->Data[2] = (uint8_t)0xFF & (CANx->sFIFOMailBox[FIFONumber].RDLR >> 16);
20002c2c:	7afb      	ldrb	r3, [r7, #11]
20002c2e:	68fa      	ldr	r2, [r7, #12]
20002c30:	011b      	lsls	r3, r3, #4
20002c32:	4413      	add	r3, r2
20002c34:	f503 73dc 	add.w	r3, r3, #440	@ 0x1b8
20002c38:	681b      	ldr	r3, [r3, #0]
20002c3a:	0c1b      	lsrs	r3, r3, #16
20002c3c:	b2da      	uxtb	r2, r3
20002c3e:	687b      	ldr	r3, [r7, #4]
20002c40:	735a      	strb	r2, [r3, #13]
  RxMessage->Data[3] = (uint8_t)0xFF & (CANx->sFIFOMailBox[FIFONumber].RDLR >> 24);
20002c42:	7afb      	ldrb	r3, [r7, #11]
20002c44:	68fa      	ldr	r2, [r7, #12]
20002c46:	011b      	lsls	r3, r3, #4
20002c48:	4413      	add	r3, r2
20002c4a:	f503 73dc 	add.w	r3, r3, #440	@ 0x1b8
20002c4e:	681b      	ldr	r3, [r3, #0]
20002c50:	0e1b      	lsrs	r3, r3, #24
20002c52:	b2da      	uxtb	r2, r3
20002c54:	687b      	ldr	r3, [r7, #4]
20002c56:	739a      	strb	r2, [r3, #14]
  RxMessage->Data[4] = (uint8_t)0xFF & CANx->sFIFOMailBox[FIFONumber].RDHR;
20002c58:	7afb      	ldrb	r3, [r7, #11]
20002c5a:	68fa      	ldr	r2, [r7, #12]
20002c5c:	011b      	lsls	r3, r3, #4
20002c5e:	4413      	add	r3, r2
20002c60:	f503 73de 	add.w	r3, r3, #444	@ 0x1bc
20002c64:	681b      	ldr	r3, [r3, #0]
20002c66:	b2da      	uxtb	r2, r3
20002c68:	687b      	ldr	r3, [r7, #4]
20002c6a:	73da      	strb	r2, [r3, #15]
  RxMessage->Data[5] = (uint8_t)0xFF & (CANx->sFIFOMailBox[FIFONumber].RDHR >> 8);
20002c6c:	7afb      	ldrb	r3, [r7, #11]
20002c6e:	68fa      	ldr	r2, [r7, #12]
20002c70:	011b      	lsls	r3, r3, #4
20002c72:	4413      	add	r3, r2
20002c74:	f503 73de 	add.w	r3, r3, #444	@ 0x1bc
20002c78:	681b      	ldr	r3, [r3, #0]
20002c7a:	0a1b      	lsrs	r3, r3, #8
20002c7c:	b2da      	uxtb	r2, r3
20002c7e:	687b      	ldr	r3, [r7, #4]
20002c80:	741a      	strb	r2, [r3, #16]
  RxMessage->Data[6] = (uint8_t)0xFF & (CANx->sFIFOMailBox[FIFONumber].RDHR >> 16);
20002c82:	7afb      	ldrb	r3, [r7, #11]
20002c84:	68fa      	ldr	r2, [r7, #12]
20002c86:	011b      	lsls	r3, r3, #4
20002c88:	4413      	add	r3, r2
20002c8a:	f503 73de 	add.w	r3, r3, #444	@ 0x1bc
20002c8e:	681b      	ldr	r3, [r3, #0]
20002c90:	0c1b      	lsrs	r3, r3, #16
20002c92:	b2da      	uxtb	r2, r3
20002c94:	687b      	ldr	r3, [r7, #4]
20002c96:	745a      	strb	r2, [r3, #17]
  RxMessage->Data[7] = (uint8_t)0xFF & (CANx->sFIFOMailBox[FIFONumber].RDHR >> 24);
20002c98:	7afb      	ldrb	r3, [r7, #11]
20002c9a:	68fa      	ldr	r2, [r7, #12]
20002c9c:	011b      	lsls	r3, r3, #4
20002c9e:	4413      	add	r3, r2
20002ca0:	f503 73de 	add.w	r3, r3, #444	@ 0x1bc
20002ca4:	681b      	ldr	r3, [r3, #0]
20002ca6:	0e1b      	lsrs	r3, r3, #24
20002ca8:	b2da      	uxtb	r2, r3
20002caa:	687b      	ldr	r3, [r7, #4]
20002cac:	749a      	strb	r2, [r3, #18]
  /* Release the FIFO */
  /* Release FIFO0 */
  if (FIFONumber == CAN_FIFO0)
20002cae:	7afb      	ldrb	r3, [r7, #11]
20002cb0:	2b00      	cmp	r3, #0
20002cb2:	d106      	bne.n	20002cc2 <CAN_Receive+0x164>
  {
    CANx->RF0R |= CAN_RF0R_RFOM0;
20002cb4:	68fb      	ldr	r3, [r7, #12]
20002cb6:	68db      	ldr	r3, [r3, #12]
20002cb8:	f043 0220 	orr.w	r2, r3, #32
20002cbc:	68fb      	ldr	r3, [r7, #12]
20002cbe:	60da      	str	r2, [r3, #12]
  /* Release FIFO1 */
  else /* FIFONumber == CAN_FIFO1 */
  {
    CANx->RF1R |= CAN_RF1R_RFOM1;
  }
}
20002cc0:	e005      	b.n	20002cce <CAN_Receive+0x170>
    CANx->RF1R |= CAN_RF1R_RFOM1;
20002cc2:	68fb      	ldr	r3, [r7, #12]
20002cc4:	691b      	ldr	r3, [r3, #16]
20002cc6:	f043 0220 	orr.w	r2, r3, #32
20002cca:	68fb      	ldr	r3, [r7, #12]
20002ccc:	611a      	str	r2, [r3, #16]
}
20002cce:	bf00      	nop
20002cd0:	3714      	adds	r7, #20
20002cd2:	46bd      	mov	sp, r7
20002cd4:	bc80      	pop	{r7}
20002cd6:	4770      	bx	lr

20002cd8 <CAN_FIFORelease>:
  * @param  CANx: where x can be 1 or 2 to select the CAN peripheral.
  * @param  FIFONumber: FIFO to release, CAN_FIFO0 or CAN_FIFO1.
  * @retval None
  */
void CAN_FIFORelease(CAN_TypeDef* CANx, uint8_t FIFONumber)
{
20002cd8:	b480      	push	{r7}
20002cda:	b083      	sub	sp, #12
20002cdc:	af00      	add	r7, sp, #0
20002cde:	6078      	str	r0, [r7, #4]
20002ce0:	460b      	mov	r3, r1
20002ce2:	70fb      	strb	r3, [r7, #3]
  /* Check the parameters */
  assert_param(IS_CAN_ALL_PERIPH(CANx));
  assert_param(IS_CAN_FIFO(FIFONumber));
  /* Release FIFO0 */
  if (FIFONumber == CAN_FIFO0)
20002ce4:	78fb      	ldrb	r3, [r7, #3]
20002ce6:	2b00      	cmp	r3, #0
20002ce8:	d106      	bne.n	20002cf8 <CAN_FIFORelease+0x20>
  {
    CANx->RF0R |= CAN_RF0R_RFOM0;
20002cea:	687b      	ldr	r3, [r7, #4]
20002cec:	68db      	ldr	r3, [r3, #12]
20002cee:	f043 0220 	orr.w	r2, r3, #32
20002cf2:	687b      	ldr	r3, [r7, #4]
20002cf4:	60da      	str	r2, [r3, #12]
  /* Release FIFO1 */
  else /* FIFONumber == CAN_FIFO1 */
  {
    CANx->RF1R |= CAN_RF1R_RFOM1;
  }
}
20002cf6:	e005      	b.n	20002d04 <CAN_FIFORelease+0x2c>
    CANx->RF1R |= CAN_RF1R_RFOM1;
20002cf8:	687b      	ldr	r3, [r7, #4]
20002cfa:	691b      	ldr	r3, [r3, #16]
20002cfc:	f043 0220 	orr.w	r2, r3, #32
20002d00:	687b      	ldr	r3, [r7, #4]
20002d02:	611a      	str	r2, [r3, #16]
}
20002d04:	bf00      	nop
20002d06:	370c      	adds	r7, #12
20002d08:	46bd      	mov	sp, r7
20002d0a:	bc80      	pop	{r7}
20002d0c:	4770      	bx	lr

20002d0e <CAN_MessagePending>:
  * @param  CANx: where x can be 1 or 2 to select the CAN peripheral.
  * @param  FIFONumber: Receive FIFO number, CAN_FIFO0 or CAN_FIFO1.
  * @retval NbMessage : which is the number of pending message.
  */
uint8_t CAN_MessagePending(CAN_TypeDef* CANx, uint8_t FIFONumber)
{
20002d0e:	b480      	push	{r7}
20002d10:	b085      	sub	sp, #20
20002d12:	af00      	add	r7, sp, #0
20002d14:	6078      	str	r0, [r7, #4]
20002d16:	460b      	mov	r3, r1
20002d18:	70fb      	strb	r3, [r7, #3]
  uint8_t message_pending=0;
20002d1a:	2300      	movs	r3, #0
20002d1c:	73fb      	strb	r3, [r7, #15]
  /* Check the parameters */
  assert_param(IS_CAN_ALL_PERIPH(CANx));
  assert_param(IS_CAN_FIFO(FIFONumber));
  if (FIFONumber == CAN_FIFO0)
20002d1e:	78fb      	ldrb	r3, [r7, #3]
20002d20:	2b00      	cmp	r3, #0
20002d22:	d106      	bne.n	20002d32 <CAN_MessagePending+0x24>
  {
    message_pending = (uint8_t)(CANx->RF0R&(uint32_t)0x03);
20002d24:	687b      	ldr	r3, [r7, #4]
20002d26:	68db      	ldr	r3, [r3, #12]
20002d28:	b2db      	uxtb	r3, r3
20002d2a:	f003 0303 	and.w	r3, r3, #3
20002d2e:	73fb      	strb	r3, [r7, #15]
20002d30:	e00b      	b.n	20002d4a <CAN_MessagePending+0x3c>
  }
  else if (FIFONumber == CAN_FIFO1)
20002d32:	78fb      	ldrb	r3, [r7, #3]
20002d34:	2b01      	cmp	r3, #1
20002d36:	d106      	bne.n	20002d46 <CAN_MessagePending+0x38>
  {
    message_pending = (uint8_t)(CANx->RF1R&(uint32_t)0x03);
20002d38:	687b      	ldr	r3, [r7, #4]
20002d3a:	691b      	ldr	r3, [r3, #16]
20002d3c:	b2db      	uxtb	r3, r3
20002d3e:	f003 0303 	and.w	r3, r3, #3
20002d42:	73fb      	strb	r3, [r7, #15]
20002d44:	e001      	b.n	20002d4a <CAN_MessagePending+0x3c>
  }
  else
  {
    message_pending = 0;
20002d46:	2300      	movs	r3, #0
20002d48:	73fb      	strb	r3, [r7, #15]
  }
  return message_pending;
20002d4a:	7bfb      	ldrb	r3, [r7, #15]
}
20002d4c:	4618      	mov	r0, r3
20002d4e:	3714      	adds	r7, #20
20002d50:	46bd      	mov	sp, r7
20002d52:	bc80      	pop	{r7}
20002d54:	4770      	bx	lr

20002d56 <CAN_OperatingModeRequest>:
  * @retval status of the requested mode which can be 
  *         - CAN_ModeStatus_Failed:  CAN failed entering the specific mode 
  *         - CAN_ModeStatus_Success: CAN Succeed entering the specific mode 
  */
uint8_t CAN_OperatingModeRequest(CAN_TypeDef* CANx, uint8_t CAN_OperatingMode)
{
20002d56:	b480      	push	{r7}
20002d58:	b085      	sub	sp, #20
20002d5a:	af00      	add	r7, sp, #0
20002d5c:	6078      	str	r0, [r7, #4]
20002d5e:	460b      	mov	r3, r1
20002d60:	70fb      	strb	r3, [r7, #3]
  uint8_t status = CAN_ModeStatus_Failed;
20002d62:	2300      	movs	r3, #0
20002d64:	73fb      	strb	r3, [r7, #15]
  
  /* Timeout for INAK or also for SLAK bits*/
  uint32_t timeout = INAK_TIMEOUT; 
20002d66:	f64f 73ff 	movw	r3, #65535	@ 0xffff
20002d6a:	60bb      	str	r3, [r7, #8]

  /* Check the parameters */
  assert_param(IS_CAN_ALL_PERIPH(CANx));
  assert_param(IS_CAN_OPERATING_MODE(CAN_OperatingMode));

  if (CAN_OperatingMode == CAN_OperatingMode_Initialization)
20002d6c:	78fb      	ldrb	r3, [r7, #3]
20002d6e:	2b00      	cmp	r3, #0
20002d70:	d120      	bne.n	20002db4 <CAN_OperatingModeRequest+0x5e>
  {
    /* Request initialisation */
    CANx->MCR = (uint32_t)((CANx->MCR & (uint32_t)(~(uint32_t)CAN_MCR_SLEEP)) | CAN_MCR_INRQ);
20002d72:	687b      	ldr	r3, [r7, #4]
20002d74:	681b      	ldr	r3, [r3, #0]
20002d76:	f023 0303 	bic.w	r3, r3, #3
20002d7a:	f043 0201 	orr.w	r2, r3, #1
20002d7e:	687b      	ldr	r3, [r7, #4]
20002d80:	601a      	str	r2, [r3, #0]

    /* Wait the acknowledge */
    while (((CANx->MSR & CAN_MODE_MASK) != CAN_MSR_INAK) && (timeout != 0))
20002d82:	e002      	b.n	20002d8a <CAN_OperatingModeRequest+0x34>
    {
      timeout--;
20002d84:	68bb      	ldr	r3, [r7, #8]
20002d86:	3b01      	subs	r3, #1
20002d88:	60bb      	str	r3, [r7, #8]
    while (((CANx->MSR & CAN_MODE_MASK) != CAN_MSR_INAK) && (timeout != 0))
20002d8a:	687b      	ldr	r3, [r7, #4]
20002d8c:	685b      	ldr	r3, [r3, #4]
20002d8e:	f003 0303 	and.w	r3, r3, #3
20002d92:	2b01      	cmp	r3, #1
20002d94:	d002      	beq.n	20002d9c <CAN_OperatingModeRequest+0x46>
20002d96:	68bb      	ldr	r3, [r7, #8]
20002d98:	2b00      	cmp	r3, #0
20002d9a:	d1f3      	bne.n	20002d84 <CAN_OperatingModeRequest+0x2e>
    }
    if ((CANx->MSR & CAN_MODE_MASK) != CAN_MSR_INAK)
20002d9c:	687b      	ldr	r3, [r7, #4]
20002d9e:	685b      	ldr	r3, [r3, #4]
20002da0:	f003 0303 	and.w	r3, r3, #3
20002da4:	2b01      	cmp	r3, #1
20002da6:	d002      	beq.n	20002dae <CAN_OperatingModeRequest+0x58>
    {
      status = CAN_ModeStatus_Failed;
20002da8:	2300      	movs	r3, #0
20002daa:	73fb      	strb	r3, [r7, #15]
20002dac:	e04a      	b.n	20002e44 <CAN_OperatingModeRequest+0xee>
    }
    else
    {
      status = CAN_ModeStatus_Success;
20002dae:	2301      	movs	r3, #1
20002db0:	73fb      	strb	r3, [r7, #15]
20002db2:	e047      	b.n	20002e44 <CAN_OperatingModeRequest+0xee>
    }
  }
  else  if (CAN_OperatingMode == CAN_OperatingMode_Normal)
20002db4:	78fb      	ldrb	r3, [r7, #3]
20002db6:	2b01      	cmp	r3, #1
20002db8:	d11e      	bne.n	20002df8 <CAN_OperatingModeRequest+0xa2>
  {
    /* Request leave initialisation and sleep mode  and enter Normal mode */
    CANx->MCR &= (uint32_t)(~(CAN_MCR_SLEEP|CAN_MCR_INRQ));
20002dba:	687b      	ldr	r3, [r7, #4]
20002dbc:	681b      	ldr	r3, [r3, #0]
20002dbe:	f023 0203 	bic.w	r2, r3, #3
20002dc2:	687b      	ldr	r3, [r7, #4]
20002dc4:	601a      	str	r2, [r3, #0]

    /* Wait the acknowledge */
    while (((CANx->MSR & CAN_MODE_MASK) != 0) && (timeout!=0))
20002dc6:	e002      	b.n	20002dce <CAN_OperatingModeRequest+0x78>
    {
      timeout--;
20002dc8:	68bb      	ldr	r3, [r7, #8]
20002dca:	3b01      	subs	r3, #1
20002dcc:	60bb      	str	r3, [r7, #8]
    while (((CANx->MSR & CAN_MODE_MASK) != 0) && (timeout!=0))
20002dce:	687b      	ldr	r3, [r7, #4]
20002dd0:	685b      	ldr	r3, [r3, #4]
20002dd2:	f003 0303 	and.w	r3, r3, #3
20002dd6:	2b00      	cmp	r3, #0
20002dd8:	d002      	beq.n	20002de0 <CAN_OperatingModeRequest+0x8a>
20002dda:	68bb      	ldr	r3, [r7, #8]
20002ddc:	2b00      	cmp	r3, #0
20002dde:	d1f3      	bne.n	20002dc8 <CAN_OperatingModeRequest+0x72>
    }
    if ((CANx->MSR & CAN_MODE_MASK) != 0)
20002de0:	687b      	ldr	r3, [r7, #4]
20002de2:	685b      	ldr	r3, [r3, #4]
20002de4:	f003 0303 	and.w	r3, r3, #3
20002de8:	2b00      	cmp	r3, #0
20002dea:	d002      	beq.n	20002df2 <CAN_OperatingModeRequest+0x9c>
    {
      status = CAN_ModeStatus_Failed;
20002dec:	2300      	movs	r3, #0
20002dee:	73fb      	strb	r3, [r7, #15]
20002df0:	e028      	b.n	20002e44 <CAN_OperatingModeRequest+0xee>
    }
    else
    {
      status = CAN_ModeStatus_Success;
20002df2:	2301      	movs	r3, #1
20002df4:	73fb      	strb	r3, [r7, #15]
20002df6:	e025      	b.n	20002e44 <CAN_OperatingModeRequest+0xee>
    }
  }
  else  if (CAN_OperatingMode == CAN_OperatingMode_Sleep)
20002df8:	78fb      	ldrb	r3, [r7, #3]
20002dfa:	2b02      	cmp	r3, #2
20002dfc:	d120      	bne.n	20002e40 <CAN_OperatingModeRequest+0xea>
  {
    /* Request Sleep mode */
    CANx->MCR = (uint32_t)((CANx->MCR & (uint32_t)(~(uint32_t)CAN_MCR_INRQ)) | CAN_MCR_SLEEP);
20002dfe:	687b      	ldr	r3, [r7, #4]
20002e00:	681b      	ldr	r3, [r3, #0]
20002e02:	f023 0303 	bic.w	r3, r3, #3
20002e06:	f043 0202 	orr.w	r2, r3, #2
20002e0a:	687b      	ldr	r3, [r7, #4]
20002e0c:	601a      	str	r2, [r3, #0]

    /* Wait the acknowledge */
    while (((CANx->MSR & CAN_MODE_MASK) != CAN_MSR_SLAK) && (timeout!=0))
20002e0e:	e002      	b.n	20002e16 <CAN_OperatingModeRequest+0xc0>
    {
      timeout--;
20002e10:	68bb      	ldr	r3, [r7, #8]
20002e12:	3b01      	subs	r3, #1
20002e14:	60bb      	str	r3, [r7, #8]
    while (((CANx->MSR & CAN_MODE_MASK) != CAN_MSR_SLAK) && (timeout!=0))
20002e16:	687b      	ldr	r3, [r7, #4]
20002e18:	685b      	ldr	r3, [r3, #4]
20002e1a:	f003 0303 	and.w	r3, r3, #3
20002e1e:	2b02      	cmp	r3, #2
20002e20:	d002      	beq.n	20002e28 <CAN_OperatingModeRequest+0xd2>
20002e22:	68bb      	ldr	r3, [r7, #8]
20002e24:	2b00      	cmp	r3, #0
20002e26:	d1f3      	bne.n	20002e10 <CAN_OperatingModeRequest+0xba>
    }
    if ((CANx->MSR & CAN_MODE_MASK) != CAN_MSR_SLAK)
20002e28:	687b      	ldr	r3, [r7, #4]
20002e2a:	685b      	ldr	r3, [r3, #4]
20002e2c:	f003 0303 	and.w	r3, r3, #3
20002e30:	2b02      	cmp	r3, #2
20002e32:	d002      	beq.n	20002e3a <CAN_OperatingModeRequest+0xe4>
    {
      status = CAN_ModeStatus_Failed;
20002e34:	2300      	movs	r3, #0
20002e36:	73fb      	strb	r3, [r7, #15]
20002e38:	e004      	b.n	20002e44 <CAN_OperatingModeRequest+0xee>
    }
    else
    {
      status = CAN_ModeStatus_Success;
20002e3a:	2301      	movs	r3, #1
20002e3c:	73fb      	strb	r3, [r7, #15]
20002e3e:	e001      	b.n	20002e44 <CAN_OperatingModeRequest+0xee>
    }
  }
  else
  {
    status = CAN_ModeStatus_Failed;
20002e40:	2300      	movs	r3, #0
20002e42:	73fb      	strb	r3, [r7, #15]
  }

  return  (uint8_t) status;
20002e44:	7bfb      	ldrb	r3, [r7, #15]
}
20002e46:	4618      	mov	r0, r3
20002e48:	3714      	adds	r7, #20
20002e4a:	46bd      	mov	sp, r7
20002e4c:	bc80      	pop	{r7}
20002e4e:	4770      	bx	lr

20002e50 <CAN_Sleep>:
  * @brief  Enters the Sleep (low power) mode.
  * @param  CANx: where x can be 1 or 2 to select the CAN peripheral.
  * @retval CAN_Sleep_Ok if sleep entered, CAN_Sleep_Failed otherwise.
  */
uint8_t CAN_Sleep(CAN_TypeDef* CANx)
{
20002e50:	b480      	push	{r7}
20002e52:	b085      	sub	sp, #20
20002e54:	af00      	add	r7, sp, #0
20002e56:	6078      	str	r0, [r7, #4]
  uint8_t sleepstatus = CAN_Sleep_Failed;
20002e58:	2300      	movs	r3, #0
20002e5a:	73fb      	strb	r3, [r7, #15]
  
  /* Check the parameters */
  assert_param(IS_CAN_ALL_PERIPH(CANx));
    
  /* Request Sleep mode */
   CANx->MCR = (((CANx->MCR) & (uint32_t)(~(uint32_t)CAN_MCR_INRQ)) | CAN_MCR_SLEEP);
20002e5c:	687b      	ldr	r3, [r7, #4]
20002e5e:	681b      	ldr	r3, [r3, #0]
20002e60:	f023 0303 	bic.w	r3, r3, #3
20002e64:	f043 0202 	orr.w	r2, r3, #2
20002e68:	687b      	ldr	r3, [r7, #4]
20002e6a:	601a      	str	r2, [r3, #0]
   
  /* Sleep mode status */
  if ((CANx->MSR & (CAN_MSR_SLAK|CAN_MSR_INAK)) == CAN_MSR_SLAK)
20002e6c:	687b      	ldr	r3, [r7, #4]
20002e6e:	685b      	ldr	r3, [r3, #4]
20002e70:	f003 0303 	and.w	r3, r3, #3
20002e74:	2b02      	cmp	r3, #2
20002e76:	d101      	bne.n	20002e7c <CAN_Sleep+0x2c>
  {
    /* Sleep mode not entered */
    sleepstatus =  CAN_Sleep_Ok;
20002e78:	2301      	movs	r3, #1
20002e7a:	73fb      	strb	r3, [r7, #15]
  }
  /* return sleep mode status */
   return (uint8_t)sleepstatus;
20002e7c:	7bfb      	ldrb	r3, [r7, #15]
}
20002e7e:	4618      	mov	r0, r3
20002e80:	3714      	adds	r7, #20
20002e82:	46bd      	mov	sp, r7
20002e84:	bc80      	pop	{r7}
20002e86:	4770      	bx	lr

20002e88 <CAN_WakeUp>:
  * @brief  Wakes up the CAN peripheral from sleep mode .
  * @param  CANx: where x can be 1 or 2 to select the CAN peripheral.
  * @retval CAN_WakeUp_Ok if sleep mode left, CAN_WakeUp_Failed otherwise.
  */
uint8_t CAN_WakeUp(CAN_TypeDef* CANx)
{
20002e88:	b480      	push	{r7}
20002e8a:	b085      	sub	sp, #20
20002e8c:	af00      	add	r7, sp, #0
20002e8e:	6078      	str	r0, [r7, #4]
  uint32_t wait_slak = SLAK_TIMEOUT;
20002e90:	f64f 73ff 	movw	r3, #65535	@ 0xffff
20002e94:	60fb      	str	r3, [r7, #12]
  uint8_t wakeupstatus = CAN_WakeUp_Failed;
20002e96:	2300      	movs	r3, #0
20002e98:	72fb      	strb	r3, [r7, #11]
  
  /* Check the parameters */
  assert_param(IS_CAN_ALL_PERIPH(CANx));
    
  /* Wake up request */
  CANx->MCR &= ~(uint32_t)CAN_MCR_SLEEP;
20002e9a:	687b      	ldr	r3, [r7, #4]
20002e9c:	681b      	ldr	r3, [r3, #0]
20002e9e:	f023 0202 	bic.w	r2, r3, #2
20002ea2:	687b      	ldr	r3, [r7, #4]
20002ea4:	601a      	str	r2, [r3, #0]
    
  /* Sleep mode status */
  while(((CANx->MSR & CAN_MSR_SLAK) == CAN_MSR_SLAK)&&(wait_slak!=0x00))
20002ea6:	e002      	b.n	20002eae <CAN_WakeUp+0x26>
  {
   wait_slak--;
20002ea8:	68fb      	ldr	r3, [r7, #12]
20002eaa:	3b01      	subs	r3, #1
20002eac:	60fb      	str	r3, [r7, #12]
  while(((CANx->MSR & CAN_MSR_SLAK) == CAN_MSR_SLAK)&&(wait_slak!=0x00))
20002eae:	687b      	ldr	r3, [r7, #4]
20002eb0:	685b      	ldr	r3, [r3, #4]
20002eb2:	f003 0302 	and.w	r3, r3, #2
20002eb6:	2b02      	cmp	r3, #2
20002eb8:	d102      	bne.n	20002ec0 <CAN_WakeUp+0x38>
20002eba:	68fb      	ldr	r3, [r7, #12]
20002ebc:	2b00      	cmp	r3, #0
20002ebe:	d1f3      	bne.n	20002ea8 <CAN_WakeUp+0x20>
  }
  if((CANx->MSR & CAN_MSR_SLAK) != CAN_MSR_SLAK)
20002ec0:	687b      	ldr	r3, [r7, #4]
20002ec2:	685b      	ldr	r3, [r3, #4]
20002ec4:	f003 0302 	and.w	r3, r3, #2
20002ec8:	2b02      	cmp	r3, #2
20002eca:	d001      	beq.n	20002ed0 <CAN_WakeUp+0x48>
  {
   /* wake up done : Sleep mode exited */
    wakeupstatus = CAN_WakeUp_Ok;
20002ecc:	2301      	movs	r3, #1
20002ece:	72fb      	strb	r3, [r7, #11]
  }
  /* return wakeup status */
  return (uint8_t)wakeupstatus;
20002ed0:	7afb      	ldrb	r3, [r7, #11]
}
20002ed2:	4618      	mov	r0, r3
20002ed4:	3714      	adds	r7, #20
20002ed6:	46bd      	mov	sp, r7
20002ed8:	bc80      	pop	{r7}
20002eda:	4770      	bx	lr

20002edc <CAN_GetLastErrorCode>:
  *          - CAN_ERRORCODE_BitDominantErr: Bit Dominant Error
  *          - CAN_ERRORCODE_CRCErr: CRC Error
  *          - CAN_ERRORCODE_SoftwareSetErr: Software Set Error  
  */
uint8_t CAN_GetLastErrorCode(CAN_TypeDef* CANx)
{
20002edc:	b480      	push	{r7}
20002ede:	b085      	sub	sp, #20
20002ee0:	af00      	add	r7, sp, #0
20002ee2:	6078      	str	r0, [r7, #4]
  uint8_t errorcode=0;
20002ee4:	2300      	movs	r3, #0
20002ee6:	73fb      	strb	r3, [r7, #15]
  
  /* Check the parameters */
  assert_param(IS_CAN_ALL_PERIPH(CANx));
  
  /* Get the error code*/
  errorcode = (((uint8_t)CANx->ESR) & (uint8_t)CAN_ESR_LEC);
20002ee8:	687b      	ldr	r3, [r7, #4]
20002eea:	699b      	ldr	r3, [r3, #24]
20002eec:	b2db      	uxtb	r3, r3
20002eee:	f003 0370 	and.w	r3, r3, #112	@ 0x70
20002ef2:	73fb      	strb	r3, [r7, #15]
  
  /* Return the error code*/
  return errorcode;
20002ef4:	7bfb      	ldrb	r3, [r7, #15]
}
20002ef6:	4618      	mov	r0, r3
20002ef8:	3714      	adds	r7, #20
20002efa:	46bd      	mov	sp, r7
20002efc:	bc80      	pop	{r7}
20002efe:	4770      	bx	lr

20002f00 <CAN_GetReceiveErrorCounter>:
  *         error passive state.  
  * @param  CANx: where x can be 1 or 2 to to select the CAN peripheral.  
  * @retval CAN Receive Error Counter. 
  */
uint8_t CAN_GetReceiveErrorCounter(CAN_TypeDef* CANx)
{
20002f00:	b480      	push	{r7}
20002f02:	b085      	sub	sp, #20
20002f04:	af00      	add	r7, sp, #0
20002f06:	6078      	str	r0, [r7, #4]
  uint8_t counter=0;
20002f08:	2300      	movs	r3, #0
20002f0a:	73fb      	strb	r3, [r7, #15]
  
  /* Check the parameters */
  assert_param(IS_CAN_ALL_PERIPH(CANx));
  
  /* Get the Receive Error Counter*/
  counter = (uint8_t)((CANx->ESR & CAN_ESR_REC)>> 24);
20002f0c:	687b      	ldr	r3, [r7, #4]
20002f0e:	699b      	ldr	r3, [r3, #24]
20002f10:	0e1b      	lsrs	r3, r3, #24
20002f12:	73fb      	strb	r3, [r7, #15]
  
  /* Return the Receive Error Counter*/
  return counter;
20002f14:	7bfb      	ldrb	r3, [r7, #15]
}
20002f16:	4618      	mov	r0, r3
20002f18:	3714      	adds	r7, #20
20002f1a:	46bd      	mov	sp, r7
20002f1c:	bc80      	pop	{r7}
20002f1e:	4770      	bx	lr

20002f20 <CAN_GetLSBTransmitErrorCounter>:
  * @brief  Returns the LSB of the 9-bit CANx Transmit Error Counter(TEC).
  * @param  CANx: where x can be 1 or 2 to to select the CAN peripheral.
  * @retval LSB of the 9-bit CAN Transmit Error Counter. 
  */
uint8_t CAN_GetLSBTransmitErrorCounter(CAN_TypeDef* CANx)
{
20002f20:	b480      	push	{r7}
20002f22:	b085      	sub	sp, #20
20002f24:	af00      	add	r7, sp, #0
20002f26:	6078      	str	r0, [r7, #4]
  uint8_t counter=0;
20002f28:	2300      	movs	r3, #0
20002f2a:	73fb      	strb	r3, [r7, #15]
  
  /* Check the parameters */
  assert_param(IS_CAN_ALL_PERIPH(CANx));
  
  /* Get the LSB of the 9-bit CANx Transmit Error Counter(TEC) */
  counter = (uint8_t)((CANx->ESR & CAN_ESR_TEC)>> 16);
20002f2c:	687b      	ldr	r3, [r7, #4]
20002f2e:	699b      	ldr	r3, [r3, #24]
20002f30:	0c1b      	lsrs	r3, r3, #16
20002f32:	73fb      	strb	r3, [r7, #15]
  
  /* Return the LSB of the 9-bit CANx Transmit Error Counter(TEC) */
  return counter;
20002f34:	7bfb      	ldrb	r3, [r7, #15]
}
20002f36:	4618      	mov	r0, r3
20002f38:	3714      	adds	r7, #20
20002f3a:	46bd      	mov	sp, r7
20002f3c:	bc80      	pop	{r7}
20002f3e:	4770      	bx	lr

20002f40 <CAN_ITConfig>:
  * @param  NewState: new state of the CAN interrupts.
  *          This parameter can be: ENABLE or DISABLE.
  * @retval None
  */
void CAN_ITConfig(CAN_TypeDef* CANx, uint32_t CAN_IT, FunctionalState NewState)
{
20002f40:	b480      	push	{r7}
20002f42:	b085      	sub	sp, #20
20002f44:	af00      	add	r7, sp, #0
20002f46:	60f8      	str	r0, [r7, #12]
20002f48:	60b9      	str	r1, [r7, #8]
20002f4a:	4613      	mov	r3, r2
20002f4c:	71fb      	strb	r3, [r7, #7]
  /* Check the parameters */
  assert_param(IS_CAN_ALL_PERIPH(CANx));
  assert_param(IS_CAN_IT(CAN_IT));
  assert_param(IS_FUNCTIONAL_STATE(NewState));

  if (NewState != DISABLE)
20002f4e:	79fb      	ldrb	r3, [r7, #7]
20002f50:	2b00      	cmp	r3, #0
20002f52:	d006      	beq.n	20002f62 <CAN_ITConfig+0x22>
  {
    /* Enable the selected CANx interrupt */
    CANx->IER |= CAN_IT;
20002f54:	68fb      	ldr	r3, [r7, #12]
20002f56:	695a      	ldr	r2, [r3, #20]
20002f58:	68bb      	ldr	r3, [r7, #8]
20002f5a:	431a      	orrs	r2, r3
20002f5c:	68fb      	ldr	r3, [r7, #12]
20002f5e:	615a      	str	r2, [r3, #20]
  else
  {
    /* Disable the selected CANx interrupt */
    CANx->IER &= ~CAN_IT;
  }
}
20002f60:	e006      	b.n	20002f70 <CAN_ITConfig+0x30>
    CANx->IER &= ~CAN_IT;
20002f62:	68fb      	ldr	r3, [r7, #12]
20002f64:	695a      	ldr	r2, [r3, #20]
20002f66:	68bb      	ldr	r3, [r7, #8]
20002f68:	43db      	mvns	r3, r3
20002f6a:	401a      	ands	r2, r3
20002f6c:	68fb      	ldr	r3, [r7, #12]
20002f6e:	615a      	str	r2, [r3, #20]
}
20002f70:	bf00      	nop
20002f72:	3714      	adds	r7, #20
20002f74:	46bd      	mov	sp, r7
20002f76:	bc80      	pop	{r7}
20002f78:	4770      	bx	lr

20002f7a <CAN_GetFlagStatus>:
  *            @arg CAN_FLAG_BOF: Bus-Off Flag    
  *            @arg CAN_FLAG_LEC: Last error code Flag      
  * @retval The new state of CAN_FLAG (SET or RESET).
  */
FlagStatus CAN_GetFlagStatus(CAN_TypeDef* CANx, uint32_t CAN_FLAG)
{
20002f7a:	b480      	push	{r7}
20002f7c:	b085      	sub	sp, #20
20002f7e:	af00      	add	r7, sp, #0
20002f80:	6078      	str	r0, [r7, #4]
20002f82:	6039      	str	r1, [r7, #0]
  FlagStatus bitstatus = RESET;
20002f84:	2300      	movs	r3, #0
20002f86:	73fb      	strb	r3, [r7, #15]
  /* Check the parameters */
  assert_param(IS_CAN_ALL_PERIPH(CANx));
  assert_param(IS_CAN_GET_FLAG(CAN_FLAG));
  

  if((CAN_FLAG & CAN_FLAGS_ESR) != (uint32_t)RESET)
20002f88:	683b      	ldr	r3, [r7, #0]
20002f8a:	f403 0370 	and.w	r3, r3, #15728640	@ 0xf00000
20002f8e:	2b00      	cmp	r3, #0
20002f90:	d00d      	beq.n	20002fae <CAN_GetFlagStatus+0x34>
  { 
    /* Check the status of the specified CAN flag */
    if ((CANx->ESR & (CAN_FLAG & 0x000FFFFF)) != (uint32_t)RESET)
20002f92:	687b      	ldr	r3, [r7, #4]
20002f94:	699a      	ldr	r2, [r3, #24]
20002f96:	683b      	ldr	r3, [r7, #0]
20002f98:	4013      	ands	r3, r2
20002f9a:	f3c3 0313 	ubfx	r3, r3, #0, #20
20002f9e:	2b00      	cmp	r3, #0
20002fa0:	d002      	beq.n	20002fa8 <CAN_GetFlagStatus+0x2e>
    { 
      /* CAN_FLAG is set */
      bitstatus = SET;
20002fa2:	2301      	movs	r3, #1
20002fa4:	73fb      	strb	r3, [r7, #15]
20002fa6:	e048      	b.n	2000303a <CAN_GetFlagStatus+0xc0>
    }
    else
    { 
      /* CAN_FLAG is reset */
      bitstatus = RESET;
20002fa8:	2300      	movs	r3, #0
20002faa:	73fb      	strb	r3, [r7, #15]
20002fac:	e045      	b.n	2000303a <CAN_GetFlagStatus+0xc0>
    }
  }
  else if((CAN_FLAG & CAN_FLAGS_MSR) != (uint32_t)RESET)
20002fae:	683b      	ldr	r3, [r7, #0]
20002fb0:	f003 7380 	and.w	r3, r3, #16777216	@ 0x1000000
20002fb4:	2b00      	cmp	r3, #0
20002fb6:	d00d      	beq.n	20002fd4 <CAN_GetFlagStatus+0x5a>
  { 
    /* Check the status of the specified CAN flag */
    if ((CANx->MSR & (CAN_FLAG & 0x000FFFFF)) != (uint32_t)RESET)
20002fb8:	687b      	ldr	r3, [r7, #4]
20002fba:	685a      	ldr	r2, [r3, #4]
20002fbc:	683b      	ldr	r3, [r7, #0]
20002fbe:	4013      	ands	r3, r2
20002fc0:	f3c3 0313 	ubfx	r3, r3, #0, #20
20002fc4:	2b00      	cmp	r3, #0
20002fc6:	d002      	beq.n	20002fce <CAN_GetFlagStatus+0x54>
    { 
      /* CAN_FLAG is set */
      bitstatus = SET;
20002fc8:	2301      	movs	r3, #1
20002fca:	73fb      	strb	r3, [r7, #15]
20002fcc:	e035      	b.n	2000303a <CAN_GetFlagStatus+0xc0>
    }
    else
    { 
      /* CAN_FLAG is reset */
      bitstatus = RESET;
20002fce:	2300      	movs	r3, #0
20002fd0:	73fb      	strb	r3, [r7, #15]
20002fd2:	e032      	b.n	2000303a <CAN_GetFlagStatus+0xc0>
    }
  }
  else if((CAN_FLAG & CAN_FLAGS_TSR) != (uint32_t)RESET)
20002fd4:	683b      	ldr	r3, [r7, #0]
20002fd6:	f003 6300 	and.w	r3, r3, #134217728	@ 0x8000000
20002fda:	2b00      	cmp	r3, #0
20002fdc:	d00d      	beq.n	20002ffa <CAN_GetFlagStatus+0x80>
  { 
    /* Check the status of the specified CAN flag */
    if ((CANx->TSR & (CAN_FLAG & 0x000FFFFF)) != (uint32_t)RESET)
20002fde:	687b      	ldr	r3, [r7, #4]
20002fe0:	689a      	ldr	r2, [r3, #8]
20002fe2:	683b      	ldr	r3, [r7, #0]
20002fe4:	4013      	ands	r3, r2
20002fe6:	f3c3 0313 	ubfx	r3, r3, #0, #20
20002fea:	2b00      	cmp	r3, #0
20002fec:	d002      	beq.n	20002ff4 <CAN_GetFlagStatus+0x7a>
    { 
      /* CAN_FLAG is set */
      bitstatus = SET;
20002fee:	2301      	movs	r3, #1
20002ff0:	73fb      	strb	r3, [r7, #15]
20002ff2:	e022      	b.n	2000303a <CAN_GetFlagStatus+0xc0>
    }
    else
    { 
      /* CAN_FLAG is reset */
      bitstatus = RESET;
20002ff4:	2300      	movs	r3, #0
20002ff6:	73fb      	strb	r3, [r7, #15]
20002ff8:	e01f      	b.n	2000303a <CAN_GetFlagStatus+0xc0>
    }
  }
  else if((CAN_FLAG & CAN_FLAGS_RF0R) != (uint32_t)RESET)
20002ffa:	683b      	ldr	r3, [r7, #0]
20002ffc:	f003 7300 	and.w	r3, r3, #33554432	@ 0x2000000
20003000:	2b00      	cmp	r3, #0
20003002:	d00d      	beq.n	20003020 <CAN_GetFlagStatus+0xa6>
  { 
    /* Check the status of the specified CAN flag */
    if ((CANx->RF0R & (CAN_FLAG & 0x000FFFFF)) != (uint32_t)RESET)
20003004:	687b      	ldr	r3, [r7, #4]
20003006:	68da      	ldr	r2, [r3, #12]
20003008:	683b      	ldr	r3, [r7, #0]
2000300a:	4013      	ands	r3, r2
2000300c:	f3c3 0313 	ubfx	r3, r3, #0, #20
20003010:	2b00      	cmp	r3, #0
20003012:	d002      	beq.n	2000301a <CAN_GetFlagStatus+0xa0>
    { 
      /* CAN_FLAG is set */
      bitstatus = SET;
20003014:	2301      	movs	r3, #1
20003016:	73fb      	strb	r3, [r7, #15]
20003018:	e00f      	b.n	2000303a <CAN_GetFlagStatus+0xc0>
    }
    else
    { 
      /* CAN_FLAG is reset */
      bitstatus = RESET;
2000301a:	2300      	movs	r3, #0
2000301c:	73fb      	strb	r3, [r7, #15]
2000301e:	e00c      	b.n	2000303a <CAN_GetFlagStatus+0xc0>
    }
  }
  else /* If(CAN_FLAG & CAN_FLAGS_RF1R != (uint32_t)RESET) */
  { 
    /* Check the status of the specified CAN flag */
    if ((uint32_t)(CANx->RF1R & (CAN_FLAG & 0x000FFFFF)) != (uint32_t)RESET)
20003020:	687b      	ldr	r3, [r7, #4]
20003022:	691a      	ldr	r2, [r3, #16]
20003024:	683b      	ldr	r3, [r7, #0]
20003026:	4013      	ands	r3, r2
20003028:	f3c3 0313 	ubfx	r3, r3, #0, #20
2000302c:	2b00      	cmp	r3, #0
2000302e:	d002      	beq.n	20003036 <CAN_GetFlagStatus+0xbc>
    { 
      /* CAN_FLAG is set */
      bitstatus = SET;
20003030:	2301      	movs	r3, #1
20003032:	73fb      	strb	r3, [r7, #15]
20003034:	e001      	b.n	2000303a <CAN_GetFlagStatus+0xc0>
    }
    else
    { 
      /* CAN_FLAG is reset */
      bitstatus = RESET;
20003036:	2300      	movs	r3, #0
20003038:	73fb      	strb	r3, [r7, #15]
    }
  }
  /* Return the CAN_FLAG status */
  return  bitstatus;
2000303a:	7bfb      	ldrb	r3, [r7, #15]
}
2000303c:	4618      	mov	r0, r3
2000303e:	3714      	adds	r7, #20
20003040:	46bd      	mov	sp, r7
20003042:	bc80      	pop	{r7}
20003044:	4770      	bx	lr

20003046 <CAN_ClearFlag>:
  *            @arg CAN_FLAG_SLAK: Sleep acknowledge Flag    
  *            @arg CAN_FLAG_LEC: Last error code Flag        
  * @retval None
  */
void CAN_ClearFlag(CAN_TypeDef* CANx, uint32_t CAN_FLAG)
{
20003046:	b480      	push	{r7}
20003048:	b085      	sub	sp, #20
2000304a:	af00      	add	r7, sp, #0
2000304c:	6078      	str	r0, [r7, #4]
2000304e:	6039      	str	r1, [r7, #0]
  uint32_t flagtmp=0;
20003050:	2300      	movs	r3, #0
20003052:	60fb      	str	r3, [r7, #12]
  /* Check the parameters */
  assert_param(IS_CAN_ALL_PERIPH(CANx));
  assert_param(IS_CAN_CLEAR_FLAG(CAN_FLAG));
  
  if (CAN_FLAG == CAN_FLAG_LEC) /* ESR register */
20003054:	683b      	ldr	r3, [r7, #0]
20003056:	4a17      	ldr	r2, [pc, #92]	@ (200030b4 <CAN_ClearFlag+0x6e>)
20003058:	4293      	cmp	r3, r2
2000305a:	d103      	bne.n	20003064 <CAN_ClearFlag+0x1e>
  {
    /* Clear the selected CAN flags */
    CANx->ESR = (uint32_t)RESET;
2000305c:	687b      	ldr	r3, [r7, #4]
2000305e:	2200      	movs	r2, #0
20003060:	619a      	str	r2, [r3, #24]
    {
      /* Operating mode Flags */
      CANx->MSR = (uint32_t)(flagtmp);
    }
  }
}
20003062:	e021      	b.n	200030a8 <CAN_ClearFlag+0x62>
    flagtmp = CAN_FLAG & 0x000FFFFF;
20003064:	683b      	ldr	r3, [r7, #0]
20003066:	f3c3 0313 	ubfx	r3, r3, #0, #20
2000306a:	60fb      	str	r3, [r7, #12]
    if ((CAN_FLAG & CAN_FLAGS_RF0R)!=(uint32_t)RESET)
2000306c:	683b      	ldr	r3, [r7, #0]
2000306e:	f003 7300 	and.w	r3, r3, #33554432	@ 0x2000000
20003072:	2b00      	cmp	r3, #0
20003074:	d003      	beq.n	2000307e <CAN_ClearFlag+0x38>
      CANx->RF0R = (uint32_t)(flagtmp);
20003076:	687b      	ldr	r3, [r7, #4]
20003078:	68fa      	ldr	r2, [r7, #12]
2000307a:	60da      	str	r2, [r3, #12]
}
2000307c:	e014      	b.n	200030a8 <CAN_ClearFlag+0x62>
    else if ((CAN_FLAG & CAN_FLAGS_RF1R)!=(uint32_t)RESET)
2000307e:	683b      	ldr	r3, [r7, #0]
20003080:	f003 6380 	and.w	r3, r3, #67108864	@ 0x4000000
20003084:	2b00      	cmp	r3, #0
20003086:	d003      	beq.n	20003090 <CAN_ClearFlag+0x4a>
      CANx->RF1R = (uint32_t)(flagtmp);
20003088:	687b      	ldr	r3, [r7, #4]
2000308a:	68fa      	ldr	r2, [r7, #12]
2000308c:	611a      	str	r2, [r3, #16]
}
2000308e:	e00b      	b.n	200030a8 <CAN_ClearFlag+0x62>
    else if ((CAN_FLAG & CAN_FLAGS_TSR)!=(uint32_t)RESET)
20003090:	683b      	ldr	r3, [r7, #0]
20003092:	f003 6300 	and.w	r3, r3, #134217728	@ 0x8000000
20003096:	2b00      	cmp	r3, #0
20003098:	d003      	beq.n	200030a2 <CAN_ClearFlag+0x5c>
      CANx->TSR = (uint32_t)(flagtmp);
2000309a:	687b      	ldr	r3, [r7, #4]
2000309c:	68fa      	ldr	r2, [r7, #12]
2000309e:	609a      	str	r2, [r3, #8]
}
200030a0:	e002      	b.n	200030a8 <CAN_ClearFlag+0x62>
      CANx->MSR = (uint32_t)(flagtmp);
200030a2:	687b      	ldr	r3, [r7, #4]
200030a4:	68fa      	ldr	r2, [r7, #12]
200030a6:	605a      	str	r2, [r3, #4]
}
200030a8:	bf00      	nop
200030aa:	3714      	adds	r7, #20
200030ac:	46bd      	mov	sp, r7
200030ae:	bc80      	pop	{r7}
200030b0:	4770      	bx	lr
200030b2:	bf00      	nop
200030b4:	30f00070 	.word	0x30f00070

200030b8 <CAN_GetITStatus>:
  *            @arg CAN_IT_LEC: Last error code Interrupt
  *            @arg CAN_IT_ERR: Error Interrupt
  * @retval The current state of CAN_IT (SET or RESET).
  */
ITStatus CAN_GetITStatus(CAN_TypeDef* CANx, uint32_t CAN_IT)
{
200030b8:	b580      	push	{r7, lr}
200030ba:	b084      	sub	sp, #16
200030bc:	af00      	add	r7, sp, #0
200030be:	6078      	str	r0, [r7, #4]
200030c0:	6039      	str	r1, [r7, #0]
  ITStatus itstatus = RESET;
200030c2:	2300      	movs	r3, #0
200030c4:	73fb      	strb	r3, [r7, #15]
  /* Check the parameters */
  assert_param(IS_CAN_ALL_PERIPH(CANx));
  assert_param(IS_CAN_IT(CAN_IT));
  
  /* check the interrupt enable bit */
 if((CANx->IER & CAN_IT) != RESET)
200030c6:	687b      	ldr	r3, [r7, #4]
200030c8:	695a      	ldr	r2, [r3, #20]
200030ca:	683b      	ldr	r3, [r7, #0]
200030cc:	4013      	ands	r3, r2
200030ce:	2b00      	cmp	r3, #0
200030d0:	f000 80f0 	beq.w	200032b4 <CAN_GetITStatus+0x1fc>
 {
   /* in case the Interrupt is enabled, .... */
    switch (CAN_IT)
200030d4:	683b      	ldr	r3, [r7, #0]
200030d6:	f5b3 3f00 	cmp.w	r3, #131072	@ 0x20000
200030da:	f000 80b2 	beq.w	20003242 <CAN_GetITStatus+0x18a>
200030de:	683b      	ldr	r3, [r7, #0]
200030e0:	f5b3 3f00 	cmp.w	r3, #131072	@ 0x20000
200030e4:	f200 80e3 	bhi.w	200032ae <CAN_GetITStatus+0x1f6>
200030e8:	683b      	ldr	r3, [r7, #0]
200030ea:	f5b3 3f80 	cmp.w	r3, #65536	@ 0x10000
200030ee:	f000 809f 	beq.w	20003230 <CAN_GetITStatus+0x178>
200030f2:	683b      	ldr	r3, [r7, #0]
200030f4:	f5b3 3f80 	cmp.w	r3, #65536	@ 0x10000
200030f8:	f200 80d9 	bhi.w	200032ae <CAN_GetITStatus+0x1f6>
200030fc:	683b      	ldr	r3, [r7, #0]
200030fe:	f5b3 4f00 	cmp.w	r3, #32768	@ 0x8000
20003102:	f000 80cb 	beq.w	2000329c <CAN_GetITStatus+0x1e4>
20003106:	683b      	ldr	r3, [r7, #0]
20003108:	f5b3 4f00 	cmp.w	r3, #32768	@ 0x8000
2000310c:	f200 80cf 	bhi.w	200032ae <CAN_GetITStatus+0x1f6>
20003110:	683b      	ldr	r3, [r7, #0]
20003112:	f5b3 6f00 	cmp.w	r3, #2048	@ 0x800
20003116:	f000 80b8 	beq.w	2000328a <CAN_GetITStatus+0x1d2>
2000311a:	683b      	ldr	r3, [r7, #0]
2000311c:	f5b3 6f00 	cmp.w	r3, #2048	@ 0x800
20003120:	f200 80c5 	bhi.w	200032ae <CAN_GetITStatus+0x1f6>
20003124:	683b      	ldr	r3, [r7, #0]
20003126:	f5b3 6f80 	cmp.w	r3, #1024	@ 0x400
2000312a:	f000 80a5 	beq.w	20003278 <CAN_GetITStatus+0x1c0>
2000312e:	683b      	ldr	r3, [r7, #0]
20003130:	f5b3 6f80 	cmp.w	r3, #1024	@ 0x400
20003134:	f200 80bb 	bhi.w	200032ae <CAN_GetITStatus+0x1f6>
20003138:	683b      	ldr	r3, [r7, #0]
2000313a:	f5b3 7f00 	cmp.w	r3, #512	@ 0x200
2000313e:	f000 8092 	beq.w	20003266 <CAN_GetITStatus+0x1ae>
20003142:	683b      	ldr	r3, [r7, #0]
20003144:	f5b3 7f00 	cmp.w	r3, #512	@ 0x200
20003148:	f200 80b1 	bhi.w	200032ae <CAN_GetITStatus+0x1f6>
2000314c:	683b      	ldr	r3, [r7, #0]
2000314e:	f5b3 7f80 	cmp.w	r3, #256	@ 0x100
20003152:	d07f      	beq.n	20003254 <CAN_GetITStatus+0x19c>
20003154:	683b      	ldr	r3, [r7, #0]
20003156:	f5b3 7f80 	cmp.w	r3, #256	@ 0x100
2000315a:	f200 80a8 	bhi.w	200032ae <CAN_GetITStatus+0x1f6>
2000315e:	683b      	ldr	r3, [r7, #0]
20003160:	2b40      	cmp	r3, #64	@ 0x40
20003162:	d05c      	beq.n	2000321e <CAN_GetITStatus+0x166>
20003164:	683b      	ldr	r3, [r7, #0]
20003166:	2b40      	cmp	r3, #64	@ 0x40
20003168:	f200 80a1 	bhi.w	200032ae <CAN_GetITStatus+0x1f6>
2000316c:	683b      	ldr	r3, [r7, #0]
2000316e:	2b20      	cmp	r3, #32
20003170:	d04c      	beq.n	2000320c <CAN_GetITStatus+0x154>
20003172:	683b      	ldr	r3, [r7, #0]
20003174:	2b20      	cmp	r3, #32
20003176:	f200 809a 	bhi.w	200032ae <CAN_GetITStatus+0x1f6>
2000317a:	683b      	ldr	r3, [r7, #0]
2000317c:	2b10      	cmp	r3, #16
2000317e:	d03c      	beq.n	200031fa <CAN_GetITStatus+0x142>
20003180:	683b      	ldr	r3, [r7, #0]
20003182:	2b10      	cmp	r3, #16
20003184:	f200 8093 	bhi.w	200032ae <CAN_GetITStatus+0x1f6>
20003188:	683b      	ldr	r3, [r7, #0]
2000318a:	2b08      	cmp	r3, #8
2000318c:	d02c      	beq.n	200031e8 <CAN_GetITStatus+0x130>
2000318e:	683b      	ldr	r3, [r7, #0]
20003190:	2b08      	cmp	r3, #8
20003192:	f200 808c 	bhi.w	200032ae <CAN_GetITStatus+0x1f6>
20003196:	683b      	ldr	r3, [r7, #0]
20003198:	2b04      	cmp	r3, #4
2000319a:	d01c      	beq.n	200031d6 <CAN_GetITStatus+0x11e>
2000319c:	683b      	ldr	r3, [r7, #0]
2000319e:	2b04      	cmp	r3, #4
200031a0:	f200 8085 	bhi.w	200032ae <CAN_GetITStatus+0x1f6>
200031a4:	683b      	ldr	r3, [r7, #0]
200031a6:	2b01      	cmp	r3, #1
200031a8:	d003      	beq.n	200031b2 <CAN_GetITStatus+0xfa>
200031aa:	683b      	ldr	r3, [r7, #0]
200031ac:	2b02      	cmp	r3, #2
200031ae:	d009      	beq.n	200031c4 <CAN_GetITStatus+0x10c>
200031b0:	e07d      	b.n	200032ae <CAN_GetITStatus+0x1f6>
    {
      case CAN_IT_TME:
        /* Check CAN_TSR_RQCPx bits */
        itstatus = CheckITStatus(CANx->TSR, CAN_TSR_RQCP0|CAN_TSR_RQCP1|CAN_TSR_RQCP2);  
200031b2:	687b      	ldr	r3, [r7, #4]
200031b4:	689b      	ldr	r3, [r3, #8]
200031b6:	4943      	ldr	r1, [pc, #268]	@ (200032c4 <CAN_GetITStatus+0x20c>)
200031b8:	4618      	mov	r0, r3
200031ba:	f000 f919 	bl	200033f0 <CheckITStatus>
200031be:	4603      	mov	r3, r0
200031c0:	73fb      	strb	r3, [r7, #15]
        break;
200031c2:	e079      	b.n	200032b8 <CAN_GetITStatus+0x200>
      case CAN_IT_FMP0:
        /* Check CAN_RF0R_FMP0 bit */
        itstatus = CheckITStatus(CANx->RF0R, CAN_RF0R_FMP0);  
200031c4:	687b      	ldr	r3, [r7, #4]
200031c6:	68db      	ldr	r3, [r3, #12]
200031c8:	2103      	movs	r1, #3
200031ca:	4618      	mov	r0, r3
200031cc:	f000 f910 	bl	200033f0 <CheckITStatus>
200031d0:	4603      	mov	r3, r0
200031d2:	73fb      	strb	r3, [r7, #15]
        break;
200031d4:	e070      	b.n	200032b8 <CAN_GetITStatus+0x200>
      case CAN_IT_FF0:
        /* Check CAN_RF0R_FULL0 bit */
        itstatus = CheckITStatus(CANx->RF0R, CAN_RF0R_FULL0);  
200031d6:	687b      	ldr	r3, [r7, #4]
200031d8:	68db      	ldr	r3, [r3, #12]
200031da:	2108      	movs	r1, #8
200031dc:	4618      	mov	r0, r3
200031de:	f000 f907 	bl	200033f0 <CheckITStatus>
200031e2:	4603      	mov	r3, r0
200031e4:	73fb      	strb	r3, [r7, #15]
        break;
200031e6:	e067      	b.n	200032b8 <CAN_GetITStatus+0x200>
      case CAN_IT_FOV0:
        /* Check CAN_RF0R_FOVR0 bit */
        itstatus = CheckITStatus(CANx->RF0R, CAN_RF0R_FOVR0);  
200031e8:	687b      	ldr	r3, [r7, #4]
200031ea:	68db      	ldr	r3, [r3, #12]
200031ec:	2110      	movs	r1, #16
200031ee:	4618      	mov	r0, r3
200031f0:	f000 f8fe 	bl	200033f0 <CheckITStatus>
200031f4:	4603      	mov	r3, r0
200031f6:	73fb      	strb	r3, [r7, #15]
        break;
200031f8:	e05e      	b.n	200032b8 <CAN_GetITStatus+0x200>
      case CAN_IT_FMP1:
        /* Check CAN_RF1R_FMP1 bit */
        itstatus = CheckITStatus(CANx->RF1R, CAN_RF1R_FMP1);  
200031fa:	687b      	ldr	r3, [r7, #4]
200031fc:	691b      	ldr	r3, [r3, #16]
200031fe:	2103      	movs	r1, #3
20003200:	4618      	mov	r0, r3
20003202:	f000 f8f5 	bl	200033f0 <CheckITStatus>
20003206:	4603      	mov	r3, r0
20003208:	73fb      	strb	r3, [r7, #15]
        break;
2000320a:	e055      	b.n	200032b8 <CAN_GetITStatus+0x200>
      case CAN_IT_FF1:
        /* Check CAN_RF1R_FULL1 bit */
        itstatus = CheckITStatus(CANx->RF1R, CAN_RF1R_FULL1);  
2000320c:	687b      	ldr	r3, [r7, #4]
2000320e:	691b      	ldr	r3, [r3, #16]
20003210:	2108      	movs	r1, #8
20003212:	4618      	mov	r0, r3
20003214:	f000 f8ec 	bl	200033f0 <CheckITStatus>
20003218:	4603      	mov	r3, r0
2000321a:	73fb      	strb	r3, [r7, #15]
        break;
2000321c:	e04c      	b.n	200032b8 <CAN_GetITStatus+0x200>
      case CAN_IT_FOV1:
        /* Check CAN_RF1R_FOVR1 bit */
        itstatus = CheckITStatus(CANx->RF1R, CAN_RF1R_FOVR1);  
2000321e:	687b      	ldr	r3, [r7, #4]
20003220:	691b      	ldr	r3, [r3, #16]
20003222:	2110      	movs	r1, #16
20003224:	4618      	mov	r0, r3
20003226:	f000 f8e3 	bl	200033f0 <CheckITStatus>
2000322a:	4603      	mov	r3, r0
2000322c:	73fb      	strb	r3, [r7, #15]
        break;
2000322e:	e043      	b.n	200032b8 <CAN_GetITStatus+0x200>
      case CAN_IT_WKU:
        /* Check CAN_MSR_WKUI bit */
        itstatus = CheckITStatus(CANx->MSR, CAN_MSR_WKUI);  
20003230:	687b      	ldr	r3, [r7, #4]
20003232:	685b      	ldr	r3, [r3, #4]
20003234:	2108      	movs	r1, #8
20003236:	4618      	mov	r0, r3
20003238:	f000 f8da 	bl	200033f0 <CheckITStatus>
2000323c:	4603      	mov	r3, r0
2000323e:	73fb      	strb	r3, [r7, #15]
        break;
20003240:	e03a      	b.n	200032b8 <CAN_GetITStatus+0x200>
      case CAN_IT_SLK:
        /* Check CAN_MSR_SLAKI bit */
        itstatus = CheckITStatus(CANx->MSR, CAN_MSR_SLAKI);  
20003242:	687b      	ldr	r3, [r7, #4]
20003244:	685b      	ldr	r3, [r3, #4]
20003246:	2110      	movs	r1, #16
20003248:	4618      	mov	r0, r3
2000324a:	f000 f8d1 	bl	200033f0 <CheckITStatus>
2000324e:	4603      	mov	r3, r0
20003250:	73fb      	strb	r3, [r7, #15]
        break;
20003252:	e031      	b.n	200032b8 <CAN_GetITStatus+0x200>
      case CAN_IT_EWG:
        /* Check CAN_ESR_EWGF bit */
        itstatus = CheckITStatus(CANx->ESR, CAN_ESR_EWGF);  
20003254:	687b      	ldr	r3, [r7, #4]
20003256:	699b      	ldr	r3, [r3, #24]
20003258:	2101      	movs	r1, #1
2000325a:	4618      	mov	r0, r3
2000325c:	f000 f8c8 	bl	200033f0 <CheckITStatus>
20003260:	4603      	mov	r3, r0
20003262:	73fb      	strb	r3, [r7, #15]
        break;
20003264:	e028      	b.n	200032b8 <CAN_GetITStatus+0x200>
      case CAN_IT_EPV:
        /* Check CAN_ESR_EPVF bit */
        itstatus = CheckITStatus(CANx->ESR, CAN_ESR_EPVF);  
20003266:	687b      	ldr	r3, [r7, #4]
20003268:	699b      	ldr	r3, [r3, #24]
2000326a:	2102      	movs	r1, #2
2000326c:	4618      	mov	r0, r3
2000326e:	f000 f8bf 	bl	200033f0 <CheckITStatus>
20003272:	4603      	mov	r3, r0
20003274:	73fb      	strb	r3, [r7, #15]
        break;
20003276:	e01f      	b.n	200032b8 <CAN_GetITStatus+0x200>
      case CAN_IT_BOF:
        /* Check CAN_ESR_BOFF bit */
        itstatus = CheckITStatus(CANx->ESR, CAN_ESR_BOFF);  
20003278:	687b      	ldr	r3, [r7, #4]
2000327a:	699b      	ldr	r3, [r3, #24]
2000327c:	2104      	movs	r1, #4
2000327e:	4618      	mov	r0, r3
20003280:	f000 f8b6 	bl	200033f0 <CheckITStatus>
20003284:	4603      	mov	r3, r0
20003286:	73fb      	strb	r3, [r7, #15]
        break;
20003288:	e016      	b.n	200032b8 <CAN_GetITStatus+0x200>
      case CAN_IT_LEC:
        /* Check CAN_ESR_LEC bit */
        itstatus = CheckITStatus(CANx->ESR, CAN_ESR_LEC);  
2000328a:	687b      	ldr	r3, [r7, #4]
2000328c:	699b      	ldr	r3, [r3, #24]
2000328e:	2170      	movs	r1, #112	@ 0x70
20003290:	4618      	mov	r0, r3
20003292:	f000 f8ad 	bl	200033f0 <CheckITStatus>
20003296:	4603      	mov	r3, r0
20003298:	73fb      	strb	r3, [r7, #15]
        break;
2000329a:	e00d      	b.n	200032b8 <CAN_GetITStatus+0x200>
      case CAN_IT_ERR:
        /* Check CAN_MSR_ERRI bit */ 
        itstatus = CheckITStatus(CANx->MSR, CAN_MSR_ERRI); 
2000329c:	687b      	ldr	r3, [r7, #4]
2000329e:	685b      	ldr	r3, [r3, #4]
200032a0:	2104      	movs	r1, #4
200032a2:	4618      	mov	r0, r3
200032a4:	f000 f8a4 	bl	200033f0 <CheckITStatus>
200032a8:	4603      	mov	r3, r0
200032aa:	73fb      	strb	r3, [r7, #15]
        break;
200032ac:	e004      	b.n	200032b8 <CAN_GetITStatus+0x200>
      default:
        /* in case of error, return RESET */
        itstatus = RESET;
200032ae:	2300      	movs	r3, #0
200032b0:	73fb      	strb	r3, [r7, #15]
        break;
200032b2:	e001      	b.n	200032b8 <CAN_GetITStatus+0x200>
    }
  }
  else
  {
   /* in case the Interrupt is not enabled, return RESET */
    itstatus  = RESET;
200032b4:	2300      	movs	r3, #0
200032b6:	73fb      	strb	r3, [r7, #15]
  }
  
  /* Return the CAN_IT status */
  return  itstatus;
200032b8:	7bfb      	ldrb	r3, [r7, #15]
}
200032ba:	4618      	mov	r0, r3
200032bc:	3710      	adds	r7, #16
200032be:	46bd      	mov	sp, r7
200032c0:	bd80      	pop	{r7, pc}
200032c2:	bf00      	nop
200032c4:	00010101 	.word	0x00010101

200032c8 <CAN_ClearITPendingBit>:
  *            @arg CAN_IT_LEC: Last error code Interrupt
  *            @arg CAN_IT_ERR: Error Interrupt 
  * @retval None
  */
void CAN_ClearITPendingBit(CAN_TypeDef* CANx, uint32_t CAN_IT)
{
200032c8:	b480      	push	{r7}
200032ca:	b083      	sub	sp, #12
200032cc:	af00      	add	r7, sp, #0
200032ce:	6078      	str	r0, [r7, #4]
200032d0:	6039      	str	r1, [r7, #0]
  /* Check the parameters */
  assert_param(IS_CAN_ALL_PERIPH(CANx));
  assert_param(IS_CAN_CLEAR_IT(CAN_IT));

  switch (CAN_IT)
200032d2:	683b      	ldr	r3, [r7, #0]
200032d4:	f5b3 3f00 	cmp.w	r3, #131072	@ 0x20000
200032d8:	d064      	beq.n	200033a4 <CAN_ClearITPendingBit+0xdc>
200032da:	683b      	ldr	r3, [r7, #0]
200032dc:	f5b3 3f00 	cmp.w	r3, #131072	@ 0x20000
200032e0:	d87e      	bhi.n	200033e0 <CAN_ClearITPendingBit+0x118>
200032e2:	683b      	ldr	r3, [r7, #0]
200032e4:	f5b3 3f80 	cmp.w	r3, #65536	@ 0x10000
200032e8:	d058      	beq.n	2000339c <CAN_ClearITPendingBit+0xd4>
200032ea:	683b      	ldr	r3, [r7, #0]
200032ec:	f5b3 3f80 	cmp.w	r3, #65536	@ 0x10000
200032f0:	d876      	bhi.n	200033e0 <CAN_ClearITPendingBit+0x118>
200032f2:	683b      	ldr	r3, [r7, #0]
200032f4:	f5b3 4f00 	cmp.w	r3, #32768	@ 0x8000
200032f8:	d06b      	beq.n	200033d2 <CAN_ClearITPendingBit+0x10a>
200032fa:	683b      	ldr	r3, [r7, #0]
200032fc:	f5b3 4f00 	cmp.w	r3, #32768	@ 0x8000
20003300:	d86e      	bhi.n	200033e0 <CAN_ClearITPendingBit+0x118>
20003302:	683b      	ldr	r3, [r7, #0]
20003304:	f5b3 6f00 	cmp.w	r3, #2048	@ 0x800
20003308:	d05c      	beq.n	200033c4 <CAN_ClearITPendingBit+0xfc>
2000330a:	683b      	ldr	r3, [r7, #0]
2000330c:	f5b3 6f00 	cmp.w	r3, #2048	@ 0x800
20003310:	d866      	bhi.n	200033e0 <CAN_ClearITPendingBit+0x118>
20003312:	683b      	ldr	r3, [r7, #0]
20003314:	f5b3 6f80 	cmp.w	r3, #1024	@ 0x400
20003318:	d050      	beq.n	200033bc <CAN_ClearITPendingBit+0xf4>
2000331a:	683b      	ldr	r3, [r7, #0]
2000331c:	f5b3 6f80 	cmp.w	r3, #1024	@ 0x400
20003320:	d85e      	bhi.n	200033e0 <CAN_ClearITPendingBit+0x118>
20003322:	683b      	ldr	r3, [r7, #0]
20003324:	f5b3 7f00 	cmp.w	r3, #512	@ 0x200
20003328:	d044      	beq.n	200033b4 <CAN_ClearITPendingBit+0xec>
2000332a:	683b      	ldr	r3, [r7, #0]
2000332c:	f5b3 7f00 	cmp.w	r3, #512	@ 0x200
20003330:	d856      	bhi.n	200033e0 <CAN_ClearITPendingBit+0x118>
20003332:	683b      	ldr	r3, [r7, #0]
20003334:	f5b3 7f80 	cmp.w	r3, #256	@ 0x100
20003338:	d038      	beq.n	200033ac <CAN_ClearITPendingBit+0xe4>
2000333a:	683b      	ldr	r3, [r7, #0]
2000333c:	f5b3 7f80 	cmp.w	r3, #256	@ 0x100
20003340:	d84e      	bhi.n	200033e0 <CAN_ClearITPendingBit+0x118>
20003342:	683b      	ldr	r3, [r7, #0]
20003344:	2b40      	cmp	r3, #64	@ 0x40
20003346:	d025      	beq.n	20003394 <CAN_ClearITPendingBit+0xcc>
20003348:	683b      	ldr	r3, [r7, #0]
2000334a:	2b40      	cmp	r3, #64	@ 0x40
2000334c:	d848      	bhi.n	200033e0 <CAN_ClearITPendingBit+0x118>
2000334e:	683b      	ldr	r3, [r7, #0]
20003350:	2b20      	cmp	r3, #32
20003352:	d01b      	beq.n	2000338c <CAN_ClearITPendingBit+0xc4>
20003354:	683b      	ldr	r3, [r7, #0]
20003356:	2b20      	cmp	r3, #32
20003358:	d842      	bhi.n	200033e0 <CAN_ClearITPendingBit+0x118>
2000335a:	683b      	ldr	r3, [r7, #0]
2000335c:	2b08      	cmp	r3, #8
2000335e:	d011      	beq.n	20003384 <CAN_ClearITPendingBit+0xbc>
20003360:	683b      	ldr	r3, [r7, #0]
20003362:	2b08      	cmp	r3, #8
20003364:	d83c      	bhi.n	200033e0 <CAN_ClearITPendingBit+0x118>
20003366:	683b      	ldr	r3, [r7, #0]
20003368:	2b01      	cmp	r3, #1
2000336a:	d003      	beq.n	20003374 <CAN_ClearITPendingBit+0xac>
2000336c:	683b      	ldr	r3, [r7, #0]
2000336e:	2b04      	cmp	r3, #4
20003370:	d004      	beq.n	2000337c <CAN_ClearITPendingBit+0xb4>
      /* Clear CAN_MSR_ERRI (rc_w1) */
      CANx->MSR = CAN_MSR_ERRI; 
       /* @note BOFF, EPVF and EWGF Flags are cleared by hardware depending on the CAN Bus status*/
       break;
    default:
       break;
20003372:	e035      	b.n	200033e0 <CAN_ClearITPendingBit+0x118>
      CANx->TSR = CAN_TSR_RQCP0|CAN_TSR_RQCP1|CAN_TSR_RQCP2;  
20003374:	687b      	ldr	r3, [r7, #4]
20003376:	4a1d      	ldr	r2, [pc, #116]	@ (200033ec <CAN_ClearITPendingBit+0x124>)
20003378:	609a      	str	r2, [r3, #8]
      break;
2000337a:	e032      	b.n	200033e2 <CAN_ClearITPendingBit+0x11a>
      CANx->RF0R = CAN_RF0R_FULL0; 
2000337c:	687b      	ldr	r3, [r7, #4]
2000337e:	2208      	movs	r2, #8
20003380:	60da      	str	r2, [r3, #12]
      break;
20003382:	e02e      	b.n	200033e2 <CAN_ClearITPendingBit+0x11a>
      CANx->RF0R = CAN_RF0R_FOVR0; 
20003384:	687b      	ldr	r3, [r7, #4]
20003386:	2210      	movs	r2, #16
20003388:	60da      	str	r2, [r3, #12]
      break;
2000338a:	e02a      	b.n	200033e2 <CAN_ClearITPendingBit+0x11a>
      CANx->RF1R = CAN_RF1R_FULL1;  
2000338c:	687b      	ldr	r3, [r7, #4]
2000338e:	2208      	movs	r2, #8
20003390:	611a      	str	r2, [r3, #16]
      break;
20003392:	e026      	b.n	200033e2 <CAN_ClearITPendingBit+0x11a>
      CANx->RF1R = CAN_RF1R_FOVR1; 
20003394:	687b      	ldr	r3, [r7, #4]
20003396:	2210      	movs	r2, #16
20003398:	611a      	str	r2, [r3, #16]
      break;
2000339a:	e022      	b.n	200033e2 <CAN_ClearITPendingBit+0x11a>
      CANx->MSR = CAN_MSR_WKUI;  
2000339c:	687b      	ldr	r3, [r7, #4]
2000339e:	2208      	movs	r2, #8
200033a0:	605a      	str	r2, [r3, #4]
      break;
200033a2:	e01e      	b.n	200033e2 <CAN_ClearITPendingBit+0x11a>
      CANx->MSR = CAN_MSR_SLAKI;   
200033a4:	687b      	ldr	r3, [r7, #4]
200033a6:	2210      	movs	r2, #16
200033a8:	605a      	str	r2, [r3, #4]
      break;
200033aa:	e01a      	b.n	200033e2 <CAN_ClearITPendingBit+0x11a>
      CANx->MSR = CAN_MSR_ERRI;
200033ac:	687b      	ldr	r3, [r7, #4]
200033ae:	2204      	movs	r2, #4
200033b0:	605a      	str	r2, [r3, #4]
      break;
200033b2:	e016      	b.n	200033e2 <CAN_ClearITPendingBit+0x11a>
      CANx->MSR = CAN_MSR_ERRI; 
200033b4:	687b      	ldr	r3, [r7, #4]
200033b6:	2204      	movs	r2, #4
200033b8:	605a      	str	r2, [r3, #4]
      break;
200033ba:	e012      	b.n	200033e2 <CAN_ClearITPendingBit+0x11a>
      CANx->MSR = CAN_MSR_ERRI; 
200033bc:	687b      	ldr	r3, [r7, #4]
200033be:	2204      	movs	r2, #4
200033c0:	605a      	str	r2, [r3, #4]
       break;
200033c2:	e00e      	b.n	200033e2 <CAN_ClearITPendingBit+0x11a>
      CANx->ESR = RESET; 
200033c4:	687b      	ldr	r3, [r7, #4]
200033c6:	2200      	movs	r2, #0
200033c8:	619a      	str	r2, [r3, #24]
      CANx->MSR = CAN_MSR_ERRI; 
200033ca:	687b      	ldr	r3, [r7, #4]
200033cc:	2204      	movs	r2, #4
200033ce:	605a      	str	r2, [r3, #4]
      break;
200033d0:	e007      	b.n	200033e2 <CAN_ClearITPendingBit+0x11a>
      CANx->ESR = RESET; 
200033d2:	687b      	ldr	r3, [r7, #4]
200033d4:	2200      	movs	r2, #0
200033d6:	619a      	str	r2, [r3, #24]
      CANx->MSR = CAN_MSR_ERRI; 
200033d8:	687b      	ldr	r3, [r7, #4]
200033da:	2204      	movs	r2, #4
200033dc:	605a      	str	r2, [r3, #4]
       break;
200033de:	e000      	b.n	200033e2 <CAN_ClearITPendingBit+0x11a>
       break;
200033e0:	bf00      	nop
   }
}
200033e2:	bf00      	nop
200033e4:	370c      	adds	r7, #12
200033e6:	46bd      	mov	sp, r7
200033e8:	bc80      	pop	{r7}
200033ea:	4770      	bx	lr
200033ec:	00010101 	.word	0x00010101

200033f0 <CheckITStatus>:
  * @param  CAN_Reg: specifies the CAN interrupt register to check.
  * @param  It_Bit: specifies the interrupt source bit to check.
  * @retval The new state of the CAN Interrupt (SET or RESET).
  */
static ITStatus CheckITStatus(uint32_t CAN_Reg, uint32_t It_Bit)
{
200033f0:	b480      	push	{r7}
200033f2:	b085      	sub	sp, #20
200033f4:	af00      	add	r7, sp, #0
200033f6:	6078      	str	r0, [r7, #4]
200033f8:	6039      	str	r1, [r7, #0]
  ITStatus pendingbitstatus = RESET;
200033fa:	2300      	movs	r3, #0
200033fc:	73fb      	strb	r3, [r7, #15]
  
  if ((CAN_Reg & It_Bit) != (uint32_t)RESET)
200033fe:	687a      	ldr	r2, [r7, #4]
20003400:	683b      	ldr	r3, [r7, #0]
20003402:	4013      	ands	r3, r2
20003404:	2b00      	cmp	r3, #0
20003406:	d002      	beq.n	2000340e <CheckITStatus+0x1e>
  {
    /* CAN_IT is set */
    pendingbitstatus = SET;
20003408:	2301      	movs	r3, #1
2000340a:	73fb      	strb	r3, [r7, #15]
2000340c:	e001      	b.n	20003412 <CheckITStatus+0x22>
  }
  else
  {
    /* CAN_IT is reset */
    pendingbitstatus = RESET;
2000340e:	2300      	movs	r3, #0
20003410:	73fb      	strb	r3, [r7, #15]
  }
  return pendingbitstatus;
20003412:	7bfb      	ldrb	r3, [r7, #15]
}
20003414:	4618      	mov	r0, r3
20003416:	3714      	adds	r7, #20
20003418:	46bd      	mov	sp, r7
2000341a:	bc80      	pop	{r7}
2000341c:	4770      	bx	lr
2000341e:	bf00      	nop

20003420 <DAC_DeInit>:
  * @brief  Deinitializes the DAC peripheral registers to their default reset values.
  * @param  None
  * @retval None
  */
void DAC_DeInit(void)
{
20003420:	b580      	push	{r7, lr}
20003422:	af00      	add	r7, sp, #0
  /* Enable DAC reset state */
  RCC_APB1PeriphResetCmd(RCC_APB1Periph_DAC, ENABLE);
20003424:	2101      	movs	r1, #1
20003426:	f04f 5000 	mov.w	r0, #536870912	@ 0x20000000
2000342a:	f001 fa1f 	bl	2000486c <RCC_APB1PeriphResetCmd>
  /* Release DAC from reset state */
  RCC_APB1PeriphResetCmd(RCC_APB1Periph_DAC, DISABLE);
2000342e:	2100      	movs	r1, #0
20003430:	f04f 5000 	mov.w	r0, #536870912	@ 0x20000000
20003434:	f001 fa1a 	bl	2000486c <RCC_APB1PeriphResetCmd>
}
20003438:	bf00      	nop
2000343a:	bd80      	pop	{r7, pc}

2000343c <DAC_Init>:
  * @param  DAC_InitStruct: pointer to a DAC_InitTypeDef structure that contains
  *         the configuration information for the  specified DAC channel.
  * @retval None
  */
void DAC_Init(uint32_t DAC_Channel, DAC_InitTypeDef* DAC_InitStruct)
{
2000343c:	b480      	push	{r7}
2000343e:	b085      	sub	sp, #20
20003440:	af00      	add	r7, sp, #0
20003442:	6078      	str	r0, [r7, #4]
20003444:	6039      	str	r1, [r7, #0]
  uint32_t tmpreg1 = 0, tmpreg2 = 0;
20003446:	2300      	movs	r3, #0
20003448:	60fb      	str	r3, [r7, #12]
2000344a:	2300      	movs	r3, #0
2000344c:	60bb      	str	r3, [r7, #8]
  assert_param(IS_DAC_LFSR_UNMASK_TRIANGLE_AMPLITUDE(DAC_InitStruct->DAC_LFSRUnmask_TriangleAmplitude));
  assert_param(IS_DAC_OUTPUT_BUFFER_STATE(DAC_InitStruct->DAC_OutputBuffer));

/*---------------------------- DAC CR Configuration --------------------------*/
  /* Get the DAC CR value */
  tmpreg1 = DAC->CR;
2000344e:	4b13      	ldr	r3, [pc, #76]	@ (2000349c <DAC_Init+0x60>)
20003450:	681b      	ldr	r3, [r3, #0]
20003452:	60fb      	str	r3, [r7, #12]
  /* Clear BOFFx, TENx, TSELx, WAVEx and MAMPx bits */
  tmpreg1 &= ~(CR_CLEAR_MASK << DAC_Channel);
20003454:	f640 72fe 	movw	r2, #4094	@ 0xffe
20003458:	687b      	ldr	r3, [r7, #4]
2000345a:	fa02 f303 	lsl.w	r3, r2, r3
2000345e:	43db      	mvns	r3, r3
20003460:	68fa      	ldr	r2, [r7, #12]
20003462:	4013      	ands	r3, r2
20003464:	60fb      	str	r3, [r7, #12]
     wave generation, mask/amplitude for wave generation */
  /* Set TSELx and TENx bits according to DAC_Trigger value */
  /* Set WAVEx bits according to DAC_WaveGeneration value */
  /* Set MAMPx bits according to DAC_LFSRUnmask_TriangleAmplitude value */ 
  /* Set BOFFx bit according to DAC_OutputBuffer value */   
  tmpreg2 = (DAC_InitStruct->DAC_Trigger | DAC_InitStruct->DAC_WaveGeneration |
20003466:	683b      	ldr	r3, [r7, #0]
20003468:	681a      	ldr	r2, [r3, #0]
2000346a:	683b      	ldr	r3, [r7, #0]
2000346c:	685b      	ldr	r3, [r3, #4]
2000346e:	431a      	orrs	r2, r3
             DAC_InitStruct->DAC_LFSRUnmask_TriangleAmplitude | \
20003470:	683b      	ldr	r3, [r7, #0]
20003472:	689b      	ldr	r3, [r3, #8]
  tmpreg2 = (DAC_InitStruct->DAC_Trigger | DAC_InitStruct->DAC_WaveGeneration |
20003474:	431a      	orrs	r2, r3
             DAC_InitStruct->DAC_OutputBuffer);
20003476:	683b      	ldr	r3, [r7, #0]
20003478:	68db      	ldr	r3, [r3, #12]
  tmpreg2 = (DAC_InitStruct->DAC_Trigger | DAC_InitStruct->DAC_WaveGeneration |
2000347a:	4313      	orrs	r3, r2
2000347c:	60bb      	str	r3, [r7, #8]
  /* Calculate CR register value depending on DAC_Channel */
  tmpreg1 |= tmpreg2 << DAC_Channel;
2000347e:	68ba      	ldr	r2, [r7, #8]
20003480:	687b      	ldr	r3, [r7, #4]
20003482:	fa02 f303 	lsl.w	r3, r2, r3
20003486:	68fa      	ldr	r2, [r7, #12]
20003488:	4313      	orrs	r3, r2
2000348a:	60fb      	str	r3, [r7, #12]
  /* Write to DAC CR */
  DAC->CR = tmpreg1;
2000348c:	4a03      	ldr	r2, [pc, #12]	@ (2000349c <DAC_Init+0x60>)
2000348e:	68fb      	ldr	r3, [r7, #12]
20003490:	6013      	str	r3, [r2, #0]
}
20003492:	bf00      	nop
20003494:	3714      	adds	r7, #20
20003496:	46bd      	mov	sp, r7
20003498:	bc80      	pop	{r7}
2000349a:	4770      	bx	lr
2000349c:	40007400 	.word	0x40007400

200034a0 <DAC_StructInit>:
  * @param  DAC_InitStruct: pointer to a DAC_InitTypeDef structure which will 
  *         be initialized.
  * @retval None
  */
void DAC_StructInit(DAC_InitTypeDef* DAC_InitStruct)
{
200034a0:	b480      	push	{r7}
200034a2:	b083      	sub	sp, #12
200034a4:	af00      	add	r7, sp, #0
200034a6:	6078      	str	r0, [r7, #4]
/*--------------- Reset DAC init structure parameters values -----------------*/
  /* Initialize the DAC_Trigger member */
  DAC_InitStruct->DAC_Trigger = DAC_Trigger_None;
200034a8:	687b      	ldr	r3, [r7, #4]
200034aa:	2200      	movs	r2, #0
200034ac:	601a      	str	r2, [r3, #0]
  /* Initialize the DAC_WaveGeneration member */
  DAC_InitStruct->DAC_WaveGeneration = DAC_WaveGeneration_None;
200034ae:	687b      	ldr	r3, [r7, #4]
200034b0:	2200      	movs	r2, #0
200034b2:	605a      	str	r2, [r3, #4]
  /* Initialize the DAC_LFSRUnmask_TriangleAmplitude member */
  DAC_InitStruct->DAC_LFSRUnmask_TriangleAmplitude = DAC_LFSRUnmask_Bit0;
200034b4:	687b      	ldr	r3, [r7, #4]
200034b6:	2200      	movs	r2, #0
200034b8:	609a      	str	r2, [r3, #8]
  /* Initialize the DAC_OutputBuffer member */
  DAC_InitStruct->DAC_OutputBuffer = DAC_OutputBuffer_Enable;
200034ba:	687b      	ldr	r3, [r7, #4]
200034bc:	2200      	movs	r2, #0
200034be:	60da      	str	r2, [r3, #12]
}
200034c0:	bf00      	nop
200034c2:	370c      	adds	r7, #12
200034c4:	46bd      	mov	sp, r7
200034c6:	bc80      	pop	{r7}
200034c8:	4770      	bx	lr

200034ca <DAC_Cmd>:
  *          This parameter can be: ENABLE or DISABLE.
  * @note   When the DAC channel is enabled the trigger source can no more be modified.
  * @retval None
  */
void DAC_Cmd(uint32_t DAC_Channel, FunctionalState NewState)
{
200034ca:	b480      	push	{r7}
200034cc:	b083      	sub	sp, #12
200034ce:	af00      	add	r7, sp, #0
200034d0:	6078      	str	r0, [r7, #4]
200034d2:	460b      	mov	r3, r1
200034d4:	70fb      	strb	r3, [r7, #3]
  /* Check the parameters */
  assert_param(IS_DAC_CHANNEL(DAC_Channel));
  assert_param(IS_FUNCTIONAL_STATE(NewState));

  if (NewState != DISABLE)
200034d6:	78fb      	ldrb	r3, [r7, #3]
200034d8:	2b00      	cmp	r3, #0
200034da:	d009      	beq.n	200034f0 <DAC_Cmd+0x26>
  {
    /* Enable the selected DAC channel */
    DAC->CR |= (DAC_CR_EN1 << DAC_Channel);
200034dc:	4b0c      	ldr	r3, [pc, #48]	@ (20003510 <DAC_Cmd+0x46>)
200034de:	681a      	ldr	r2, [r3, #0]
200034e0:	2101      	movs	r1, #1
200034e2:	687b      	ldr	r3, [r7, #4]
200034e4:	fa01 f303 	lsl.w	r3, r1, r3
200034e8:	4909      	ldr	r1, [pc, #36]	@ (20003510 <DAC_Cmd+0x46>)
200034ea:	4313      	orrs	r3, r2
200034ec:	600b      	str	r3, [r1, #0]
  else
  {
    /* Disable the selected DAC channel */
    DAC->CR &= (~(DAC_CR_EN1 << DAC_Channel));
  }
}
200034ee:	e009      	b.n	20003504 <DAC_Cmd+0x3a>
    DAC->CR &= (~(DAC_CR_EN1 << DAC_Channel));
200034f0:	4b07      	ldr	r3, [pc, #28]	@ (20003510 <DAC_Cmd+0x46>)
200034f2:	681a      	ldr	r2, [r3, #0]
200034f4:	2101      	movs	r1, #1
200034f6:	687b      	ldr	r3, [r7, #4]
200034f8:	fa01 f303 	lsl.w	r3, r1, r3
200034fc:	43db      	mvns	r3, r3
200034fe:	4904      	ldr	r1, [pc, #16]	@ (20003510 <DAC_Cmd+0x46>)
20003500:	4013      	ands	r3, r2
20003502:	600b      	str	r3, [r1, #0]
}
20003504:	bf00      	nop
20003506:	370c      	adds	r7, #12
20003508:	46bd      	mov	sp, r7
2000350a:	bc80      	pop	{r7}
2000350c:	4770      	bx	lr
2000350e:	bf00      	nop
20003510:	40007400 	.word	0x40007400

20003514 <DAC_SoftwareTriggerCmd>:
  * @param  NewState: new state of the selected DAC channel software trigger.
  *          This parameter can be: ENABLE or DISABLE.
  * @retval None
  */
void DAC_SoftwareTriggerCmd(uint32_t DAC_Channel, FunctionalState NewState)
{
20003514:	b480      	push	{r7}
20003516:	b083      	sub	sp, #12
20003518:	af00      	add	r7, sp, #0
2000351a:	6078      	str	r0, [r7, #4]
2000351c:	460b      	mov	r3, r1
2000351e:	70fb      	strb	r3, [r7, #3]
  /* Check the parameters */
  assert_param(IS_DAC_CHANNEL(DAC_Channel));
  assert_param(IS_FUNCTIONAL_STATE(NewState));

  if (NewState != DISABLE)
20003520:	78fb      	ldrb	r3, [r7, #3]
20003522:	2b00      	cmp	r3, #0
20003524:	d00a      	beq.n	2000353c <DAC_SoftwareTriggerCmd+0x28>
  {
    /* Enable software trigger for the selected DAC channel */
    DAC->SWTRIGR |= (uint32_t)DAC_SWTRIGR_SWTRIG1 << (DAC_Channel >> 4);
20003526:	4b0d      	ldr	r3, [pc, #52]	@ (2000355c <DAC_SoftwareTriggerCmd+0x48>)
20003528:	685a      	ldr	r2, [r3, #4]
2000352a:	687b      	ldr	r3, [r7, #4]
2000352c:	091b      	lsrs	r3, r3, #4
2000352e:	2101      	movs	r1, #1
20003530:	fa01 f303 	lsl.w	r3, r1, r3
20003534:	4909      	ldr	r1, [pc, #36]	@ (2000355c <DAC_SoftwareTriggerCmd+0x48>)
20003536:	4313      	orrs	r3, r2
20003538:	604b      	str	r3, [r1, #4]
  else
  {
    /* Disable software trigger for the selected DAC channel */
    DAC->SWTRIGR &= ~((uint32_t)DAC_SWTRIGR_SWTRIG1 << (DAC_Channel >> 4));
  }
}
2000353a:	e00a      	b.n	20003552 <DAC_SoftwareTriggerCmd+0x3e>
    DAC->SWTRIGR &= ~((uint32_t)DAC_SWTRIGR_SWTRIG1 << (DAC_Channel >> 4));
2000353c:	4b07      	ldr	r3, [pc, #28]	@ (2000355c <DAC_SoftwareTriggerCmd+0x48>)
2000353e:	685a      	ldr	r2, [r3, #4]
20003540:	687b      	ldr	r3, [r7, #4]
20003542:	091b      	lsrs	r3, r3, #4
20003544:	2101      	movs	r1, #1
20003546:	fa01 f303 	lsl.w	r3, r1, r3
2000354a:	43db      	mvns	r3, r3
2000354c:	4903      	ldr	r1, [pc, #12]	@ (2000355c <DAC_SoftwareTriggerCmd+0x48>)
2000354e:	4013      	ands	r3, r2
20003550:	604b      	str	r3, [r1, #4]
}
20003552:	bf00      	nop
20003554:	370c      	adds	r7, #12
20003556:	46bd      	mov	sp, r7
20003558:	bc80      	pop	{r7}
2000355a:	4770      	bx	lr
2000355c:	40007400 	.word	0x40007400

20003560 <DAC_DualSoftwareTriggerCmd>:
  * @param  NewState: new state of the DAC channels software triggers.
  *          This parameter can be: ENABLE or DISABLE.
  * @retval None
  */
void DAC_DualSoftwareTriggerCmd(FunctionalState NewState)
{
20003560:	b480      	push	{r7}
20003562:	b083      	sub	sp, #12
20003564:	af00      	add	r7, sp, #0
20003566:	4603      	mov	r3, r0
20003568:	71fb      	strb	r3, [r7, #7]
  /* Check the parameters */
  assert_param(IS_FUNCTIONAL_STATE(NewState));

  if (NewState != DISABLE)
2000356a:	79fb      	ldrb	r3, [r7, #7]
2000356c:	2b00      	cmp	r3, #0
2000356e:	d006      	beq.n	2000357e <DAC_DualSoftwareTriggerCmd+0x1e>
  {
    /* Enable software trigger for both DAC channels */
    DAC->SWTRIGR |= DUAL_SWTRIG_SET;
20003570:	4b08      	ldr	r3, [pc, #32]	@ (20003594 <DAC_DualSoftwareTriggerCmd+0x34>)
20003572:	685b      	ldr	r3, [r3, #4]
20003574:	4a07      	ldr	r2, [pc, #28]	@ (20003594 <DAC_DualSoftwareTriggerCmd+0x34>)
20003576:	f043 0303 	orr.w	r3, r3, #3
2000357a:	6053      	str	r3, [r2, #4]
  else
  {
    /* Disable software trigger for both DAC channels */
    DAC->SWTRIGR &= DUAL_SWTRIG_RESET;
  }
}
2000357c:	e005      	b.n	2000358a <DAC_DualSoftwareTriggerCmd+0x2a>
    DAC->SWTRIGR &= DUAL_SWTRIG_RESET;
2000357e:	4b05      	ldr	r3, [pc, #20]	@ (20003594 <DAC_DualSoftwareTriggerCmd+0x34>)
20003580:	685b      	ldr	r3, [r3, #4]
20003582:	4a04      	ldr	r2, [pc, #16]	@ (20003594 <DAC_DualSoftwareTriggerCmd+0x34>)
20003584:	f023 0303 	bic.w	r3, r3, #3
20003588:	6053      	str	r3, [r2, #4]
}
2000358a:	bf00      	nop
2000358c:	370c      	adds	r7, #12
2000358e:	46bd      	mov	sp, r7
20003590:	bc80      	pop	{r7}
20003592:	4770      	bx	lr
20003594:	40007400 	.word	0x40007400

20003598 <DAC_WaveGenerationCmd>:
  * @param  NewState: new state of the selected DAC channel wave generation.
  *          This parameter can be: ENABLE or DISABLE.  
  * @retval None
  */
void DAC_WaveGenerationCmd(uint32_t DAC_Channel, uint32_t DAC_Wave, FunctionalState NewState)
{
20003598:	b480      	push	{r7}
2000359a:	b085      	sub	sp, #20
2000359c:	af00      	add	r7, sp, #0
2000359e:	60f8      	str	r0, [r7, #12]
200035a0:	60b9      	str	r1, [r7, #8]
200035a2:	4613      	mov	r3, r2
200035a4:	71fb      	strb	r3, [r7, #7]
  /* Check the parameters */
  assert_param(IS_DAC_CHANNEL(DAC_Channel));
  assert_param(IS_DAC_WAVE(DAC_Wave)); 
  assert_param(IS_FUNCTIONAL_STATE(NewState));

  if (NewState != DISABLE)
200035a6:	79fb      	ldrb	r3, [r7, #7]
200035a8:	2b00      	cmp	r3, #0
200035aa:	d009      	beq.n	200035c0 <DAC_WaveGenerationCmd+0x28>
  {
    /* Enable the selected wave generation for the selected DAC channel */
    DAC->CR |= DAC_Wave << DAC_Channel;
200035ac:	4b0c      	ldr	r3, [pc, #48]	@ (200035e0 <DAC_WaveGenerationCmd+0x48>)
200035ae:	681a      	ldr	r2, [r3, #0]
200035b0:	68b9      	ldr	r1, [r7, #8]
200035b2:	68fb      	ldr	r3, [r7, #12]
200035b4:	fa01 f303 	lsl.w	r3, r1, r3
200035b8:	4909      	ldr	r1, [pc, #36]	@ (200035e0 <DAC_WaveGenerationCmd+0x48>)
200035ba:	4313      	orrs	r3, r2
200035bc:	600b      	str	r3, [r1, #0]
  else
  {
    /* Disable the selected wave generation for the selected DAC channel */
    DAC->CR &= ~(DAC_Wave << DAC_Channel);
  }
}
200035be:	e009      	b.n	200035d4 <DAC_WaveGenerationCmd+0x3c>
    DAC->CR &= ~(DAC_Wave << DAC_Channel);
200035c0:	4b07      	ldr	r3, [pc, #28]	@ (200035e0 <DAC_WaveGenerationCmd+0x48>)
200035c2:	681a      	ldr	r2, [r3, #0]
200035c4:	68b9      	ldr	r1, [r7, #8]
200035c6:	68fb      	ldr	r3, [r7, #12]
200035c8:	fa01 f303 	lsl.w	r3, r1, r3
200035cc:	43db      	mvns	r3, r3
200035ce:	4904      	ldr	r1, [pc, #16]	@ (200035e0 <DAC_WaveGenerationCmd+0x48>)
200035d0:	4013      	ands	r3, r2
200035d2:	600b      	str	r3, [r1, #0]
}
200035d4:	bf00      	nop
200035d6:	3714      	adds	r7, #20
200035d8:	46bd      	mov	sp, r7
200035da:	bc80      	pop	{r7}
200035dc:	4770      	bx	lr
200035de:	bf00      	nop
200035e0:	40007400 	.word	0x40007400

200035e4 <DAC_SetChannel1Data>:
  *            @arg DAC_Align_12b_R: 12bit right data alignment selected
  * @param  Data: Data to be loaded in the selected data holding register.
  * @retval None
  */
void DAC_SetChannel1Data(uint32_t DAC_Align, uint16_t Data)
{  
200035e4:	b480      	push	{r7}
200035e6:	b085      	sub	sp, #20
200035e8:	af00      	add	r7, sp, #0
200035ea:	6078      	str	r0, [r7, #4]
200035ec:	460b      	mov	r3, r1
200035ee:	807b      	strh	r3, [r7, #2]
  __IO uint32_t tmp = 0;
200035f0:	2300      	movs	r3, #0
200035f2:	60fb      	str	r3, [r7, #12]
  
  /* Check the parameters */
  assert_param(IS_DAC_ALIGN(DAC_Align));
  assert_param(IS_DAC_DATA(Data));
  
  tmp = (uint32_t)DAC_BASE; 
200035f4:	4b07      	ldr	r3, [pc, #28]	@ (20003614 <DAC_SetChannel1Data+0x30>)
200035f6:	60fb      	str	r3, [r7, #12]
  tmp += DHR12R1_OFFSET + DAC_Align;
200035f8:	68fa      	ldr	r2, [r7, #12]
200035fa:	687b      	ldr	r3, [r7, #4]
200035fc:	4413      	add	r3, r2
200035fe:	3308      	adds	r3, #8
20003600:	60fb      	str	r3, [r7, #12]

  /* Set the DAC channel1 selected data holding register */
  *(__IO uint32_t *) tmp = Data;
20003602:	68fb      	ldr	r3, [r7, #12]
20003604:	461a      	mov	r2, r3
20003606:	887b      	ldrh	r3, [r7, #2]
20003608:	6013      	str	r3, [r2, #0]
}
2000360a:	bf00      	nop
2000360c:	3714      	adds	r7, #20
2000360e:	46bd      	mov	sp, r7
20003610:	bc80      	pop	{r7}
20003612:	4770      	bx	lr
20003614:	40007400 	.word	0x40007400

20003618 <DAC_SetChannel2Data>:
  *            @arg DAC_Align_12b_R: 12bit right data alignment selected
  * @param  Data: Data to be loaded in the selected data holding register.
  * @retval None
  */
void DAC_SetChannel2Data(uint32_t DAC_Align, uint16_t Data)
{
20003618:	b480      	push	{r7}
2000361a:	b085      	sub	sp, #20
2000361c:	af00      	add	r7, sp, #0
2000361e:	6078      	str	r0, [r7, #4]
20003620:	460b      	mov	r3, r1
20003622:	807b      	strh	r3, [r7, #2]
  __IO uint32_t tmp = 0;
20003624:	2300      	movs	r3, #0
20003626:	60fb      	str	r3, [r7, #12]

  /* Check the parameters */
  assert_param(IS_DAC_ALIGN(DAC_Align));
  assert_param(IS_DAC_DATA(Data));
  
  tmp = (uint32_t)DAC_BASE;
20003628:	4b07      	ldr	r3, [pc, #28]	@ (20003648 <DAC_SetChannel2Data+0x30>)
2000362a:	60fb      	str	r3, [r7, #12]
  tmp += DHR12R2_OFFSET + DAC_Align;
2000362c:	68fa      	ldr	r2, [r7, #12]
2000362e:	687b      	ldr	r3, [r7, #4]
20003630:	4413      	add	r3, r2
20003632:	3314      	adds	r3, #20
20003634:	60fb      	str	r3, [r7, #12]

  /* Set the DAC channel2 selected data holding register */
  *(__IO uint32_t *)tmp = Data;
20003636:	68fb      	ldr	r3, [r7, #12]
20003638:	461a      	mov	r2, r3
2000363a:	887b      	ldrh	r3, [r7, #2]
2000363c:	6013      	str	r3, [r2, #0]
}
2000363e:	bf00      	nop
20003640:	3714      	adds	r7, #20
20003642:	46bd      	mov	sp, r7
20003644:	bc80      	pop	{r7}
20003646:	4770      	bx	lr
20003648:	40007400 	.word	0x40007400

2000364c <DAC_SetDualChannelData>:
  * @note   In dual mode, a unique register access is required to write in both
  *          DAC channels at the same time.
  * @retval None
  */
void DAC_SetDualChannelData(uint32_t DAC_Align, uint16_t Data2, uint16_t Data1)
{
2000364c:	b480      	push	{r7}
2000364e:	b085      	sub	sp, #20
20003650:	af00      	add	r7, sp, #0
20003652:	6078      	str	r0, [r7, #4]
20003654:	460b      	mov	r3, r1
20003656:	807b      	strh	r3, [r7, #2]
20003658:	4613      	mov	r3, r2
2000365a:	803b      	strh	r3, [r7, #0]
  uint32_t data = 0, tmp = 0;
2000365c:	2300      	movs	r3, #0
2000365e:	60fb      	str	r3, [r7, #12]
20003660:	2300      	movs	r3, #0
20003662:	60bb      	str	r3, [r7, #8]
  assert_param(IS_DAC_ALIGN(DAC_Align));
  assert_param(IS_DAC_DATA(Data1));
  assert_param(IS_DAC_DATA(Data2));
  
  /* Calculate and set dual DAC data holding register value */
  if (DAC_Align == DAC_Align_8b_R)
20003664:	687b      	ldr	r3, [r7, #4]
20003666:	2b08      	cmp	r3, #8
20003668:	d105      	bne.n	20003676 <DAC_SetDualChannelData+0x2a>
  {
    data = ((uint32_t)Data2 << 8) | Data1; 
2000366a:	887b      	ldrh	r3, [r7, #2]
2000366c:	021a      	lsls	r2, r3, #8
2000366e:	883b      	ldrh	r3, [r7, #0]
20003670:	4313      	orrs	r3, r2
20003672:	60fb      	str	r3, [r7, #12]
20003674:	e004      	b.n	20003680 <DAC_SetDualChannelData+0x34>
  }
  else
  {
    data = ((uint32_t)Data2 << 16) | Data1;
20003676:	887b      	ldrh	r3, [r7, #2]
20003678:	041a      	lsls	r2, r3, #16
2000367a:	883b      	ldrh	r3, [r7, #0]
2000367c:	4313      	orrs	r3, r2
2000367e:	60fb      	str	r3, [r7, #12]
  }
  
  tmp = (uint32_t)DAC_BASE;
20003680:	4b07      	ldr	r3, [pc, #28]	@ (200036a0 <DAC_SetDualChannelData+0x54>)
20003682:	60bb      	str	r3, [r7, #8]
  tmp += DHR12RD_OFFSET + DAC_Align;
20003684:	687a      	ldr	r2, [r7, #4]
20003686:	68bb      	ldr	r3, [r7, #8]
20003688:	4413      	add	r3, r2
2000368a:	3320      	adds	r3, #32
2000368c:	60bb      	str	r3, [r7, #8]

  /* Set the dual DAC selected data holding register */
  *(__IO uint32_t *)tmp = data;
2000368e:	68bb      	ldr	r3, [r7, #8]
20003690:	68fa      	ldr	r2, [r7, #12]
20003692:	601a      	str	r2, [r3, #0]
}
20003694:	bf00      	nop
20003696:	3714      	adds	r7, #20
20003698:	46bd      	mov	sp, r7
2000369a:	bc80      	pop	{r7}
2000369c:	4770      	bx	lr
2000369e:	bf00      	nop
200036a0:	40007400 	.word	0x40007400

200036a4 <DAC_GetDataOutputValue>:
  *            @arg DAC_Channel_1: DAC Channel1 selected
  *            @arg DAC_Channel_2: DAC Channel2 selected
  * @retval The selected DAC channel data output value.
  */
uint16_t DAC_GetDataOutputValue(uint32_t DAC_Channel)
{
200036a4:	b480      	push	{r7}
200036a6:	b085      	sub	sp, #20
200036a8:	af00      	add	r7, sp, #0
200036aa:	6078      	str	r0, [r7, #4]
  __IO uint32_t tmp = 0;
200036ac:	2300      	movs	r3, #0
200036ae:	60fb      	str	r3, [r7, #12]
  
  /* Check the parameters */
  assert_param(IS_DAC_CHANNEL(DAC_Channel));
  
  tmp = (uint32_t) DAC_BASE ;
200036b0:	4b07      	ldr	r3, [pc, #28]	@ (200036d0 <DAC_GetDataOutputValue+0x2c>)
200036b2:	60fb      	str	r3, [r7, #12]
  tmp += DOR_OFFSET + ((uint32_t)DAC_Channel >> 2);
200036b4:	687b      	ldr	r3, [r7, #4]
200036b6:	089a      	lsrs	r2, r3, #2
200036b8:	68fb      	ldr	r3, [r7, #12]
200036ba:	4413      	add	r3, r2
200036bc:	332c      	adds	r3, #44	@ 0x2c
200036be:	60fb      	str	r3, [r7, #12]
  
  /* Returns the DAC channel data output register value */
  return (uint16_t) (*(__IO uint32_t*) tmp);
200036c0:	68fb      	ldr	r3, [r7, #12]
200036c2:	681b      	ldr	r3, [r3, #0]
200036c4:	b29b      	uxth	r3, r3
}
200036c6:	4618      	mov	r0, r3
200036c8:	3714      	adds	r7, #20
200036ca:	46bd      	mov	sp, r7
200036cc:	bc80      	pop	{r7}
200036ce:	4770      	bx	lr
200036d0:	40007400 	.word	0x40007400

200036d4 <DAC_DMACmd>:
  * @note   The DAC channel2 is mapped on DMA1 Stream 6 channel7 which must be
  *          already configured.    
  * @retval None
  */
void DAC_DMACmd(uint32_t DAC_Channel, FunctionalState NewState)
{
200036d4:	b480      	push	{r7}
200036d6:	b083      	sub	sp, #12
200036d8:	af00      	add	r7, sp, #0
200036da:	6078      	str	r0, [r7, #4]
200036dc:	460b      	mov	r3, r1
200036de:	70fb      	strb	r3, [r7, #3]
  /* Check the parameters */
  assert_param(IS_DAC_CHANNEL(DAC_Channel));
  assert_param(IS_FUNCTIONAL_STATE(NewState));

  if (NewState != DISABLE)
200036e0:	78fb      	ldrb	r3, [r7, #3]
200036e2:	2b00      	cmp	r3, #0
200036e4:	d00a      	beq.n	200036fc <DAC_DMACmd+0x28>
  {
    /* Enable the selected DAC channel DMA request */
    DAC->CR |= (DAC_CR_DMAEN1 << DAC_Channel);
200036e6:	4b0d      	ldr	r3, [pc, #52]	@ (2000371c <DAC_DMACmd+0x48>)
200036e8:	681a      	ldr	r2, [r3, #0]
200036ea:	f44f 5180 	mov.w	r1, #4096	@ 0x1000
200036ee:	687b      	ldr	r3, [r7, #4]
200036f0:	fa01 f303 	lsl.w	r3, r1, r3
200036f4:	4909      	ldr	r1, [pc, #36]	@ (2000371c <DAC_DMACmd+0x48>)
200036f6:	4313      	orrs	r3, r2
200036f8:	600b      	str	r3, [r1, #0]
  else
  {
    /* Disable the selected DAC channel DMA request */
    DAC->CR &= (~(DAC_CR_DMAEN1 << DAC_Channel));
  }
}
200036fa:	e00a      	b.n	20003712 <DAC_DMACmd+0x3e>
    DAC->CR &= (~(DAC_CR_DMAEN1 << DAC_Channel));
200036fc:	4b07      	ldr	r3, [pc, #28]	@ (2000371c <DAC_DMACmd+0x48>)
200036fe:	681a      	ldr	r2, [r3, #0]
20003700:	f44f 5180 	mov.w	r1, #4096	@ 0x1000
20003704:	687b      	ldr	r3, [r7, #4]
20003706:	fa01 f303 	lsl.w	r3, r1, r3
2000370a:	43db      	mvns	r3, r3
2000370c:	4903      	ldr	r1, [pc, #12]	@ (2000371c <DAC_DMACmd+0x48>)
2000370e:	4013      	ands	r3, r2
20003710:	600b      	str	r3, [r1, #0]
}
20003712:	bf00      	nop
20003714:	370c      	adds	r7, #12
20003716:	46bd      	mov	sp, r7
20003718:	bc80      	pop	{r7}
2000371a:	4770      	bx	lr
2000371c:	40007400 	.word	0x40007400

20003720 <DAC_ITConfig>:
  * @param  NewState: new state of the specified DAC interrupts.
  *          This parameter can be: ENABLE or DISABLE.
  * @retval None
  */ 
void DAC_ITConfig(uint32_t DAC_Channel, uint32_t DAC_IT, FunctionalState NewState)  
{
20003720:	b480      	push	{r7}
20003722:	b085      	sub	sp, #20
20003724:	af00      	add	r7, sp, #0
20003726:	60f8      	str	r0, [r7, #12]
20003728:	60b9      	str	r1, [r7, #8]
2000372a:	4613      	mov	r3, r2
2000372c:	71fb      	strb	r3, [r7, #7]
  /* Check the parameters */
  assert_param(IS_DAC_CHANNEL(DAC_Channel));
  assert_param(IS_FUNCTIONAL_STATE(NewState));
  assert_param(IS_DAC_IT(DAC_IT)); 

  if (NewState != DISABLE)
2000372e:	79fb      	ldrb	r3, [r7, #7]
20003730:	2b00      	cmp	r3, #0
20003732:	d009      	beq.n	20003748 <DAC_ITConfig+0x28>
  {
    /* Enable the selected DAC interrupts */
    DAC->CR |=  (DAC_IT << DAC_Channel);
20003734:	4b0c      	ldr	r3, [pc, #48]	@ (20003768 <DAC_ITConfig+0x48>)
20003736:	681a      	ldr	r2, [r3, #0]
20003738:	68b9      	ldr	r1, [r7, #8]
2000373a:	68fb      	ldr	r3, [r7, #12]
2000373c:	fa01 f303 	lsl.w	r3, r1, r3
20003740:	4909      	ldr	r1, [pc, #36]	@ (20003768 <DAC_ITConfig+0x48>)
20003742:	4313      	orrs	r3, r2
20003744:	600b      	str	r3, [r1, #0]
  else
  {
    /* Disable the selected DAC interrupts */
    DAC->CR &= (~(uint32_t)(DAC_IT << DAC_Channel));
  }
}
20003746:	e009      	b.n	2000375c <DAC_ITConfig+0x3c>
    DAC->CR &= (~(uint32_t)(DAC_IT << DAC_Channel));
20003748:	4b07      	ldr	r3, [pc, #28]	@ (20003768 <DAC_ITConfig+0x48>)
2000374a:	681a      	ldr	r2, [r3, #0]
2000374c:	68b9      	ldr	r1, [r7, #8]
2000374e:	68fb      	ldr	r3, [r7, #12]
20003750:	fa01 f303 	lsl.w	r3, r1, r3
20003754:	43db      	mvns	r3, r3
20003756:	4904      	ldr	r1, [pc, #16]	@ (20003768 <DAC_ITConfig+0x48>)
20003758:	4013      	ands	r3, r2
2000375a:	600b      	str	r3, [r1, #0]
}
2000375c:	bf00      	nop
2000375e:	3714      	adds	r7, #20
20003760:	46bd      	mov	sp, r7
20003762:	bc80      	pop	{r7}
20003764:	4770      	bx	lr
20003766:	bf00      	nop
20003768:	40007400 	.word	0x40007400

2000376c <DAC_GetFlagStatus>:
  * @note   The DMA underrun occurs when a second external trigger arrives before the 
  *         acknowledgement for the first external trigger is received (first request).
  * @retval The new state of DAC_FLAG (SET or RESET).
  */
FlagStatus DAC_GetFlagStatus(uint32_t DAC_Channel, uint32_t DAC_FLAG)
{
2000376c:	b480      	push	{r7}
2000376e:	b085      	sub	sp, #20
20003770:	af00      	add	r7, sp, #0
20003772:	6078      	str	r0, [r7, #4]
20003774:	6039      	str	r1, [r7, #0]
  FlagStatus bitstatus = RESET;
20003776:	2300      	movs	r3, #0
20003778:	73fb      	strb	r3, [r7, #15]
  /* Check the parameters */
  assert_param(IS_DAC_CHANNEL(DAC_Channel));
  assert_param(IS_DAC_FLAG(DAC_FLAG));

  /* Check the status of the specified DAC flag */
  if ((DAC->SR & (DAC_FLAG << DAC_Channel)) != (uint8_t)RESET)
2000377a:	4b0a      	ldr	r3, [pc, #40]	@ (200037a4 <DAC_GetFlagStatus+0x38>)
2000377c:	6b5a      	ldr	r2, [r3, #52]	@ 0x34
2000377e:	6839      	ldr	r1, [r7, #0]
20003780:	687b      	ldr	r3, [r7, #4]
20003782:	fa01 f303 	lsl.w	r3, r1, r3
20003786:	4013      	ands	r3, r2
20003788:	2b00      	cmp	r3, #0
2000378a:	d002      	beq.n	20003792 <DAC_GetFlagStatus+0x26>
  {
    /* DAC_FLAG is set */
    bitstatus = SET;
2000378c:	2301      	movs	r3, #1
2000378e:	73fb      	strb	r3, [r7, #15]
20003790:	e001      	b.n	20003796 <DAC_GetFlagStatus+0x2a>
  }
  else
  {
    /* DAC_FLAG is reset */
    bitstatus = RESET;
20003792:	2300      	movs	r3, #0
20003794:	73fb      	strb	r3, [r7, #15]
  }
  /* Return the DAC_FLAG status */
  return  bitstatus;
20003796:	7bfb      	ldrb	r3, [r7, #15]
}
20003798:	4618      	mov	r0, r3
2000379a:	3714      	adds	r7, #20
2000379c:	46bd      	mov	sp, r7
2000379e:	bc80      	pop	{r7}
200037a0:	4770      	bx	lr
200037a2:	bf00      	nop
200037a4:	40007400 	.word	0x40007400

200037a8 <DAC_ClearFlag>:
  * @note   The DMA underrun occurs when a second external trigger arrives before the 
  *         acknowledgement for the first external trigger is received (first request).                           
  * @retval None
  */
void DAC_ClearFlag(uint32_t DAC_Channel, uint32_t DAC_FLAG)
{
200037a8:	b480      	push	{r7}
200037aa:	b083      	sub	sp, #12
200037ac:	af00      	add	r7, sp, #0
200037ae:	6078      	str	r0, [r7, #4]
200037b0:	6039      	str	r1, [r7, #0]
  /* Check the parameters */
  assert_param(IS_DAC_CHANNEL(DAC_Channel));
  assert_param(IS_DAC_FLAG(DAC_FLAG));

  /* Clear the selected DAC flags */
  DAC->SR = (DAC_FLAG << DAC_Channel);
200037b2:	4905      	ldr	r1, [pc, #20]	@ (200037c8 <DAC_ClearFlag+0x20>)
200037b4:	683a      	ldr	r2, [r7, #0]
200037b6:	687b      	ldr	r3, [r7, #4]
200037b8:	fa02 f303 	lsl.w	r3, r2, r3
200037bc:	634b      	str	r3, [r1, #52]	@ 0x34
}
200037be:	bf00      	nop
200037c0:	370c      	adds	r7, #12
200037c2:	46bd      	mov	sp, r7
200037c4:	bc80      	pop	{r7}
200037c6:	4770      	bx	lr
200037c8:	40007400 	.word	0x40007400

200037cc <DAC_GetITStatus>:
  * @note   The DMA underrun occurs when a second external trigger arrives before the 
  *         acknowledgement for the first external trigger is received (first request).
  * @retval The new state of DAC_IT (SET or RESET).
  */
ITStatus DAC_GetITStatus(uint32_t DAC_Channel, uint32_t DAC_IT)
{
200037cc:	b480      	push	{r7}
200037ce:	b085      	sub	sp, #20
200037d0:	af00      	add	r7, sp, #0
200037d2:	6078      	str	r0, [r7, #4]
200037d4:	6039      	str	r1, [r7, #0]
  ITStatus bitstatus = RESET;
200037d6:	2300      	movs	r3, #0
200037d8:	73fb      	strb	r3, [r7, #15]
  uint32_t enablestatus = 0;
200037da:	2300      	movs	r3, #0
200037dc:	60bb      	str	r3, [r7, #8]
  /* Check the parameters */
  assert_param(IS_DAC_CHANNEL(DAC_Channel));
  assert_param(IS_DAC_IT(DAC_IT));

  /* Get the DAC_IT enable bit status */
  enablestatus = (DAC->CR & (DAC_IT << DAC_Channel)) ;
200037de:	4b0f      	ldr	r3, [pc, #60]	@ (2000381c <DAC_GetITStatus+0x50>)
200037e0:	681a      	ldr	r2, [r3, #0]
200037e2:	6839      	ldr	r1, [r7, #0]
200037e4:	687b      	ldr	r3, [r7, #4]
200037e6:	fa01 f303 	lsl.w	r3, r1, r3
200037ea:	4013      	ands	r3, r2
200037ec:	60bb      	str	r3, [r7, #8]
  
  /* Check the status of the specified DAC interrupt */
  if (((DAC->SR & (DAC_IT << DAC_Channel)) != (uint32_t)RESET) && enablestatus)
200037ee:	4b0b      	ldr	r3, [pc, #44]	@ (2000381c <DAC_GetITStatus+0x50>)
200037f0:	6b5a      	ldr	r2, [r3, #52]	@ 0x34
200037f2:	6839      	ldr	r1, [r7, #0]
200037f4:	687b      	ldr	r3, [r7, #4]
200037f6:	fa01 f303 	lsl.w	r3, r1, r3
200037fa:	4013      	ands	r3, r2
200037fc:	2b00      	cmp	r3, #0
200037fe:	d005      	beq.n	2000380c <DAC_GetITStatus+0x40>
20003800:	68bb      	ldr	r3, [r7, #8]
20003802:	2b00      	cmp	r3, #0
20003804:	d002      	beq.n	2000380c <DAC_GetITStatus+0x40>
  {
    /* DAC_IT is set */
    bitstatus = SET;
20003806:	2301      	movs	r3, #1
20003808:	73fb      	strb	r3, [r7, #15]
2000380a:	e001      	b.n	20003810 <DAC_GetITStatus+0x44>
  }
  else
  {
    /* DAC_IT is reset */
    bitstatus = RESET;
2000380c:	2300      	movs	r3, #0
2000380e:	73fb      	strb	r3, [r7, #15]
  }
  /* Return the DAC_IT status */
  return  bitstatus;
20003810:	7bfb      	ldrb	r3, [r7, #15]
}
20003812:	4618      	mov	r0, r3
20003814:	3714      	adds	r7, #20
20003816:	46bd      	mov	sp, r7
20003818:	bc80      	pop	{r7}
2000381a:	4770      	bx	lr
2000381c:	40007400 	.word	0x40007400

20003820 <DAC_ClearITPendingBit>:
  * @note   The DMA underrun occurs when a second external trigger arrives before the 
  *         acknowledgement for the first external trigger is received (first request).                           
  * @retval None
  */
void DAC_ClearITPendingBit(uint32_t DAC_Channel, uint32_t DAC_IT)
{
20003820:	b480      	push	{r7}
20003822:	b083      	sub	sp, #12
20003824:	af00      	add	r7, sp, #0
20003826:	6078      	str	r0, [r7, #4]
20003828:	6039      	str	r1, [r7, #0]
  /* Check the parameters */
  assert_param(IS_DAC_CHANNEL(DAC_Channel));
  assert_param(IS_DAC_IT(DAC_IT)); 

  /* Clear the selected DAC interrupt pending bits */
  DAC->SR = (DAC_IT << DAC_Channel);
2000382a:	4905      	ldr	r1, [pc, #20]	@ (20003840 <DAC_ClearITPendingBit+0x20>)
2000382c:	683a      	ldr	r2, [r7, #0]
2000382e:	687b      	ldr	r3, [r7, #4]
20003830:	fa02 f303 	lsl.w	r3, r2, r3
20003834:	634b      	str	r3, [r1, #52]	@ 0x34
}
20003836:	bf00      	nop
20003838:	370c      	adds	r7, #12
2000383a:	46bd      	mov	sp, r7
2000383c:	bc80      	pop	{r7}
2000383e:	4770      	bx	lr
20003840:	40007400 	.word	0x40007400

20003844 <EXTI_DeInit>:
  * @brief  Deinitializes the EXTI peripheral registers to their default reset values.
  * @param  None
  * @retval None
  */
void EXTI_DeInit(void)
{
20003844:	b480      	push	{r7}
20003846:	af00      	add	r7, sp, #0
  EXTI->IMR = 0x00000000;
20003848:	4b09      	ldr	r3, [pc, #36]	@ (20003870 <EXTI_DeInit+0x2c>)
2000384a:	2200      	movs	r2, #0
2000384c:	601a      	str	r2, [r3, #0]
  EXTI->EMR = 0x00000000;
2000384e:	4b08      	ldr	r3, [pc, #32]	@ (20003870 <EXTI_DeInit+0x2c>)
20003850:	2200      	movs	r2, #0
20003852:	605a      	str	r2, [r3, #4]
  EXTI->RTSR = 0x00000000;
20003854:	4b06      	ldr	r3, [pc, #24]	@ (20003870 <EXTI_DeInit+0x2c>)
20003856:	2200      	movs	r2, #0
20003858:	609a      	str	r2, [r3, #8]
  EXTI->FTSR = 0x00000000;
2000385a:	4b05      	ldr	r3, [pc, #20]	@ (20003870 <EXTI_DeInit+0x2c>)
2000385c:	2200      	movs	r2, #0
2000385e:	60da      	str	r2, [r3, #12]
  EXTI->PR = 0x007FFFFF;
20003860:	4b03      	ldr	r3, [pc, #12]	@ (20003870 <EXTI_DeInit+0x2c>)
20003862:	4a04      	ldr	r2, [pc, #16]	@ (20003874 <EXTI_DeInit+0x30>)
20003864:	615a      	str	r2, [r3, #20]
}
20003866:	bf00      	nop
20003868:	46bd      	mov	sp, r7
2000386a:	bc80      	pop	{r7}
2000386c:	4770      	bx	lr
2000386e:	bf00      	nop
20003870:	40013c00 	.word	0x40013c00
20003874:	007fffff 	.word	0x007fffff

20003878 <EXTI_Init>:
  * @param  EXTI_InitStruct: pointer to a EXTI_InitTypeDef structure
  *         that contains the configuration information for the EXTI peripheral.
  * @retval None
  */
void EXTI_Init(EXTI_InitTypeDef* EXTI_InitStruct)
{
20003878:	b480      	push	{r7}
2000387a:	b085      	sub	sp, #20
2000387c:	af00      	add	r7, sp, #0
2000387e:	6078      	str	r0, [r7, #4]
  uint32_t tmp = 0;
20003880:	2300      	movs	r3, #0
20003882:	60fb      	str	r3, [r7, #12]
  assert_param(IS_EXTI_MODE(EXTI_InitStruct->EXTI_Mode));
  assert_param(IS_EXTI_TRIGGER(EXTI_InitStruct->EXTI_Trigger));
  assert_param(IS_EXTI_LINE(EXTI_InitStruct->EXTI_Line));  
  assert_param(IS_FUNCTIONAL_STATE(EXTI_InitStruct->EXTI_LineCmd));

  tmp = (uint32_t)EXTI_BASE;
20003884:	4b34      	ldr	r3, [pc, #208]	@ (20003958 <EXTI_Init+0xe0>)
20003886:	60fb      	str	r3, [r7, #12]
     
  if (EXTI_InitStruct->EXTI_LineCmd != DISABLE)
20003888:	687b      	ldr	r3, [r7, #4]
2000388a:	799b      	ldrb	r3, [r3, #6]
2000388c:	2b00      	cmp	r3, #0
2000388e:	d04f      	beq.n	20003930 <EXTI_Init+0xb8>
  {
    /* Clear EXTI line configuration */
    EXTI->IMR &= ~EXTI_InitStruct->EXTI_Line;
20003890:	4b31      	ldr	r3, [pc, #196]	@ (20003958 <EXTI_Init+0xe0>)
20003892:	681a      	ldr	r2, [r3, #0]
20003894:	687b      	ldr	r3, [r7, #4]
20003896:	681b      	ldr	r3, [r3, #0]
20003898:	43db      	mvns	r3, r3
2000389a:	492f      	ldr	r1, [pc, #188]	@ (20003958 <EXTI_Init+0xe0>)
2000389c:	4013      	ands	r3, r2
2000389e:	600b      	str	r3, [r1, #0]
    EXTI->EMR &= ~EXTI_InitStruct->EXTI_Line;
200038a0:	4b2d      	ldr	r3, [pc, #180]	@ (20003958 <EXTI_Init+0xe0>)
200038a2:	685a      	ldr	r2, [r3, #4]
200038a4:	687b      	ldr	r3, [r7, #4]
200038a6:	681b      	ldr	r3, [r3, #0]
200038a8:	43db      	mvns	r3, r3
200038aa:	492b      	ldr	r1, [pc, #172]	@ (20003958 <EXTI_Init+0xe0>)
200038ac:	4013      	ands	r3, r2
200038ae:	604b      	str	r3, [r1, #4]
    
    tmp += EXTI_InitStruct->EXTI_Mode;
200038b0:	687b      	ldr	r3, [r7, #4]
200038b2:	791b      	ldrb	r3, [r3, #4]
200038b4:	461a      	mov	r2, r3
200038b6:	68fb      	ldr	r3, [r7, #12]
200038b8:	4413      	add	r3, r2
200038ba:	60fb      	str	r3, [r7, #12]

    *(__IO uint32_t *) tmp |= EXTI_InitStruct->EXTI_Line;
200038bc:	68fb      	ldr	r3, [r7, #12]
200038be:	6819      	ldr	r1, [r3, #0]
200038c0:	687b      	ldr	r3, [r7, #4]
200038c2:	681a      	ldr	r2, [r3, #0]
200038c4:	68fb      	ldr	r3, [r7, #12]
200038c6:	430a      	orrs	r2, r1
200038c8:	601a      	str	r2, [r3, #0]

    /* Clear Rising Falling edge configuration */
    EXTI->RTSR &= ~EXTI_InitStruct->EXTI_Line;
200038ca:	4b23      	ldr	r3, [pc, #140]	@ (20003958 <EXTI_Init+0xe0>)
200038cc:	689a      	ldr	r2, [r3, #8]
200038ce:	687b      	ldr	r3, [r7, #4]
200038d0:	681b      	ldr	r3, [r3, #0]
200038d2:	43db      	mvns	r3, r3
200038d4:	4920      	ldr	r1, [pc, #128]	@ (20003958 <EXTI_Init+0xe0>)
200038d6:	4013      	ands	r3, r2
200038d8:	608b      	str	r3, [r1, #8]
    EXTI->FTSR &= ~EXTI_InitStruct->EXTI_Line;
200038da:	4b1f      	ldr	r3, [pc, #124]	@ (20003958 <EXTI_Init+0xe0>)
200038dc:	68da      	ldr	r2, [r3, #12]
200038de:	687b      	ldr	r3, [r7, #4]
200038e0:	681b      	ldr	r3, [r3, #0]
200038e2:	43db      	mvns	r3, r3
200038e4:	491c      	ldr	r1, [pc, #112]	@ (20003958 <EXTI_Init+0xe0>)
200038e6:	4013      	ands	r3, r2
200038e8:	60cb      	str	r3, [r1, #12]
    
    /* Select the trigger for the selected external interrupts */
    if (EXTI_InitStruct->EXTI_Trigger == EXTI_Trigger_Rising_Falling)
200038ea:	687b      	ldr	r3, [r7, #4]
200038ec:	795b      	ldrb	r3, [r3, #5]
200038ee:	2b10      	cmp	r3, #16
200038f0:	d10e      	bne.n	20003910 <EXTI_Init+0x98>
    {
      /* Rising Falling edge */
      EXTI->RTSR |= EXTI_InitStruct->EXTI_Line;
200038f2:	4b19      	ldr	r3, [pc, #100]	@ (20003958 <EXTI_Init+0xe0>)
200038f4:	689a      	ldr	r2, [r3, #8]
200038f6:	687b      	ldr	r3, [r7, #4]
200038f8:	681b      	ldr	r3, [r3, #0]
200038fa:	4917      	ldr	r1, [pc, #92]	@ (20003958 <EXTI_Init+0xe0>)
200038fc:	4313      	orrs	r3, r2
200038fe:	608b      	str	r3, [r1, #8]
      EXTI->FTSR |= EXTI_InitStruct->EXTI_Line;
20003900:	4b15      	ldr	r3, [pc, #84]	@ (20003958 <EXTI_Init+0xe0>)
20003902:	68da      	ldr	r2, [r3, #12]
20003904:	687b      	ldr	r3, [r7, #4]
20003906:	681b      	ldr	r3, [r3, #0]
20003908:	4913      	ldr	r1, [pc, #76]	@ (20003958 <EXTI_Init+0xe0>)
2000390a:	4313      	orrs	r3, r2
2000390c:	60cb      	str	r3, [r1, #12]
    tmp += EXTI_InitStruct->EXTI_Mode;

    /* Disable the selected external lines */
    *(__IO uint32_t *) tmp &= ~EXTI_InitStruct->EXTI_Line;
  }
}
2000390e:	e01d      	b.n	2000394c <EXTI_Init+0xd4>
      tmp = (uint32_t)EXTI_BASE;
20003910:	4b11      	ldr	r3, [pc, #68]	@ (20003958 <EXTI_Init+0xe0>)
20003912:	60fb      	str	r3, [r7, #12]
      tmp += EXTI_InitStruct->EXTI_Trigger;
20003914:	687b      	ldr	r3, [r7, #4]
20003916:	795b      	ldrb	r3, [r3, #5]
20003918:	461a      	mov	r2, r3
2000391a:	68fb      	ldr	r3, [r7, #12]
2000391c:	4413      	add	r3, r2
2000391e:	60fb      	str	r3, [r7, #12]
      *(__IO uint32_t *) tmp |= EXTI_InitStruct->EXTI_Line;
20003920:	68fb      	ldr	r3, [r7, #12]
20003922:	6819      	ldr	r1, [r3, #0]
20003924:	687b      	ldr	r3, [r7, #4]
20003926:	681a      	ldr	r2, [r3, #0]
20003928:	68fb      	ldr	r3, [r7, #12]
2000392a:	430a      	orrs	r2, r1
2000392c:	601a      	str	r2, [r3, #0]
}
2000392e:	e00d      	b.n	2000394c <EXTI_Init+0xd4>
    tmp += EXTI_InitStruct->EXTI_Mode;
20003930:	687b      	ldr	r3, [r7, #4]
20003932:	791b      	ldrb	r3, [r3, #4]
20003934:	461a      	mov	r2, r3
20003936:	68fb      	ldr	r3, [r7, #12]
20003938:	4413      	add	r3, r2
2000393a:	60fb      	str	r3, [r7, #12]
    *(__IO uint32_t *) tmp &= ~EXTI_InitStruct->EXTI_Line;
2000393c:	68fb      	ldr	r3, [r7, #12]
2000393e:	6819      	ldr	r1, [r3, #0]
20003940:	687b      	ldr	r3, [r7, #4]
20003942:	681b      	ldr	r3, [r3, #0]
20003944:	43da      	mvns	r2, r3
20003946:	68fb      	ldr	r3, [r7, #12]
20003948:	400a      	ands	r2, r1
2000394a:	601a      	str	r2, [r3, #0]
}
2000394c:	bf00      	nop
2000394e:	3714      	adds	r7, #20
20003950:	46bd      	mov	sp, r7
20003952:	bc80      	pop	{r7}
20003954:	4770      	bx	lr
20003956:	bf00      	nop
20003958:	40013c00 	.word	0x40013c00

2000395c <EXTI_StructInit>:
  * @param  EXTI_InitStruct: pointer to a EXTI_InitTypeDef structure which will
  *         be initialized.
  * @retval None
  */
void EXTI_StructInit(EXTI_InitTypeDef* EXTI_InitStruct)
{
2000395c:	b480      	push	{r7}
2000395e:	b083      	sub	sp, #12
20003960:	af00      	add	r7, sp, #0
20003962:	6078      	str	r0, [r7, #4]
  EXTI_InitStruct->EXTI_Line = EXTI_LINENONE;
20003964:	687b      	ldr	r3, [r7, #4]
20003966:	2200      	movs	r2, #0
20003968:	601a      	str	r2, [r3, #0]
  EXTI_InitStruct->EXTI_Mode = EXTI_Mode_Interrupt;
2000396a:	687b      	ldr	r3, [r7, #4]
2000396c:	2200      	movs	r2, #0
2000396e:	711a      	strb	r2, [r3, #4]
  EXTI_InitStruct->EXTI_Trigger = EXTI_Trigger_Falling;
20003970:	687b      	ldr	r3, [r7, #4]
20003972:	220c      	movs	r2, #12
20003974:	715a      	strb	r2, [r3, #5]
  EXTI_InitStruct->EXTI_LineCmd = DISABLE;
20003976:	687b      	ldr	r3, [r7, #4]
20003978:	2200      	movs	r2, #0
2000397a:	719a      	strb	r2, [r3, #6]
}
2000397c:	bf00      	nop
2000397e:	370c      	adds	r7, #12
20003980:	46bd      	mov	sp, r7
20003982:	bc80      	pop	{r7}
20003984:	4770      	bx	lr

20003986 <EXTI_GenerateSWInterrupt>:
  *         will be generated.
  *         This parameter can be any combination of EXTI_Linex where x can be (0..22)
  * @retval None
  */
void EXTI_GenerateSWInterrupt(uint32_t EXTI_Line)
{
20003986:	b480      	push	{r7}
20003988:	b083      	sub	sp, #12
2000398a:	af00      	add	r7, sp, #0
2000398c:	6078      	str	r0, [r7, #4]
  /* Check the parameters */
  assert_param(IS_EXTI_LINE(EXTI_Line));
  
  EXTI->SWIER |= EXTI_Line;
2000398e:	4b05      	ldr	r3, [pc, #20]	@ (200039a4 <EXTI_GenerateSWInterrupt+0x1e>)
20003990:	691a      	ldr	r2, [r3, #16]
20003992:	4904      	ldr	r1, [pc, #16]	@ (200039a4 <EXTI_GenerateSWInterrupt+0x1e>)
20003994:	687b      	ldr	r3, [r7, #4]
20003996:	4313      	orrs	r3, r2
20003998:	610b      	str	r3, [r1, #16]
}
2000399a:	bf00      	nop
2000399c:	370c      	adds	r7, #12
2000399e:	46bd      	mov	sp, r7
200039a0:	bc80      	pop	{r7}
200039a2:	4770      	bx	lr
200039a4:	40013c00 	.word	0x40013c00

200039a8 <EXTI_GetFlagStatus>:
  * @param  EXTI_Line: specifies the EXTI line flag to check.
  *          This parameter can be EXTI_Linex where x can be(0..22)
  * @retval The new state of EXTI_Line (SET or RESET).
  */
FlagStatus EXTI_GetFlagStatus(uint32_t EXTI_Line)
{
200039a8:	b480      	push	{r7}
200039aa:	b085      	sub	sp, #20
200039ac:	af00      	add	r7, sp, #0
200039ae:	6078      	str	r0, [r7, #4]
  FlagStatus bitstatus = RESET;
200039b0:	2300      	movs	r3, #0
200039b2:	73fb      	strb	r3, [r7, #15]
  /* Check the parameters */
  assert_param(IS_GET_EXTI_LINE(EXTI_Line));
  
  if ((EXTI->PR & EXTI_Line) != (uint32_t)RESET)
200039b4:	4b08      	ldr	r3, [pc, #32]	@ (200039d8 <EXTI_GetFlagStatus+0x30>)
200039b6:	695a      	ldr	r2, [r3, #20]
200039b8:	687b      	ldr	r3, [r7, #4]
200039ba:	4013      	ands	r3, r2
200039bc:	2b00      	cmp	r3, #0
200039be:	d002      	beq.n	200039c6 <EXTI_GetFlagStatus+0x1e>
  {
    bitstatus = SET;
200039c0:	2301      	movs	r3, #1
200039c2:	73fb      	strb	r3, [r7, #15]
200039c4:	e001      	b.n	200039ca <EXTI_GetFlagStatus+0x22>
  }
  else
  {
    bitstatus = RESET;
200039c6:	2300      	movs	r3, #0
200039c8:	73fb      	strb	r3, [r7, #15]
  }
  return bitstatus;
200039ca:	7bfb      	ldrb	r3, [r7, #15]
}
200039cc:	4618      	mov	r0, r3
200039ce:	3714      	adds	r7, #20
200039d0:	46bd      	mov	sp, r7
200039d2:	bc80      	pop	{r7}
200039d4:	4770      	bx	lr
200039d6:	bf00      	nop
200039d8:	40013c00 	.word	0x40013c00

200039dc <EXTI_ClearFlag>:
  * @param  EXTI_Line: specifies the EXTI lines flags to clear.
  *          This parameter can be any combination of EXTI_Linex where x can be (0..22)
  * @retval None
  */
void EXTI_ClearFlag(uint32_t EXTI_Line)
{
200039dc:	b480      	push	{r7}
200039de:	b083      	sub	sp, #12
200039e0:	af00      	add	r7, sp, #0
200039e2:	6078      	str	r0, [r7, #4]
  /* Check the parameters */
  assert_param(IS_EXTI_LINE(EXTI_Line));
  
  EXTI->PR = EXTI_Line;
200039e4:	4a03      	ldr	r2, [pc, #12]	@ (200039f4 <EXTI_ClearFlag+0x18>)
200039e6:	687b      	ldr	r3, [r7, #4]
200039e8:	6153      	str	r3, [r2, #20]
}
200039ea:	bf00      	nop
200039ec:	370c      	adds	r7, #12
200039ee:	46bd      	mov	sp, r7
200039f0:	bc80      	pop	{r7}
200039f2:	4770      	bx	lr
200039f4:	40013c00 	.word	0x40013c00

200039f8 <EXTI_GetITStatus>:
  * @param  EXTI_Line: specifies the EXTI line to check.
  *          This parameter can be EXTI_Linex where x can be(0..22)
  * @retval The new state of EXTI_Line (SET or RESET).
  */
ITStatus EXTI_GetITStatus(uint32_t EXTI_Line)
{
200039f8:	b480      	push	{r7}
200039fa:	b085      	sub	sp, #20
200039fc:	af00      	add	r7, sp, #0
200039fe:	6078      	str	r0, [r7, #4]
  FlagStatus bitstatus = RESET;
20003a00:	2300      	movs	r3, #0
20003a02:	73fb      	strb	r3, [r7, #15]
  /* Check the parameters */
  assert_param(IS_GET_EXTI_LINE(EXTI_Line));
  
  if ((EXTI->PR & EXTI_Line) != (uint32_t)RESET)
20003a04:	4b08      	ldr	r3, [pc, #32]	@ (20003a28 <EXTI_GetITStatus+0x30>)
20003a06:	695a      	ldr	r2, [r3, #20]
20003a08:	687b      	ldr	r3, [r7, #4]
20003a0a:	4013      	ands	r3, r2
20003a0c:	2b00      	cmp	r3, #0
20003a0e:	d002      	beq.n	20003a16 <EXTI_GetITStatus+0x1e>
  {
    bitstatus = SET;
20003a10:	2301      	movs	r3, #1
20003a12:	73fb      	strb	r3, [r7, #15]
20003a14:	e001      	b.n	20003a1a <EXTI_GetITStatus+0x22>
  }
  else
  {
    bitstatus = RESET;
20003a16:	2300      	movs	r3, #0
20003a18:	73fb      	strb	r3, [r7, #15]
  }
  return bitstatus;
20003a1a:	7bfb      	ldrb	r3, [r7, #15]
  
}
20003a1c:	4618      	mov	r0, r3
20003a1e:	3714      	adds	r7, #20
20003a20:	46bd      	mov	sp, r7
20003a22:	bc80      	pop	{r7}
20003a24:	4770      	bx	lr
20003a26:	bf00      	nop
20003a28:	40013c00 	.word	0x40013c00

20003a2c <EXTI_ClearITPendingBit>:
  * @param  EXTI_Line: specifies the EXTI lines to clear.
  *          This parameter can be any combination of EXTI_Linex where x can be (0..22)
  * @retval None
  */
void EXTI_ClearITPendingBit(uint32_t EXTI_Line)
{
20003a2c:	b480      	push	{r7}
20003a2e:	b083      	sub	sp, #12
20003a30:	af00      	add	r7, sp, #0
20003a32:	6078      	str	r0, [r7, #4]
  /* Check the parameters */
  assert_param(IS_EXTI_LINE(EXTI_Line));
  
  EXTI->PR = EXTI_Line;
20003a34:	4a03      	ldr	r2, [pc, #12]	@ (20003a44 <EXTI_ClearITPendingBit+0x18>)
20003a36:	687b      	ldr	r3, [r7, #4]
20003a38:	6153      	str	r3, [r2, #20]
}
20003a3a:	bf00      	nop
20003a3c:	370c      	adds	r7, #12
20003a3e:	46bd      	mov	sp, r7
20003a40:	bc80      	pop	{r7}
20003a42:	4770      	bx	lr
20003a44:	40013c00 	.word	0x40013c00

20003a48 <GPIO_DeInit>:
  *                      x can be (A..I) to select the GPIO peripheral for STM32F42xxx/43xxx devices.
  *                      x can be (A, B, C, D and H) to select the GPIO peripheral for STM32F401xx devices.  
  * @retval None
  */
void GPIO_DeInit(GPIO_TypeDef* GPIOx)
{
20003a48:	b580      	push	{r7, lr}
20003a4a:	b082      	sub	sp, #8
20003a4c:	af00      	add	r7, sp, #0
20003a4e:	6078      	str	r0, [r7, #4]
  /* Check the parameters */
  assert_param(IS_GPIO_ALL_PERIPH(GPIOx));

  if (GPIOx == GPIOA)
20003a50:	687b      	ldr	r3, [r7, #4]
20003a52:	4a4b      	ldr	r2, [pc, #300]	@ (20003b80 <GPIO_DeInit+0x138>)
20003a54:	4293      	cmp	r3, r2
20003a56:	d108      	bne.n	20003a6a <GPIO_DeInit+0x22>
  {
    RCC_AHB1PeriphResetCmd(RCC_AHB1Periph_GPIOA, ENABLE);
20003a58:	2101      	movs	r1, #1
20003a5a:	2001      	movs	r0, #1
20003a5c:	f000 feac 	bl	200047b8 <RCC_AHB1PeriphResetCmd>
    RCC_AHB1PeriphResetCmd(RCC_AHB1Periph_GPIOA, DISABLE);
20003a60:	2100      	movs	r1, #0
20003a62:	2001      	movs	r0, #1
20003a64:	f000 fea8 	bl	200047b8 <RCC_AHB1PeriphResetCmd>
    {
      RCC_AHB1PeriphResetCmd(RCC_AHB1Periph_GPIOK, ENABLE);
      RCC_AHB1PeriphResetCmd(RCC_AHB1Periph_GPIOK, DISABLE);
    }
  }
}
20003a68:	e086      	b.n	20003b78 <GPIO_DeInit+0x130>
  else if (GPIOx == GPIOB)
20003a6a:	687b      	ldr	r3, [r7, #4]
20003a6c:	4a45      	ldr	r2, [pc, #276]	@ (20003b84 <GPIO_DeInit+0x13c>)
20003a6e:	4293      	cmp	r3, r2
20003a70:	d108      	bne.n	20003a84 <GPIO_DeInit+0x3c>
    RCC_AHB1PeriphResetCmd(RCC_AHB1Periph_GPIOB, ENABLE);
20003a72:	2101      	movs	r1, #1
20003a74:	2002      	movs	r0, #2
20003a76:	f000 fe9f 	bl	200047b8 <RCC_AHB1PeriphResetCmd>
    RCC_AHB1PeriphResetCmd(RCC_AHB1Periph_GPIOB, DISABLE);
20003a7a:	2100      	movs	r1, #0
20003a7c:	2002      	movs	r0, #2
20003a7e:	f000 fe9b 	bl	200047b8 <RCC_AHB1PeriphResetCmd>
}
20003a82:	e079      	b.n	20003b78 <GPIO_DeInit+0x130>
  else if (GPIOx == GPIOC)
20003a84:	687b      	ldr	r3, [r7, #4]
20003a86:	4a40      	ldr	r2, [pc, #256]	@ (20003b88 <GPIO_DeInit+0x140>)
20003a88:	4293      	cmp	r3, r2
20003a8a:	d108      	bne.n	20003a9e <GPIO_DeInit+0x56>
    RCC_AHB1PeriphResetCmd(RCC_AHB1Periph_GPIOC, ENABLE);
20003a8c:	2101      	movs	r1, #1
20003a8e:	2004      	movs	r0, #4
20003a90:	f000 fe92 	bl	200047b8 <RCC_AHB1PeriphResetCmd>
    RCC_AHB1PeriphResetCmd(RCC_AHB1Periph_GPIOC, DISABLE);
20003a94:	2100      	movs	r1, #0
20003a96:	2004      	movs	r0, #4
20003a98:	f000 fe8e 	bl	200047b8 <RCC_AHB1PeriphResetCmd>
}
20003a9c:	e06c      	b.n	20003b78 <GPIO_DeInit+0x130>
  else if (GPIOx == GPIOD)
20003a9e:	687b      	ldr	r3, [r7, #4]
20003aa0:	4a3a      	ldr	r2, [pc, #232]	@ (20003b8c <GPIO_DeInit+0x144>)
20003aa2:	4293      	cmp	r3, r2
20003aa4:	d108      	bne.n	20003ab8 <GPIO_DeInit+0x70>
    RCC_AHB1PeriphResetCmd(RCC_AHB1Periph_GPIOD, ENABLE);
20003aa6:	2101      	movs	r1, #1
20003aa8:	2008      	movs	r0, #8
20003aaa:	f000 fe85 	bl	200047b8 <RCC_AHB1PeriphResetCmd>
    RCC_AHB1PeriphResetCmd(RCC_AHB1Periph_GPIOD, DISABLE);
20003aae:	2100      	movs	r1, #0
20003ab0:	2008      	movs	r0, #8
20003ab2:	f000 fe81 	bl	200047b8 <RCC_AHB1PeriphResetCmd>
}
20003ab6:	e05f      	b.n	20003b78 <GPIO_DeInit+0x130>
  else if (GPIOx == GPIOE)
20003ab8:	687b      	ldr	r3, [r7, #4]
20003aba:	4a35      	ldr	r2, [pc, #212]	@ (20003b90 <GPIO_DeInit+0x148>)
20003abc:	4293      	cmp	r3, r2
20003abe:	d108      	bne.n	20003ad2 <GPIO_DeInit+0x8a>
    RCC_AHB1PeriphResetCmd(RCC_AHB1Periph_GPIOE, ENABLE);
20003ac0:	2101      	movs	r1, #1
20003ac2:	2010      	movs	r0, #16
20003ac4:	f000 fe78 	bl	200047b8 <RCC_AHB1PeriphResetCmd>
    RCC_AHB1PeriphResetCmd(RCC_AHB1Periph_GPIOE, DISABLE);
20003ac8:	2100      	movs	r1, #0
20003aca:	2010      	movs	r0, #16
20003acc:	f000 fe74 	bl	200047b8 <RCC_AHB1PeriphResetCmd>
}
20003ad0:	e052      	b.n	20003b78 <GPIO_DeInit+0x130>
  else if (GPIOx == GPIOF)
20003ad2:	687b      	ldr	r3, [r7, #4]
20003ad4:	4a2f      	ldr	r2, [pc, #188]	@ (20003b94 <GPIO_DeInit+0x14c>)
20003ad6:	4293      	cmp	r3, r2
20003ad8:	d108      	bne.n	20003aec <GPIO_DeInit+0xa4>
    RCC_AHB1PeriphResetCmd(RCC_AHB1Periph_GPIOF, ENABLE);
20003ada:	2101      	movs	r1, #1
20003adc:	2020      	movs	r0, #32
20003ade:	f000 fe6b 	bl	200047b8 <RCC_AHB1PeriphResetCmd>
    RCC_AHB1PeriphResetCmd(RCC_AHB1Periph_GPIOF, DISABLE);
20003ae2:	2100      	movs	r1, #0
20003ae4:	2020      	movs	r0, #32
20003ae6:	f000 fe67 	bl	200047b8 <RCC_AHB1PeriphResetCmd>
}
20003aea:	e045      	b.n	20003b78 <GPIO_DeInit+0x130>
  else if (GPIOx == GPIOG)
20003aec:	687b      	ldr	r3, [r7, #4]
20003aee:	4a2a      	ldr	r2, [pc, #168]	@ (20003b98 <GPIO_DeInit+0x150>)
20003af0:	4293      	cmp	r3, r2
20003af2:	d108      	bne.n	20003b06 <GPIO_DeInit+0xbe>
    RCC_AHB1PeriphResetCmd(RCC_AHB1Periph_GPIOG, ENABLE);
20003af4:	2101      	movs	r1, #1
20003af6:	2040      	movs	r0, #64	@ 0x40
20003af8:	f000 fe5e 	bl	200047b8 <RCC_AHB1PeriphResetCmd>
    RCC_AHB1PeriphResetCmd(RCC_AHB1Periph_GPIOG, DISABLE);
20003afc:	2100      	movs	r1, #0
20003afe:	2040      	movs	r0, #64	@ 0x40
20003b00:	f000 fe5a 	bl	200047b8 <RCC_AHB1PeriphResetCmd>
}
20003b04:	e038      	b.n	20003b78 <GPIO_DeInit+0x130>
  else if (GPIOx == GPIOH)
20003b06:	687b      	ldr	r3, [r7, #4]
20003b08:	4a24      	ldr	r2, [pc, #144]	@ (20003b9c <GPIO_DeInit+0x154>)
20003b0a:	4293      	cmp	r3, r2
20003b0c:	d108      	bne.n	20003b20 <GPIO_DeInit+0xd8>
    RCC_AHB1PeriphResetCmd(RCC_AHB1Periph_GPIOH, ENABLE);
20003b0e:	2101      	movs	r1, #1
20003b10:	2080      	movs	r0, #128	@ 0x80
20003b12:	f000 fe51 	bl	200047b8 <RCC_AHB1PeriphResetCmd>
    RCC_AHB1PeriphResetCmd(RCC_AHB1Periph_GPIOH, DISABLE);
20003b16:	2100      	movs	r1, #0
20003b18:	2080      	movs	r0, #128	@ 0x80
20003b1a:	f000 fe4d 	bl	200047b8 <RCC_AHB1PeriphResetCmd>
}
20003b1e:	e02b      	b.n	20003b78 <GPIO_DeInit+0x130>
  else if (GPIOx == GPIOI)
20003b20:	687b      	ldr	r3, [r7, #4]
20003b22:	4a1f      	ldr	r2, [pc, #124]	@ (20003ba0 <GPIO_DeInit+0x158>)
20003b24:	4293      	cmp	r3, r2
20003b26:	d10a      	bne.n	20003b3e <GPIO_DeInit+0xf6>
    RCC_AHB1PeriphResetCmd(RCC_AHB1Periph_GPIOI, ENABLE);
20003b28:	2101      	movs	r1, #1
20003b2a:	f44f 7080 	mov.w	r0, #256	@ 0x100
20003b2e:	f000 fe43 	bl	200047b8 <RCC_AHB1PeriphResetCmd>
    RCC_AHB1PeriphResetCmd(RCC_AHB1Periph_GPIOI, DISABLE);
20003b32:	2100      	movs	r1, #0
20003b34:	f44f 7080 	mov.w	r0, #256	@ 0x100
20003b38:	f000 fe3e 	bl	200047b8 <RCC_AHB1PeriphResetCmd>
}
20003b3c:	e01c      	b.n	20003b78 <GPIO_DeInit+0x130>
  else if (GPIOx == GPIOJ)
20003b3e:	687b      	ldr	r3, [r7, #4]
20003b40:	4a18      	ldr	r2, [pc, #96]	@ (20003ba4 <GPIO_DeInit+0x15c>)
20003b42:	4293      	cmp	r3, r2
20003b44:	d10a      	bne.n	20003b5c <GPIO_DeInit+0x114>
    RCC_AHB1PeriphResetCmd(RCC_AHB1Periph_GPIOJ, ENABLE);
20003b46:	2101      	movs	r1, #1
20003b48:	f44f 7000 	mov.w	r0, #512	@ 0x200
20003b4c:	f000 fe34 	bl	200047b8 <RCC_AHB1PeriphResetCmd>
    RCC_AHB1PeriphResetCmd(RCC_AHB1Periph_GPIOJ, DISABLE);
20003b50:	2100      	movs	r1, #0
20003b52:	f44f 7000 	mov.w	r0, #512	@ 0x200
20003b56:	f000 fe2f 	bl	200047b8 <RCC_AHB1PeriphResetCmd>
}
20003b5a:	e00d      	b.n	20003b78 <GPIO_DeInit+0x130>
    if (GPIOx == GPIOK)
20003b5c:	687b      	ldr	r3, [r7, #4]
20003b5e:	4a12      	ldr	r2, [pc, #72]	@ (20003ba8 <GPIO_DeInit+0x160>)
20003b60:	4293      	cmp	r3, r2
20003b62:	d109      	bne.n	20003b78 <GPIO_DeInit+0x130>
      RCC_AHB1PeriphResetCmd(RCC_AHB1Periph_GPIOK, ENABLE);
20003b64:	2101      	movs	r1, #1
20003b66:	f44f 6080 	mov.w	r0, #1024	@ 0x400
20003b6a:	f000 fe25 	bl	200047b8 <RCC_AHB1PeriphResetCmd>
      RCC_AHB1PeriphResetCmd(RCC_AHB1Periph_GPIOK, DISABLE);
20003b6e:	2100      	movs	r1, #0
20003b70:	f44f 6080 	mov.w	r0, #1024	@ 0x400
20003b74:	f000 fe20 	bl	200047b8 <RCC_AHB1PeriphResetCmd>
}
20003b78:	bf00      	nop
20003b7a:	3708      	adds	r7, #8
20003b7c:	46bd      	mov	sp, r7
20003b7e:	bd80      	pop	{r7, pc}
20003b80:	40020000 	.word	0x40020000
20003b84:	40020400 	.word	0x40020400
20003b88:	40020800 	.word	0x40020800
20003b8c:	40020c00 	.word	0x40020c00
20003b90:	40021000 	.word	0x40021000
20003b94:	40021400 	.word	0x40021400
20003b98:	40021800 	.word	0x40021800
20003b9c:	40021c00 	.word	0x40021c00
20003ba0:	40022000 	.word	0x40022000
20003ba4:	40022400 	.word	0x40022400
20003ba8:	40022800 	.word	0x40022800

20003bac <GPIO_Init>:
  * @param  GPIO_InitStruct: pointer to a GPIO_InitTypeDef structure that contains
  *         the configuration information for the specified GPIO peripheral.
  * @retval None
  */
void GPIO_Init(GPIO_TypeDef* GPIOx, GPIO_InitTypeDef* GPIO_InitStruct)
{
20003bac:	b480      	push	{r7}
20003bae:	b087      	sub	sp, #28
20003bb0:	af00      	add	r7, sp, #0
20003bb2:	6078      	str	r0, [r7, #4]
20003bb4:	6039      	str	r1, [r7, #0]
  uint32_t pinpos = 0x00, pos = 0x00 , currentpin = 0x00;
20003bb6:	2300      	movs	r3, #0
20003bb8:	617b      	str	r3, [r7, #20]
20003bba:	2300      	movs	r3, #0
20003bbc:	613b      	str	r3, [r7, #16]
20003bbe:	2300      	movs	r3, #0
20003bc0:	60fb      	str	r3, [r7, #12]
  assert_param(IS_GPIO_MODE(GPIO_InitStruct->GPIO_Mode));
  assert_param(IS_GPIO_PUPD(GPIO_InitStruct->GPIO_PuPd));

  /* ------------------------- Configure the port pins ---------------- */
  /*-- GPIO Mode Configuration --*/
  for (pinpos = 0x00; pinpos < 0x10; pinpos++)
20003bc2:	2300      	movs	r3, #0
20003bc4:	617b      	str	r3, [r7, #20]
20003bc6:	e076      	b.n	20003cb6 <GPIO_Init+0x10a>
  {
    pos = ((uint32_t)0x01) << pinpos;
20003bc8:	2201      	movs	r2, #1
20003bca:	697b      	ldr	r3, [r7, #20]
20003bcc:	fa02 f303 	lsl.w	r3, r2, r3
20003bd0:	613b      	str	r3, [r7, #16]
    /* Get the port pins position */
    currentpin = (GPIO_InitStruct->GPIO_Pin) & pos;
20003bd2:	683b      	ldr	r3, [r7, #0]
20003bd4:	681b      	ldr	r3, [r3, #0]
20003bd6:	693a      	ldr	r2, [r7, #16]
20003bd8:	4013      	ands	r3, r2
20003bda:	60fb      	str	r3, [r7, #12]

    if (currentpin == pos)
20003bdc:	68fa      	ldr	r2, [r7, #12]
20003bde:	693b      	ldr	r3, [r7, #16]
20003be0:	429a      	cmp	r2, r3
20003be2:	d165      	bne.n	20003cb0 <GPIO_Init+0x104>
    {
      GPIOx->MODER  &= ~(GPIO_MODER_MODER0 << (pinpos * 2));
20003be4:	687b      	ldr	r3, [r7, #4]
20003be6:	681a      	ldr	r2, [r3, #0]
20003be8:	697b      	ldr	r3, [r7, #20]
20003bea:	005b      	lsls	r3, r3, #1
20003bec:	2103      	movs	r1, #3
20003bee:	fa01 f303 	lsl.w	r3, r1, r3
20003bf2:	43db      	mvns	r3, r3
20003bf4:	401a      	ands	r2, r3
20003bf6:	687b      	ldr	r3, [r7, #4]
20003bf8:	601a      	str	r2, [r3, #0]
      GPIOx->MODER |= (((uint32_t)GPIO_InitStruct->GPIO_Mode) << (pinpos * 2));
20003bfa:	687b      	ldr	r3, [r7, #4]
20003bfc:	681a      	ldr	r2, [r3, #0]
20003bfe:	683b      	ldr	r3, [r7, #0]
20003c00:	791b      	ldrb	r3, [r3, #4]
20003c02:	4619      	mov	r1, r3
20003c04:	697b      	ldr	r3, [r7, #20]
20003c06:	005b      	lsls	r3, r3, #1
20003c08:	fa01 f303 	lsl.w	r3, r1, r3
20003c0c:	431a      	orrs	r2, r3
20003c0e:	687b      	ldr	r3, [r7, #4]
20003c10:	601a      	str	r2, [r3, #0]

      if ((GPIO_InitStruct->GPIO_Mode == GPIO_Mode_OUT) || (GPIO_InitStruct->GPIO_Mode == GPIO_Mode_AF))
20003c12:	683b      	ldr	r3, [r7, #0]
20003c14:	791b      	ldrb	r3, [r3, #4]
20003c16:	2b01      	cmp	r3, #1
20003c18:	d003      	beq.n	20003c22 <GPIO_Init+0x76>
20003c1a:	683b      	ldr	r3, [r7, #0]
20003c1c:	791b      	ldrb	r3, [r3, #4]
20003c1e:	2b02      	cmp	r3, #2
20003c20:	d12e      	bne.n	20003c80 <GPIO_Init+0xd4>
      {
        /* Check Speed mode parameters */
        assert_param(IS_GPIO_SPEED(GPIO_InitStruct->GPIO_Speed));

        /* Speed mode configuration */
        GPIOx->OSPEEDR &= ~(GPIO_OSPEEDER_OSPEEDR0 << (pinpos * 2));
20003c22:	687b      	ldr	r3, [r7, #4]
20003c24:	689a      	ldr	r2, [r3, #8]
20003c26:	697b      	ldr	r3, [r7, #20]
20003c28:	005b      	lsls	r3, r3, #1
20003c2a:	2103      	movs	r1, #3
20003c2c:	fa01 f303 	lsl.w	r3, r1, r3
20003c30:	43db      	mvns	r3, r3
20003c32:	401a      	ands	r2, r3
20003c34:	687b      	ldr	r3, [r7, #4]
20003c36:	609a      	str	r2, [r3, #8]
        GPIOx->OSPEEDR |= ((uint32_t)(GPIO_InitStruct->GPIO_Speed) << (pinpos * 2));
20003c38:	687b      	ldr	r3, [r7, #4]
20003c3a:	689a      	ldr	r2, [r3, #8]
20003c3c:	683b      	ldr	r3, [r7, #0]
20003c3e:	795b      	ldrb	r3, [r3, #5]
20003c40:	4619      	mov	r1, r3
20003c42:	697b      	ldr	r3, [r7, #20]
20003c44:	005b      	lsls	r3, r3, #1
20003c46:	fa01 f303 	lsl.w	r3, r1, r3
20003c4a:	431a      	orrs	r2, r3
20003c4c:	687b      	ldr	r3, [r7, #4]
20003c4e:	609a      	str	r2, [r3, #8]

        /* Check Output mode parameters */
        assert_param(IS_GPIO_OTYPE(GPIO_InitStruct->GPIO_OType));

        /* Output mode configuration*/
        GPIOx->OTYPER  &= ~((GPIO_OTYPER_OT_0) << ((uint16_t)pinpos)) ;
20003c50:	687b      	ldr	r3, [r7, #4]
20003c52:	685a      	ldr	r2, [r3, #4]
20003c54:	697b      	ldr	r3, [r7, #20]
20003c56:	b29b      	uxth	r3, r3
20003c58:	4619      	mov	r1, r3
20003c5a:	2301      	movs	r3, #1
20003c5c:	408b      	lsls	r3, r1
20003c5e:	43db      	mvns	r3, r3
20003c60:	401a      	ands	r2, r3
20003c62:	687b      	ldr	r3, [r7, #4]
20003c64:	605a      	str	r2, [r3, #4]
        GPIOx->OTYPER |= (uint16_t)(((uint16_t)GPIO_InitStruct->GPIO_OType) << ((uint16_t)pinpos));
20003c66:	687b      	ldr	r3, [r7, #4]
20003c68:	685b      	ldr	r3, [r3, #4]
20003c6a:	683a      	ldr	r2, [r7, #0]
20003c6c:	7992      	ldrb	r2, [r2, #6]
20003c6e:	4611      	mov	r1, r2
20003c70:	697a      	ldr	r2, [r7, #20]
20003c72:	b292      	uxth	r2, r2
20003c74:	fa01 f202 	lsl.w	r2, r1, r2
20003c78:	b292      	uxth	r2, r2
20003c7a:	431a      	orrs	r2, r3
20003c7c:	687b      	ldr	r3, [r7, #4]
20003c7e:	605a      	str	r2, [r3, #4]
      }

      /* Pull-up Pull down resistor configuration*/
      GPIOx->PUPDR &= ~(GPIO_PUPDR_PUPDR0 << ((uint16_t)pinpos * 2));
20003c80:	687b      	ldr	r3, [r7, #4]
20003c82:	68da      	ldr	r2, [r3, #12]
20003c84:	697b      	ldr	r3, [r7, #20]
20003c86:	b29b      	uxth	r3, r3
20003c88:	005b      	lsls	r3, r3, #1
20003c8a:	2103      	movs	r1, #3
20003c8c:	fa01 f303 	lsl.w	r3, r1, r3
20003c90:	43db      	mvns	r3, r3
20003c92:	401a      	ands	r2, r3
20003c94:	687b      	ldr	r3, [r7, #4]
20003c96:	60da      	str	r2, [r3, #12]
      GPIOx->PUPDR |= (((uint32_t)GPIO_InitStruct->GPIO_PuPd) << (pinpos * 2));
20003c98:	687b      	ldr	r3, [r7, #4]
20003c9a:	68da      	ldr	r2, [r3, #12]
20003c9c:	683b      	ldr	r3, [r7, #0]
20003c9e:	79db      	ldrb	r3, [r3, #7]
20003ca0:	4619      	mov	r1, r3
20003ca2:	697b      	ldr	r3, [r7, #20]
20003ca4:	005b      	lsls	r3, r3, #1
20003ca6:	fa01 f303 	lsl.w	r3, r1, r3
20003caa:	431a      	orrs	r2, r3
20003cac:	687b      	ldr	r3, [r7, #4]
20003cae:	60da      	str	r2, [r3, #12]
  for (pinpos = 0x00; pinpos < 0x10; pinpos++)
20003cb0:	697b      	ldr	r3, [r7, #20]
20003cb2:	3301      	adds	r3, #1
20003cb4:	617b      	str	r3, [r7, #20]
20003cb6:	697b      	ldr	r3, [r7, #20]
20003cb8:	2b0f      	cmp	r3, #15
20003cba:	d985      	bls.n	20003bc8 <GPIO_Init+0x1c>
    }
  }
}
20003cbc:	bf00      	nop
20003cbe:	bf00      	nop
20003cc0:	371c      	adds	r7, #28
20003cc2:	46bd      	mov	sp, r7
20003cc4:	bc80      	pop	{r7}
20003cc6:	4770      	bx	lr

20003cc8 <GPIO_StructInit>:
  * @brief  Fills each GPIO_InitStruct member with its default value.
  * @param  GPIO_InitStruct : pointer to a GPIO_InitTypeDef structure which will be initialized.
  * @retval None
  */
void GPIO_StructInit(GPIO_InitTypeDef* GPIO_InitStruct)
{
20003cc8:	b480      	push	{r7}
20003cca:	b083      	sub	sp, #12
20003ccc:	af00      	add	r7, sp, #0
20003cce:	6078      	str	r0, [r7, #4]
  /* Reset GPIO init structure parameters values */
  GPIO_InitStruct->GPIO_Pin  = GPIO_Pin_All;
20003cd0:	687b      	ldr	r3, [r7, #4]
20003cd2:	f64f 72ff 	movw	r2, #65535	@ 0xffff
20003cd6:	601a      	str	r2, [r3, #0]
  GPIO_InitStruct->GPIO_Mode = GPIO_Mode_IN;
20003cd8:	687b      	ldr	r3, [r7, #4]
20003cda:	2200      	movs	r2, #0
20003cdc:	711a      	strb	r2, [r3, #4]
  GPIO_InitStruct->GPIO_Speed = GPIO_Speed_2MHz;
20003cde:	687b      	ldr	r3, [r7, #4]
20003ce0:	2200      	movs	r2, #0
20003ce2:	715a      	strb	r2, [r3, #5]
  GPIO_InitStruct->GPIO_OType = GPIO_OType_PP;
20003ce4:	687b      	ldr	r3, [r7, #4]
20003ce6:	2200      	movs	r2, #0
20003ce8:	719a      	strb	r2, [r3, #6]
  GPIO_InitStruct->GPIO_PuPd = GPIO_PuPd_NOPULL;
20003cea:	687b      	ldr	r3, [r7, #4]
20003cec:	2200      	movs	r2, #0
20003cee:	71da      	strb	r2, [r3, #7]
}
20003cf0:	bf00      	nop
20003cf2:	370c      	adds	r7, #12
20003cf4:	46bd      	mov	sp, r7
20003cf6:	bc80      	pop	{r7}
20003cf8:	4770      	bx	lr

20003cfa <GPIO_PinLockConfig>:
  * @param  GPIO_Pin: specifies the port bit to be locked.
  *          This parameter can be any combination of GPIO_Pin_x where x can be (0..15).
  * @retval None
  */
void GPIO_PinLockConfig(GPIO_TypeDef* GPIOx, uint16_t GPIO_Pin)
{
20003cfa:	b480      	push	{r7}
20003cfc:	b085      	sub	sp, #20
20003cfe:	af00      	add	r7, sp, #0
20003d00:	6078      	str	r0, [r7, #4]
20003d02:	460b      	mov	r3, r1
20003d04:	807b      	strh	r3, [r7, #2]
  __IO uint32_t tmp = 0x00010000;
20003d06:	f44f 3380 	mov.w	r3, #65536	@ 0x10000
20003d0a:	60fb      	str	r3, [r7, #12]

  /* Check the parameters */
  assert_param(IS_GPIO_ALL_PERIPH(GPIOx));
  assert_param(IS_GPIO_PIN(GPIO_Pin));

  tmp |= GPIO_Pin;
20003d0c:	887a      	ldrh	r2, [r7, #2]
20003d0e:	68fb      	ldr	r3, [r7, #12]
20003d10:	4313      	orrs	r3, r2
20003d12:	60fb      	str	r3, [r7, #12]
  /* Set LCKK bit */
  GPIOx->LCKR = tmp;
20003d14:	68fa      	ldr	r2, [r7, #12]
20003d16:	687b      	ldr	r3, [r7, #4]
20003d18:	61da      	str	r2, [r3, #28]
  /* Reset LCKK bit */
  GPIOx->LCKR =  GPIO_Pin;
20003d1a:	887a      	ldrh	r2, [r7, #2]
20003d1c:	687b      	ldr	r3, [r7, #4]
20003d1e:	61da      	str	r2, [r3, #28]
  /* Set LCKK bit */
  GPIOx->LCKR = tmp;
20003d20:	68fa      	ldr	r2, [r7, #12]
20003d22:	687b      	ldr	r3, [r7, #4]
20003d24:	61da      	str	r2, [r3, #28]
  /* Read LCKK bit*/
  tmp = GPIOx->LCKR;
20003d26:	687b      	ldr	r3, [r7, #4]
20003d28:	69db      	ldr	r3, [r3, #28]
20003d2a:	60fb      	str	r3, [r7, #12]
  /* Read LCKK bit*/
  tmp = GPIOx->LCKR;
20003d2c:	687b      	ldr	r3, [r7, #4]
20003d2e:	69db      	ldr	r3, [r3, #28]
20003d30:	60fb      	str	r3, [r7, #12]
}
20003d32:	bf00      	nop
20003d34:	3714      	adds	r7, #20
20003d36:	46bd      	mov	sp, r7
20003d38:	bc80      	pop	{r7}
20003d3a:	4770      	bx	lr

20003d3c <GPIO_ReadInputDataBit>:
  * @param  GPIO_Pin: specifies the port bit to read.
  *         This parameter can be GPIO_Pin_x where x can be (0..15).
  * @retval The input port pin value.
  */
uint8_t GPIO_ReadInputDataBit(GPIO_TypeDef* GPIOx, uint16_t GPIO_Pin)
{
20003d3c:	b480      	push	{r7}
20003d3e:	b085      	sub	sp, #20
20003d40:	af00      	add	r7, sp, #0
20003d42:	6078      	str	r0, [r7, #4]
20003d44:	460b      	mov	r3, r1
20003d46:	807b      	strh	r3, [r7, #2]
  uint8_t bitstatus = 0x00;
20003d48:	2300      	movs	r3, #0
20003d4a:	73fb      	strb	r3, [r7, #15]

  /* Check the parameters */
  assert_param(IS_GPIO_ALL_PERIPH(GPIOx));
  assert_param(IS_GET_GPIO_PIN(GPIO_Pin));

  if ((GPIOx->IDR & GPIO_Pin) != (uint32_t)Bit_RESET)
20003d4c:	687b      	ldr	r3, [r7, #4]
20003d4e:	691a      	ldr	r2, [r3, #16]
20003d50:	887b      	ldrh	r3, [r7, #2]
20003d52:	4013      	ands	r3, r2
20003d54:	2b00      	cmp	r3, #0
20003d56:	d002      	beq.n	20003d5e <GPIO_ReadInputDataBit+0x22>
  {
    bitstatus = (uint8_t)Bit_SET;
20003d58:	2301      	movs	r3, #1
20003d5a:	73fb      	strb	r3, [r7, #15]
20003d5c:	e001      	b.n	20003d62 <GPIO_ReadInputDataBit+0x26>
  }
  else
  {
    bitstatus = (uint8_t)Bit_RESET;
20003d5e:	2300      	movs	r3, #0
20003d60:	73fb      	strb	r3, [r7, #15]
  }
  return bitstatus;
20003d62:	7bfb      	ldrb	r3, [r7, #15]
}
20003d64:	4618      	mov	r0, r3
20003d66:	3714      	adds	r7, #20
20003d68:	46bd      	mov	sp, r7
20003d6a:	bc80      	pop	{r7}
20003d6c:	4770      	bx	lr

20003d6e <GPIO_ReadInputData>:
  *                      x can be (A..I) to select the GPIO peripheral for STM32F42xxx/43xxx devices.
  *                      x can be (A, B, C, D and H) to select the GPIO peripheral for STM32F401xx devices. 
  * @retval GPIO input data port value.
  */
uint16_t GPIO_ReadInputData(GPIO_TypeDef* GPIOx)
{
20003d6e:	b480      	push	{r7}
20003d70:	b083      	sub	sp, #12
20003d72:	af00      	add	r7, sp, #0
20003d74:	6078      	str	r0, [r7, #4]
  /* Check the parameters */
  assert_param(IS_GPIO_ALL_PERIPH(GPIOx));

  return ((uint16_t)GPIOx->IDR);
20003d76:	687b      	ldr	r3, [r7, #4]
20003d78:	691b      	ldr	r3, [r3, #16]
20003d7a:	b29b      	uxth	r3, r3
}
20003d7c:	4618      	mov	r0, r3
20003d7e:	370c      	adds	r7, #12
20003d80:	46bd      	mov	sp, r7
20003d82:	bc80      	pop	{r7}
20003d84:	4770      	bx	lr

20003d86 <GPIO_ReadOutputDataBit>:
  * @param  GPIO_Pin: specifies the port bit to read.
  *          This parameter can be GPIO_Pin_x where x can be (0..15).
  * @retval The output port pin value.
  */
uint8_t GPIO_ReadOutputDataBit(GPIO_TypeDef* GPIOx, uint16_t GPIO_Pin)
{
20003d86:	b480      	push	{r7}
20003d88:	b085      	sub	sp, #20
20003d8a:	af00      	add	r7, sp, #0
20003d8c:	6078      	str	r0, [r7, #4]
20003d8e:	460b      	mov	r3, r1
20003d90:	807b      	strh	r3, [r7, #2]
  uint8_t bitstatus = 0x00;
20003d92:	2300      	movs	r3, #0
20003d94:	73fb      	strb	r3, [r7, #15]

  /* Check the parameters */
  assert_param(IS_GPIO_ALL_PERIPH(GPIOx));
  assert_param(IS_GET_GPIO_PIN(GPIO_Pin));

  if (((GPIOx->ODR) & GPIO_Pin) != (uint32_t)Bit_RESET)
20003d96:	687b      	ldr	r3, [r7, #4]
20003d98:	695a      	ldr	r2, [r3, #20]
20003d9a:	887b      	ldrh	r3, [r7, #2]
20003d9c:	4013      	ands	r3, r2
20003d9e:	2b00      	cmp	r3, #0
20003da0:	d002      	beq.n	20003da8 <GPIO_ReadOutputDataBit+0x22>
  {
    bitstatus = (uint8_t)Bit_SET;
20003da2:	2301      	movs	r3, #1
20003da4:	73fb      	strb	r3, [r7, #15]
20003da6:	e001      	b.n	20003dac <GPIO_ReadOutputDataBit+0x26>
  }
  else
  {
    bitstatus = (uint8_t)Bit_RESET;
20003da8:	2300      	movs	r3, #0
20003daa:	73fb      	strb	r3, [r7, #15]
  }
  return bitstatus;
20003dac:	7bfb      	ldrb	r3, [r7, #15]
}
20003dae:	4618      	mov	r0, r3
20003db0:	3714      	adds	r7, #20
20003db2:	46bd      	mov	sp, r7
20003db4:	bc80      	pop	{r7}
20003db6:	4770      	bx	lr

20003db8 <GPIO_ReadOutputData>:
  *                      x can be (A..I) to select the GPIO peripheral for STM32F42xxx/43xxx devices.
  *                      x can be (A, B, C, D and H) to select the GPIO peripheral for STM32F401xx devices. 
  * @retval GPIO output data port value.
  */
uint16_t GPIO_ReadOutputData(GPIO_TypeDef* GPIOx)
{
20003db8:	b480      	push	{r7}
20003dba:	b083      	sub	sp, #12
20003dbc:	af00      	add	r7, sp, #0
20003dbe:	6078      	str	r0, [r7, #4]
  /* Check the parameters */
  assert_param(IS_GPIO_ALL_PERIPH(GPIOx));

  return ((uint16_t)GPIOx->ODR);
20003dc0:	687b      	ldr	r3, [r7, #4]
20003dc2:	695b      	ldr	r3, [r3, #20]
20003dc4:	b29b      	uxth	r3, r3
}
20003dc6:	4618      	mov	r0, r3
20003dc8:	370c      	adds	r7, #12
20003dca:	46bd      	mov	sp, r7
20003dcc:	bc80      	pop	{r7}
20003dce:	4770      	bx	lr

20003dd0 <GPIO_SetBits>:
  * @param  GPIO_Pin: specifies the port bits to be written.
  *          This parameter can be any combination of GPIO_Pin_x where x can be (0..15).
  * @retval None
  */
void GPIO_SetBits(GPIO_TypeDef* GPIOx, uint16_t GPIO_Pin)
{
20003dd0:	b480      	push	{r7}
20003dd2:	b083      	sub	sp, #12
20003dd4:	af00      	add	r7, sp, #0
20003dd6:	6078      	str	r0, [r7, #4]
20003dd8:	460b      	mov	r3, r1
20003dda:	807b      	strh	r3, [r7, #2]
  /* Check the parameters */
  assert_param(IS_GPIO_ALL_PERIPH(GPIOx));
  assert_param(IS_GPIO_PIN(GPIO_Pin));

  GPIOx->BSRRL = GPIO_Pin;
20003ddc:	687b      	ldr	r3, [r7, #4]
20003dde:	887a      	ldrh	r2, [r7, #2]
20003de0:	831a      	strh	r2, [r3, #24]
}
20003de2:	bf00      	nop
20003de4:	370c      	adds	r7, #12
20003de6:	46bd      	mov	sp, r7
20003de8:	bc80      	pop	{r7}
20003dea:	4770      	bx	lr

20003dec <GPIO_ResetBits>:
  * @param  GPIO_Pin: specifies the port bits to be written.
  *          This parameter can be any combination of GPIO_Pin_x where x can be (0..15).
  * @retval None
  */
void GPIO_ResetBits(GPIO_TypeDef* GPIOx, uint16_t GPIO_Pin)
{
20003dec:	b480      	push	{r7}
20003dee:	b083      	sub	sp, #12
20003df0:	af00      	add	r7, sp, #0
20003df2:	6078      	str	r0, [r7, #4]
20003df4:	460b      	mov	r3, r1
20003df6:	807b      	strh	r3, [r7, #2]
  /* Check the parameters */
  assert_param(IS_GPIO_ALL_PERIPH(GPIOx));
  assert_param(IS_GPIO_PIN(GPIO_Pin));

  GPIOx->BSRRH = GPIO_Pin;
20003df8:	687b      	ldr	r3, [r7, #4]
20003dfa:	887a      	ldrh	r2, [r7, #2]
20003dfc:	835a      	strh	r2, [r3, #26]
}
20003dfe:	bf00      	nop
20003e00:	370c      	adds	r7, #12
20003e02:	46bd      	mov	sp, r7
20003e04:	bc80      	pop	{r7}
20003e06:	4770      	bx	lr

20003e08 <GPIO_WriteBit>:
  *            @arg Bit_RESET: to clear the port pin
  *            @arg Bit_SET: to set the port pin
  * @retval None
  */
void GPIO_WriteBit(GPIO_TypeDef* GPIOx, uint16_t GPIO_Pin, BitAction BitVal)
{
20003e08:	b480      	push	{r7}
20003e0a:	b083      	sub	sp, #12
20003e0c:	af00      	add	r7, sp, #0
20003e0e:	6078      	str	r0, [r7, #4]
20003e10:	460b      	mov	r3, r1
20003e12:	807b      	strh	r3, [r7, #2]
20003e14:	4613      	mov	r3, r2
20003e16:	707b      	strb	r3, [r7, #1]
  /* Check the parameters */
  assert_param(IS_GPIO_ALL_PERIPH(GPIOx));
  assert_param(IS_GET_GPIO_PIN(GPIO_Pin));
  assert_param(IS_GPIO_BIT_ACTION(BitVal));

  if (BitVal != Bit_RESET)
20003e18:	787b      	ldrb	r3, [r7, #1]
20003e1a:	2b00      	cmp	r3, #0
20003e1c:	d003      	beq.n	20003e26 <GPIO_WriteBit+0x1e>
  {
    GPIOx->BSRRL = GPIO_Pin;
20003e1e:	687b      	ldr	r3, [r7, #4]
20003e20:	887a      	ldrh	r2, [r7, #2]
20003e22:	831a      	strh	r2, [r3, #24]
  }
  else
  {
    GPIOx->BSRRH = GPIO_Pin ;
  }
}
20003e24:	e002      	b.n	20003e2c <GPIO_WriteBit+0x24>
    GPIOx->BSRRH = GPIO_Pin ;
20003e26:	687b      	ldr	r3, [r7, #4]
20003e28:	887a      	ldrh	r2, [r7, #2]
20003e2a:	835a      	strh	r2, [r3, #26]
}
20003e2c:	bf00      	nop
20003e2e:	370c      	adds	r7, #12
20003e30:	46bd      	mov	sp, r7
20003e32:	bc80      	pop	{r7}
20003e34:	4770      	bx	lr

20003e36 <GPIO_Write>:
  *                      x can be (A, B, C, D and H) to select the GPIO peripheral for STM32F401xx devices. 
  * @param  PortVal: specifies the value to be written to the port output data register.
  * @retval None
  */
void GPIO_Write(GPIO_TypeDef* GPIOx, uint16_t PortVal)
{
20003e36:	b480      	push	{r7}
20003e38:	b083      	sub	sp, #12
20003e3a:	af00      	add	r7, sp, #0
20003e3c:	6078      	str	r0, [r7, #4]
20003e3e:	460b      	mov	r3, r1
20003e40:	807b      	strh	r3, [r7, #2]
  /* Check the parameters */
  assert_param(IS_GPIO_ALL_PERIPH(GPIOx));

  GPIOx->ODR = PortVal;
20003e42:	887a      	ldrh	r2, [r7, #2]
20003e44:	687b      	ldr	r3, [r7, #4]
20003e46:	615a      	str	r2, [r3, #20]
}
20003e48:	bf00      	nop
20003e4a:	370c      	adds	r7, #12
20003e4c:	46bd      	mov	sp, r7
20003e4e:	bc80      	pop	{r7}
20003e50:	4770      	bx	lr

20003e52 <GPIO_ToggleBits>:
  *                      x can be (A, B, C, D and H) to select the GPIO peripheral for STM32F401xx devices. 
  * @param  GPIO_Pin: Specifies the pins to be toggled.
  * @retval None
  */
void GPIO_ToggleBits(GPIO_TypeDef* GPIOx, uint16_t GPIO_Pin)
{
20003e52:	b480      	push	{r7}
20003e54:	b083      	sub	sp, #12
20003e56:	af00      	add	r7, sp, #0
20003e58:	6078      	str	r0, [r7, #4]
20003e5a:	460b      	mov	r3, r1
20003e5c:	807b      	strh	r3, [r7, #2]
  /* Check the parameters */
  assert_param(IS_GPIO_ALL_PERIPH(GPIOx));

  GPIOx->ODR ^= GPIO_Pin;
20003e5e:	687b      	ldr	r3, [r7, #4]
20003e60:	695a      	ldr	r2, [r3, #20]
20003e62:	887b      	ldrh	r3, [r7, #2]
20003e64:	405a      	eors	r2, r3
20003e66:	687b      	ldr	r3, [r7, #4]
20003e68:	615a      	str	r2, [r3, #20]
}
20003e6a:	bf00      	nop
20003e6c:	370c      	adds	r7, #12
20003e6e:	46bd      	mov	sp, r7
20003e70:	bc80      	pop	{r7}
20003e72:	4770      	bx	lr

20003e74 <GPIO_PinAFConfig>:
  *            @arg GPIO_AF_LTDC: Connect LTDC pins to AF14 for STM32F429xx/439xx devices. 
  *            @arg GPIO_AF_EVENTOUT: Connect EVENTOUT pins to AF15
  * @retval None
  */
void GPIO_PinAFConfig(GPIO_TypeDef* GPIOx, uint16_t GPIO_PinSource, uint8_t GPIO_AF)
{
20003e74:	b480      	push	{r7}
20003e76:	b085      	sub	sp, #20
20003e78:	af00      	add	r7, sp, #0
20003e7a:	6078      	str	r0, [r7, #4]
20003e7c:	460b      	mov	r3, r1
20003e7e:	807b      	strh	r3, [r7, #2]
20003e80:	4613      	mov	r3, r2
20003e82:	707b      	strb	r3, [r7, #1]
  uint32_t temp = 0x00;
20003e84:	2300      	movs	r3, #0
20003e86:	60fb      	str	r3, [r7, #12]
  uint32_t temp_2 = 0x00;
20003e88:	2300      	movs	r3, #0
20003e8a:	60bb      	str	r3, [r7, #8]
  /* Check the parameters */
  assert_param(IS_GPIO_ALL_PERIPH(GPIOx));
  assert_param(IS_GPIO_PIN_SOURCE(GPIO_PinSource));
  assert_param(IS_GPIO_AF(GPIO_AF));
  
  temp = ((uint32_t)(GPIO_AF) << ((uint32_t)((uint32_t)GPIO_PinSource & (uint32_t)0x07) * 4)) ;
20003e8c:	787a      	ldrb	r2, [r7, #1]
20003e8e:	887b      	ldrh	r3, [r7, #2]
20003e90:	f003 0307 	and.w	r3, r3, #7
20003e94:	009b      	lsls	r3, r3, #2
20003e96:	fa02 f303 	lsl.w	r3, r2, r3
20003e9a:	60fb      	str	r3, [r7, #12]
  GPIOx->AFR[GPIO_PinSource >> 0x03] &= ~((uint32_t)0xF << ((uint32_t)((uint32_t)GPIO_PinSource & (uint32_t)0x07) * 4)) ;
20003e9c:	887b      	ldrh	r3, [r7, #2]
20003e9e:	08db      	lsrs	r3, r3, #3
20003ea0:	b29b      	uxth	r3, r3
20003ea2:	461a      	mov	r2, r3
20003ea4:	687b      	ldr	r3, [r7, #4]
20003ea6:	3208      	adds	r2, #8
20003ea8:	f853 2022 	ldr.w	r2, [r3, r2, lsl #2]
20003eac:	887b      	ldrh	r3, [r7, #2]
20003eae:	f003 0307 	and.w	r3, r3, #7
20003eb2:	009b      	lsls	r3, r3, #2
20003eb4:	210f      	movs	r1, #15
20003eb6:	fa01 f303 	lsl.w	r3, r1, r3
20003eba:	43db      	mvns	r3, r3
20003ebc:	8879      	ldrh	r1, [r7, #2]
20003ebe:	08c9      	lsrs	r1, r1, #3
20003ec0:	b289      	uxth	r1, r1
20003ec2:	4608      	mov	r0, r1
20003ec4:	ea02 0103 	and.w	r1, r2, r3
20003ec8:	687b      	ldr	r3, [r7, #4]
20003eca:	f100 0208 	add.w	r2, r0, #8
20003ece:	f843 1022 	str.w	r1, [r3, r2, lsl #2]
  temp_2 = GPIOx->AFR[GPIO_PinSource >> 0x03] | temp;
20003ed2:	887b      	ldrh	r3, [r7, #2]
20003ed4:	08db      	lsrs	r3, r3, #3
20003ed6:	b29b      	uxth	r3, r3
20003ed8:	461a      	mov	r2, r3
20003eda:	687b      	ldr	r3, [r7, #4]
20003edc:	3208      	adds	r2, #8
20003ede:	f853 3022 	ldr.w	r3, [r3, r2, lsl #2]
20003ee2:	68fa      	ldr	r2, [r7, #12]
20003ee4:	4313      	orrs	r3, r2
20003ee6:	60bb      	str	r3, [r7, #8]
  GPIOx->AFR[GPIO_PinSource >> 0x03] = temp_2;
20003ee8:	887b      	ldrh	r3, [r7, #2]
20003eea:	08db      	lsrs	r3, r3, #3
20003eec:	b29b      	uxth	r3, r3
20003eee:	461a      	mov	r2, r3
20003ef0:	687b      	ldr	r3, [r7, #4]
20003ef2:	3208      	adds	r2, #8
20003ef4:	68b9      	ldr	r1, [r7, #8]
20003ef6:	f843 1022 	str.w	r1, [r3, r2, lsl #2]
}
20003efa:	bf00      	nop
20003efc:	3714      	adds	r7, #20
20003efe:	46bd      	mov	sp, r7
20003f00:	bc80      	pop	{r7}
20003f02:	4770      	bx	lr

20003f04 <RCC_DeInit>:
  *            - LSI, LSE and RTC clocks 
  * @param  None
  * @retval None
  */
void RCC_DeInit(void)
{
20003f04:	b480      	push	{r7}
20003f06:	af00      	add	r7, sp, #0
  /* Set HSION bit */
  RCC->CR |= (uint32_t)0x00000001;
20003f08:	4b16      	ldr	r3, [pc, #88]	@ (20003f64 <RCC_DeInit+0x60>)
20003f0a:	681b      	ldr	r3, [r3, #0]
20003f0c:	4a15      	ldr	r2, [pc, #84]	@ (20003f64 <RCC_DeInit+0x60>)
20003f0e:	f043 0301 	orr.w	r3, r3, #1
20003f12:	6013      	str	r3, [r2, #0]

  /* Reset CFGR register */
  RCC->CFGR = 0x00000000;
20003f14:	4b13      	ldr	r3, [pc, #76]	@ (20003f64 <RCC_DeInit+0x60>)
20003f16:	2200      	movs	r2, #0
20003f18:	609a      	str	r2, [r3, #8]

  /* Reset HSEON, CSSON, PLLON, PLLI2S and PLLSAI(STM32F42/43xxx devices) bits */
  RCC->CR &= (uint32_t)0xEAF6FFFF;
20003f1a:	4b12      	ldr	r3, [pc, #72]	@ (20003f64 <RCC_DeInit+0x60>)
20003f1c:	681b      	ldr	r3, [r3, #0]
20003f1e:	4a11      	ldr	r2, [pc, #68]	@ (20003f64 <RCC_DeInit+0x60>)
20003f20:	f023 53a8 	bic.w	r3, r3, #352321536	@ 0x15000000
20003f24:	f423 2310 	bic.w	r3, r3, #589824	@ 0x90000
20003f28:	6013      	str	r3, [r2, #0]

  /* Reset PLLCFGR register */
  RCC->PLLCFGR = 0x24003010;
20003f2a:	4b0e      	ldr	r3, [pc, #56]	@ (20003f64 <RCC_DeInit+0x60>)
20003f2c:	4a0e      	ldr	r2, [pc, #56]	@ (20003f68 <RCC_DeInit+0x64>)
20003f2e:	605a      	str	r2, [r3, #4]

  /* Reset PLLI2SCFGR register */
  RCC->PLLI2SCFGR = 0x20003000;
20003f30:	4b0c      	ldr	r3, [pc, #48]	@ (20003f64 <RCC_DeInit+0x60>)
20003f32:	4a0e      	ldr	r2, [pc, #56]	@ (20003f6c <RCC_DeInit+0x68>)
20003f34:	f8c3 2084 	str.w	r2, [r3, #132]	@ 0x84

  /* Reset PLLSAICFGR register, only available for STM32F42/43xxx devices */
  RCC->PLLSAICFGR = 0x24003000;
20003f38:	4b0a      	ldr	r3, [pc, #40]	@ (20003f64 <RCC_DeInit+0x60>)
20003f3a:	4a0d      	ldr	r2, [pc, #52]	@ (20003f70 <RCC_DeInit+0x6c>)
20003f3c:	f8c3 2088 	str.w	r2, [r3, #136]	@ 0x88
 
  /* Reset HSEBYP bit */
  RCC->CR &= (uint32_t)0xFFFBFFFF;
20003f40:	4b08      	ldr	r3, [pc, #32]	@ (20003f64 <RCC_DeInit+0x60>)
20003f42:	681b      	ldr	r3, [r3, #0]
20003f44:	4a07      	ldr	r2, [pc, #28]	@ (20003f64 <RCC_DeInit+0x60>)
20003f46:	f423 2380 	bic.w	r3, r3, #262144	@ 0x40000
20003f4a:	6013      	str	r3, [r2, #0]

  /* Disable all interrupts */
  RCC->CIR = 0x00000000;
20003f4c:	4b05      	ldr	r3, [pc, #20]	@ (20003f64 <RCC_DeInit+0x60>)
20003f4e:	2200      	movs	r2, #0
20003f50:	60da      	str	r2, [r3, #12]

  /* Disable Timers clock prescalers selection, only available for STM32F42/43xxx devices */
  RCC->DCKCFGR = 0x00000000; 
20003f52:	4b04      	ldr	r3, [pc, #16]	@ (20003f64 <RCC_DeInit+0x60>)
20003f54:	2200      	movs	r2, #0
20003f56:	f8c3 208c 	str.w	r2, [r3, #140]	@ 0x8c

}
20003f5a:	bf00      	nop
20003f5c:	46bd      	mov	sp, r7
20003f5e:	bc80      	pop	{r7}
20003f60:	4770      	bx	lr
20003f62:	bf00      	nop
20003f64:	40023800 	.word	0x40023800
20003f68:	24003010 	.word	0x24003010
20003f6c:	20003000 	.word	0x20003000
20003f70:	24003000 	.word	0x24003000

20003f74 <RCC_HSEConfig>:
  *            @arg RCC_HSE_ON: turn ON the HSE oscillator
  *            @arg RCC_HSE_Bypass: HSE oscillator bypassed with external clock
  * @retval None
  */
void RCC_HSEConfig(uint8_t RCC_HSE)
{
20003f74:	b480      	push	{r7}
20003f76:	b083      	sub	sp, #12
20003f78:	af00      	add	r7, sp, #0
20003f7a:	4603      	mov	r3, r0
20003f7c:	71fb      	strb	r3, [r7, #7]
  /* Check the parameters */
  assert_param(IS_RCC_HSE(RCC_HSE));

  /* Reset HSEON and HSEBYP bits before configuring the HSE ------------------*/
  *(__IO uint8_t *) CR_BYTE3_ADDRESS = RCC_HSE_OFF;
20003f7e:	4b05      	ldr	r3, [pc, #20]	@ (20003f94 <RCC_HSEConfig+0x20>)
20003f80:	2200      	movs	r2, #0
20003f82:	701a      	strb	r2, [r3, #0]

  /* Set the new HSE configuration -------------------------------------------*/
  *(__IO uint8_t *) CR_BYTE3_ADDRESS = RCC_HSE;
20003f84:	4a03      	ldr	r2, [pc, #12]	@ (20003f94 <RCC_HSEConfig+0x20>)
20003f86:	79fb      	ldrb	r3, [r7, #7]
20003f88:	7013      	strb	r3, [r2, #0]
}
20003f8a:	bf00      	nop
20003f8c:	370c      	adds	r7, #12
20003f8e:	46bd      	mov	sp, r7
20003f90:	bc80      	pop	{r7}
20003f92:	4770      	bx	lr
20003f94:	40023802 	.word	0x40023802

20003f98 <RCC_WaitForHSEStartUp>:
  * @retval An ErrorStatus enumeration value:
  *          - SUCCESS: HSE oscillator is stable and ready to use
  *          - ERROR: HSE oscillator not yet ready
  */
ErrorStatus RCC_WaitForHSEStartUp(void)
{
20003f98:	b580      	push	{r7, lr}
20003f9a:	b082      	sub	sp, #8
20003f9c:	af00      	add	r7, sp, #0
  __IO uint32_t startupcounter = 0;
20003f9e:	2300      	movs	r3, #0
20003fa0:	603b      	str	r3, [r7, #0]
  ErrorStatus status = ERROR;
20003fa2:	2300      	movs	r3, #0
20003fa4:	71fb      	strb	r3, [r7, #7]
  FlagStatus hsestatus = RESET;
20003fa6:	2300      	movs	r3, #0
20003fa8:	71bb      	strb	r3, [r7, #6]
  /* Wait till HSE is ready and if Time out is reached exit */
  do
  {
    hsestatus = RCC_GetFlagStatus(RCC_FLAG_HSERDY);
20003faa:	2031      	movs	r0, #49	@ 0x31
20003fac:	f000 fd56 	bl	20004a5c <RCC_GetFlagStatus>
20003fb0:	4603      	mov	r3, r0
20003fb2:	71bb      	strb	r3, [r7, #6]
    startupcounter++;
20003fb4:	683b      	ldr	r3, [r7, #0]
20003fb6:	3301      	adds	r3, #1
20003fb8:	603b      	str	r3, [r7, #0]
  } while((startupcounter != HSE_STARTUP_TIMEOUT) && (hsestatus == RESET));
20003fba:	683b      	ldr	r3, [r7, #0]
20003fbc:	f5b3 4fa0 	cmp.w	r3, #20480	@ 0x5000
20003fc0:	d002      	beq.n	20003fc8 <RCC_WaitForHSEStartUp+0x30>
20003fc2:	79bb      	ldrb	r3, [r7, #6]
20003fc4:	2b00      	cmp	r3, #0
20003fc6:	d0f0      	beq.n	20003faa <RCC_WaitForHSEStartUp+0x12>

  if (RCC_GetFlagStatus(RCC_FLAG_HSERDY) != RESET)
20003fc8:	2031      	movs	r0, #49	@ 0x31
20003fca:	f000 fd47 	bl	20004a5c <RCC_GetFlagStatus>
20003fce:	4603      	mov	r3, r0
20003fd0:	2b00      	cmp	r3, #0
20003fd2:	d002      	beq.n	20003fda <RCC_WaitForHSEStartUp+0x42>
  {
    status = SUCCESS;
20003fd4:	2301      	movs	r3, #1
20003fd6:	71fb      	strb	r3, [r7, #7]
20003fd8:	e001      	b.n	20003fde <RCC_WaitForHSEStartUp+0x46>
  }
  else
  {
    status = ERROR;
20003fda:	2300      	movs	r3, #0
20003fdc:	71fb      	strb	r3, [r7, #7]
  }
  return (status);
20003fde:	79fb      	ldrb	r3, [r7, #7]
}
20003fe0:	4618      	mov	r0, r3
20003fe2:	3708      	adds	r7, #8
20003fe4:	46bd      	mov	sp, r7
20003fe6:	bd80      	pop	{r7, pc}

20003fe8 <RCC_AdjustHSICalibrationValue>:
  * @param  HSICalibrationValue: specifies the calibration trimming value.
  *         This parameter must be a number between 0 and 0x1F.
  * @retval None
  */
void RCC_AdjustHSICalibrationValue(uint8_t HSICalibrationValue)
{
20003fe8:	b480      	push	{r7}
20003fea:	b085      	sub	sp, #20
20003fec:	af00      	add	r7, sp, #0
20003fee:	4603      	mov	r3, r0
20003ff0:	71fb      	strb	r3, [r7, #7]
  uint32_t tmpreg = 0;
20003ff2:	2300      	movs	r3, #0
20003ff4:	60fb      	str	r3, [r7, #12]
  /* Check the parameters */
  assert_param(IS_RCC_CALIBRATION_VALUE(HSICalibrationValue));

  tmpreg = RCC->CR;
20003ff6:	4b0a      	ldr	r3, [pc, #40]	@ (20004020 <RCC_AdjustHSICalibrationValue+0x38>)
20003ff8:	681b      	ldr	r3, [r3, #0]
20003ffa:	60fb      	str	r3, [r7, #12]

  /* Clear HSITRIM[4:0] bits */
  tmpreg &= ~RCC_CR_HSITRIM;
20003ffc:	68fb      	ldr	r3, [r7, #12]
20003ffe:	f023 03f8 	bic.w	r3, r3, #248	@ 0xf8
20004002:	60fb      	str	r3, [r7, #12]

  /* Set the HSITRIM[4:0] bits according to HSICalibrationValue value */
  tmpreg |= (uint32_t)HSICalibrationValue << 3;
20004004:	79fb      	ldrb	r3, [r7, #7]
20004006:	00db      	lsls	r3, r3, #3
20004008:	68fa      	ldr	r2, [r7, #12]
2000400a:	4313      	orrs	r3, r2
2000400c:	60fb      	str	r3, [r7, #12]

  /* Store the new value */
  RCC->CR = tmpreg;
2000400e:	4a04      	ldr	r2, [pc, #16]	@ (20004020 <RCC_AdjustHSICalibrationValue+0x38>)
20004010:	68fb      	ldr	r3, [r7, #12]
20004012:	6013      	str	r3, [r2, #0]
}
20004014:	bf00      	nop
20004016:	3714      	adds	r7, #20
20004018:	46bd      	mov	sp, r7
2000401a:	bc80      	pop	{r7}
2000401c:	4770      	bx	lr
2000401e:	bf00      	nop
20004020:	40023800 	.word	0x40023800

20004024 <RCC_HSICmd>:
  * @note   When the HSI is stopped, HSIRDY flag goes low after 6 HSI oscillator
  *         clock cycles.  
  * @retval None
  */
void RCC_HSICmd(FunctionalState NewState)
{
20004024:	b480      	push	{r7}
20004026:	b083      	sub	sp, #12
20004028:	af00      	add	r7, sp, #0
2000402a:	4603      	mov	r3, r0
2000402c:	71fb      	strb	r3, [r7, #7]
  /* Check the parameters */
  assert_param(IS_FUNCTIONAL_STATE(NewState));

  *(__IO uint32_t *) CR_HSION_BB = (uint32_t)NewState;
2000402e:	4a04      	ldr	r2, [pc, #16]	@ (20004040 <RCC_HSICmd+0x1c>)
20004030:	79fb      	ldrb	r3, [r7, #7]
20004032:	6013      	str	r3, [r2, #0]
}
20004034:	bf00      	nop
20004036:	370c      	adds	r7, #12
20004038:	46bd      	mov	sp, r7
2000403a:	bc80      	pop	{r7}
2000403c:	4770      	bx	lr
2000403e:	bf00      	nop
20004040:	42470000 	.word	0x42470000

20004044 <RCC_LSEConfig>:
  *            @arg RCC_LSE_ON: turn ON the LSE oscillator
  *            @arg RCC_LSE_Bypass: LSE oscillator bypassed with external clock
  * @retval None
  */
void RCC_LSEConfig(uint8_t RCC_LSE)
{
20004044:	b480      	push	{r7}
20004046:	b083      	sub	sp, #12
20004048:	af00      	add	r7, sp, #0
2000404a:	4603      	mov	r3, r0
2000404c:	71fb      	strb	r3, [r7, #7]
  /* Check the parameters */
  assert_param(IS_RCC_LSE(RCC_LSE));

  /* Reset LSEON and LSEBYP bits before configuring the LSE ------------------*/
  /* Reset LSEON bit */
  *(__IO uint8_t *) BDCR_ADDRESS = RCC_LSE_OFF;
2000404e:	4b0c      	ldr	r3, [pc, #48]	@ (20004080 <RCC_LSEConfig+0x3c>)
20004050:	2200      	movs	r2, #0
20004052:	701a      	strb	r2, [r3, #0]

  /* Reset LSEBYP bit */
  *(__IO uint8_t *) BDCR_ADDRESS = RCC_LSE_OFF;
20004054:	4b0a      	ldr	r3, [pc, #40]	@ (20004080 <RCC_LSEConfig+0x3c>)
20004056:	2200      	movs	r2, #0
20004058:	701a      	strb	r2, [r3, #0]

  /* Configure LSE (RCC_LSE_OFF is already covered by the code section above) */
  switch (RCC_LSE)
2000405a:	79fb      	ldrb	r3, [r7, #7]
2000405c:	2b01      	cmp	r3, #1
2000405e:	d002      	beq.n	20004066 <RCC_LSEConfig+0x22>
20004060:	2b04      	cmp	r3, #4
20004062:	d004      	beq.n	2000406e <RCC_LSEConfig+0x2a>
    case RCC_LSE_Bypass:
      /* Set LSEBYP and LSEON bits */
      *(__IO uint8_t *) BDCR_ADDRESS = RCC_LSE_Bypass | RCC_LSE_ON;
      break;
    default:
      break;
20004064:	e007      	b.n	20004076 <RCC_LSEConfig+0x32>
      *(__IO uint8_t *) BDCR_ADDRESS = RCC_LSE_ON;
20004066:	4b06      	ldr	r3, [pc, #24]	@ (20004080 <RCC_LSEConfig+0x3c>)
20004068:	2201      	movs	r2, #1
2000406a:	701a      	strb	r2, [r3, #0]
      break;
2000406c:	e003      	b.n	20004076 <RCC_LSEConfig+0x32>
      *(__IO uint8_t *) BDCR_ADDRESS = RCC_LSE_Bypass | RCC_LSE_ON;
2000406e:	4b04      	ldr	r3, [pc, #16]	@ (20004080 <RCC_LSEConfig+0x3c>)
20004070:	2205      	movs	r2, #5
20004072:	701a      	strb	r2, [r3, #0]
      break;
20004074:	bf00      	nop
  }
}
20004076:	bf00      	nop
20004078:	370c      	adds	r7, #12
2000407a:	46bd      	mov	sp, r7
2000407c:	bc80      	pop	{r7}
2000407e:	4770      	bx	lr
20004080:	40023870 	.word	0x40023870

20004084 <RCC_LSICmd>:
  * @note   When the LSI is stopped, LSIRDY flag goes low after 6 LSI oscillator
  *         clock cycles. 
  * @retval None
  */
void RCC_LSICmd(FunctionalState NewState)
{
20004084:	b480      	push	{r7}
20004086:	b083      	sub	sp, #12
20004088:	af00      	add	r7, sp, #0
2000408a:	4603      	mov	r3, r0
2000408c:	71fb      	strb	r3, [r7, #7]
  /* Check the parameters */
  assert_param(IS_FUNCTIONAL_STATE(NewState));

  *(__IO uint32_t *) CSR_LSION_BB = (uint32_t)NewState;
2000408e:	4a04      	ldr	r2, [pc, #16]	@ (200040a0 <RCC_LSICmd+0x1c>)
20004090:	79fb      	ldrb	r3, [r7, #7]
20004092:	6013      	str	r3, [r2, #0]
}
20004094:	bf00      	nop
20004096:	370c      	adds	r7, #12
20004098:	46bd      	mov	sp, r7
2000409a:	bc80      	pop	{r7}
2000409c:	4770      	bx	lr
2000409e:	bf00      	nop
200040a0:	42470e80 	.word	0x42470e80

200040a4 <RCC_PLLConfig>:
  *         correctly.
  *   
  * @retval None
  */
void RCC_PLLConfig(uint32_t RCC_PLLSource, uint32_t PLLM, uint32_t PLLN, uint32_t PLLP, uint32_t PLLQ)
{
200040a4:	b480      	push	{r7}
200040a6:	b085      	sub	sp, #20
200040a8:	af00      	add	r7, sp, #0
200040aa:	60f8      	str	r0, [r7, #12]
200040ac:	60b9      	str	r1, [r7, #8]
200040ae:	607a      	str	r2, [r7, #4]
200040b0:	603b      	str	r3, [r7, #0]
  assert_param(IS_RCC_PLLM_VALUE(PLLM));
  assert_param(IS_RCC_PLLN_VALUE(PLLN));
  assert_param(IS_RCC_PLLP_VALUE(PLLP));
  assert_param(IS_RCC_PLLQ_VALUE(PLLQ));

  RCC->PLLCFGR = PLLM | (PLLN << 6) | (((PLLP >> 1) -1) << 16) | (RCC_PLLSource) |
200040b2:	687b      	ldr	r3, [r7, #4]
200040b4:	019a      	lsls	r2, r3, #6
200040b6:	68bb      	ldr	r3, [r7, #8]
200040b8:	431a      	orrs	r2, r3
200040ba:	683b      	ldr	r3, [r7, #0]
200040bc:	085b      	lsrs	r3, r3, #1
200040be:	3b01      	subs	r3, #1
200040c0:	041b      	lsls	r3, r3, #16
200040c2:	431a      	orrs	r2, r3
200040c4:	68fb      	ldr	r3, [r7, #12]
200040c6:	431a      	orrs	r2, r3
                 (PLLQ << 24);
200040c8:	69bb      	ldr	r3, [r7, #24]
200040ca:	061b      	lsls	r3, r3, #24
  RCC->PLLCFGR = PLLM | (PLLN << 6) | (((PLLP >> 1) -1) << 16) | (RCC_PLLSource) |
200040cc:	4903      	ldr	r1, [pc, #12]	@ (200040dc <RCC_PLLConfig+0x38>)
200040ce:	4313      	orrs	r3, r2
200040d0:	604b      	str	r3, [r1, #4]
}
200040d2:	bf00      	nop
200040d4:	3714      	adds	r7, #20
200040d6:	46bd      	mov	sp, r7
200040d8:	bc80      	pop	{r7}
200040da:	4770      	bx	lr
200040dc:	40023800 	.word	0x40023800

200040e0 <RCC_PLLCmd>:
  * @note   The main PLL is disabled by hardware when entering STOP and STANDBY modes.
  * @param  NewState: new state of the main PLL. This parameter can be: ENABLE or DISABLE.
  * @retval None
  */
void RCC_PLLCmd(FunctionalState NewState)
{
200040e0:	b480      	push	{r7}
200040e2:	b083      	sub	sp, #12
200040e4:	af00      	add	r7, sp, #0
200040e6:	4603      	mov	r3, r0
200040e8:	71fb      	strb	r3, [r7, #7]
  /* Check the parameters */
  assert_param(IS_FUNCTIONAL_STATE(NewState));
  *(__IO uint32_t *) CR_PLLON_BB = (uint32_t)NewState;
200040ea:	4a04      	ldr	r2, [pc, #16]	@ (200040fc <RCC_PLLCmd+0x1c>)
200040ec:	79fb      	ldrb	r3, [r7, #7]
200040ee:	6013      	str	r3, [r2, #0]
}
200040f0:	bf00      	nop
200040f2:	370c      	adds	r7, #12
200040f4:	46bd      	mov	sp, r7
200040f6:	bc80      	pop	{r7}
200040f8:	4770      	bx	lr
200040fa:	bf00      	nop
200040fc:	42470060 	.word	0x42470060

20004100 <RCC_PLLI2SConfig>:
  *         on the I2S clock frequency.
  *   
  * @retval None
  */
void RCC_PLLI2SConfig(uint32_t PLLI2SN, uint32_t PLLI2SR)
{
20004100:	b480      	push	{r7}
20004102:	b083      	sub	sp, #12
20004104:	af00      	add	r7, sp, #0
20004106:	6078      	str	r0, [r7, #4]
20004108:	6039      	str	r1, [r7, #0]
  /* Check the parameters */
  assert_param(IS_RCC_PLLI2SN_VALUE(PLLI2SN));
  assert_param(IS_RCC_PLLI2SR_VALUE(PLLI2SR));

  RCC->PLLI2SCFGR = (PLLI2SN << 6) | (PLLI2SR << 28);
2000410a:	687b      	ldr	r3, [r7, #4]
2000410c:	019a      	lsls	r2, r3, #6
2000410e:	683b      	ldr	r3, [r7, #0]
20004110:	071b      	lsls	r3, r3, #28
20004112:	4904      	ldr	r1, [pc, #16]	@ (20004124 <RCC_PLLI2SConfig+0x24>)
20004114:	4313      	orrs	r3, r2
20004116:	f8c1 3084 	str.w	r3, [r1, #132]	@ 0x84
}
2000411a:	bf00      	nop
2000411c:	370c      	adds	r7, #12
2000411e:	46bd      	mov	sp, r7
20004120:	bc80      	pop	{r7}
20004122:	4770      	bx	lr
20004124:	40023800 	.word	0x40023800

20004128 <RCC_PLLI2SCmd>:
  * @note   The PLLI2S is disabled by hardware when entering STOP and STANDBY modes.  
  * @param  NewState: new state of the PLLI2S. This parameter can be: ENABLE or DISABLE.
  * @retval None
  */
void RCC_PLLI2SCmd(FunctionalState NewState)
{
20004128:	b480      	push	{r7}
2000412a:	b083      	sub	sp, #12
2000412c:	af00      	add	r7, sp, #0
2000412e:	4603      	mov	r3, r0
20004130:	71fb      	strb	r3, [r7, #7]
  /* Check the parameters */
  assert_param(IS_FUNCTIONAL_STATE(NewState));
  *(__IO uint32_t *) CR_PLLI2SON_BB = (uint32_t)NewState;
20004132:	4a04      	ldr	r2, [pc, #16]	@ (20004144 <RCC_PLLI2SCmd+0x1c>)
20004134:	79fb      	ldrb	r3, [r7, #7]
20004136:	6013      	str	r3, [r2, #0]
}
20004138:	bf00      	nop
2000413a:	370c      	adds	r7, #12
2000413c:	46bd      	mov	sp, r7
2000413e:	bc80      	pop	{r7}
20004140:	4770      	bx	lr
20004142:	bf00      	nop
20004144:	42470068 	.word	0x42470068

20004148 <RCC_PLLSAIConfig>:
  *          This parameter must be a number between 2 and 7.
  *   
  * @retval None
  */
void RCC_PLLSAIConfig(uint32_t PLLSAIN, uint32_t PLLSAIQ, uint32_t PLLSAIR)
{
20004148:	b480      	push	{r7}
2000414a:	b085      	sub	sp, #20
2000414c:	af00      	add	r7, sp, #0
2000414e:	60f8      	str	r0, [r7, #12]
20004150:	60b9      	str	r1, [r7, #8]
20004152:	607a      	str	r2, [r7, #4]
  /* Check the parameters */
  assert_param(IS_RCC_PLLSAIN_VALUE(PLLSAIN));
  assert_param(IS_RCC_PLLSAIR_VALUE(PLLSAIR));

  RCC->PLLSAICFGR = (PLLSAIN << 6) | (PLLSAIQ << 24) | (PLLSAIR << 28);
20004154:	68fb      	ldr	r3, [r7, #12]
20004156:	019a      	lsls	r2, r3, #6
20004158:	68bb      	ldr	r3, [r7, #8]
2000415a:	061b      	lsls	r3, r3, #24
2000415c:	431a      	orrs	r2, r3
2000415e:	687b      	ldr	r3, [r7, #4]
20004160:	071b      	lsls	r3, r3, #28
20004162:	4904      	ldr	r1, [pc, #16]	@ (20004174 <RCC_PLLSAIConfig+0x2c>)
20004164:	4313      	orrs	r3, r2
20004166:	f8c1 3088 	str.w	r3, [r1, #136]	@ 0x88
}
2000416a:	bf00      	nop
2000416c:	3714      	adds	r7, #20
2000416e:	46bd      	mov	sp, r7
20004170:	bc80      	pop	{r7}
20004172:	4770      	bx	lr
20004174:	40023800 	.word	0x40023800

20004178 <RCC_PLLSAICmd>:
  * @note   The PLLSAI is disabled by hardware when entering STOP and STANDBY modes.  
  * @param  NewState: new state of the PLLSAI. This parameter can be: ENABLE or DISABLE.
  * @retval None
  */
void RCC_PLLSAICmd(FunctionalState NewState)
{
20004178:	b480      	push	{r7}
2000417a:	b083      	sub	sp, #12
2000417c:	af00      	add	r7, sp, #0
2000417e:	4603      	mov	r3, r0
20004180:	71fb      	strb	r3, [r7, #7]
  /* Check the parameters */
  assert_param(IS_FUNCTIONAL_STATE(NewState));
  *(__IO uint32_t *) CR_PLLSAION_BB = (uint32_t)NewState;
20004182:	4a04      	ldr	r2, [pc, #16]	@ (20004194 <RCC_PLLSAICmd+0x1c>)
20004184:	79fb      	ldrb	r3, [r7, #7]
20004186:	6013      	str	r3, [r2, #0]
}
20004188:	bf00      	nop
2000418a:	370c      	adds	r7, #12
2000418c:	46bd      	mov	sp, r7
2000418e:	bc80      	pop	{r7}
20004190:	4770      	bx	lr
20004192:	bf00      	nop
20004194:	42470070 	.word	0x42470070

20004198 <RCC_ClockSecuritySystemCmd>:
  * @param  NewState: new state of the Clock Security System.
  *         This parameter can be: ENABLE or DISABLE.
  * @retval None
  */
void RCC_ClockSecuritySystemCmd(FunctionalState NewState)
{
20004198:	b480      	push	{r7}
2000419a:	b083      	sub	sp, #12
2000419c:	af00      	add	r7, sp, #0
2000419e:	4603      	mov	r3, r0
200041a0:	71fb      	strb	r3, [r7, #7]
  /* Check the parameters */
  assert_param(IS_FUNCTIONAL_STATE(NewState));
  *(__IO uint32_t *) CR_CSSON_BB = (uint32_t)NewState;
200041a2:	4a04      	ldr	r2, [pc, #16]	@ (200041b4 <RCC_ClockSecuritySystemCmd+0x1c>)
200041a4:	79fb      	ldrb	r3, [r7, #7]
200041a6:	6013      	str	r3, [r2, #0]
}
200041a8:	bf00      	nop
200041aa:	370c      	adds	r7, #12
200041ac:	46bd      	mov	sp, r7
200041ae:	bc80      	pop	{r7}
200041b0:	4770      	bx	lr
200041b2:	bf00      	nop
200041b4:	4247004c 	.word	0x4247004c

200041b8 <RCC_MCO1Config>:
  *            @arg RCC_MCO1Div_4: division by 4 applied to MCO1 clock
  *            @arg RCC_MCO1Div_5: division by 5 applied to MCO1 clock
  * @retval None
  */
void RCC_MCO1Config(uint32_t RCC_MCO1Source, uint32_t RCC_MCO1Div)
{
200041b8:	b480      	push	{r7}
200041ba:	b085      	sub	sp, #20
200041bc:	af00      	add	r7, sp, #0
200041be:	6078      	str	r0, [r7, #4]
200041c0:	6039      	str	r1, [r7, #0]
  uint32_t tmpreg = 0;
200041c2:	2300      	movs	r3, #0
200041c4:	60fb      	str	r3, [r7, #12]
  
  /* Check the parameters */
  assert_param(IS_RCC_MCO1SOURCE(RCC_MCO1Source));
  assert_param(IS_RCC_MCO1DIV(RCC_MCO1Div));  

  tmpreg = RCC->CFGR;
200041c6:	4b0a      	ldr	r3, [pc, #40]	@ (200041f0 <RCC_MCO1Config+0x38>)
200041c8:	689b      	ldr	r3, [r3, #8]
200041ca:	60fb      	str	r3, [r7, #12]

  /* Clear MCO1[1:0] and MCO1PRE[2:0] bits */
  tmpreg &= CFGR_MCO1_RESET_MASK;
200041cc:	68fb      	ldr	r3, [r7, #12]
200041ce:	f023 63ec 	bic.w	r3, r3, #123731968	@ 0x7600000
200041d2:	60fb      	str	r3, [r7, #12]

  /* Select MCO1 clock source and prescaler */
  tmpreg |= RCC_MCO1Source | RCC_MCO1Div;
200041d4:	687a      	ldr	r2, [r7, #4]
200041d6:	683b      	ldr	r3, [r7, #0]
200041d8:	4313      	orrs	r3, r2
200041da:	68fa      	ldr	r2, [r7, #12]
200041dc:	4313      	orrs	r3, r2
200041de:	60fb      	str	r3, [r7, #12]

  /* Store the new value */
  RCC->CFGR = tmpreg;  
200041e0:	4a03      	ldr	r2, [pc, #12]	@ (200041f0 <RCC_MCO1Config+0x38>)
200041e2:	68fb      	ldr	r3, [r7, #12]
200041e4:	6093      	str	r3, [r2, #8]
}
200041e6:	bf00      	nop
200041e8:	3714      	adds	r7, #20
200041ea:	46bd      	mov	sp, r7
200041ec:	bc80      	pop	{r7}
200041ee:	4770      	bx	lr
200041f0:	40023800 	.word	0x40023800

200041f4 <RCC_MCO2Config>:
  *            @arg RCC_MCO2Div_4: division by 4 applied to MCO2 clock
  *            @arg RCC_MCO2Div_5: division by 5 applied to MCO2 clock
  * @retval None
  */
void RCC_MCO2Config(uint32_t RCC_MCO2Source, uint32_t RCC_MCO2Div)
{
200041f4:	b480      	push	{r7}
200041f6:	b085      	sub	sp, #20
200041f8:	af00      	add	r7, sp, #0
200041fa:	6078      	str	r0, [r7, #4]
200041fc:	6039      	str	r1, [r7, #0]
  uint32_t tmpreg = 0;
200041fe:	2300      	movs	r3, #0
20004200:	60fb      	str	r3, [r7, #12]
  
  /* Check the parameters */
  assert_param(IS_RCC_MCO2SOURCE(RCC_MCO2Source));
  assert_param(IS_RCC_MCO2DIV(RCC_MCO2Div));
  
  tmpreg = RCC->CFGR;
20004202:	4b0a      	ldr	r3, [pc, #40]	@ (2000422c <RCC_MCO2Config+0x38>)
20004204:	689b      	ldr	r3, [r3, #8]
20004206:	60fb      	str	r3, [r7, #12]
  
  /* Clear MCO2 and MCO2PRE[2:0] bits */
  tmpreg &= CFGR_MCO2_RESET_MASK;
20004208:	68fb      	ldr	r3, [r7, #12]
2000420a:	f023 4378 	bic.w	r3, r3, #4160749568	@ 0xf8000000
2000420e:	60fb      	str	r3, [r7, #12]

  /* Select MCO2 clock source and prescaler */
  tmpreg |= RCC_MCO2Source | RCC_MCO2Div;
20004210:	687a      	ldr	r2, [r7, #4]
20004212:	683b      	ldr	r3, [r7, #0]
20004214:	4313      	orrs	r3, r2
20004216:	68fa      	ldr	r2, [r7, #12]
20004218:	4313      	orrs	r3, r2
2000421a:	60fb      	str	r3, [r7, #12]

  /* Store the new value */
  RCC->CFGR = tmpreg;  
2000421c:	4a03      	ldr	r2, [pc, #12]	@ (2000422c <RCC_MCO2Config+0x38>)
2000421e:	68fb      	ldr	r3, [r7, #12]
20004220:	6093      	str	r3, [r2, #8]
}
20004222:	bf00      	nop
20004224:	3714      	adds	r7, #20
20004226:	46bd      	mov	sp, r7
20004228:	bc80      	pop	{r7}
2000422a:	4770      	bx	lr
2000422c:	40023800 	.word	0x40023800

20004230 <RCC_SYSCLKConfig>:
  *            @arg RCC_SYSCLKSource_HSE:    HSE selected as system clock source
  *            @arg RCC_SYSCLKSource_PLLCLK: PLL selected as system clock source
  * @retval None
  */
void RCC_SYSCLKConfig(uint32_t RCC_SYSCLKSource)
{
20004230:	b480      	push	{r7}
20004232:	b085      	sub	sp, #20
20004234:	af00      	add	r7, sp, #0
20004236:	6078      	str	r0, [r7, #4]
  uint32_t tmpreg = 0;
20004238:	2300      	movs	r3, #0
2000423a:	60fb      	str	r3, [r7, #12]

  /* Check the parameters */
  assert_param(IS_RCC_SYSCLK_SOURCE(RCC_SYSCLKSource));

  tmpreg = RCC->CFGR;
2000423c:	4b09      	ldr	r3, [pc, #36]	@ (20004264 <RCC_SYSCLKConfig+0x34>)
2000423e:	689b      	ldr	r3, [r3, #8]
20004240:	60fb      	str	r3, [r7, #12]

  /* Clear SW[1:0] bits */
  tmpreg &= ~RCC_CFGR_SW;
20004242:	68fb      	ldr	r3, [r7, #12]
20004244:	f023 0303 	bic.w	r3, r3, #3
20004248:	60fb      	str	r3, [r7, #12]

  /* Set SW[1:0] bits according to RCC_SYSCLKSource value */
  tmpreg |= RCC_SYSCLKSource;
2000424a:	68fa      	ldr	r2, [r7, #12]
2000424c:	687b      	ldr	r3, [r7, #4]
2000424e:	4313      	orrs	r3, r2
20004250:	60fb      	str	r3, [r7, #12]

  /* Store the new value */
  RCC->CFGR = tmpreg;
20004252:	4a04      	ldr	r2, [pc, #16]	@ (20004264 <RCC_SYSCLKConfig+0x34>)
20004254:	68fb      	ldr	r3, [r7, #12]
20004256:	6093      	str	r3, [r2, #8]
}
20004258:	bf00      	nop
2000425a:	3714      	adds	r7, #20
2000425c:	46bd      	mov	sp, r7
2000425e:	bc80      	pop	{r7}
20004260:	4770      	bx	lr
20004262:	bf00      	nop
20004264:	40023800 	.word	0x40023800

20004268 <RCC_GetSYSCLKSource>:
  *              - 0x00: HSI used as system clock
  *              - 0x04: HSE used as system clock
  *              - 0x08: PLL used as system clock
  */
uint8_t RCC_GetSYSCLKSource(void)
{
20004268:	b480      	push	{r7}
2000426a:	af00      	add	r7, sp, #0
  return ((uint8_t)(RCC->CFGR & RCC_CFGR_SWS));
2000426c:	4b04      	ldr	r3, [pc, #16]	@ (20004280 <RCC_GetSYSCLKSource+0x18>)
2000426e:	689b      	ldr	r3, [r3, #8]
20004270:	b2db      	uxtb	r3, r3
20004272:	f003 030c 	and.w	r3, r3, #12
20004276:	b2db      	uxtb	r3, r3
}
20004278:	4618      	mov	r0, r3
2000427a:	46bd      	mov	sp, r7
2000427c:	bc80      	pop	{r7}
2000427e:	4770      	bx	lr
20004280:	40023800 	.word	0x40023800

20004284 <RCC_HCLKConfig>:
  *            @arg RCC_SYSCLK_Div256: AHB clock = SYSCLK/256
  *            @arg RCC_SYSCLK_Div512: AHB clock = SYSCLK/512
  * @retval None
  */
void RCC_HCLKConfig(uint32_t RCC_SYSCLK)
{
20004284:	b480      	push	{r7}
20004286:	b085      	sub	sp, #20
20004288:	af00      	add	r7, sp, #0
2000428a:	6078      	str	r0, [r7, #4]
  uint32_t tmpreg = 0;
2000428c:	2300      	movs	r3, #0
2000428e:	60fb      	str	r3, [r7, #12]
  
  /* Check the parameters */
  assert_param(IS_RCC_HCLK(RCC_SYSCLK));

  tmpreg = RCC->CFGR;
20004290:	4b09      	ldr	r3, [pc, #36]	@ (200042b8 <RCC_HCLKConfig+0x34>)
20004292:	689b      	ldr	r3, [r3, #8]
20004294:	60fb      	str	r3, [r7, #12]

  /* Clear HPRE[3:0] bits */
  tmpreg &= ~RCC_CFGR_HPRE;
20004296:	68fb      	ldr	r3, [r7, #12]
20004298:	f023 03f0 	bic.w	r3, r3, #240	@ 0xf0
2000429c:	60fb      	str	r3, [r7, #12]

  /* Set HPRE[3:0] bits according to RCC_SYSCLK value */
  tmpreg |= RCC_SYSCLK;
2000429e:	68fa      	ldr	r2, [r7, #12]
200042a0:	687b      	ldr	r3, [r7, #4]
200042a2:	4313      	orrs	r3, r2
200042a4:	60fb      	str	r3, [r7, #12]

  /* Store the new value */
  RCC->CFGR = tmpreg;
200042a6:	4a04      	ldr	r2, [pc, #16]	@ (200042b8 <RCC_HCLKConfig+0x34>)
200042a8:	68fb      	ldr	r3, [r7, #12]
200042aa:	6093      	str	r3, [r2, #8]
}
200042ac:	bf00      	nop
200042ae:	3714      	adds	r7, #20
200042b0:	46bd      	mov	sp, r7
200042b2:	bc80      	pop	{r7}
200042b4:	4770      	bx	lr
200042b6:	bf00      	nop
200042b8:	40023800 	.word	0x40023800

200042bc <RCC_PCLK1Config>:
  *            @arg RCC_HCLK_Div8:  APB1 clock = HCLK/8
  *            @arg RCC_HCLK_Div16: APB1 clock = HCLK/16
  * @retval None
  */
void RCC_PCLK1Config(uint32_t RCC_HCLK)
{
200042bc:	b480      	push	{r7}
200042be:	b085      	sub	sp, #20
200042c0:	af00      	add	r7, sp, #0
200042c2:	6078      	str	r0, [r7, #4]
  uint32_t tmpreg = 0;
200042c4:	2300      	movs	r3, #0
200042c6:	60fb      	str	r3, [r7, #12]

  /* Check the parameters */
  assert_param(IS_RCC_PCLK(RCC_HCLK));

  tmpreg = RCC->CFGR;
200042c8:	4b09      	ldr	r3, [pc, #36]	@ (200042f0 <RCC_PCLK1Config+0x34>)
200042ca:	689b      	ldr	r3, [r3, #8]
200042cc:	60fb      	str	r3, [r7, #12]

  /* Clear PPRE1[2:0] bits */
  tmpreg &= ~RCC_CFGR_PPRE1;
200042ce:	68fb      	ldr	r3, [r7, #12]
200042d0:	f423 53e0 	bic.w	r3, r3, #7168	@ 0x1c00
200042d4:	60fb      	str	r3, [r7, #12]

  /* Set PPRE1[2:0] bits according to RCC_HCLK value */
  tmpreg |= RCC_HCLK;
200042d6:	68fa      	ldr	r2, [r7, #12]
200042d8:	687b      	ldr	r3, [r7, #4]
200042da:	4313      	orrs	r3, r2
200042dc:	60fb      	str	r3, [r7, #12]

  /* Store the new value */
  RCC->CFGR = tmpreg;
200042de:	4a04      	ldr	r2, [pc, #16]	@ (200042f0 <RCC_PCLK1Config+0x34>)
200042e0:	68fb      	ldr	r3, [r7, #12]
200042e2:	6093      	str	r3, [r2, #8]
}
200042e4:	bf00      	nop
200042e6:	3714      	adds	r7, #20
200042e8:	46bd      	mov	sp, r7
200042ea:	bc80      	pop	{r7}
200042ec:	4770      	bx	lr
200042ee:	bf00      	nop
200042f0:	40023800 	.word	0x40023800

200042f4 <RCC_PCLK2Config>:
  *            @arg RCC_HCLK_Div8:  APB2 clock = HCLK/8
  *            @arg RCC_HCLK_Div16: APB2 clock = HCLK/16
  * @retval None
  */
void RCC_PCLK2Config(uint32_t RCC_HCLK)
{
200042f4:	b480      	push	{r7}
200042f6:	b085      	sub	sp, #20
200042f8:	af00      	add	r7, sp, #0
200042fa:	6078      	str	r0, [r7, #4]
  uint32_t tmpreg = 0;
200042fc:	2300      	movs	r3, #0
200042fe:	60fb      	str	r3, [r7, #12]

  /* Check the parameters */
  assert_param(IS_RCC_PCLK(RCC_HCLK));

  tmpreg = RCC->CFGR;
20004300:	4b09      	ldr	r3, [pc, #36]	@ (20004328 <RCC_PCLK2Config+0x34>)
20004302:	689b      	ldr	r3, [r3, #8]
20004304:	60fb      	str	r3, [r7, #12]

  /* Clear PPRE2[2:0] bits */
  tmpreg &= ~RCC_CFGR_PPRE2;
20004306:	68fb      	ldr	r3, [r7, #12]
20004308:	f423 4360 	bic.w	r3, r3, #57344	@ 0xe000
2000430c:	60fb      	str	r3, [r7, #12]

  /* Set PPRE2[2:0] bits according to RCC_HCLK value */
  tmpreg |= RCC_HCLK << 3;
2000430e:	687b      	ldr	r3, [r7, #4]
20004310:	00db      	lsls	r3, r3, #3
20004312:	68fa      	ldr	r2, [r7, #12]
20004314:	4313      	orrs	r3, r2
20004316:	60fb      	str	r3, [r7, #12]

  /* Store the new value */
  RCC->CFGR = tmpreg;
20004318:	4a03      	ldr	r2, [pc, #12]	@ (20004328 <RCC_PCLK2Config+0x34>)
2000431a:	68fb      	ldr	r3, [r7, #12]
2000431c:	6093      	str	r3, [r2, #8]
}
2000431e:	bf00      	nop
20004320:	3714      	adds	r7, #20
20004322:	46bd      	mov	sp, r7
20004324:	bc80      	pop	{r7}
20004326:	4770      	bx	lr
20004328:	40023800 	.word	0x40023800

2000432c <RCC_GetClocksFreq>:
  *         configuration based on this function will be incorrect.
  *    
  * @retval None
  */
void RCC_GetClocksFreq(RCC_ClocksTypeDef* RCC_Clocks)
{
2000432c:	b480      	push	{r7}
2000432e:	b089      	sub	sp, #36	@ 0x24
20004330:	af00      	add	r7, sp, #0
20004332:	6078      	str	r0, [r7, #4]
  uint32_t tmp = 0, presc = 0, pllvco = 0, pllp = 2, pllsource = 0, pllm = 2;
20004334:	2300      	movs	r3, #0
20004336:	61bb      	str	r3, [r7, #24]
20004338:	2300      	movs	r3, #0
2000433a:	617b      	str	r3, [r7, #20]
2000433c:	2300      	movs	r3, #0
2000433e:	61fb      	str	r3, [r7, #28]
20004340:	2302      	movs	r3, #2
20004342:	613b      	str	r3, [r7, #16]
20004344:	2300      	movs	r3, #0
20004346:	60fb      	str	r3, [r7, #12]
20004348:	2302      	movs	r3, #2
2000434a:	60bb      	str	r3, [r7, #8]

  /* Get SYSCLK source -------------------------------------------------------*/
  tmp = RCC->CFGR & RCC_CFGR_SWS;
2000434c:	4b4a      	ldr	r3, [pc, #296]	@ (20004478 <RCC_GetClocksFreq+0x14c>)
2000434e:	689b      	ldr	r3, [r3, #8]
20004350:	f003 030c 	and.w	r3, r3, #12
20004354:	61bb      	str	r3, [r7, #24]

  switch (tmp)
20004356:	69bb      	ldr	r3, [r7, #24]
20004358:	2b08      	cmp	r3, #8
2000435a:	d011      	beq.n	20004380 <RCC_GetClocksFreq+0x54>
2000435c:	69bb      	ldr	r3, [r7, #24]
2000435e:	2b08      	cmp	r3, #8
20004360:	d844      	bhi.n	200043ec <RCC_GetClocksFreq+0xc0>
20004362:	69bb      	ldr	r3, [r7, #24]
20004364:	2b00      	cmp	r3, #0
20004366:	d003      	beq.n	20004370 <RCC_GetClocksFreq+0x44>
20004368:	69bb      	ldr	r3, [r7, #24]
2000436a:	2b04      	cmp	r3, #4
2000436c:	d004      	beq.n	20004378 <RCC_GetClocksFreq+0x4c>
2000436e:	e03d      	b.n	200043ec <RCC_GetClocksFreq+0xc0>
  {
    case 0x00:  /* HSI used as system clock source */
      RCC_Clocks->SYSCLK_Frequency = HSI_VALUE;
20004370:	687b      	ldr	r3, [r7, #4]
20004372:	4a42      	ldr	r2, [pc, #264]	@ (2000447c <RCC_GetClocksFreq+0x150>)
20004374:	601a      	str	r2, [r3, #0]
      break;
20004376:	e03d      	b.n	200043f4 <RCC_GetClocksFreq+0xc8>
    case 0x04:  /* HSE used as system clock  source */
      RCC_Clocks->SYSCLK_Frequency = HSE_VALUE;
20004378:	687b      	ldr	r3, [r7, #4]
2000437a:	4a41      	ldr	r2, [pc, #260]	@ (20004480 <RCC_GetClocksFreq+0x154>)
2000437c:	601a      	str	r2, [r3, #0]
      break;
2000437e:	e039      	b.n	200043f4 <RCC_GetClocksFreq+0xc8>
    case 0x08:  /* PLL used as system clock  source */

      /* PLL_VCO = (HSE_VALUE or HSI_VALUE / PLLM) * PLLN
         SYSCLK = PLL_VCO / PLLP
         */    
      pllsource = (RCC->PLLCFGR & RCC_PLLCFGR_PLLSRC) >> 22;
20004380:	4b3d      	ldr	r3, [pc, #244]	@ (20004478 <RCC_GetClocksFreq+0x14c>)
20004382:	685b      	ldr	r3, [r3, #4]
20004384:	0d9b      	lsrs	r3, r3, #22
20004386:	f003 0301 	and.w	r3, r3, #1
2000438a:	60fb      	str	r3, [r7, #12]
      pllm = RCC->PLLCFGR & RCC_PLLCFGR_PLLM;
2000438c:	4b3a      	ldr	r3, [pc, #232]	@ (20004478 <RCC_GetClocksFreq+0x14c>)
2000438e:	685b      	ldr	r3, [r3, #4]
20004390:	f003 033f 	and.w	r3, r3, #63	@ 0x3f
20004394:	60bb      	str	r3, [r7, #8]
      
      if (pllsource != 0)
20004396:	68fb      	ldr	r3, [r7, #12]
20004398:	2b00      	cmp	r3, #0
2000439a:	d00c      	beq.n	200043b6 <RCC_GetClocksFreq+0x8a>
      {
        /* HSE used as PLL clock source */
        pllvco = (HSE_VALUE / pllm) * ((RCC->PLLCFGR & RCC_PLLCFGR_PLLN) >> 6);
2000439c:	4a38      	ldr	r2, [pc, #224]	@ (20004480 <RCC_GetClocksFreq+0x154>)
2000439e:	68bb      	ldr	r3, [r7, #8]
200043a0:	fbb2 f3f3 	udiv	r3, r2, r3
200043a4:	4a34      	ldr	r2, [pc, #208]	@ (20004478 <RCC_GetClocksFreq+0x14c>)
200043a6:	6852      	ldr	r2, [r2, #4]
200043a8:	0992      	lsrs	r2, r2, #6
200043aa:	f3c2 0208 	ubfx	r2, r2, #0, #9
200043ae:	fb02 f303 	mul.w	r3, r2, r3
200043b2:	61fb      	str	r3, [r7, #28]
200043b4:	e00b      	b.n	200043ce <RCC_GetClocksFreq+0xa2>
      }
      else
      {
        /* HSI used as PLL clock source */
        pllvco = (HSI_VALUE / pllm) * ((RCC->PLLCFGR & RCC_PLLCFGR_PLLN) >> 6);      
200043b6:	4a31      	ldr	r2, [pc, #196]	@ (2000447c <RCC_GetClocksFreq+0x150>)
200043b8:	68bb      	ldr	r3, [r7, #8]
200043ba:	fbb2 f3f3 	udiv	r3, r2, r3
200043be:	4a2e      	ldr	r2, [pc, #184]	@ (20004478 <RCC_GetClocksFreq+0x14c>)
200043c0:	6852      	ldr	r2, [r2, #4]
200043c2:	0992      	lsrs	r2, r2, #6
200043c4:	f3c2 0208 	ubfx	r2, r2, #0, #9
200043c8:	fb02 f303 	mul.w	r3, r2, r3
200043cc:	61fb      	str	r3, [r7, #28]
      }

      pllp = (((RCC->PLLCFGR & RCC_PLLCFGR_PLLP) >>16) + 1 ) *2;
200043ce:	4b2a      	ldr	r3, [pc, #168]	@ (20004478 <RCC_GetClocksFreq+0x14c>)
200043d0:	685b      	ldr	r3, [r3, #4]
200043d2:	0c1b      	lsrs	r3, r3, #16
200043d4:	f003 0303 	and.w	r3, r3, #3
200043d8:	3301      	adds	r3, #1
200043da:	005b      	lsls	r3, r3, #1
200043dc:	613b      	str	r3, [r7, #16]
      RCC_Clocks->SYSCLK_Frequency = pllvco/pllp;
200043de:	69fa      	ldr	r2, [r7, #28]
200043e0:	693b      	ldr	r3, [r7, #16]
200043e2:	fbb2 f2f3 	udiv	r2, r2, r3
200043e6:	687b      	ldr	r3, [r7, #4]
200043e8:	601a      	str	r2, [r3, #0]
      break;
200043ea:	e003      	b.n	200043f4 <RCC_GetClocksFreq+0xc8>
    default:
      RCC_Clocks->SYSCLK_Frequency = HSI_VALUE;
200043ec:	687b      	ldr	r3, [r7, #4]
200043ee:	4a23      	ldr	r2, [pc, #140]	@ (2000447c <RCC_GetClocksFreq+0x150>)
200043f0:	601a      	str	r2, [r3, #0]
      break;
200043f2:	bf00      	nop
  }
  /* Compute HCLK, PCLK1 and PCLK2 clocks frequencies ------------------------*/

  /* Get HCLK prescaler */
  tmp = RCC->CFGR & RCC_CFGR_HPRE;
200043f4:	4b20      	ldr	r3, [pc, #128]	@ (20004478 <RCC_GetClocksFreq+0x14c>)
200043f6:	689b      	ldr	r3, [r3, #8]
200043f8:	f003 03f0 	and.w	r3, r3, #240	@ 0xf0
200043fc:	61bb      	str	r3, [r7, #24]
  tmp = tmp >> 4;
200043fe:	69bb      	ldr	r3, [r7, #24]
20004400:	091b      	lsrs	r3, r3, #4
20004402:	61bb      	str	r3, [r7, #24]
  presc = APBAHBPrescTable[tmp];
20004404:	4a1f      	ldr	r2, [pc, #124]	@ (20004484 <RCC_GetClocksFreq+0x158>)
20004406:	69bb      	ldr	r3, [r7, #24]
20004408:	4413      	add	r3, r2
2000440a:	781b      	ldrb	r3, [r3, #0]
2000440c:	b2db      	uxtb	r3, r3
2000440e:	617b      	str	r3, [r7, #20]
  /* HCLK clock frequency */
  RCC_Clocks->HCLK_Frequency = RCC_Clocks->SYSCLK_Frequency >> presc;
20004410:	687b      	ldr	r3, [r7, #4]
20004412:	681a      	ldr	r2, [r3, #0]
20004414:	697b      	ldr	r3, [r7, #20]
20004416:	40da      	lsrs	r2, r3
20004418:	687b      	ldr	r3, [r7, #4]
2000441a:	605a      	str	r2, [r3, #4]

  /* Get PCLK1 prescaler */
  tmp = RCC->CFGR & RCC_CFGR_PPRE1;
2000441c:	4b16      	ldr	r3, [pc, #88]	@ (20004478 <RCC_GetClocksFreq+0x14c>)
2000441e:	689b      	ldr	r3, [r3, #8]
20004420:	f403 53e0 	and.w	r3, r3, #7168	@ 0x1c00
20004424:	61bb      	str	r3, [r7, #24]
  tmp = tmp >> 10;
20004426:	69bb      	ldr	r3, [r7, #24]
20004428:	0a9b      	lsrs	r3, r3, #10
2000442a:	61bb      	str	r3, [r7, #24]
  presc = APBAHBPrescTable[tmp];
2000442c:	4a15      	ldr	r2, [pc, #84]	@ (20004484 <RCC_GetClocksFreq+0x158>)
2000442e:	69bb      	ldr	r3, [r7, #24]
20004430:	4413      	add	r3, r2
20004432:	781b      	ldrb	r3, [r3, #0]
20004434:	b2db      	uxtb	r3, r3
20004436:	617b      	str	r3, [r7, #20]
  /* PCLK1 clock frequency */
  RCC_Clocks->PCLK1_Frequency = RCC_Clocks->HCLK_Frequency >> presc;
20004438:	687b      	ldr	r3, [r7, #4]
2000443a:	685a      	ldr	r2, [r3, #4]
2000443c:	697b      	ldr	r3, [r7, #20]
2000443e:	40da      	lsrs	r2, r3
20004440:	687b      	ldr	r3, [r7, #4]
20004442:	609a      	str	r2, [r3, #8]

  /* Get PCLK2 prescaler */
  tmp = RCC->CFGR & RCC_CFGR_PPRE2;
20004444:	4b0c      	ldr	r3, [pc, #48]	@ (20004478 <RCC_GetClocksFreq+0x14c>)
20004446:	689b      	ldr	r3, [r3, #8]
20004448:	f403 4360 	and.w	r3, r3, #57344	@ 0xe000
2000444c:	61bb      	str	r3, [r7, #24]
  tmp = tmp >> 13;
2000444e:	69bb      	ldr	r3, [r7, #24]
20004450:	0b5b      	lsrs	r3, r3, #13
20004452:	61bb      	str	r3, [r7, #24]
  presc = APBAHBPrescTable[tmp];
20004454:	4a0b      	ldr	r2, [pc, #44]	@ (20004484 <RCC_GetClocksFreq+0x158>)
20004456:	69bb      	ldr	r3, [r7, #24]
20004458:	4413      	add	r3, r2
2000445a:	781b      	ldrb	r3, [r3, #0]
2000445c:	b2db      	uxtb	r3, r3
2000445e:	617b      	str	r3, [r7, #20]
  /* PCLK2 clock frequency */
  RCC_Clocks->PCLK2_Frequency = RCC_Clocks->HCLK_Frequency >> presc;
20004460:	687b      	ldr	r3, [r7, #4]
20004462:	685a      	ldr	r2, [r3, #4]
20004464:	697b      	ldr	r3, [r7, #20]
20004466:	40da      	lsrs	r2, r3
20004468:	687b      	ldr	r3, [r7, #4]
2000446a:	60da      	str	r2, [r3, #12]
}
2000446c:	bf00      	nop
2000446e:	3724      	adds	r7, #36	@ 0x24
20004470:	46bd      	mov	sp, r7
20004472:	bc80      	pop	{r7}
20004474:	4770      	bx	lr
20004476:	bf00      	nop
20004478:	40023800 	.word	0x40023800
2000447c:	00f42400 	.word	0x00f42400
20004480:	007a1200 	.word	0x007a1200
20004484:	20008048 	.word	0x20008048

20004488 <RCC_RTCCLKConfig>:
  *         RTC clock source).
  *  
  * @retval None
  */
void RCC_RTCCLKConfig(uint32_t RCC_RTCCLKSource)
{
20004488:	b480      	push	{r7}
2000448a:	b085      	sub	sp, #20
2000448c:	af00      	add	r7, sp, #0
2000448e:	6078      	str	r0, [r7, #4]
  uint32_t tmpreg = 0;
20004490:	2300      	movs	r3, #0
20004492:	60fb      	str	r3, [r7, #12]

  /* Check the parameters */
  assert_param(IS_RCC_RTCCLK_SOURCE(RCC_RTCCLKSource));

  if ((RCC_RTCCLKSource & 0x00000300) == 0x00000300)
20004494:	687b      	ldr	r3, [r7, #4]
20004496:	f403 7340 	and.w	r3, r3, #768	@ 0x300
2000449a:	f5b3 7f40 	cmp.w	r3, #768	@ 0x300
2000449e:	d111      	bne.n	200044c4 <RCC_RTCCLKConfig+0x3c>
  { /* If HSE is selected as RTC clock source, configure HSE division factor for RTC clock */
    tmpreg = RCC->CFGR;
200044a0:	4b0f      	ldr	r3, [pc, #60]	@ (200044e0 <RCC_RTCCLKConfig+0x58>)
200044a2:	689b      	ldr	r3, [r3, #8]
200044a4:	60fb      	str	r3, [r7, #12]

    /* Clear RTCPRE[4:0] bits */
    tmpreg &= ~RCC_CFGR_RTCPRE;
200044a6:	68fb      	ldr	r3, [r7, #12]
200044a8:	f423 13f8 	bic.w	r3, r3, #2031616	@ 0x1f0000
200044ac:	60fb      	str	r3, [r7, #12]

    /* Configure HSE division factor for RTC clock */
    tmpreg |= (RCC_RTCCLKSource & 0xFFFFCFF);
200044ae:	687b      	ldr	r3, [r7, #4]
200044b0:	f023 4370 	bic.w	r3, r3, #4026531840	@ 0xf0000000
200044b4:	f423 7340 	bic.w	r3, r3, #768	@ 0x300
200044b8:	68fa      	ldr	r2, [r7, #12]
200044ba:	4313      	orrs	r3, r2
200044bc:	60fb      	str	r3, [r7, #12]

    /* Store the new value */
    RCC->CFGR = tmpreg;
200044be:	4a08      	ldr	r2, [pc, #32]	@ (200044e0 <RCC_RTCCLKConfig+0x58>)
200044c0:	68fb      	ldr	r3, [r7, #12]
200044c2:	6093      	str	r3, [r2, #8]
  }
    
  /* Select the RTC clock source */
  RCC->BDCR |= (RCC_RTCCLKSource & 0x00000FFF);
200044c4:	4b06      	ldr	r3, [pc, #24]	@ (200044e0 <RCC_RTCCLKConfig+0x58>)
200044c6:	6f1a      	ldr	r2, [r3, #112]	@ 0x70
200044c8:	687b      	ldr	r3, [r7, #4]
200044ca:	f3c3 030b 	ubfx	r3, r3, #0, #12
200044ce:	4904      	ldr	r1, [pc, #16]	@ (200044e0 <RCC_RTCCLKConfig+0x58>)
200044d0:	4313      	orrs	r3, r2
200044d2:	670b      	str	r3, [r1, #112]	@ 0x70
}
200044d4:	bf00      	nop
200044d6:	3714      	adds	r7, #20
200044d8:	46bd      	mov	sp, r7
200044da:	bc80      	pop	{r7}
200044dc:	4770      	bx	lr
200044de:	bf00      	nop
200044e0:	40023800 	.word	0x40023800

200044e4 <RCC_RTCCLKCmd>:
  *         using the RCC_RTCCLKConfig function.
  * @param  NewState: new state of the RTC clock. This parameter can be: ENABLE or DISABLE.
  * @retval None
  */
void RCC_RTCCLKCmd(FunctionalState NewState)
{
200044e4:	b480      	push	{r7}
200044e6:	b083      	sub	sp, #12
200044e8:	af00      	add	r7, sp, #0
200044ea:	4603      	mov	r3, r0
200044ec:	71fb      	strb	r3, [r7, #7]
  /* Check the parameters */
  assert_param(IS_FUNCTIONAL_STATE(NewState));

  *(__IO uint32_t *) BDCR_RTCEN_BB = (uint32_t)NewState;
200044ee:	4a04      	ldr	r2, [pc, #16]	@ (20004500 <RCC_RTCCLKCmd+0x1c>)
200044f0:	79fb      	ldrb	r3, [r7, #7]
200044f2:	6013      	str	r3, [r2, #0]
}
200044f4:	bf00      	nop
200044f6:	370c      	adds	r7, #12
200044f8:	46bd      	mov	sp, r7
200044fa:	bc80      	pop	{r7}
200044fc:	4770      	bx	lr
200044fe:	bf00      	nop
20004500:	42470e3c 	.word	0x42470e3c

20004504 <RCC_BackupResetCmd>:
  * @param  NewState: new state of the Backup domain reset.
  *          This parameter can be: ENABLE or DISABLE.
  * @retval None
  */
void RCC_BackupResetCmd(FunctionalState NewState)
{
20004504:	b480      	push	{r7}
20004506:	b083      	sub	sp, #12
20004508:	af00      	add	r7, sp, #0
2000450a:	4603      	mov	r3, r0
2000450c:	71fb      	strb	r3, [r7, #7]
  /* Check the parameters */
  assert_param(IS_FUNCTIONAL_STATE(NewState));
  *(__IO uint32_t *) BDCR_BDRST_BB = (uint32_t)NewState;
2000450e:	4a04      	ldr	r2, [pc, #16]	@ (20004520 <RCC_BackupResetCmd+0x1c>)
20004510:	79fb      	ldrb	r3, [r7, #7]
20004512:	6013      	str	r3, [r2, #0]
}
20004514:	bf00      	nop
20004516:	370c      	adds	r7, #12
20004518:	46bd      	mov	sp, r7
2000451a:	bc80      	pop	{r7}
2000451c:	4770      	bx	lr
2000451e:	bf00      	nop
20004520:	42470e40 	.word	0x42470e40

20004524 <RCC_I2SCLKConfig>:
  *            @arg RCC_I2S2CLKSource_Ext: External clock mapped on the I2S_CKIN pin
  *                                        used as I2S clock source
  * @retval None
  */
void RCC_I2SCLKConfig(uint32_t RCC_I2SCLKSource)
{
20004524:	b480      	push	{r7}
20004526:	b083      	sub	sp, #12
20004528:	af00      	add	r7, sp, #0
2000452a:	6078      	str	r0, [r7, #4]
  /* Check the parameters */
  assert_param(IS_RCC_I2SCLK_SOURCE(RCC_I2SCLKSource));

  *(__IO uint32_t *) CFGR_I2SSRC_BB = RCC_I2SCLKSource;
2000452c:	4a03      	ldr	r2, [pc, #12]	@ (2000453c <RCC_I2SCLKConfig+0x18>)
2000452e:	687b      	ldr	r3, [r7, #4]
20004530:	6013      	str	r3, [r2, #0]
}
20004532:	bf00      	nop
20004534:	370c      	adds	r7, #12
20004536:	46bd      	mov	sp, r7
20004538:	bc80      	pop	{r7}
2000453a:	4770      	bx	lr
2000453c:	4247015c 	.word	0x4247015c

20004540 <RCC_SAIPLLI2SClkDivConfig>:
  *          SAI1 clock frequency = f(PLLI2S_Q) / RCC_PLLI2SDivQ 
  *              
  * @retval None
  */
void RCC_SAIPLLI2SClkDivConfig(uint32_t RCC_PLLI2SDivQ)  
{
20004540:	b480      	push	{r7}
20004542:	b085      	sub	sp, #20
20004544:	af00      	add	r7, sp, #0
20004546:	6078      	str	r0, [r7, #4]
  uint32_t tmpreg = 0;
20004548:	2300      	movs	r3, #0
2000454a:	60fb      	str	r3, [r7, #12]
  
  /* Check the parameters */
  assert_param(IS_RCC_PLLI2S_DIVQ_VALUE(RCC_PLLI2SDivQ));
  
  tmpreg = RCC->DCKCFGR;
2000454c:	4b0a      	ldr	r3, [pc, #40]	@ (20004578 <RCC_SAIPLLI2SClkDivConfig+0x38>)
2000454e:	f8d3 308c 	ldr.w	r3, [r3, #140]	@ 0x8c
20004552:	60fb      	str	r3, [r7, #12]

  /* Clear PLLI2SDIVQ[4:0] bits */
  tmpreg &= ~(RCC_DCKCFGR_PLLI2SDIVQ);
20004554:	68fb      	ldr	r3, [r7, #12]
20004556:	f023 031f 	bic.w	r3, r3, #31
2000455a:	60fb      	str	r3, [r7, #12]

  /* Set PLLI2SDIVQ values */
  tmpreg |= (RCC_PLLI2SDivQ - 1);
2000455c:	687b      	ldr	r3, [r7, #4]
2000455e:	3b01      	subs	r3, #1
20004560:	68fa      	ldr	r2, [r7, #12]
20004562:	4313      	orrs	r3, r2
20004564:	60fb      	str	r3, [r7, #12]

  /* Store the new value */
  RCC->DCKCFGR = tmpreg;
20004566:	4a04      	ldr	r2, [pc, #16]	@ (20004578 <RCC_SAIPLLI2SClkDivConfig+0x38>)
20004568:	68fb      	ldr	r3, [r7, #12]
2000456a:	f8c2 308c 	str.w	r3, [r2, #140]	@ 0x8c
}
2000456e:	bf00      	nop
20004570:	3714      	adds	r7, #20
20004572:	46bd      	mov	sp, r7
20004574:	bc80      	pop	{r7}
20004576:	4770      	bx	lr
20004578:	40023800 	.word	0x40023800

2000457c <RCC_SAIPLLSAIClkDivConfig>:
  *          SAI1 clock frequency = f(PLLSAI_Q) / RCC_PLLSAIDivQ  
  *              
  * @retval None
  */
void RCC_SAIPLLSAIClkDivConfig(uint32_t RCC_PLLSAIDivQ)  
{
2000457c:	b480      	push	{r7}
2000457e:	b085      	sub	sp, #20
20004580:	af00      	add	r7, sp, #0
20004582:	6078      	str	r0, [r7, #4]
  uint32_t tmpreg = 0;
20004584:	2300      	movs	r3, #0
20004586:	60fb      	str	r3, [r7, #12]
  
  /* Check the parameters */
  assert_param(IS_RCC_PLLSAI_DIVQ_VALUE(RCC_PLLSAIDivQ));
  
  tmpreg = RCC->DCKCFGR;
20004588:	4b0b      	ldr	r3, [pc, #44]	@ (200045b8 <RCC_SAIPLLSAIClkDivConfig+0x3c>)
2000458a:	f8d3 308c 	ldr.w	r3, [r3, #140]	@ 0x8c
2000458e:	60fb      	str	r3, [r7, #12]

  /* Clear PLLI2SDIVQ[4:0] and PLLSAIDIVQ[4:0] bits */
  tmpreg &= ~(RCC_DCKCFGR_PLLSAIDIVQ);
20004590:	68fb      	ldr	r3, [r7, #12]
20004592:	f423 53f8 	bic.w	r3, r3, #7936	@ 0x1f00
20004596:	60fb      	str	r3, [r7, #12]

  /* Set PLLSAIDIVQ values */
  tmpreg |= ((RCC_PLLSAIDivQ - 1) << 8);
20004598:	687b      	ldr	r3, [r7, #4]
2000459a:	3b01      	subs	r3, #1
2000459c:	021b      	lsls	r3, r3, #8
2000459e:	68fa      	ldr	r2, [r7, #12]
200045a0:	4313      	orrs	r3, r2
200045a2:	60fb      	str	r3, [r7, #12]

  /* Store the new value */
  RCC->DCKCFGR = tmpreg;
200045a4:	4a04      	ldr	r2, [pc, #16]	@ (200045b8 <RCC_SAIPLLSAIClkDivConfig+0x3c>)
200045a6:	68fb      	ldr	r3, [r7, #12]
200045a8:	f8c2 308c 	str.w	r3, [r2, #140]	@ 0x8c
}
200045ac:	bf00      	nop
200045ae:	3714      	adds	r7, #20
200045b0:	46bd      	mov	sp, r7
200045b2:	bc80      	pop	{r7}
200045b4:	4770      	bx	lr
200045b6:	bf00      	nop
200045b8:	40023800 	.word	0x40023800

200045bc <RCC_SAIBlockACLKConfig>:
  *            @arg RCC_SAIACLKSource_Ext: External clock mapped on the I2S_CKIN pin
  *                                        used as SAI1 Block A clock
  * @retval None
  */
void RCC_SAIBlockACLKConfig(uint32_t RCC_SAIBlockACLKSource)
{
200045bc:	b480      	push	{r7}
200045be:	b085      	sub	sp, #20
200045c0:	af00      	add	r7, sp, #0
200045c2:	6078      	str	r0, [r7, #4]
  uint32_t tmpreg = 0;
200045c4:	2300      	movs	r3, #0
200045c6:	60fb      	str	r3, [r7, #12]
  
  /* Check the parameters */
  assert_param(IS_RCC_SAIACLK_SOURCE(RCC_SAIBlockACLKSource));
  
  tmpreg = RCC->DCKCFGR;
200045c8:	4b0a      	ldr	r3, [pc, #40]	@ (200045f4 <RCC_SAIBlockACLKConfig+0x38>)
200045ca:	f8d3 308c 	ldr.w	r3, [r3, #140]	@ 0x8c
200045ce:	60fb      	str	r3, [r7, #12]

  /* Clear RCC_DCKCFGR_SAI1ASRC[1:0] bits */
  tmpreg &= ~RCC_DCKCFGR_SAI1ASRC;
200045d0:	68fb      	ldr	r3, [r7, #12]
200045d2:	f423 1340 	bic.w	r3, r3, #3145728	@ 0x300000
200045d6:	60fb      	str	r3, [r7, #12]

  /* Set SAI Block A source selection value */
  tmpreg |= RCC_SAIBlockACLKSource;
200045d8:	68fa      	ldr	r2, [r7, #12]
200045da:	687b      	ldr	r3, [r7, #4]
200045dc:	4313      	orrs	r3, r2
200045de:	60fb      	str	r3, [r7, #12]

  /* Store the new value */
  RCC->DCKCFGR = tmpreg;
200045e0:	4a04      	ldr	r2, [pc, #16]	@ (200045f4 <RCC_SAIBlockACLKConfig+0x38>)
200045e2:	68fb      	ldr	r3, [r7, #12]
200045e4:	f8c2 308c 	str.w	r3, [r2, #140]	@ 0x8c
}
200045e8:	bf00      	nop
200045ea:	3714      	adds	r7, #20
200045ec:	46bd      	mov	sp, r7
200045ee:	bc80      	pop	{r7}
200045f0:	4770      	bx	lr
200045f2:	bf00      	nop
200045f4:	40023800 	.word	0x40023800

200045f8 <RCC_SAIBlockBCLKConfig>:
  *            @arg RCC_SAIBCLKSource_Ext: External clock mapped on the I2S_CKIN pin
  *                                        used as SAI1 Block B clock
  * @retval None
  */
void RCC_SAIBlockBCLKConfig(uint32_t RCC_SAIBlockBCLKSource)
{
200045f8:	b480      	push	{r7}
200045fa:	b085      	sub	sp, #20
200045fc:	af00      	add	r7, sp, #0
200045fe:	6078      	str	r0, [r7, #4]
  uint32_t tmpreg = 0;
20004600:	2300      	movs	r3, #0
20004602:	60fb      	str	r3, [r7, #12]
  
  /* Check the parameters */
  assert_param(IS_RCC_SAIBCLK_SOURCE(RCC_SAIBlockBCLKSource));
  
  tmpreg = RCC->DCKCFGR;
20004604:	4b0a      	ldr	r3, [pc, #40]	@ (20004630 <RCC_SAIBlockBCLKConfig+0x38>)
20004606:	f8d3 308c 	ldr.w	r3, [r3, #140]	@ 0x8c
2000460a:	60fb      	str	r3, [r7, #12]

  /* Clear RCC_DCKCFGR_SAI1BSRC[1:0] bits */
  tmpreg &= ~RCC_DCKCFGR_SAI1BSRC;
2000460c:	68fb      	ldr	r3, [r7, #12]
2000460e:	f423 0340 	bic.w	r3, r3, #12582912	@ 0xc00000
20004612:	60fb      	str	r3, [r7, #12]

  /* Set SAI Block B source selection value */
  tmpreg |= RCC_SAIBlockBCLKSource;
20004614:	68fa      	ldr	r2, [r7, #12]
20004616:	687b      	ldr	r3, [r7, #4]
20004618:	4313      	orrs	r3, r2
2000461a:	60fb      	str	r3, [r7, #12]

  /* Store the new value */
  RCC->DCKCFGR = tmpreg;
2000461c:	4a04      	ldr	r2, [pc, #16]	@ (20004630 <RCC_SAIBlockBCLKConfig+0x38>)
2000461e:	68fb      	ldr	r3, [r7, #12]
20004620:	f8c2 308c 	str.w	r3, [r2, #140]	@ 0x8c
}
20004624:	bf00      	nop
20004626:	3714      	adds	r7, #20
20004628:	46bd      	mov	sp, r7
2000462a:	bc80      	pop	{r7}
2000462c:	4770      	bx	lr
2000462e:	bf00      	nop
20004630:	40023800 	.word	0x40023800

20004634 <RCC_LTDCCLKDivConfig>:
  *          LTDC clock frequency = f(PLLSAI_R) / RCC_PLLSAIDivR  
  *            
  * @retval None
  */
void RCC_LTDCCLKDivConfig(uint32_t RCC_PLLSAIDivR)
{
20004634:	b480      	push	{r7}
20004636:	b085      	sub	sp, #20
20004638:	af00      	add	r7, sp, #0
2000463a:	6078      	str	r0, [r7, #4]
  uint32_t tmpreg = 0;
2000463c:	2300      	movs	r3, #0
2000463e:	60fb      	str	r3, [r7, #12]
  
  /* Check the parameters */
  assert_param(IS_RCC_PLLSAI_DIVR_VALUE(RCC_PLLSAIDivR));
  
  tmpreg = RCC->DCKCFGR;
20004640:	4b0a      	ldr	r3, [pc, #40]	@ (2000466c <RCC_LTDCCLKDivConfig+0x38>)
20004642:	f8d3 308c 	ldr.w	r3, [r3, #140]	@ 0x8c
20004646:	60fb      	str	r3, [r7, #12]

  /* Clear PLLSAIDIVR[2:0] bits */
  tmpreg &= ~RCC_DCKCFGR_PLLSAIDIVR;
20004648:	68fb      	ldr	r3, [r7, #12]
2000464a:	f423 3340 	bic.w	r3, r3, #196608	@ 0x30000
2000464e:	60fb      	str	r3, [r7, #12]

  /* Set PLLSAIDIVR values */
  tmpreg |= RCC_PLLSAIDivR;
20004650:	68fa      	ldr	r2, [r7, #12]
20004652:	687b      	ldr	r3, [r7, #4]
20004654:	4313      	orrs	r3, r2
20004656:	60fb      	str	r3, [r7, #12]

  /* Store the new value */
  RCC->DCKCFGR = tmpreg;
20004658:	4a04      	ldr	r2, [pc, #16]	@ (2000466c <RCC_LTDCCLKDivConfig+0x38>)
2000465a:	68fb      	ldr	r3, [r7, #12]
2000465c:	f8c2 308c 	str.w	r3, [r2, #140]	@ 0x8c
}
20004660:	bf00      	nop
20004662:	3714      	adds	r7, #20
20004664:	46bd      	mov	sp, r7
20004666:	bc80      	pop	{r7}
20004668:	4770      	bx	lr
2000466a:	bf00      	nop
2000466c:	40023800 	.word	0x40023800

20004670 <RCC_TIMCLKPresConfig>:
  *                 else it is equal to [(HPRE * PPREx) / 4] if PPREx is corresponding 
  *                 to division by 8 or more.
  * @retval None
  */
void RCC_TIMCLKPresConfig(uint32_t RCC_TIMCLKPrescaler)
{
20004670:	b480      	push	{r7}
20004672:	b083      	sub	sp, #12
20004674:	af00      	add	r7, sp, #0
20004676:	6078      	str	r0, [r7, #4]
  /* Check the parameters */
  assert_param(IS_RCC_TIMCLK_PRESCALER(RCC_TIMCLKPrescaler));

  *(__IO uint32_t *) DCKCFGR_TIMPRE_BB = RCC_TIMCLKPrescaler;
20004678:	4a03      	ldr	r2, [pc, #12]	@ (20004688 <RCC_TIMCLKPresConfig+0x18>)
2000467a:	687b      	ldr	r3, [r7, #4]
2000467c:	6013      	str	r3, [r2, #0]
  
}
2000467e:	bf00      	nop
20004680:	370c      	adds	r7, #12
20004682:	46bd      	mov	sp, r7
20004684:	bc80      	pop	{r7}
20004686:	4770      	bx	lr
20004688:	424711e0 	.word	0x424711e0

2000468c <RCC_AHB1PeriphClockCmd>:
  * @param  NewState: new state of the specified peripheral clock.
  *          This parameter can be: ENABLE or DISABLE.
  * @retval None
  */
void RCC_AHB1PeriphClockCmd(uint32_t RCC_AHB1Periph, FunctionalState NewState)
{
2000468c:	b480      	push	{r7}
2000468e:	b083      	sub	sp, #12
20004690:	af00      	add	r7, sp, #0
20004692:	6078      	str	r0, [r7, #4]
20004694:	460b      	mov	r3, r1
20004696:	70fb      	strb	r3, [r7, #3]
  /* Check the parameters */
  assert_param(IS_RCC_AHB1_CLOCK_PERIPH(RCC_AHB1Periph));

  assert_param(IS_FUNCTIONAL_STATE(NewState));
  if (NewState != DISABLE)
20004698:	78fb      	ldrb	r3, [r7, #3]
2000469a:	2b00      	cmp	r3, #0
2000469c:	d006      	beq.n	200046ac <RCC_AHB1PeriphClockCmd+0x20>
  {
    RCC->AHB1ENR |= RCC_AHB1Periph;
2000469e:	4b09      	ldr	r3, [pc, #36]	@ (200046c4 <RCC_AHB1PeriphClockCmd+0x38>)
200046a0:	6b1a      	ldr	r2, [r3, #48]	@ 0x30
200046a2:	4908      	ldr	r1, [pc, #32]	@ (200046c4 <RCC_AHB1PeriphClockCmd+0x38>)
200046a4:	687b      	ldr	r3, [r7, #4]
200046a6:	4313      	orrs	r3, r2
200046a8:	630b      	str	r3, [r1, #48]	@ 0x30
  }
  else
  {
    RCC->AHB1ENR &= ~RCC_AHB1Periph;
  }
}
200046aa:	e006      	b.n	200046ba <RCC_AHB1PeriphClockCmd+0x2e>
    RCC->AHB1ENR &= ~RCC_AHB1Periph;
200046ac:	4b05      	ldr	r3, [pc, #20]	@ (200046c4 <RCC_AHB1PeriphClockCmd+0x38>)
200046ae:	6b1a      	ldr	r2, [r3, #48]	@ 0x30
200046b0:	687b      	ldr	r3, [r7, #4]
200046b2:	43db      	mvns	r3, r3
200046b4:	4903      	ldr	r1, [pc, #12]	@ (200046c4 <RCC_AHB1PeriphClockCmd+0x38>)
200046b6:	4013      	ands	r3, r2
200046b8:	630b      	str	r3, [r1, #48]	@ 0x30
}
200046ba:	bf00      	nop
200046bc:	370c      	adds	r7, #12
200046be:	46bd      	mov	sp, r7
200046c0:	bc80      	pop	{r7}
200046c2:	4770      	bx	lr
200046c4:	40023800 	.word	0x40023800

200046c8 <RCC_AHB2PeriphClockCmd>:
  * @param  NewState: new state of the specified peripheral clock.
  *          This parameter can be: ENABLE or DISABLE.
  * @retval None
  */
void RCC_AHB2PeriphClockCmd(uint32_t RCC_AHB2Periph, FunctionalState NewState)
{
200046c8:	b480      	push	{r7}
200046ca:	b083      	sub	sp, #12
200046cc:	af00      	add	r7, sp, #0
200046ce:	6078      	str	r0, [r7, #4]
200046d0:	460b      	mov	r3, r1
200046d2:	70fb      	strb	r3, [r7, #3]
  /* Check the parameters */
  assert_param(IS_RCC_AHB2_PERIPH(RCC_AHB2Periph));
  assert_param(IS_FUNCTIONAL_STATE(NewState));

  if (NewState != DISABLE)
200046d4:	78fb      	ldrb	r3, [r7, #3]
200046d6:	2b00      	cmp	r3, #0
200046d8:	d006      	beq.n	200046e8 <RCC_AHB2PeriphClockCmd+0x20>
  {
    RCC->AHB2ENR |= RCC_AHB2Periph;
200046da:	4b09      	ldr	r3, [pc, #36]	@ (20004700 <RCC_AHB2PeriphClockCmd+0x38>)
200046dc:	6b5a      	ldr	r2, [r3, #52]	@ 0x34
200046de:	4908      	ldr	r1, [pc, #32]	@ (20004700 <RCC_AHB2PeriphClockCmd+0x38>)
200046e0:	687b      	ldr	r3, [r7, #4]
200046e2:	4313      	orrs	r3, r2
200046e4:	634b      	str	r3, [r1, #52]	@ 0x34
  }
  else
  {
    RCC->AHB2ENR &= ~RCC_AHB2Periph;
  }
}
200046e6:	e006      	b.n	200046f6 <RCC_AHB2PeriphClockCmd+0x2e>
    RCC->AHB2ENR &= ~RCC_AHB2Periph;
200046e8:	4b05      	ldr	r3, [pc, #20]	@ (20004700 <RCC_AHB2PeriphClockCmd+0x38>)
200046ea:	6b5a      	ldr	r2, [r3, #52]	@ 0x34
200046ec:	687b      	ldr	r3, [r7, #4]
200046ee:	43db      	mvns	r3, r3
200046f0:	4903      	ldr	r1, [pc, #12]	@ (20004700 <RCC_AHB2PeriphClockCmd+0x38>)
200046f2:	4013      	ands	r3, r2
200046f4:	634b      	str	r3, [r1, #52]	@ 0x34
}
200046f6:	bf00      	nop
200046f8:	370c      	adds	r7, #12
200046fa:	46bd      	mov	sp, r7
200046fc:	bc80      	pop	{r7}
200046fe:	4770      	bx	lr
20004700:	40023800 	.word	0x40023800

20004704 <RCC_AHB3PeriphClockCmd>:
  * @param  NewState: new state of the specified peripheral clock.
  *          This parameter can be: ENABLE or DISABLE.
  * @retval None
  */
void RCC_AHB3PeriphClockCmd(uint32_t RCC_AHB3Periph, FunctionalState NewState)
{
20004704:	b480      	push	{r7}
20004706:	b083      	sub	sp, #12
20004708:	af00      	add	r7, sp, #0
2000470a:	6078      	str	r0, [r7, #4]
2000470c:	460b      	mov	r3, r1
2000470e:	70fb      	strb	r3, [r7, #3]
  /* Check the parameters */
  assert_param(IS_RCC_AHB3_PERIPH(RCC_AHB3Periph));  
  assert_param(IS_FUNCTIONAL_STATE(NewState));

  if (NewState != DISABLE)
20004710:	78fb      	ldrb	r3, [r7, #3]
20004712:	2b00      	cmp	r3, #0
20004714:	d006      	beq.n	20004724 <RCC_AHB3PeriphClockCmd+0x20>
  {
    RCC->AHB3ENR |= RCC_AHB3Periph;
20004716:	4b09      	ldr	r3, [pc, #36]	@ (2000473c <RCC_AHB3PeriphClockCmd+0x38>)
20004718:	6b9a      	ldr	r2, [r3, #56]	@ 0x38
2000471a:	4908      	ldr	r1, [pc, #32]	@ (2000473c <RCC_AHB3PeriphClockCmd+0x38>)
2000471c:	687b      	ldr	r3, [r7, #4]
2000471e:	4313      	orrs	r3, r2
20004720:	638b      	str	r3, [r1, #56]	@ 0x38
  }
  else
  {
    RCC->AHB3ENR &= ~RCC_AHB3Periph;
  }
}
20004722:	e006      	b.n	20004732 <RCC_AHB3PeriphClockCmd+0x2e>
    RCC->AHB3ENR &= ~RCC_AHB3Periph;
20004724:	4b05      	ldr	r3, [pc, #20]	@ (2000473c <RCC_AHB3PeriphClockCmd+0x38>)
20004726:	6b9a      	ldr	r2, [r3, #56]	@ 0x38
20004728:	687b      	ldr	r3, [r7, #4]
2000472a:	43db      	mvns	r3, r3
2000472c:	4903      	ldr	r1, [pc, #12]	@ (2000473c <RCC_AHB3PeriphClockCmd+0x38>)
2000472e:	4013      	ands	r3, r2
20004730:	638b      	str	r3, [r1, #56]	@ 0x38
}
20004732:	bf00      	nop
20004734:	370c      	adds	r7, #12
20004736:	46bd      	mov	sp, r7
20004738:	bc80      	pop	{r7}
2000473a:	4770      	bx	lr
2000473c:	40023800 	.word	0x40023800

20004740 <RCC_APB1PeriphClockCmd>:
  * @param  NewState: new state of the specified peripheral clock.
  *          This parameter can be: ENABLE or DISABLE.
  * @retval None
  */
void RCC_APB1PeriphClockCmd(uint32_t RCC_APB1Periph, FunctionalState NewState)
{
20004740:	b480      	push	{r7}
20004742:	b083      	sub	sp, #12
20004744:	af00      	add	r7, sp, #0
20004746:	6078      	str	r0, [r7, #4]
20004748:	460b      	mov	r3, r1
2000474a:	70fb      	strb	r3, [r7, #3]
  /* Check the parameters */
  assert_param(IS_RCC_APB1_PERIPH(RCC_APB1Periph));  
  assert_param(IS_FUNCTIONAL_STATE(NewState));

  if (NewState != DISABLE)
2000474c:	78fb      	ldrb	r3, [r7, #3]
2000474e:	2b00      	cmp	r3, #0
20004750:	d006      	beq.n	20004760 <RCC_APB1PeriphClockCmd+0x20>
  {
    RCC->APB1ENR |= RCC_APB1Periph;
20004752:	4b09      	ldr	r3, [pc, #36]	@ (20004778 <RCC_APB1PeriphClockCmd+0x38>)
20004754:	6c1a      	ldr	r2, [r3, #64]	@ 0x40
20004756:	4908      	ldr	r1, [pc, #32]	@ (20004778 <RCC_APB1PeriphClockCmd+0x38>)
20004758:	687b      	ldr	r3, [r7, #4]
2000475a:	4313      	orrs	r3, r2
2000475c:	640b      	str	r3, [r1, #64]	@ 0x40
  }
  else
  {
    RCC->APB1ENR &= ~RCC_APB1Periph;
  }
}
2000475e:	e006      	b.n	2000476e <RCC_APB1PeriphClockCmd+0x2e>
    RCC->APB1ENR &= ~RCC_APB1Periph;
20004760:	4b05      	ldr	r3, [pc, #20]	@ (20004778 <RCC_APB1PeriphClockCmd+0x38>)
20004762:	6c1a      	ldr	r2, [r3, #64]	@ 0x40
20004764:	687b      	ldr	r3, [r7, #4]
20004766:	43db      	mvns	r3, r3
20004768:	4903      	ldr	r1, [pc, #12]	@ (20004778 <RCC_APB1PeriphClockCmd+0x38>)
2000476a:	4013      	ands	r3, r2
2000476c:	640b      	str	r3, [r1, #64]	@ 0x40
}
2000476e:	bf00      	nop
20004770:	370c      	adds	r7, #12
20004772:	46bd      	mov	sp, r7
20004774:	bc80      	pop	{r7}
20004776:	4770      	bx	lr
20004778:	40023800 	.word	0x40023800

2000477c <RCC_APB2PeriphClockCmd>:
  * @param  NewState: new state of the specified peripheral clock.
  *          This parameter can be: ENABLE or DISABLE.
  * @retval None
  */
void RCC_APB2PeriphClockCmd(uint32_t RCC_APB2Periph, FunctionalState NewState)
{
2000477c:	b480      	push	{r7}
2000477e:	b083      	sub	sp, #12
20004780:	af00      	add	r7, sp, #0
20004782:	6078      	str	r0, [r7, #4]
20004784:	460b      	mov	r3, r1
20004786:	70fb      	strb	r3, [r7, #3]
  /* Check the parameters */
  assert_param(IS_RCC_APB2_PERIPH(RCC_APB2Periph));
  assert_param(IS_FUNCTIONAL_STATE(NewState));

  if (NewState != DISABLE)
20004788:	78fb      	ldrb	r3, [r7, #3]
2000478a:	2b00      	cmp	r3, #0
2000478c:	d006      	beq.n	2000479c <RCC_APB2PeriphClockCmd+0x20>
  {
    RCC->APB2ENR |= RCC_APB2Periph;
2000478e:	4b09      	ldr	r3, [pc, #36]	@ (200047b4 <RCC_APB2PeriphClockCmd+0x38>)
20004790:	6c5a      	ldr	r2, [r3, #68]	@ 0x44
20004792:	4908      	ldr	r1, [pc, #32]	@ (200047b4 <RCC_APB2PeriphClockCmd+0x38>)
20004794:	687b      	ldr	r3, [r7, #4]
20004796:	4313      	orrs	r3, r2
20004798:	644b      	str	r3, [r1, #68]	@ 0x44
  }
  else
  {
    RCC->APB2ENR &= ~RCC_APB2Periph;
  }
}
2000479a:	e006      	b.n	200047aa <RCC_APB2PeriphClockCmd+0x2e>
    RCC->APB2ENR &= ~RCC_APB2Periph;
2000479c:	4b05      	ldr	r3, [pc, #20]	@ (200047b4 <RCC_APB2PeriphClockCmd+0x38>)
2000479e:	6c5a      	ldr	r2, [r3, #68]	@ 0x44
200047a0:	687b      	ldr	r3, [r7, #4]
200047a2:	43db      	mvns	r3, r3
200047a4:	4903      	ldr	r1, [pc, #12]	@ (200047b4 <RCC_APB2PeriphClockCmd+0x38>)
200047a6:	4013      	ands	r3, r2
200047a8:	644b      	str	r3, [r1, #68]	@ 0x44
}
200047aa:	bf00      	nop
200047ac:	370c      	adds	r7, #12
200047ae:	46bd      	mov	sp, r7
200047b0:	bc80      	pop	{r7}
200047b2:	4770      	bx	lr
200047b4:	40023800 	.word	0x40023800

200047b8 <RCC_AHB1PeriphResetCmd>:
  * @param  NewState: new state of the specified peripheral reset.
  *          This parameter can be: ENABLE or DISABLE.
  * @retval None
  */
void RCC_AHB1PeriphResetCmd(uint32_t RCC_AHB1Periph, FunctionalState NewState)
{
200047b8:	b480      	push	{r7}
200047ba:	b083      	sub	sp, #12
200047bc:	af00      	add	r7, sp, #0
200047be:	6078      	str	r0, [r7, #4]
200047c0:	460b      	mov	r3, r1
200047c2:	70fb      	strb	r3, [r7, #3]
  /* Check the parameters */
  assert_param(IS_RCC_AHB1_RESET_PERIPH(RCC_AHB1Periph));
  assert_param(IS_FUNCTIONAL_STATE(NewState));

  if (NewState != DISABLE)
200047c4:	78fb      	ldrb	r3, [r7, #3]
200047c6:	2b00      	cmp	r3, #0
200047c8:	d006      	beq.n	200047d8 <RCC_AHB1PeriphResetCmd+0x20>
  {
    RCC->AHB1RSTR |= RCC_AHB1Periph;
200047ca:	4b09      	ldr	r3, [pc, #36]	@ (200047f0 <RCC_AHB1PeriphResetCmd+0x38>)
200047cc:	691a      	ldr	r2, [r3, #16]
200047ce:	4908      	ldr	r1, [pc, #32]	@ (200047f0 <RCC_AHB1PeriphResetCmd+0x38>)
200047d0:	687b      	ldr	r3, [r7, #4]
200047d2:	4313      	orrs	r3, r2
200047d4:	610b      	str	r3, [r1, #16]
  }
  else
  {
    RCC->AHB1RSTR &= ~RCC_AHB1Periph;
  }
}
200047d6:	e006      	b.n	200047e6 <RCC_AHB1PeriphResetCmd+0x2e>
    RCC->AHB1RSTR &= ~RCC_AHB1Periph;
200047d8:	4b05      	ldr	r3, [pc, #20]	@ (200047f0 <RCC_AHB1PeriphResetCmd+0x38>)
200047da:	691a      	ldr	r2, [r3, #16]
200047dc:	687b      	ldr	r3, [r7, #4]
200047de:	43db      	mvns	r3, r3
200047e0:	4903      	ldr	r1, [pc, #12]	@ (200047f0 <RCC_AHB1PeriphResetCmd+0x38>)
200047e2:	4013      	ands	r3, r2
200047e4:	610b      	str	r3, [r1, #16]
}
200047e6:	bf00      	nop
200047e8:	370c      	adds	r7, #12
200047ea:	46bd      	mov	sp, r7
200047ec:	bc80      	pop	{r7}
200047ee:	4770      	bx	lr
200047f0:	40023800 	.word	0x40023800

200047f4 <RCC_AHB2PeriphResetCmd>:
  * @param  NewState: new state of the specified peripheral reset.
  *          This parameter can be: ENABLE or DISABLE.
  * @retval None
  */
void RCC_AHB2PeriphResetCmd(uint32_t RCC_AHB2Periph, FunctionalState NewState)
{
200047f4:	b480      	push	{r7}
200047f6:	b083      	sub	sp, #12
200047f8:	af00      	add	r7, sp, #0
200047fa:	6078      	str	r0, [r7, #4]
200047fc:	460b      	mov	r3, r1
200047fe:	70fb      	strb	r3, [r7, #3]
  /* Check the parameters */
  assert_param(IS_RCC_AHB2_PERIPH(RCC_AHB2Periph));
  assert_param(IS_FUNCTIONAL_STATE(NewState));

  if (NewState != DISABLE)
20004800:	78fb      	ldrb	r3, [r7, #3]
20004802:	2b00      	cmp	r3, #0
20004804:	d006      	beq.n	20004814 <RCC_AHB2PeriphResetCmd+0x20>
  {
    RCC->AHB2RSTR |= RCC_AHB2Periph;
20004806:	4b09      	ldr	r3, [pc, #36]	@ (2000482c <RCC_AHB2PeriphResetCmd+0x38>)
20004808:	695a      	ldr	r2, [r3, #20]
2000480a:	4908      	ldr	r1, [pc, #32]	@ (2000482c <RCC_AHB2PeriphResetCmd+0x38>)
2000480c:	687b      	ldr	r3, [r7, #4]
2000480e:	4313      	orrs	r3, r2
20004810:	614b      	str	r3, [r1, #20]
  }
  else
  {
    RCC->AHB2RSTR &= ~RCC_AHB2Periph;
  }
}
20004812:	e006      	b.n	20004822 <RCC_AHB2PeriphResetCmd+0x2e>
    RCC->AHB2RSTR &= ~RCC_AHB2Periph;
20004814:	4b05      	ldr	r3, [pc, #20]	@ (2000482c <RCC_AHB2PeriphResetCmd+0x38>)
20004816:	695a      	ldr	r2, [r3, #20]
20004818:	687b      	ldr	r3, [r7, #4]
2000481a:	43db      	mvns	r3, r3
2000481c:	4903      	ldr	r1, [pc, #12]	@ (2000482c <RCC_AHB2PeriphResetCmd+0x38>)
2000481e:	4013      	ands	r3, r2
20004820:	614b      	str	r3, [r1, #20]
}
20004822:	bf00      	nop
20004824:	370c      	adds	r7, #12
20004826:	46bd      	mov	sp, r7
20004828:	bc80      	pop	{r7}
2000482a:	4770      	bx	lr
2000482c:	40023800 	.word	0x40023800

20004830 <RCC_AHB3PeriphResetCmd>:
  * @param  NewState: new state of the specified peripheral reset.
  *          This parameter can be: ENABLE or DISABLE.
  * @retval None
  */
void RCC_AHB3PeriphResetCmd(uint32_t RCC_AHB3Periph, FunctionalState NewState)
{
20004830:	b480      	push	{r7}
20004832:	b083      	sub	sp, #12
20004834:	af00      	add	r7, sp, #0
20004836:	6078      	str	r0, [r7, #4]
20004838:	460b      	mov	r3, r1
2000483a:	70fb      	strb	r3, [r7, #3]
  /* Check the parameters */
  assert_param(IS_RCC_AHB3_PERIPH(RCC_AHB3Periph));
  assert_param(IS_FUNCTIONAL_STATE(NewState));

  if (NewState != DISABLE)
2000483c:	78fb      	ldrb	r3, [r7, #3]
2000483e:	2b00      	cmp	r3, #0
20004840:	d006      	beq.n	20004850 <RCC_AHB3PeriphResetCmd+0x20>
  {
    RCC->AHB3RSTR |= RCC_AHB3Periph;
20004842:	4b09      	ldr	r3, [pc, #36]	@ (20004868 <RCC_AHB3PeriphResetCmd+0x38>)
20004844:	699a      	ldr	r2, [r3, #24]
20004846:	4908      	ldr	r1, [pc, #32]	@ (20004868 <RCC_AHB3PeriphResetCmd+0x38>)
20004848:	687b      	ldr	r3, [r7, #4]
2000484a:	4313      	orrs	r3, r2
2000484c:	618b      	str	r3, [r1, #24]
  }
  else
  {
    RCC->AHB3RSTR &= ~RCC_AHB3Periph;
  }
}
2000484e:	e006      	b.n	2000485e <RCC_AHB3PeriphResetCmd+0x2e>
    RCC->AHB3RSTR &= ~RCC_AHB3Periph;
20004850:	4b05      	ldr	r3, [pc, #20]	@ (20004868 <RCC_AHB3PeriphResetCmd+0x38>)
20004852:	699a      	ldr	r2, [r3, #24]
20004854:	687b      	ldr	r3, [r7, #4]
20004856:	43db      	mvns	r3, r3
20004858:	4903      	ldr	r1, [pc, #12]	@ (20004868 <RCC_AHB3PeriphResetCmd+0x38>)
2000485a:	4013      	ands	r3, r2
2000485c:	618b      	str	r3, [r1, #24]
}
2000485e:	bf00      	nop
20004860:	370c      	adds	r7, #12
20004862:	46bd      	mov	sp, r7
20004864:	bc80      	pop	{r7}
20004866:	4770      	bx	lr
20004868:	40023800 	.word	0x40023800

2000486c <RCC_APB1PeriphResetCmd>:
  * @param  NewState: new state of the specified peripheral reset.
  *          This parameter can be: ENABLE or DISABLE.
  * @retval None
  */
void RCC_APB1PeriphResetCmd(uint32_t RCC_APB1Periph, FunctionalState NewState)
{
2000486c:	b480      	push	{r7}
2000486e:	b083      	sub	sp, #12
20004870:	af00      	add	r7, sp, #0
20004872:	6078      	str	r0, [r7, #4]
20004874:	460b      	mov	r3, r1
20004876:	70fb      	strb	r3, [r7, #3]
  /* Check the parameters */
  assert_param(IS_RCC_APB1_PERIPH(RCC_APB1Periph));
  assert_param(IS_FUNCTIONAL_STATE(NewState));
  if (NewState != DISABLE)
20004878:	78fb      	ldrb	r3, [r7, #3]
2000487a:	2b00      	cmp	r3, #0
2000487c:	d006      	beq.n	2000488c <RCC_APB1PeriphResetCmd+0x20>
  {
    RCC->APB1RSTR |= RCC_APB1Periph;
2000487e:	4b09      	ldr	r3, [pc, #36]	@ (200048a4 <RCC_APB1PeriphResetCmd+0x38>)
20004880:	6a1a      	ldr	r2, [r3, #32]
20004882:	4908      	ldr	r1, [pc, #32]	@ (200048a4 <RCC_APB1PeriphResetCmd+0x38>)
20004884:	687b      	ldr	r3, [r7, #4]
20004886:	4313      	orrs	r3, r2
20004888:	620b      	str	r3, [r1, #32]
  }
  else
  {
    RCC->APB1RSTR &= ~RCC_APB1Periph;
  }
}
2000488a:	e006      	b.n	2000489a <RCC_APB1PeriphResetCmd+0x2e>
    RCC->APB1RSTR &= ~RCC_APB1Periph;
2000488c:	4b05      	ldr	r3, [pc, #20]	@ (200048a4 <RCC_APB1PeriphResetCmd+0x38>)
2000488e:	6a1a      	ldr	r2, [r3, #32]
20004890:	687b      	ldr	r3, [r7, #4]
20004892:	43db      	mvns	r3, r3
20004894:	4903      	ldr	r1, [pc, #12]	@ (200048a4 <RCC_APB1PeriphResetCmd+0x38>)
20004896:	4013      	ands	r3, r2
20004898:	620b      	str	r3, [r1, #32]
}
2000489a:	bf00      	nop
2000489c:	370c      	adds	r7, #12
2000489e:	46bd      	mov	sp, r7
200048a0:	bc80      	pop	{r7}
200048a2:	4770      	bx	lr
200048a4:	40023800 	.word	0x40023800

200048a8 <RCC_APB2PeriphResetCmd>:
  * @param  NewState: new state of the specified peripheral reset.
  *          This parameter can be: ENABLE or DISABLE.
  * @retval None
  */
void RCC_APB2PeriphResetCmd(uint32_t RCC_APB2Periph, FunctionalState NewState)
{
200048a8:	b480      	push	{r7}
200048aa:	b083      	sub	sp, #12
200048ac:	af00      	add	r7, sp, #0
200048ae:	6078      	str	r0, [r7, #4]
200048b0:	460b      	mov	r3, r1
200048b2:	70fb      	strb	r3, [r7, #3]
  /* Check the parameters */
  assert_param(IS_RCC_APB2_RESET_PERIPH(RCC_APB2Periph));
  assert_param(IS_FUNCTIONAL_STATE(NewState));
  if (NewState != DISABLE)
200048b4:	78fb      	ldrb	r3, [r7, #3]
200048b6:	2b00      	cmp	r3, #0
200048b8:	d006      	beq.n	200048c8 <RCC_APB2PeriphResetCmd+0x20>
  {
    RCC->APB2RSTR |= RCC_APB2Periph;
200048ba:	4b09      	ldr	r3, [pc, #36]	@ (200048e0 <RCC_APB2PeriphResetCmd+0x38>)
200048bc:	6a5a      	ldr	r2, [r3, #36]	@ 0x24
200048be:	4908      	ldr	r1, [pc, #32]	@ (200048e0 <RCC_APB2PeriphResetCmd+0x38>)
200048c0:	687b      	ldr	r3, [r7, #4]
200048c2:	4313      	orrs	r3, r2
200048c4:	624b      	str	r3, [r1, #36]	@ 0x24
  }
  else
  {
    RCC->APB2RSTR &= ~RCC_APB2Periph;
  }
}
200048c6:	e006      	b.n	200048d6 <RCC_APB2PeriphResetCmd+0x2e>
    RCC->APB2RSTR &= ~RCC_APB2Periph;
200048c8:	4b05      	ldr	r3, [pc, #20]	@ (200048e0 <RCC_APB2PeriphResetCmd+0x38>)
200048ca:	6a5a      	ldr	r2, [r3, #36]	@ 0x24
200048cc:	687b      	ldr	r3, [r7, #4]
200048ce:	43db      	mvns	r3, r3
200048d0:	4903      	ldr	r1, [pc, #12]	@ (200048e0 <RCC_APB2PeriphResetCmd+0x38>)
200048d2:	4013      	ands	r3, r2
200048d4:	624b      	str	r3, [r1, #36]	@ 0x24
}
200048d6:	bf00      	nop
200048d8:	370c      	adds	r7, #12
200048da:	46bd      	mov	sp, r7
200048dc:	bc80      	pop	{r7}
200048de:	4770      	bx	lr
200048e0:	40023800 	.word	0x40023800

200048e4 <RCC_AHB1PeriphClockLPModeCmd>:
  * @param  NewState: new state of the specified peripheral clock.
  *          This parameter can be: ENABLE or DISABLE.
  * @retval None
  */
void RCC_AHB1PeriphClockLPModeCmd(uint32_t RCC_AHB1Periph, FunctionalState NewState)
{
200048e4:	b480      	push	{r7}
200048e6:	b083      	sub	sp, #12
200048e8:	af00      	add	r7, sp, #0
200048ea:	6078      	str	r0, [r7, #4]
200048ec:	460b      	mov	r3, r1
200048ee:	70fb      	strb	r3, [r7, #3]
  /* Check the parameters */
  assert_param(IS_RCC_AHB1_LPMODE_PERIPH(RCC_AHB1Periph));
  assert_param(IS_FUNCTIONAL_STATE(NewState));
  if (NewState != DISABLE)
200048f0:	78fb      	ldrb	r3, [r7, #3]
200048f2:	2b00      	cmp	r3, #0
200048f4:	d006      	beq.n	20004904 <RCC_AHB1PeriphClockLPModeCmd+0x20>
  {
    RCC->AHB1LPENR |= RCC_AHB1Periph;
200048f6:	4b09      	ldr	r3, [pc, #36]	@ (2000491c <RCC_AHB1PeriphClockLPModeCmd+0x38>)
200048f8:	6d1a      	ldr	r2, [r3, #80]	@ 0x50
200048fa:	4908      	ldr	r1, [pc, #32]	@ (2000491c <RCC_AHB1PeriphClockLPModeCmd+0x38>)
200048fc:	687b      	ldr	r3, [r7, #4]
200048fe:	4313      	orrs	r3, r2
20004900:	650b      	str	r3, [r1, #80]	@ 0x50
  }
  else
  {
    RCC->AHB1LPENR &= ~RCC_AHB1Periph;
  }
}
20004902:	e006      	b.n	20004912 <RCC_AHB1PeriphClockLPModeCmd+0x2e>
    RCC->AHB1LPENR &= ~RCC_AHB1Periph;
20004904:	4b05      	ldr	r3, [pc, #20]	@ (2000491c <RCC_AHB1PeriphClockLPModeCmd+0x38>)
20004906:	6d1a      	ldr	r2, [r3, #80]	@ 0x50
20004908:	687b      	ldr	r3, [r7, #4]
2000490a:	43db      	mvns	r3, r3
2000490c:	4903      	ldr	r1, [pc, #12]	@ (2000491c <RCC_AHB1PeriphClockLPModeCmd+0x38>)
2000490e:	4013      	ands	r3, r2
20004910:	650b      	str	r3, [r1, #80]	@ 0x50
}
20004912:	bf00      	nop
20004914:	370c      	adds	r7, #12
20004916:	46bd      	mov	sp, r7
20004918:	bc80      	pop	{r7}
2000491a:	4770      	bx	lr
2000491c:	40023800 	.word	0x40023800

20004920 <RCC_AHB2PeriphClockLPModeCmd>:
  * @param  NewState: new state of the specified peripheral clock.
  *          This parameter can be: ENABLE or DISABLE.
  * @retval None
  */
void RCC_AHB2PeriphClockLPModeCmd(uint32_t RCC_AHB2Periph, FunctionalState NewState)
{
20004920:	b480      	push	{r7}
20004922:	b083      	sub	sp, #12
20004924:	af00      	add	r7, sp, #0
20004926:	6078      	str	r0, [r7, #4]
20004928:	460b      	mov	r3, r1
2000492a:	70fb      	strb	r3, [r7, #3]
  /* Check the parameters */
  assert_param(IS_RCC_AHB2_PERIPH(RCC_AHB2Periph));
  assert_param(IS_FUNCTIONAL_STATE(NewState));
  if (NewState != DISABLE)
2000492c:	78fb      	ldrb	r3, [r7, #3]
2000492e:	2b00      	cmp	r3, #0
20004930:	d006      	beq.n	20004940 <RCC_AHB2PeriphClockLPModeCmd+0x20>
  {
    RCC->AHB2LPENR |= RCC_AHB2Periph;
20004932:	4b09      	ldr	r3, [pc, #36]	@ (20004958 <RCC_AHB2PeriphClockLPModeCmd+0x38>)
20004934:	6d5a      	ldr	r2, [r3, #84]	@ 0x54
20004936:	4908      	ldr	r1, [pc, #32]	@ (20004958 <RCC_AHB2PeriphClockLPModeCmd+0x38>)
20004938:	687b      	ldr	r3, [r7, #4]
2000493a:	4313      	orrs	r3, r2
2000493c:	654b      	str	r3, [r1, #84]	@ 0x54
  }
  else
  {
    RCC->AHB2LPENR &= ~RCC_AHB2Periph;
  }
}
2000493e:	e006      	b.n	2000494e <RCC_AHB2PeriphClockLPModeCmd+0x2e>
    RCC->AHB2LPENR &= ~RCC_AHB2Periph;
20004940:	4b05      	ldr	r3, [pc, #20]	@ (20004958 <RCC_AHB2PeriphClockLPModeCmd+0x38>)
20004942:	6d5a      	ldr	r2, [r3, #84]	@ 0x54
20004944:	687b      	ldr	r3, [r7, #4]
20004946:	43db      	mvns	r3, r3
20004948:	4903      	ldr	r1, [pc, #12]	@ (20004958 <RCC_AHB2PeriphClockLPModeCmd+0x38>)
2000494a:	4013      	ands	r3, r2
2000494c:	654b      	str	r3, [r1, #84]	@ 0x54
}
2000494e:	bf00      	nop
20004950:	370c      	adds	r7, #12
20004952:	46bd      	mov	sp, r7
20004954:	bc80      	pop	{r7}
20004956:	4770      	bx	lr
20004958:	40023800 	.word	0x40023800

2000495c <RCC_AHB3PeriphClockLPModeCmd>:
  * @param  NewState: new state of the specified peripheral clock.
  *          This parameter can be: ENABLE or DISABLE.
  * @retval None
  */
void RCC_AHB3PeriphClockLPModeCmd(uint32_t RCC_AHB3Periph, FunctionalState NewState)
{
2000495c:	b480      	push	{r7}
2000495e:	b083      	sub	sp, #12
20004960:	af00      	add	r7, sp, #0
20004962:	6078      	str	r0, [r7, #4]
20004964:	460b      	mov	r3, r1
20004966:	70fb      	strb	r3, [r7, #3]
  /* Check the parameters */
  assert_param(IS_RCC_AHB3_PERIPH(RCC_AHB3Periph));
  assert_param(IS_FUNCTIONAL_STATE(NewState));
  if (NewState != DISABLE)
20004968:	78fb      	ldrb	r3, [r7, #3]
2000496a:	2b00      	cmp	r3, #0
2000496c:	d006      	beq.n	2000497c <RCC_AHB3PeriphClockLPModeCmd+0x20>
  {
    RCC->AHB3LPENR |= RCC_AHB3Periph;
2000496e:	4b09      	ldr	r3, [pc, #36]	@ (20004994 <RCC_AHB3PeriphClockLPModeCmd+0x38>)
20004970:	6d9a      	ldr	r2, [r3, #88]	@ 0x58
20004972:	4908      	ldr	r1, [pc, #32]	@ (20004994 <RCC_AHB3PeriphClockLPModeCmd+0x38>)
20004974:	687b      	ldr	r3, [r7, #4]
20004976:	4313      	orrs	r3, r2
20004978:	658b      	str	r3, [r1, #88]	@ 0x58
  }
  else
  {
    RCC->AHB3LPENR &= ~RCC_AHB3Periph;
  }
}
2000497a:	e006      	b.n	2000498a <RCC_AHB3PeriphClockLPModeCmd+0x2e>
    RCC->AHB3LPENR &= ~RCC_AHB3Periph;
2000497c:	4b05      	ldr	r3, [pc, #20]	@ (20004994 <RCC_AHB3PeriphClockLPModeCmd+0x38>)
2000497e:	6d9a      	ldr	r2, [r3, #88]	@ 0x58
20004980:	687b      	ldr	r3, [r7, #4]
20004982:	43db      	mvns	r3, r3
20004984:	4903      	ldr	r1, [pc, #12]	@ (20004994 <RCC_AHB3PeriphClockLPModeCmd+0x38>)
20004986:	4013      	ands	r3, r2
20004988:	658b      	str	r3, [r1, #88]	@ 0x58
}
2000498a:	bf00      	nop
2000498c:	370c      	adds	r7, #12
2000498e:	46bd      	mov	sp, r7
20004990:	bc80      	pop	{r7}
20004992:	4770      	bx	lr
20004994:	40023800 	.word	0x40023800

20004998 <RCC_APB1PeriphClockLPModeCmd>:
  * @param  NewState: new state of the specified peripheral clock.
  *          This parameter can be: ENABLE or DISABLE.
  * @retval None
  */
void RCC_APB1PeriphClockLPModeCmd(uint32_t RCC_APB1Periph, FunctionalState NewState)
{
20004998:	b480      	push	{r7}
2000499a:	b083      	sub	sp, #12
2000499c:	af00      	add	r7, sp, #0
2000499e:	6078      	str	r0, [r7, #4]
200049a0:	460b      	mov	r3, r1
200049a2:	70fb      	strb	r3, [r7, #3]
  /* Check the parameters */
  assert_param(IS_RCC_APB1_PERIPH(RCC_APB1Periph));
  assert_param(IS_FUNCTIONAL_STATE(NewState));
  if (NewState != DISABLE)
200049a4:	78fb      	ldrb	r3, [r7, #3]
200049a6:	2b00      	cmp	r3, #0
200049a8:	d006      	beq.n	200049b8 <RCC_APB1PeriphClockLPModeCmd+0x20>
  {
    RCC->APB1LPENR |= RCC_APB1Periph;
200049aa:	4b09      	ldr	r3, [pc, #36]	@ (200049d0 <RCC_APB1PeriphClockLPModeCmd+0x38>)
200049ac:	6e1a      	ldr	r2, [r3, #96]	@ 0x60
200049ae:	4908      	ldr	r1, [pc, #32]	@ (200049d0 <RCC_APB1PeriphClockLPModeCmd+0x38>)
200049b0:	687b      	ldr	r3, [r7, #4]
200049b2:	4313      	orrs	r3, r2
200049b4:	660b      	str	r3, [r1, #96]	@ 0x60
  }
  else
  {
    RCC->APB1LPENR &= ~RCC_APB1Periph;
  }
}
200049b6:	e006      	b.n	200049c6 <RCC_APB1PeriphClockLPModeCmd+0x2e>
    RCC->APB1LPENR &= ~RCC_APB1Periph;
200049b8:	4b05      	ldr	r3, [pc, #20]	@ (200049d0 <RCC_APB1PeriphClockLPModeCmd+0x38>)
200049ba:	6e1a      	ldr	r2, [r3, #96]	@ 0x60
200049bc:	687b      	ldr	r3, [r7, #4]
200049be:	43db      	mvns	r3, r3
200049c0:	4903      	ldr	r1, [pc, #12]	@ (200049d0 <RCC_APB1PeriphClockLPModeCmd+0x38>)
200049c2:	4013      	ands	r3, r2
200049c4:	660b      	str	r3, [r1, #96]	@ 0x60
}
200049c6:	bf00      	nop
200049c8:	370c      	adds	r7, #12
200049ca:	46bd      	mov	sp, r7
200049cc:	bc80      	pop	{r7}
200049ce:	4770      	bx	lr
200049d0:	40023800 	.word	0x40023800

200049d4 <RCC_APB2PeriphClockLPModeCmd>:
  * @param  NewState: new state of the specified peripheral clock.
  *          This parameter can be: ENABLE or DISABLE.
  * @retval None
  */
void RCC_APB2PeriphClockLPModeCmd(uint32_t RCC_APB2Periph, FunctionalState NewState)
{
200049d4:	b480      	push	{r7}
200049d6:	b083      	sub	sp, #12
200049d8:	af00      	add	r7, sp, #0
200049da:	6078      	str	r0, [r7, #4]
200049dc:	460b      	mov	r3, r1
200049de:	70fb      	strb	r3, [r7, #3]
  /* Check the parameters */
  assert_param(IS_RCC_APB2_PERIPH(RCC_APB2Periph));
  assert_param(IS_FUNCTIONAL_STATE(NewState));
  if (NewState != DISABLE)
200049e0:	78fb      	ldrb	r3, [r7, #3]
200049e2:	2b00      	cmp	r3, #0
200049e4:	d006      	beq.n	200049f4 <RCC_APB2PeriphClockLPModeCmd+0x20>
  {
    RCC->APB2LPENR |= RCC_APB2Periph;
200049e6:	4b09      	ldr	r3, [pc, #36]	@ (20004a0c <RCC_APB2PeriphClockLPModeCmd+0x38>)
200049e8:	6e5a      	ldr	r2, [r3, #100]	@ 0x64
200049ea:	4908      	ldr	r1, [pc, #32]	@ (20004a0c <RCC_APB2PeriphClockLPModeCmd+0x38>)
200049ec:	687b      	ldr	r3, [r7, #4]
200049ee:	4313      	orrs	r3, r2
200049f0:	664b      	str	r3, [r1, #100]	@ 0x64
  }
  else
  {
    RCC->APB2LPENR &= ~RCC_APB2Periph;
  }
}
200049f2:	e006      	b.n	20004a02 <RCC_APB2PeriphClockLPModeCmd+0x2e>
    RCC->APB2LPENR &= ~RCC_APB2Periph;
200049f4:	4b05      	ldr	r3, [pc, #20]	@ (20004a0c <RCC_APB2PeriphClockLPModeCmd+0x38>)
200049f6:	6e5a      	ldr	r2, [r3, #100]	@ 0x64
200049f8:	687b      	ldr	r3, [r7, #4]
200049fa:	43db      	mvns	r3, r3
200049fc:	4903      	ldr	r1, [pc, #12]	@ (20004a0c <RCC_APB2PeriphClockLPModeCmd+0x38>)
200049fe:	4013      	ands	r3, r2
20004a00:	664b      	str	r3, [r1, #100]	@ 0x64
}
20004a02:	bf00      	nop
20004a04:	370c      	adds	r7, #12
20004a06:	46bd      	mov	sp, r7
20004a08:	bc80      	pop	{r7}
20004a0a:	4770      	bx	lr
20004a0c:	40023800 	.word	0x40023800

20004a10 <RCC_ITConfig>:
  * @param  NewState: new state of the specified RCC interrupts.
  *          This parameter can be: ENABLE or DISABLE.
  * @retval None
  */
void RCC_ITConfig(uint8_t RCC_IT, FunctionalState NewState)
{
20004a10:	b480      	push	{r7}
20004a12:	b083      	sub	sp, #12
20004a14:	af00      	add	r7, sp, #0
20004a16:	4603      	mov	r3, r0
20004a18:	460a      	mov	r2, r1
20004a1a:	71fb      	strb	r3, [r7, #7]
20004a1c:	4613      	mov	r3, r2
20004a1e:	71bb      	strb	r3, [r7, #6]
  /* Check the parameters */
  assert_param(IS_RCC_IT(RCC_IT));
  assert_param(IS_FUNCTIONAL_STATE(NewState));
  if (NewState != DISABLE)
20004a20:	79bb      	ldrb	r3, [r7, #6]
20004a22:	2b00      	cmp	r3, #0
20004a24:	d008      	beq.n	20004a38 <RCC_ITConfig+0x28>
  {
    /* Perform Byte access to RCC_CIR[14:8] bits to enable the selected interrupts */
    *(__IO uint8_t *) CIR_BYTE2_ADDRESS |= RCC_IT;
20004a26:	4b0c      	ldr	r3, [pc, #48]	@ (20004a58 <RCC_ITConfig+0x48>)
20004a28:	781b      	ldrb	r3, [r3, #0]
20004a2a:	b2da      	uxtb	r2, r3
20004a2c:	490a      	ldr	r1, [pc, #40]	@ (20004a58 <RCC_ITConfig+0x48>)
20004a2e:	79fb      	ldrb	r3, [r7, #7]
20004a30:	4313      	orrs	r3, r2
20004a32:	b2db      	uxtb	r3, r3
20004a34:	700b      	strb	r3, [r1, #0]
  else
  {
    /* Perform Byte access to RCC_CIR[14:8] bits to disable the selected interrupts */
    *(__IO uint8_t *) CIR_BYTE2_ADDRESS &= (uint8_t)~RCC_IT;
  }
}
20004a36:	e009      	b.n	20004a4c <RCC_ITConfig+0x3c>
    *(__IO uint8_t *) CIR_BYTE2_ADDRESS &= (uint8_t)~RCC_IT;
20004a38:	4b07      	ldr	r3, [pc, #28]	@ (20004a58 <RCC_ITConfig+0x48>)
20004a3a:	781b      	ldrb	r3, [r3, #0]
20004a3c:	b2da      	uxtb	r2, r3
20004a3e:	79fb      	ldrb	r3, [r7, #7]
20004a40:	43db      	mvns	r3, r3
20004a42:	b2db      	uxtb	r3, r3
20004a44:	4904      	ldr	r1, [pc, #16]	@ (20004a58 <RCC_ITConfig+0x48>)
20004a46:	4013      	ands	r3, r2
20004a48:	b2db      	uxtb	r3, r3
20004a4a:	700b      	strb	r3, [r1, #0]
}
20004a4c:	bf00      	nop
20004a4e:	370c      	adds	r7, #12
20004a50:	46bd      	mov	sp, r7
20004a52:	bc80      	pop	{r7}
20004a54:	4770      	bx	lr
20004a56:	bf00      	nop
20004a58:	4002380d 	.word	0x4002380d

20004a5c <RCC_GetFlagStatus>:
  *            @arg RCC_FLAG_WWDGRST: Window Watchdog reset
  *            @arg RCC_FLAG_LPWRRST: Low Power reset
  * @retval The new state of RCC_FLAG (SET or RESET).
  */
FlagStatus RCC_GetFlagStatus(uint8_t RCC_FLAG)
{
20004a5c:	b480      	push	{r7}
20004a5e:	b087      	sub	sp, #28
20004a60:	af00      	add	r7, sp, #0
20004a62:	4603      	mov	r3, r0
20004a64:	71fb      	strb	r3, [r7, #7]
  uint32_t tmp = 0;
20004a66:	2300      	movs	r3, #0
20004a68:	60fb      	str	r3, [r7, #12]
  uint32_t statusreg = 0;
20004a6a:	2300      	movs	r3, #0
20004a6c:	617b      	str	r3, [r7, #20]
  FlagStatus bitstatus = RESET;
20004a6e:	2300      	movs	r3, #0
20004a70:	74fb      	strb	r3, [r7, #19]

  /* Check the parameters */
  assert_param(IS_RCC_FLAG(RCC_FLAG));

  /* Get the RCC register index */
  tmp = RCC_FLAG >> 5;
20004a72:	79fb      	ldrb	r3, [r7, #7]
20004a74:	095b      	lsrs	r3, r3, #5
20004a76:	b2db      	uxtb	r3, r3
20004a78:	60fb      	str	r3, [r7, #12]
  if (tmp == 1)               /* The flag to check is in CR register */
20004a7a:	68fb      	ldr	r3, [r7, #12]
20004a7c:	2b01      	cmp	r3, #1
20004a7e:	d103      	bne.n	20004a88 <RCC_GetFlagStatus+0x2c>
  {
    statusreg = RCC->CR;
20004a80:	4b12      	ldr	r3, [pc, #72]	@ (20004acc <RCC_GetFlagStatus+0x70>)
20004a82:	681b      	ldr	r3, [r3, #0]
20004a84:	617b      	str	r3, [r7, #20]
20004a86:	e009      	b.n	20004a9c <RCC_GetFlagStatus+0x40>
  }
  else if (tmp == 2)          /* The flag to check is in BDCR register */
20004a88:	68fb      	ldr	r3, [r7, #12]
20004a8a:	2b02      	cmp	r3, #2
20004a8c:	d103      	bne.n	20004a96 <RCC_GetFlagStatus+0x3a>
  {
    statusreg = RCC->BDCR;
20004a8e:	4b0f      	ldr	r3, [pc, #60]	@ (20004acc <RCC_GetFlagStatus+0x70>)
20004a90:	6f1b      	ldr	r3, [r3, #112]	@ 0x70
20004a92:	617b      	str	r3, [r7, #20]
20004a94:	e002      	b.n	20004a9c <RCC_GetFlagStatus+0x40>
  }
  else                       /* The flag to check is in CSR register */
  {
    statusreg = RCC->CSR;
20004a96:	4b0d      	ldr	r3, [pc, #52]	@ (20004acc <RCC_GetFlagStatus+0x70>)
20004a98:	6f5b      	ldr	r3, [r3, #116]	@ 0x74
20004a9a:	617b      	str	r3, [r7, #20]
  }

  /* Get the flag position */
  tmp = RCC_FLAG & FLAG_MASK;
20004a9c:	79fb      	ldrb	r3, [r7, #7]
20004a9e:	f003 031f 	and.w	r3, r3, #31
20004aa2:	60fb      	str	r3, [r7, #12]
  if ((statusreg & ((uint32_t)1 << tmp)) != (uint32_t)RESET)
20004aa4:	697a      	ldr	r2, [r7, #20]
20004aa6:	68fb      	ldr	r3, [r7, #12]
20004aa8:	fa22 f303 	lsr.w	r3, r2, r3
20004aac:	f003 0301 	and.w	r3, r3, #1
20004ab0:	2b00      	cmp	r3, #0
20004ab2:	d002      	beq.n	20004aba <RCC_GetFlagStatus+0x5e>
  {
    bitstatus = SET;
20004ab4:	2301      	movs	r3, #1
20004ab6:	74fb      	strb	r3, [r7, #19]
20004ab8:	e001      	b.n	20004abe <RCC_GetFlagStatus+0x62>
  }
  else
  {
    bitstatus = RESET;
20004aba:	2300      	movs	r3, #0
20004abc:	74fb      	strb	r3, [r7, #19]
  }
  /* Return the flag status */
  return bitstatus;
20004abe:	7cfb      	ldrb	r3, [r7, #19]
}
20004ac0:	4618      	mov	r0, r3
20004ac2:	371c      	adds	r7, #28
20004ac4:	46bd      	mov	sp, r7
20004ac6:	bc80      	pop	{r7}
20004ac8:	4770      	bx	lr
20004aca:	bf00      	nop
20004acc:	40023800 	.word	0x40023800

20004ad0 <RCC_ClearFlag>:
  *         RCC_FLAG_IWDGRST, RCC_FLAG_WWDGRST, RCC_FLAG_LPWRRST
  * @param  None
  * @retval None
  */
void RCC_ClearFlag(void)
{
20004ad0:	b480      	push	{r7}
20004ad2:	af00      	add	r7, sp, #0
  /* Set RMVF bit to clear the reset flags */
  RCC->CSR |= RCC_CSR_RMVF;
20004ad4:	4b04      	ldr	r3, [pc, #16]	@ (20004ae8 <RCC_ClearFlag+0x18>)
20004ad6:	6f5b      	ldr	r3, [r3, #116]	@ 0x74
20004ad8:	4a03      	ldr	r2, [pc, #12]	@ (20004ae8 <RCC_ClearFlag+0x18>)
20004ada:	f043 7380 	orr.w	r3, r3, #16777216	@ 0x1000000
20004ade:	6753      	str	r3, [r2, #116]	@ 0x74
}
20004ae0:	bf00      	nop
20004ae2:	46bd      	mov	sp, r7
20004ae4:	bc80      	pop	{r7}
20004ae6:	4770      	bx	lr
20004ae8:	40023800 	.word	0x40023800

20004aec <RCC_GetITStatus>:
  *            @arg RCC_IT_PLLSAIRDY: PLLSAI clock ready interrupt (only for STM32F42xxx/43xxx devices)    
  *            @arg RCC_IT_CSS: Clock Security System interrupt
  * @retval The new state of RCC_IT (SET or RESET).
  */
ITStatus RCC_GetITStatus(uint8_t RCC_IT)
{
20004aec:	b480      	push	{r7}
20004aee:	b085      	sub	sp, #20
20004af0:	af00      	add	r7, sp, #0
20004af2:	4603      	mov	r3, r0
20004af4:	71fb      	strb	r3, [r7, #7]
  ITStatus bitstatus = RESET;
20004af6:	2300      	movs	r3, #0
20004af8:	73fb      	strb	r3, [r7, #15]

  /* Check the parameters */
  assert_param(IS_RCC_GET_IT(RCC_IT));

  /* Check the status of the specified RCC interrupt */
  if ((RCC->CIR & RCC_IT) != (uint32_t)RESET)
20004afa:	4b08      	ldr	r3, [pc, #32]	@ (20004b1c <RCC_GetITStatus+0x30>)
20004afc:	68da      	ldr	r2, [r3, #12]
20004afe:	79fb      	ldrb	r3, [r7, #7]
20004b00:	4013      	ands	r3, r2
20004b02:	2b00      	cmp	r3, #0
20004b04:	d002      	beq.n	20004b0c <RCC_GetITStatus+0x20>
  {
    bitstatus = SET;
20004b06:	2301      	movs	r3, #1
20004b08:	73fb      	strb	r3, [r7, #15]
20004b0a:	e001      	b.n	20004b10 <RCC_GetITStatus+0x24>
  }
  else
  {
    bitstatus = RESET;
20004b0c:	2300      	movs	r3, #0
20004b0e:	73fb      	strb	r3, [r7, #15]
  }
  /* Return the RCC_IT status */
  return  bitstatus;
20004b10:	7bfb      	ldrb	r3, [r7, #15]
}
20004b12:	4618      	mov	r0, r3
20004b14:	3714      	adds	r7, #20
20004b16:	46bd      	mov	sp, r7
20004b18:	bc80      	pop	{r7}
20004b1a:	4770      	bx	lr
20004b1c:	40023800 	.word	0x40023800

20004b20 <RCC_ClearITPendingBit>:
  *            @arg RCC_IT_PLLSAIRDY: PLLSAI ready interrupt (only for STM32F42xxx/43xxx devices)   
  *            @arg RCC_IT_CSS: Clock Security System interrupt
  * @retval None
  */
void RCC_ClearITPendingBit(uint8_t RCC_IT)
{
20004b20:	b480      	push	{r7}
20004b22:	b083      	sub	sp, #12
20004b24:	af00      	add	r7, sp, #0
20004b26:	4603      	mov	r3, r0
20004b28:	71fb      	strb	r3, [r7, #7]
  /* Check the parameters */
  assert_param(IS_RCC_CLEAR_IT(RCC_IT));

  /* Perform Byte access to RCC_CIR[23:16] bits to clear the selected interrupt
     pending bits */
  *(__IO uint8_t *) CIR_BYTE3_ADDRESS = RCC_IT;
20004b2a:	4a04      	ldr	r2, [pc, #16]	@ (20004b3c <RCC_ClearITPendingBit+0x1c>)
20004b2c:	79fb      	ldrb	r3, [r7, #7]
20004b2e:	7013      	strb	r3, [r2, #0]
}
20004b30:	bf00      	nop
20004b32:	370c      	adds	r7, #12
20004b34:	46bd      	mov	sp, r7
20004b36:	bc80      	pop	{r7}
20004b38:	4770      	bx	lr
20004b3a:	bf00      	nop
20004b3c:	4002380e 	.word	0x4002380e

20004b40 <SYSCFG_DeInit>:
  *   registers to their default reset values.
  * @param  None
  * @retval None
  */
void SYSCFG_DeInit(void)
{
20004b40:	b580      	push	{r7, lr}
20004b42:	af00      	add	r7, sp, #0
   RCC_APB2PeriphResetCmd(RCC_APB2Periph_SYSCFG, ENABLE);
20004b44:	2101      	movs	r1, #1
20004b46:	f44f 4080 	mov.w	r0, #16384	@ 0x4000
20004b4a:	f7ff fead 	bl	200048a8 <RCC_APB2PeriphResetCmd>
   RCC_APB2PeriphResetCmd(RCC_APB2Periph_SYSCFG, DISABLE);
20004b4e:	2100      	movs	r1, #0
20004b50:	f44f 4080 	mov.w	r0, #16384	@ 0x4000
20004b54:	f7ff fea8 	bl	200048a8 <RCC_APB2PeriphResetCmd>
}
20004b58:	bf00      	nop
20004b5a:	bd80      	pop	{r7, pc}

20004b5c <SYSCFG_MemoryRemapConfig>:
  *            @arg SYSCFG_MemoryRemap_SRAM:        Embedded SRAM (112kB) mapped at 0x00000000
  *            @arg SYSCFG_MemoryRemap_SDRAM:       FMC (External SDRAM)  mapped at 0x00000000 for STM32F42xxx/43xxx devices.            
  * @retval None
  */
void SYSCFG_MemoryRemapConfig(uint8_t SYSCFG_MemoryRemap)
{
20004b5c:	b480      	push	{r7}
20004b5e:	b083      	sub	sp, #12
20004b60:	af00      	add	r7, sp, #0
20004b62:	4603      	mov	r3, r0
20004b64:	71fb      	strb	r3, [r7, #7]
  /* Check the parameters */
  assert_param(IS_SYSCFG_MEMORY_REMAP_CONFING(SYSCFG_MemoryRemap));

  SYSCFG->MEMRMP = SYSCFG_MemoryRemap;
20004b66:	4a04      	ldr	r2, [pc, #16]	@ (20004b78 <SYSCFG_MemoryRemapConfig+0x1c>)
20004b68:	79fb      	ldrb	r3, [r7, #7]
20004b6a:	6013      	str	r3, [r2, #0]
}
20004b6c:	bf00      	nop
20004b6e:	370c      	adds	r7, #12
20004b70:	46bd      	mov	sp, r7
20004b72:	bc80      	pop	{r7}
20004b74:	4770      	bx	lr
20004b76:	bf00      	nop
20004b78:	40013800 	.word	0x40013800

20004b7c <SYSCFG_MemorySwappingBank>:
  *            @arg DISABLE:(the default state) Flash Bank1 mapped at 0x08000000 (and aliased @0x0000 0000) 
                            and Flash Bank2 mapped at 0x08100000 (and aliased at 0x00100000)  
  * @retval None
  */
void SYSCFG_MemorySwappingBank(FunctionalState NewState)
{
20004b7c:	b480      	push	{r7}
20004b7e:	b083      	sub	sp, #12
20004b80:	af00      	add	r7, sp, #0
20004b82:	4603      	mov	r3, r0
20004b84:	71fb      	strb	r3, [r7, #7]
  /* Check the parameters */
  assert_param(IS_FUNCTIONAL_STATE(NewState));

  *(__IO uint32_t *) UFB_MODE_BB = (uint32_t)NewState;
20004b86:	4a04      	ldr	r2, [pc, #16]	@ (20004b98 <SYSCFG_MemorySwappingBank+0x1c>)
20004b88:	79fb      	ldrb	r3, [r7, #7]
20004b8a:	6013      	str	r3, [r2, #0]
}
20004b8c:	bf00      	nop
20004b8e:	370c      	adds	r7, #12
20004b90:	46bd      	mov	sp, r7
20004b92:	bc80      	pop	{r7}
20004b94:	4770      	bx	lr
20004b96:	bf00      	nop
20004b98:	42270020 	.word	0x42270020

20004b9c <SYSCFG_EXTILineConfig>:
  *           be (0..7) for STM32F42xxx/43xxx devices. 
  *             
  * @retval None
  */
void SYSCFG_EXTILineConfig(uint8_t EXTI_PortSourceGPIOx, uint8_t EXTI_PinSourcex)
{
20004b9c:	b480      	push	{r7}
20004b9e:	b085      	sub	sp, #20
20004ba0:	af00      	add	r7, sp, #0
20004ba2:	4603      	mov	r3, r0
20004ba4:	460a      	mov	r2, r1
20004ba6:	71fb      	strb	r3, [r7, #7]
20004ba8:	4613      	mov	r3, r2
20004baa:	71bb      	strb	r3, [r7, #6]
  uint32_t tmp = 0x00;
20004bac:	2300      	movs	r3, #0
20004bae:	60fb      	str	r3, [r7, #12]

  /* Check the parameters */
  assert_param(IS_EXTI_PORT_SOURCE(EXTI_PortSourceGPIOx));
  assert_param(IS_EXTI_PIN_SOURCE(EXTI_PinSourcex));

  tmp = ((uint32_t)0x0F) << (0x04 * (EXTI_PinSourcex & (uint8_t)0x03));
20004bb0:	79bb      	ldrb	r3, [r7, #6]
20004bb2:	f003 0303 	and.w	r3, r3, #3
20004bb6:	009b      	lsls	r3, r3, #2
20004bb8:	220f      	movs	r2, #15
20004bba:	fa02 f303 	lsl.w	r3, r2, r3
20004bbe:	60fb      	str	r3, [r7, #12]
  SYSCFG->EXTICR[EXTI_PinSourcex >> 0x02] &= ~tmp;
20004bc0:	4a15      	ldr	r2, [pc, #84]	@ (20004c18 <SYSCFG_EXTILineConfig+0x7c>)
20004bc2:	79bb      	ldrb	r3, [r7, #6]
20004bc4:	089b      	lsrs	r3, r3, #2
20004bc6:	b2db      	uxtb	r3, r3
20004bc8:	3302      	adds	r3, #2
20004bca:	f852 2023 	ldr.w	r2, [r2, r3, lsl #2]
20004bce:	68fb      	ldr	r3, [r7, #12]
20004bd0:	43db      	mvns	r3, r3
20004bd2:	4811      	ldr	r0, [pc, #68]	@ (20004c18 <SYSCFG_EXTILineConfig+0x7c>)
20004bd4:	79b9      	ldrb	r1, [r7, #6]
20004bd6:	0889      	lsrs	r1, r1, #2
20004bd8:	b2c9      	uxtb	r1, r1
20004bda:	401a      	ands	r2, r3
20004bdc:	1c8b      	adds	r3, r1, #2
20004bde:	f840 2023 	str.w	r2, [r0, r3, lsl #2]
  SYSCFG->EXTICR[EXTI_PinSourcex >> 0x02] |= (((uint32_t)EXTI_PortSourceGPIOx) << (0x04 * (EXTI_PinSourcex & (uint8_t)0x03)));
20004be2:	4a0d      	ldr	r2, [pc, #52]	@ (20004c18 <SYSCFG_EXTILineConfig+0x7c>)
20004be4:	79bb      	ldrb	r3, [r7, #6]
20004be6:	089b      	lsrs	r3, r3, #2
20004be8:	b2db      	uxtb	r3, r3
20004bea:	3302      	adds	r3, #2
20004bec:	f852 2023 	ldr.w	r2, [r2, r3, lsl #2]
20004bf0:	79f9      	ldrb	r1, [r7, #7]
20004bf2:	79bb      	ldrb	r3, [r7, #6]
20004bf4:	f003 0303 	and.w	r3, r3, #3
20004bf8:	009b      	lsls	r3, r3, #2
20004bfa:	fa01 f303 	lsl.w	r3, r1, r3
20004bfe:	4806      	ldr	r0, [pc, #24]	@ (20004c18 <SYSCFG_EXTILineConfig+0x7c>)
20004c00:	79b9      	ldrb	r1, [r7, #6]
20004c02:	0889      	lsrs	r1, r1, #2
20004c04:	b2c9      	uxtb	r1, r1
20004c06:	431a      	orrs	r2, r3
20004c08:	1c8b      	adds	r3, r1, #2
20004c0a:	f840 2023 	str.w	r2, [r0, r3, lsl #2]
}
20004c0e:	bf00      	nop
20004c10:	3714      	adds	r7, #20
20004c12:	46bd      	mov	sp, r7
20004c14:	bc80      	pop	{r7}
20004c16:	4770      	bx	lr
20004c18:	40013800 	.word	0x40013800

20004c1c <SYSCFG_ETH_MediaInterfaceConfig>:
  *            @arg SYSCFG_ETH_MediaInterface_MII: MII mode selected
  *            @arg SYSCFG_ETH_MediaInterface_RMII: RMII mode selected 
  * @retval None 
  */
void SYSCFG_ETH_MediaInterfaceConfig(uint32_t SYSCFG_ETH_MediaInterface) 
{ 
20004c1c:	b480      	push	{r7}
20004c1e:	b083      	sub	sp, #12
20004c20:	af00      	add	r7, sp, #0
20004c22:	6078      	str	r0, [r7, #4]
  assert_param(IS_SYSCFG_ETH_MEDIA_INTERFACE(SYSCFG_ETH_MediaInterface)); 
  /* Configure MII_RMII selection bit */ 
  *(__IO uint32_t *) PMC_MII_RMII_SEL_BB = SYSCFG_ETH_MediaInterface; 
20004c24:	4a03      	ldr	r2, [pc, #12]	@ (20004c34 <SYSCFG_ETH_MediaInterfaceConfig+0x18>)
20004c26:	687b      	ldr	r3, [r7, #4]
20004c28:	6013      	str	r3, [r2, #0]
}
20004c2a:	bf00      	nop
20004c2c:	370c      	adds	r7, #12
20004c2e:	46bd      	mov	sp, r7
20004c30:	bc80      	pop	{r7}
20004c32:	4770      	bx	lr
20004c34:	422700dc 	.word	0x422700dc

20004c38 <SYSCFG_CompensationCellCmd>:
  *            @arg ENABLE: I/O compensation cell enabled  
  *            @arg DISABLE: I/O compensation cell power-down mode  
  * @retval None
  */
void SYSCFG_CompensationCellCmd(FunctionalState NewState)
{
20004c38:	b480      	push	{r7}
20004c3a:	b083      	sub	sp, #12
20004c3c:	af00      	add	r7, sp, #0
20004c3e:	4603      	mov	r3, r0
20004c40:	71fb      	strb	r3, [r7, #7]
  /* Check the parameters */
  assert_param(IS_FUNCTIONAL_STATE(NewState));

  *(__IO uint32_t *) CMPCR_CMP_PD_BB = (uint32_t)NewState;
20004c42:	4a04      	ldr	r2, [pc, #16]	@ (20004c54 <SYSCFG_CompensationCellCmd+0x1c>)
20004c44:	79fb      	ldrb	r3, [r7, #7]
20004c46:	6013      	str	r3, [r2, #0]
}
20004c48:	bf00      	nop
20004c4a:	370c      	adds	r7, #12
20004c4c:	46bd      	mov	sp, r7
20004c4e:	bc80      	pop	{r7}
20004c50:	4770      	bx	lr
20004c52:	bf00      	nop
20004c54:	42270400 	.word	0x42270400

20004c58 <SYSCFG_GetCompensationCellStatus>:
  * @brief  Checks whether the I/O Compensation Cell ready flag is set or not.
  * @param  None
  * @retval The new state of the I/O Compensation Cell ready flag (SET or RESET)
  */
FlagStatus SYSCFG_GetCompensationCellStatus(void)
{
20004c58:	b480      	push	{r7}
20004c5a:	b083      	sub	sp, #12
20004c5c:	af00      	add	r7, sp, #0
  FlagStatus bitstatus = RESET;
20004c5e:	2300      	movs	r3, #0
20004c60:	71fb      	strb	r3, [r7, #7]
    
  if ((SYSCFG->CMPCR & SYSCFG_CMPCR_READY ) != (uint32_t)RESET)
20004c62:	4b08      	ldr	r3, [pc, #32]	@ (20004c84 <SYSCFG_GetCompensationCellStatus+0x2c>)
20004c64:	6a1b      	ldr	r3, [r3, #32]
20004c66:	f403 7380 	and.w	r3, r3, #256	@ 0x100
20004c6a:	2b00      	cmp	r3, #0
20004c6c:	d002      	beq.n	20004c74 <SYSCFG_GetCompensationCellStatus+0x1c>
  {
    bitstatus = SET;
20004c6e:	2301      	movs	r3, #1
20004c70:	71fb      	strb	r3, [r7, #7]
20004c72:	e001      	b.n	20004c78 <SYSCFG_GetCompensationCellStatus+0x20>
  }
  else
  {
    bitstatus = RESET;
20004c74:	2300      	movs	r3, #0
20004c76:	71fb      	strb	r3, [r7, #7]
  }
  return bitstatus;
20004c78:	79fb      	ldrb	r3, [r7, #7]
}
20004c7a:	4618      	mov	r0, r3
20004c7c:	370c      	adds	r7, #12
20004c7e:	46bd      	mov	sp, r7
20004c80:	bc80      	pop	{r7}
20004c82:	4770      	bx	lr
20004c84:	40013800 	.word	0x40013800

20004c88 <TIM_DeInit>:
  * @param  TIMx: where x can be 1 to 14 to select the TIM peripheral.
  * @retval None

  */
void TIM_DeInit(TIM_TypeDef* TIMx)
{
20004c88:	b580      	push	{r7, lr}
20004c8a:	b082      	sub	sp, #8
20004c8c:	af00      	add	r7, sp, #0
20004c8e:	6078      	str	r0, [r7, #4]
  /* Check the parameters */
  assert_param(IS_TIM_ALL_PERIPH(TIMx)); 
 
  if (TIMx == TIM1)
20004c90:	687b      	ldr	r3, [r7, #4]
20004c92:	4a60      	ldr	r2, [pc, #384]	@ (20004e14 <TIM_DeInit+0x18c>)
20004c94:	4293      	cmp	r3, r2
20004c96:	d108      	bne.n	20004caa <TIM_DeInit+0x22>
  {
    RCC_APB2PeriphResetCmd(RCC_APB2Periph_TIM1, ENABLE);
20004c98:	2101      	movs	r1, #1
20004c9a:	2001      	movs	r0, #1
20004c9c:	f7ff fe04 	bl	200048a8 <RCC_APB2PeriphResetCmd>
    RCC_APB2PeriphResetCmd(RCC_APB2Periph_TIM1, DISABLE);  
20004ca0:	2100      	movs	r1, #0
20004ca2:	2001      	movs	r0, #1
20004ca4:	f7ff fe00 	bl	200048a8 <RCC_APB2PeriphResetCmd>
    {     
      RCC_APB1PeriphResetCmd(RCC_APB1Periph_TIM14, ENABLE);
      RCC_APB1PeriphResetCmd(RCC_APB1Periph_TIM14, DISABLE); 
    }   
  }
}
20004ca8:	e0af      	b.n	20004e0a <TIM_DeInit+0x182>
  else if (TIMx == TIM2) 
20004caa:	687b      	ldr	r3, [r7, #4]
20004cac:	f1b3 4f80 	cmp.w	r3, #1073741824	@ 0x40000000
20004cb0:	d108      	bne.n	20004cc4 <TIM_DeInit+0x3c>
    RCC_APB1PeriphResetCmd(RCC_APB1Periph_TIM2, ENABLE);
20004cb2:	2101      	movs	r1, #1
20004cb4:	2001      	movs	r0, #1
20004cb6:	f7ff fdd9 	bl	2000486c <RCC_APB1PeriphResetCmd>
    RCC_APB1PeriphResetCmd(RCC_APB1Periph_TIM2, DISABLE);
20004cba:	2100      	movs	r1, #0
20004cbc:	2001      	movs	r0, #1
20004cbe:	f7ff fdd5 	bl	2000486c <RCC_APB1PeriphResetCmd>
}
20004cc2:	e0a2      	b.n	20004e0a <TIM_DeInit+0x182>
  else if (TIMx == TIM3)
20004cc4:	687b      	ldr	r3, [r7, #4]
20004cc6:	4a54      	ldr	r2, [pc, #336]	@ (20004e18 <TIM_DeInit+0x190>)
20004cc8:	4293      	cmp	r3, r2
20004cca:	d108      	bne.n	20004cde <TIM_DeInit+0x56>
    RCC_APB1PeriphResetCmd(RCC_APB1Periph_TIM3, ENABLE);
20004ccc:	2101      	movs	r1, #1
20004cce:	2002      	movs	r0, #2
20004cd0:	f7ff fdcc 	bl	2000486c <RCC_APB1PeriphResetCmd>
    RCC_APB1PeriphResetCmd(RCC_APB1Periph_TIM3, DISABLE);
20004cd4:	2100      	movs	r1, #0
20004cd6:	2002      	movs	r0, #2
20004cd8:	f7ff fdc8 	bl	2000486c <RCC_APB1PeriphResetCmd>
}
20004cdc:	e095      	b.n	20004e0a <TIM_DeInit+0x182>
  else if (TIMx == TIM4)
20004cde:	687b      	ldr	r3, [r7, #4]
20004ce0:	4a4e      	ldr	r2, [pc, #312]	@ (20004e1c <TIM_DeInit+0x194>)
20004ce2:	4293      	cmp	r3, r2
20004ce4:	d108      	bne.n	20004cf8 <TIM_DeInit+0x70>
    RCC_APB1PeriphResetCmd(RCC_APB1Periph_TIM4, ENABLE);
20004ce6:	2101      	movs	r1, #1
20004ce8:	2004      	movs	r0, #4
20004cea:	f7ff fdbf 	bl	2000486c <RCC_APB1PeriphResetCmd>
    RCC_APB1PeriphResetCmd(RCC_APB1Periph_TIM4, DISABLE);
20004cee:	2100      	movs	r1, #0
20004cf0:	2004      	movs	r0, #4
20004cf2:	f7ff fdbb 	bl	2000486c <RCC_APB1PeriphResetCmd>
}
20004cf6:	e088      	b.n	20004e0a <TIM_DeInit+0x182>
  else if (TIMx == TIM5)
20004cf8:	687b      	ldr	r3, [r7, #4]
20004cfa:	4a49      	ldr	r2, [pc, #292]	@ (20004e20 <TIM_DeInit+0x198>)
20004cfc:	4293      	cmp	r3, r2
20004cfe:	d108      	bne.n	20004d12 <TIM_DeInit+0x8a>
    RCC_APB1PeriphResetCmd(RCC_APB1Periph_TIM5, ENABLE);
20004d00:	2101      	movs	r1, #1
20004d02:	2008      	movs	r0, #8
20004d04:	f7ff fdb2 	bl	2000486c <RCC_APB1PeriphResetCmd>
    RCC_APB1PeriphResetCmd(RCC_APB1Periph_TIM5, DISABLE);
20004d08:	2100      	movs	r1, #0
20004d0a:	2008      	movs	r0, #8
20004d0c:	f7ff fdae 	bl	2000486c <RCC_APB1PeriphResetCmd>
}
20004d10:	e07b      	b.n	20004e0a <TIM_DeInit+0x182>
  else if (TIMx == TIM6)  
20004d12:	687b      	ldr	r3, [r7, #4]
20004d14:	4a43      	ldr	r2, [pc, #268]	@ (20004e24 <TIM_DeInit+0x19c>)
20004d16:	4293      	cmp	r3, r2
20004d18:	d108      	bne.n	20004d2c <TIM_DeInit+0xa4>
    RCC_APB1PeriphResetCmd(RCC_APB1Periph_TIM6, ENABLE);
20004d1a:	2101      	movs	r1, #1
20004d1c:	2010      	movs	r0, #16
20004d1e:	f7ff fda5 	bl	2000486c <RCC_APB1PeriphResetCmd>
    RCC_APB1PeriphResetCmd(RCC_APB1Periph_TIM6, DISABLE);
20004d22:	2100      	movs	r1, #0
20004d24:	2010      	movs	r0, #16
20004d26:	f7ff fda1 	bl	2000486c <RCC_APB1PeriphResetCmd>
}
20004d2a:	e06e      	b.n	20004e0a <TIM_DeInit+0x182>
  else if (TIMx == TIM7)
20004d2c:	687b      	ldr	r3, [r7, #4]
20004d2e:	4a3e      	ldr	r2, [pc, #248]	@ (20004e28 <TIM_DeInit+0x1a0>)
20004d30:	4293      	cmp	r3, r2
20004d32:	d108      	bne.n	20004d46 <TIM_DeInit+0xbe>
    RCC_APB1PeriphResetCmd(RCC_APB1Periph_TIM7, ENABLE);
20004d34:	2101      	movs	r1, #1
20004d36:	2020      	movs	r0, #32
20004d38:	f7ff fd98 	bl	2000486c <RCC_APB1PeriphResetCmd>
    RCC_APB1PeriphResetCmd(RCC_APB1Periph_TIM7, DISABLE);
20004d3c:	2100      	movs	r1, #0
20004d3e:	2020      	movs	r0, #32
20004d40:	f7ff fd94 	bl	2000486c <RCC_APB1PeriphResetCmd>
}
20004d44:	e061      	b.n	20004e0a <TIM_DeInit+0x182>
  else if (TIMx == TIM8)
20004d46:	687b      	ldr	r3, [r7, #4]
20004d48:	4a38      	ldr	r2, [pc, #224]	@ (20004e2c <TIM_DeInit+0x1a4>)
20004d4a:	4293      	cmp	r3, r2
20004d4c:	d108      	bne.n	20004d60 <TIM_DeInit+0xd8>
    RCC_APB2PeriphResetCmd(RCC_APB2Periph_TIM8, ENABLE);
20004d4e:	2101      	movs	r1, #1
20004d50:	2002      	movs	r0, #2
20004d52:	f7ff fda9 	bl	200048a8 <RCC_APB2PeriphResetCmd>
    RCC_APB2PeriphResetCmd(RCC_APB2Periph_TIM8, DISABLE);  
20004d56:	2100      	movs	r1, #0
20004d58:	2002      	movs	r0, #2
20004d5a:	f7ff fda5 	bl	200048a8 <RCC_APB2PeriphResetCmd>
}
20004d5e:	e054      	b.n	20004e0a <TIM_DeInit+0x182>
  else if (TIMx == TIM9)
20004d60:	687b      	ldr	r3, [r7, #4]
20004d62:	4a33      	ldr	r2, [pc, #204]	@ (20004e30 <TIM_DeInit+0x1a8>)
20004d64:	4293      	cmp	r3, r2
20004d66:	d10a      	bne.n	20004d7e <TIM_DeInit+0xf6>
    RCC_APB2PeriphResetCmd(RCC_APB2Periph_TIM9, ENABLE);
20004d68:	2101      	movs	r1, #1
20004d6a:	f44f 3080 	mov.w	r0, #65536	@ 0x10000
20004d6e:	f7ff fd9b 	bl	200048a8 <RCC_APB2PeriphResetCmd>
    RCC_APB2PeriphResetCmd(RCC_APB2Periph_TIM9, DISABLE);  
20004d72:	2100      	movs	r1, #0
20004d74:	f44f 3080 	mov.w	r0, #65536	@ 0x10000
20004d78:	f7ff fd96 	bl	200048a8 <RCC_APB2PeriphResetCmd>
}
20004d7c:	e045      	b.n	20004e0a <TIM_DeInit+0x182>
  else if (TIMx == TIM10)
20004d7e:	687b      	ldr	r3, [r7, #4]
20004d80:	4a2c      	ldr	r2, [pc, #176]	@ (20004e34 <TIM_DeInit+0x1ac>)
20004d82:	4293      	cmp	r3, r2
20004d84:	d10a      	bne.n	20004d9c <TIM_DeInit+0x114>
    RCC_APB2PeriphResetCmd(RCC_APB2Periph_TIM10, ENABLE);
20004d86:	2101      	movs	r1, #1
20004d88:	f44f 3000 	mov.w	r0, #131072	@ 0x20000
20004d8c:	f7ff fd8c 	bl	200048a8 <RCC_APB2PeriphResetCmd>
    RCC_APB2PeriphResetCmd(RCC_APB2Periph_TIM10, DISABLE);  
20004d90:	2100      	movs	r1, #0
20004d92:	f44f 3000 	mov.w	r0, #131072	@ 0x20000
20004d96:	f7ff fd87 	bl	200048a8 <RCC_APB2PeriphResetCmd>
}
20004d9a:	e036      	b.n	20004e0a <TIM_DeInit+0x182>
  else if (TIMx == TIM11) 
20004d9c:	687b      	ldr	r3, [r7, #4]
20004d9e:	4a26      	ldr	r2, [pc, #152]	@ (20004e38 <TIM_DeInit+0x1b0>)
20004da0:	4293      	cmp	r3, r2
20004da2:	d10a      	bne.n	20004dba <TIM_DeInit+0x132>
    RCC_APB2PeriphResetCmd(RCC_APB2Periph_TIM11, ENABLE);
20004da4:	2101      	movs	r1, #1
20004da6:	f44f 2080 	mov.w	r0, #262144	@ 0x40000
20004daa:	f7ff fd7d 	bl	200048a8 <RCC_APB2PeriphResetCmd>
    RCC_APB2PeriphResetCmd(RCC_APB2Periph_TIM11, DISABLE);  
20004dae:	2100      	movs	r1, #0
20004db0:	f44f 2080 	mov.w	r0, #262144	@ 0x40000
20004db4:	f7ff fd78 	bl	200048a8 <RCC_APB2PeriphResetCmd>
}
20004db8:	e027      	b.n	20004e0a <TIM_DeInit+0x182>
  else if (TIMx == TIM12)
20004dba:	687b      	ldr	r3, [r7, #4]
20004dbc:	4a1f      	ldr	r2, [pc, #124]	@ (20004e3c <TIM_DeInit+0x1b4>)
20004dbe:	4293      	cmp	r3, r2
20004dc0:	d108      	bne.n	20004dd4 <TIM_DeInit+0x14c>
    RCC_APB1PeriphResetCmd(RCC_APB1Periph_TIM12, ENABLE);
20004dc2:	2101      	movs	r1, #1
20004dc4:	2040      	movs	r0, #64	@ 0x40
20004dc6:	f7ff fd51 	bl	2000486c <RCC_APB1PeriphResetCmd>
    RCC_APB1PeriphResetCmd(RCC_APB1Periph_TIM12, DISABLE);  
20004dca:	2100      	movs	r1, #0
20004dcc:	2040      	movs	r0, #64	@ 0x40
20004dce:	f7ff fd4d 	bl	2000486c <RCC_APB1PeriphResetCmd>
}
20004dd2:	e01a      	b.n	20004e0a <TIM_DeInit+0x182>
  else if (TIMx == TIM13) 
20004dd4:	687b      	ldr	r3, [r7, #4]
20004dd6:	4a1a      	ldr	r2, [pc, #104]	@ (20004e40 <TIM_DeInit+0x1b8>)
20004dd8:	4293      	cmp	r3, r2
20004dda:	d108      	bne.n	20004dee <TIM_DeInit+0x166>
    RCC_APB1PeriphResetCmd(RCC_APB1Periph_TIM13, ENABLE);
20004ddc:	2101      	movs	r1, #1
20004dde:	2080      	movs	r0, #128	@ 0x80
20004de0:	f7ff fd44 	bl	2000486c <RCC_APB1PeriphResetCmd>
    RCC_APB1PeriphResetCmd(RCC_APB1Periph_TIM13, DISABLE);  
20004de4:	2100      	movs	r1, #0
20004de6:	2080      	movs	r0, #128	@ 0x80
20004de8:	f7ff fd40 	bl	2000486c <RCC_APB1PeriphResetCmd>
}
20004dec:	e00d      	b.n	20004e0a <TIM_DeInit+0x182>
    if (TIMx == TIM14) 
20004dee:	687b      	ldr	r3, [r7, #4]
20004df0:	4a14      	ldr	r2, [pc, #80]	@ (20004e44 <TIM_DeInit+0x1bc>)
20004df2:	4293      	cmp	r3, r2
20004df4:	d109      	bne.n	20004e0a <TIM_DeInit+0x182>
      RCC_APB1PeriphResetCmd(RCC_APB1Periph_TIM14, ENABLE);
20004df6:	2101      	movs	r1, #1
20004df8:	f44f 7080 	mov.w	r0, #256	@ 0x100
20004dfc:	f7ff fd36 	bl	2000486c <RCC_APB1PeriphResetCmd>
      RCC_APB1PeriphResetCmd(RCC_APB1Periph_TIM14, DISABLE); 
20004e00:	2100      	movs	r1, #0
20004e02:	f44f 7080 	mov.w	r0, #256	@ 0x100
20004e06:	f7ff fd31 	bl	2000486c <RCC_APB1PeriphResetCmd>
}
20004e0a:	bf00      	nop
20004e0c:	3708      	adds	r7, #8
20004e0e:	46bd      	mov	sp, r7
20004e10:	bd80      	pop	{r7, pc}
20004e12:	bf00      	nop
20004e14:	40010000 	.word	0x40010000
20004e18:	40000400 	.word	0x40000400
20004e1c:	40000800 	.word	0x40000800
20004e20:	40000c00 	.word	0x40000c00
20004e24:	40001000 	.word	0x40001000
20004e28:	40001400 	.word	0x40001400
20004e2c:	40010400 	.word	0x40010400
20004e30:	40014000 	.word	0x40014000
20004e34:	40014400 	.word	0x40014400
20004e38:	40014800 	.word	0x40014800
20004e3c:	40001800 	.word	0x40001800
20004e40:	40001c00 	.word	0x40001c00
20004e44:	40002000 	.word	0x40002000

20004e48 <TIM_TimeBaseInit>:
  * @param  TIM_TimeBaseInitStruct: pointer to a TIM_TimeBaseInitTypeDef structure
  *         that contains the configuration information for the specified TIM peripheral.
  * @retval None
  */
void TIM_TimeBaseInit(TIM_TypeDef* TIMx, TIM_TimeBaseInitTypeDef* TIM_TimeBaseInitStruct)
{
20004e48:	b480      	push	{r7}
20004e4a:	b085      	sub	sp, #20
20004e4c:	af00      	add	r7, sp, #0
20004e4e:	6078      	str	r0, [r7, #4]
20004e50:	6039      	str	r1, [r7, #0]
  uint16_t tmpcr1 = 0;
20004e52:	2300      	movs	r3, #0
20004e54:	81fb      	strh	r3, [r7, #14]
  /* Check the parameters */
  assert_param(IS_TIM_ALL_PERIPH(TIMx)); 
  assert_param(IS_TIM_COUNTER_MODE(TIM_TimeBaseInitStruct->TIM_CounterMode));
  assert_param(IS_TIM_CKD_DIV(TIM_TimeBaseInitStruct->TIM_ClockDivision));

  tmpcr1 = TIMx->CR1;  
20004e56:	687b      	ldr	r3, [r7, #4]
20004e58:	881b      	ldrh	r3, [r3, #0]
20004e5a:	81fb      	strh	r3, [r7, #14]

  if((TIMx == TIM1) || (TIMx == TIM8)||
20004e5c:	687b      	ldr	r3, [r7, #4]
20004e5e:	4a28      	ldr	r2, [pc, #160]	@ (20004f00 <TIM_TimeBaseInit+0xb8>)
20004e60:	4293      	cmp	r3, r2
20004e62:	d013      	beq.n	20004e8c <TIM_TimeBaseInit+0x44>
20004e64:	687b      	ldr	r3, [r7, #4]
20004e66:	4a27      	ldr	r2, [pc, #156]	@ (20004f04 <TIM_TimeBaseInit+0xbc>)
20004e68:	4293      	cmp	r3, r2
20004e6a:	d00f      	beq.n	20004e8c <TIM_TimeBaseInit+0x44>
20004e6c:	687b      	ldr	r3, [r7, #4]
20004e6e:	f1b3 4f80 	cmp.w	r3, #1073741824	@ 0x40000000
20004e72:	d00b      	beq.n	20004e8c <TIM_TimeBaseInit+0x44>
     (TIMx == TIM2) || (TIMx == TIM3)||
20004e74:	687b      	ldr	r3, [r7, #4]
20004e76:	4a24      	ldr	r2, [pc, #144]	@ (20004f08 <TIM_TimeBaseInit+0xc0>)
20004e78:	4293      	cmp	r3, r2
20004e7a:	d007      	beq.n	20004e8c <TIM_TimeBaseInit+0x44>
20004e7c:	687b      	ldr	r3, [r7, #4]
20004e7e:	4a23      	ldr	r2, [pc, #140]	@ (20004f0c <TIM_TimeBaseInit+0xc4>)
20004e80:	4293      	cmp	r3, r2
20004e82:	d003      	beq.n	20004e8c <TIM_TimeBaseInit+0x44>
     (TIMx == TIM4) || (TIMx == TIM5)) 
20004e84:	687b      	ldr	r3, [r7, #4]
20004e86:	4a22      	ldr	r2, [pc, #136]	@ (20004f10 <TIM_TimeBaseInit+0xc8>)
20004e88:	4293      	cmp	r3, r2
20004e8a:	d108      	bne.n	20004e9e <TIM_TimeBaseInit+0x56>
  {
    /* Select the Counter Mode */
    tmpcr1 &= (uint16_t)(~(TIM_CR1_DIR | TIM_CR1_CMS));
20004e8c:	89fb      	ldrh	r3, [r7, #14]
20004e8e:	f023 0370 	bic.w	r3, r3, #112	@ 0x70
20004e92:	81fb      	strh	r3, [r7, #14]
    tmpcr1 |= (uint32_t)TIM_TimeBaseInitStruct->TIM_CounterMode;
20004e94:	683b      	ldr	r3, [r7, #0]
20004e96:	885a      	ldrh	r2, [r3, #2]
20004e98:	89fb      	ldrh	r3, [r7, #14]
20004e9a:	4313      	orrs	r3, r2
20004e9c:	81fb      	strh	r3, [r7, #14]
  }
 
  if((TIMx != TIM6) && (TIMx != TIM7))
20004e9e:	687b      	ldr	r3, [r7, #4]
20004ea0:	4a1c      	ldr	r2, [pc, #112]	@ (20004f14 <TIM_TimeBaseInit+0xcc>)
20004ea2:	4293      	cmp	r3, r2
20004ea4:	d00c      	beq.n	20004ec0 <TIM_TimeBaseInit+0x78>
20004ea6:	687b      	ldr	r3, [r7, #4]
20004ea8:	4a1b      	ldr	r2, [pc, #108]	@ (20004f18 <TIM_TimeBaseInit+0xd0>)
20004eaa:	4293      	cmp	r3, r2
20004eac:	d008      	beq.n	20004ec0 <TIM_TimeBaseInit+0x78>
  {
    /* Set the clock division */
    tmpcr1 &=  (uint16_t)(~TIM_CR1_CKD);
20004eae:	89fb      	ldrh	r3, [r7, #14]
20004eb0:	f423 7340 	bic.w	r3, r3, #768	@ 0x300
20004eb4:	81fb      	strh	r3, [r7, #14]
    tmpcr1 |= (uint32_t)TIM_TimeBaseInitStruct->TIM_ClockDivision;
20004eb6:	683b      	ldr	r3, [r7, #0]
20004eb8:	891a      	ldrh	r2, [r3, #8]
20004eba:	89fb      	ldrh	r3, [r7, #14]
20004ebc:	4313      	orrs	r3, r2
20004ebe:	81fb      	strh	r3, [r7, #14]
  }

  TIMx->CR1 = tmpcr1;
20004ec0:	687b      	ldr	r3, [r7, #4]
20004ec2:	89fa      	ldrh	r2, [r7, #14]
20004ec4:	801a      	strh	r2, [r3, #0]

  /* Set the Autoreload value */
  TIMx->ARR = TIM_TimeBaseInitStruct->TIM_Period ;
20004ec6:	683b      	ldr	r3, [r7, #0]
20004ec8:	685a      	ldr	r2, [r3, #4]
20004eca:	687b      	ldr	r3, [r7, #4]
20004ecc:	62da      	str	r2, [r3, #44]	@ 0x2c
 
  /* Set the Prescaler value */
  TIMx->PSC = TIM_TimeBaseInitStruct->TIM_Prescaler;
20004ece:	683b      	ldr	r3, [r7, #0]
20004ed0:	881a      	ldrh	r2, [r3, #0]
20004ed2:	687b      	ldr	r3, [r7, #4]
20004ed4:	851a      	strh	r2, [r3, #40]	@ 0x28
    
  if ((TIMx == TIM1) || (TIMx == TIM8))  
20004ed6:	687b      	ldr	r3, [r7, #4]
20004ed8:	4a09      	ldr	r2, [pc, #36]	@ (20004f00 <TIM_TimeBaseInit+0xb8>)
20004eda:	4293      	cmp	r3, r2
20004edc:	d003      	beq.n	20004ee6 <TIM_TimeBaseInit+0x9e>
20004ede:	687b      	ldr	r3, [r7, #4]
20004ee0:	4a08      	ldr	r2, [pc, #32]	@ (20004f04 <TIM_TimeBaseInit+0xbc>)
20004ee2:	4293      	cmp	r3, r2
20004ee4:	d104      	bne.n	20004ef0 <TIM_TimeBaseInit+0xa8>
  {
    /* Set the Repetition Counter value */
    TIMx->RCR = TIM_TimeBaseInitStruct->TIM_RepetitionCounter;
20004ee6:	683b      	ldr	r3, [r7, #0]
20004ee8:	7a9b      	ldrb	r3, [r3, #10]
20004eea:	461a      	mov	r2, r3
20004eec:	687b      	ldr	r3, [r7, #4]
20004eee:	861a      	strh	r2, [r3, #48]	@ 0x30
  }

  /* Generate an update event to reload the Prescaler 
     and the repetition counter(only for TIM1 and TIM8) value immediatly */
  TIMx->EGR = TIM_PSCReloadMode_Immediate;          
20004ef0:	687b      	ldr	r3, [r7, #4]
20004ef2:	2201      	movs	r2, #1
20004ef4:	829a      	strh	r2, [r3, #20]
}
20004ef6:	bf00      	nop
20004ef8:	3714      	adds	r7, #20
20004efa:	46bd      	mov	sp, r7
20004efc:	bc80      	pop	{r7}
20004efe:	4770      	bx	lr
20004f00:	40010000 	.word	0x40010000
20004f04:	40010400 	.word	0x40010400
20004f08:	40000400 	.word	0x40000400
20004f0c:	40000800 	.word	0x40000800
20004f10:	40000c00 	.word	0x40000c00
20004f14:	40001000 	.word	0x40001000
20004f18:	40001400 	.word	0x40001400

20004f1c <TIM_TimeBaseStructInit>:
  * @param  TIM_TimeBaseInitStruct : pointer to a TIM_TimeBaseInitTypeDef
  *         structure which will be initialized.
  * @retval None
  */
void TIM_TimeBaseStructInit(TIM_TimeBaseInitTypeDef* TIM_TimeBaseInitStruct)
{
20004f1c:	b480      	push	{r7}
20004f1e:	b083      	sub	sp, #12
20004f20:	af00      	add	r7, sp, #0
20004f22:	6078      	str	r0, [r7, #4]
  /* Set the default configuration */
  TIM_TimeBaseInitStruct->TIM_Period = 0xFFFFFFFF;
20004f24:	687b      	ldr	r3, [r7, #4]
20004f26:	f04f 32ff 	mov.w	r2, #4294967295
20004f2a:	605a      	str	r2, [r3, #4]
  TIM_TimeBaseInitStruct->TIM_Prescaler = 0x0000;
20004f2c:	687b      	ldr	r3, [r7, #4]
20004f2e:	2200      	movs	r2, #0
20004f30:	801a      	strh	r2, [r3, #0]
  TIM_TimeBaseInitStruct->TIM_ClockDivision = TIM_CKD_DIV1;
20004f32:	687b      	ldr	r3, [r7, #4]
20004f34:	2200      	movs	r2, #0
20004f36:	811a      	strh	r2, [r3, #8]
  TIM_TimeBaseInitStruct->TIM_CounterMode = TIM_CounterMode_Up;
20004f38:	687b      	ldr	r3, [r7, #4]
20004f3a:	2200      	movs	r2, #0
20004f3c:	805a      	strh	r2, [r3, #2]
  TIM_TimeBaseInitStruct->TIM_RepetitionCounter = 0x0000;
20004f3e:	687b      	ldr	r3, [r7, #4]
20004f40:	2200      	movs	r2, #0
20004f42:	729a      	strb	r2, [r3, #10]
}
20004f44:	bf00      	nop
20004f46:	370c      	adds	r7, #12
20004f48:	46bd      	mov	sp, r7
20004f4a:	bc80      	pop	{r7}
20004f4c:	4770      	bx	lr

20004f4e <TIM_PrescalerConfig>:
  *            @arg TIM_PSCReloadMode_Update: The Prescaler is loaded at the update event.
  *            @arg TIM_PSCReloadMode_Immediate: The Prescaler is loaded immediatly.
  * @retval None
  */
void TIM_PrescalerConfig(TIM_TypeDef* TIMx, uint16_t Prescaler, uint16_t TIM_PSCReloadMode)
{
20004f4e:	b480      	push	{r7}
20004f50:	b083      	sub	sp, #12
20004f52:	af00      	add	r7, sp, #0
20004f54:	6078      	str	r0, [r7, #4]
20004f56:	460b      	mov	r3, r1
20004f58:	807b      	strh	r3, [r7, #2]
20004f5a:	4613      	mov	r3, r2
20004f5c:	803b      	strh	r3, [r7, #0]
  /* Check the parameters */
  assert_param(IS_TIM_ALL_PERIPH(TIMx));
  assert_param(IS_TIM_PRESCALER_RELOAD(TIM_PSCReloadMode));
  /* Set the Prescaler value */
  TIMx->PSC = Prescaler;
20004f5e:	687b      	ldr	r3, [r7, #4]
20004f60:	887a      	ldrh	r2, [r7, #2]
20004f62:	851a      	strh	r2, [r3, #40]	@ 0x28
  /* Set or reset the UG Bit */
  TIMx->EGR = TIM_PSCReloadMode;
20004f64:	687b      	ldr	r3, [r7, #4]
20004f66:	883a      	ldrh	r2, [r7, #0]
20004f68:	829a      	strh	r2, [r3, #20]
}
20004f6a:	bf00      	nop
20004f6c:	370c      	adds	r7, #12
20004f6e:	46bd      	mov	sp, r7
20004f70:	bc80      	pop	{r7}
20004f72:	4770      	bx	lr

20004f74 <TIM_CounterModeConfig>:
  *            @arg TIM_CounterMode_CenterAligned2: TIM Center Aligned Mode2
  *            @arg TIM_CounterMode_CenterAligned3: TIM Center Aligned Mode3
  * @retval None
  */
void TIM_CounterModeConfig(TIM_TypeDef* TIMx, uint16_t TIM_CounterMode)
{
20004f74:	b480      	push	{r7}
20004f76:	b085      	sub	sp, #20
20004f78:	af00      	add	r7, sp, #0
20004f7a:	6078      	str	r0, [r7, #4]
20004f7c:	460b      	mov	r3, r1
20004f7e:	807b      	strh	r3, [r7, #2]
  uint16_t tmpcr1 = 0;
20004f80:	2300      	movs	r3, #0
20004f82:	81fb      	strh	r3, [r7, #14]

  /* Check the parameters */
  assert_param(IS_TIM_LIST3_PERIPH(TIMx));
  assert_param(IS_TIM_COUNTER_MODE(TIM_CounterMode));

  tmpcr1 = TIMx->CR1;
20004f84:	687b      	ldr	r3, [r7, #4]
20004f86:	881b      	ldrh	r3, [r3, #0]
20004f88:	81fb      	strh	r3, [r7, #14]

  /* Reset the CMS and DIR Bits */
  tmpcr1 &= (uint16_t)~(TIM_CR1_DIR | TIM_CR1_CMS);
20004f8a:	89fb      	ldrh	r3, [r7, #14]
20004f8c:	f023 0370 	bic.w	r3, r3, #112	@ 0x70
20004f90:	81fb      	strh	r3, [r7, #14]

  /* Set the Counter Mode */
  tmpcr1 |= TIM_CounterMode;
20004f92:	89fa      	ldrh	r2, [r7, #14]
20004f94:	887b      	ldrh	r3, [r7, #2]
20004f96:	4313      	orrs	r3, r2
20004f98:	81fb      	strh	r3, [r7, #14]

  /* Write to TIMx CR1 register */
  TIMx->CR1 = tmpcr1;
20004f9a:	687b      	ldr	r3, [r7, #4]
20004f9c:	89fa      	ldrh	r2, [r7, #14]
20004f9e:	801a      	strh	r2, [r3, #0]
}
20004fa0:	bf00      	nop
20004fa2:	3714      	adds	r7, #20
20004fa4:	46bd      	mov	sp, r7
20004fa6:	bc80      	pop	{r7}
20004fa8:	4770      	bx	lr

20004faa <TIM_SetCounter>:
  * @param  TIMx: where x can be 1 to 14 to select the TIM peripheral.
  * @param  Counter: specifies the Counter register new value.
  * @retval None
  */
void TIM_SetCounter(TIM_TypeDef* TIMx, uint32_t Counter)
{
20004faa:	b480      	push	{r7}
20004fac:	b083      	sub	sp, #12
20004fae:	af00      	add	r7, sp, #0
20004fb0:	6078      	str	r0, [r7, #4]
20004fb2:	6039      	str	r1, [r7, #0]
  /* Check the parameters */
   assert_param(IS_TIM_ALL_PERIPH(TIMx));

  /* Set the Counter Register value */
  TIMx->CNT = Counter;
20004fb4:	687b      	ldr	r3, [r7, #4]
20004fb6:	683a      	ldr	r2, [r7, #0]
20004fb8:	625a      	str	r2, [r3, #36]	@ 0x24
}
20004fba:	bf00      	nop
20004fbc:	370c      	adds	r7, #12
20004fbe:	46bd      	mov	sp, r7
20004fc0:	bc80      	pop	{r7}
20004fc2:	4770      	bx	lr

20004fc4 <TIM_SetAutoreload>:
  * @param  TIMx: where x can be 1 to 14 to select the TIM peripheral.
  * @param  Autoreload: specifies the Autoreload register new value.
  * @retval None
  */
void TIM_SetAutoreload(TIM_TypeDef* TIMx, uint32_t Autoreload)
{
20004fc4:	b480      	push	{r7}
20004fc6:	b083      	sub	sp, #12
20004fc8:	af00      	add	r7, sp, #0
20004fca:	6078      	str	r0, [r7, #4]
20004fcc:	6039      	str	r1, [r7, #0]
  /* Check the parameters */
  assert_param(IS_TIM_ALL_PERIPH(TIMx));
  
  /* Set the Autoreload Register value */
  TIMx->ARR = Autoreload;
20004fce:	687b      	ldr	r3, [r7, #4]
20004fd0:	683a      	ldr	r2, [r7, #0]
20004fd2:	62da      	str	r2, [r3, #44]	@ 0x2c
}
20004fd4:	bf00      	nop
20004fd6:	370c      	adds	r7, #12
20004fd8:	46bd      	mov	sp, r7
20004fda:	bc80      	pop	{r7}
20004fdc:	4770      	bx	lr

20004fde <TIM_GetCounter>:
  * @brief  Gets the TIMx Counter value.
  * @param  TIMx: where x can be 1 to 14 to select the TIM peripheral.
  * @retval Counter Register value
  */
uint32_t TIM_GetCounter(TIM_TypeDef* TIMx)
{
20004fde:	b480      	push	{r7}
20004fe0:	b083      	sub	sp, #12
20004fe2:	af00      	add	r7, sp, #0
20004fe4:	6078      	str	r0, [r7, #4]
  /* Check the parameters */
  assert_param(IS_TIM_ALL_PERIPH(TIMx));

  /* Get the Counter Register value */
  return TIMx->CNT;
20004fe6:	687b      	ldr	r3, [r7, #4]
20004fe8:	6a5b      	ldr	r3, [r3, #36]	@ 0x24
}
20004fea:	4618      	mov	r0, r3
20004fec:	370c      	adds	r7, #12
20004fee:	46bd      	mov	sp, r7
20004ff0:	bc80      	pop	{r7}
20004ff2:	4770      	bx	lr

20004ff4 <TIM_GetPrescaler>:
  * @brief  Gets the TIMx Prescaler value.
  * @param  TIMx: where x can be 1 to 14 to select the TIM peripheral.
  * @retval Prescaler Register value.
  */
uint16_t TIM_GetPrescaler(TIM_TypeDef* TIMx)
{
20004ff4:	b480      	push	{r7}
20004ff6:	b083      	sub	sp, #12
20004ff8:	af00      	add	r7, sp, #0
20004ffa:	6078      	str	r0, [r7, #4]
  /* Check the parameters */
  assert_param(IS_TIM_ALL_PERIPH(TIMx));

  /* Get the Prescaler Register value */
  return TIMx->PSC;
20004ffc:	687b      	ldr	r3, [r7, #4]
20004ffe:	8d1b      	ldrh	r3, [r3, #40]	@ 0x28
20005000:	b29b      	uxth	r3, r3
}
20005002:	4618      	mov	r0, r3
20005004:	370c      	adds	r7, #12
20005006:	46bd      	mov	sp, r7
20005008:	bc80      	pop	{r7}
2000500a:	4770      	bx	lr

2000500c <TIM_UpdateDisableConfig>:
  * @param  NewState: new state of the TIMx UDIS bit
  *          This parameter can be: ENABLE or DISABLE.
  * @retval None
  */
void TIM_UpdateDisableConfig(TIM_TypeDef* TIMx, FunctionalState NewState)
{
2000500c:	b480      	push	{r7}
2000500e:	b083      	sub	sp, #12
20005010:	af00      	add	r7, sp, #0
20005012:	6078      	str	r0, [r7, #4]
20005014:	460b      	mov	r3, r1
20005016:	70fb      	strb	r3, [r7, #3]
  /* Check the parameters */
  assert_param(IS_TIM_ALL_PERIPH(TIMx));
  assert_param(IS_FUNCTIONAL_STATE(NewState));

  if (NewState != DISABLE)
20005018:	78fb      	ldrb	r3, [r7, #3]
2000501a:	2b00      	cmp	r3, #0
2000501c:	d008      	beq.n	20005030 <TIM_UpdateDisableConfig+0x24>
  {
    /* Set the Update Disable Bit */
    TIMx->CR1 |= TIM_CR1_UDIS;
2000501e:	687b      	ldr	r3, [r7, #4]
20005020:	881b      	ldrh	r3, [r3, #0]
20005022:	b29b      	uxth	r3, r3
20005024:	f043 0302 	orr.w	r3, r3, #2
20005028:	b29a      	uxth	r2, r3
2000502a:	687b      	ldr	r3, [r7, #4]
2000502c:	801a      	strh	r2, [r3, #0]
  else
  {
    /* Reset the Update Disable Bit */
    TIMx->CR1 &= (uint16_t)~TIM_CR1_UDIS;
  }
}
2000502e:	e007      	b.n	20005040 <TIM_UpdateDisableConfig+0x34>
    TIMx->CR1 &= (uint16_t)~TIM_CR1_UDIS;
20005030:	687b      	ldr	r3, [r7, #4]
20005032:	881b      	ldrh	r3, [r3, #0]
20005034:	b29b      	uxth	r3, r3
20005036:	f023 0302 	bic.w	r3, r3, #2
2000503a:	b29a      	uxth	r2, r3
2000503c:	687b      	ldr	r3, [r7, #4]
2000503e:	801a      	strh	r2, [r3, #0]
}
20005040:	bf00      	nop
20005042:	370c      	adds	r7, #12
20005044:	46bd      	mov	sp, r7
20005046:	bc80      	pop	{r7}
20005048:	4770      	bx	lr

2000504a <TIM_UpdateRequestConfig>:
  *                 generation through the slave mode controller.
  *            @arg TIM_UpdateSource_Regular: Source of update is counter overflow/underflow.
  * @retval None
  */
void TIM_UpdateRequestConfig(TIM_TypeDef* TIMx, uint16_t TIM_UpdateSource)
{
2000504a:	b480      	push	{r7}
2000504c:	b083      	sub	sp, #12
2000504e:	af00      	add	r7, sp, #0
20005050:	6078      	str	r0, [r7, #4]
20005052:	460b      	mov	r3, r1
20005054:	807b      	strh	r3, [r7, #2]
  /* Check the parameters */
  assert_param(IS_TIM_ALL_PERIPH(TIMx));
  assert_param(IS_TIM_UPDATE_SOURCE(TIM_UpdateSource));

  if (TIM_UpdateSource != TIM_UpdateSource_Global)
20005056:	887b      	ldrh	r3, [r7, #2]
20005058:	2b00      	cmp	r3, #0
2000505a:	d008      	beq.n	2000506e <TIM_UpdateRequestConfig+0x24>
  {
    /* Set the URS Bit */
    TIMx->CR1 |= TIM_CR1_URS;
2000505c:	687b      	ldr	r3, [r7, #4]
2000505e:	881b      	ldrh	r3, [r3, #0]
20005060:	b29b      	uxth	r3, r3
20005062:	f043 0304 	orr.w	r3, r3, #4
20005066:	b29a      	uxth	r2, r3
20005068:	687b      	ldr	r3, [r7, #4]
2000506a:	801a      	strh	r2, [r3, #0]
  else
  {
    /* Reset the URS Bit */
    TIMx->CR1 &= (uint16_t)~TIM_CR1_URS;
  }
}
2000506c:	e007      	b.n	2000507e <TIM_UpdateRequestConfig+0x34>
    TIMx->CR1 &= (uint16_t)~TIM_CR1_URS;
2000506e:	687b      	ldr	r3, [r7, #4]
20005070:	881b      	ldrh	r3, [r3, #0]
20005072:	b29b      	uxth	r3, r3
20005074:	f023 0304 	bic.w	r3, r3, #4
20005078:	b29a      	uxth	r2, r3
2000507a:	687b      	ldr	r3, [r7, #4]
2000507c:	801a      	strh	r2, [r3, #0]
}
2000507e:	bf00      	nop
20005080:	370c      	adds	r7, #12
20005082:	46bd      	mov	sp, r7
20005084:	bc80      	pop	{r7}
20005086:	4770      	bx	lr

20005088 <TIM_ARRPreloadConfig>:
  * @param  NewState: new state of the TIMx peripheral Preload register
  *          This parameter can be: ENABLE or DISABLE.
  * @retval None
  */
void TIM_ARRPreloadConfig(TIM_TypeDef* TIMx, FunctionalState NewState)
{
20005088:	b480      	push	{r7}
2000508a:	b083      	sub	sp, #12
2000508c:	af00      	add	r7, sp, #0
2000508e:	6078      	str	r0, [r7, #4]
20005090:	460b      	mov	r3, r1
20005092:	70fb      	strb	r3, [r7, #3]
  /* Check the parameters */
  assert_param(IS_TIM_ALL_PERIPH(TIMx));
  assert_param(IS_FUNCTIONAL_STATE(NewState));

  if (NewState != DISABLE)
20005094:	78fb      	ldrb	r3, [r7, #3]
20005096:	2b00      	cmp	r3, #0
20005098:	d008      	beq.n	200050ac <TIM_ARRPreloadConfig+0x24>
  {
    /* Set the ARR Preload Bit */
    TIMx->CR1 |= TIM_CR1_ARPE;
2000509a:	687b      	ldr	r3, [r7, #4]
2000509c:	881b      	ldrh	r3, [r3, #0]
2000509e:	b29b      	uxth	r3, r3
200050a0:	f043 0380 	orr.w	r3, r3, #128	@ 0x80
200050a4:	b29a      	uxth	r2, r3
200050a6:	687b      	ldr	r3, [r7, #4]
200050a8:	801a      	strh	r2, [r3, #0]
  else
  {
    /* Reset the ARR Preload Bit */
    TIMx->CR1 &= (uint16_t)~TIM_CR1_ARPE;
  }
}
200050aa:	e007      	b.n	200050bc <TIM_ARRPreloadConfig+0x34>
    TIMx->CR1 &= (uint16_t)~TIM_CR1_ARPE;
200050ac:	687b      	ldr	r3, [r7, #4]
200050ae:	881b      	ldrh	r3, [r3, #0]
200050b0:	b29b      	uxth	r3, r3
200050b2:	f023 0380 	bic.w	r3, r3, #128	@ 0x80
200050b6:	b29a      	uxth	r2, r3
200050b8:	687b      	ldr	r3, [r7, #4]
200050ba:	801a      	strh	r2, [r3, #0]
}
200050bc:	bf00      	nop
200050be:	370c      	adds	r7, #12
200050c0:	46bd      	mov	sp, r7
200050c2:	bc80      	pop	{r7}
200050c4:	4770      	bx	lr

200050c6 <TIM_SelectOnePulseMode>:
  *            @arg TIM_OPMode_Single
  *            @arg TIM_OPMode_Repetitive
  * @retval None
  */
void TIM_SelectOnePulseMode(TIM_TypeDef* TIMx, uint16_t TIM_OPMode)
{
200050c6:	b480      	push	{r7}
200050c8:	b083      	sub	sp, #12
200050ca:	af00      	add	r7, sp, #0
200050cc:	6078      	str	r0, [r7, #4]
200050ce:	460b      	mov	r3, r1
200050d0:	807b      	strh	r3, [r7, #2]
  /* Check the parameters */
  assert_param(IS_TIM_ALL_PERIPH(TIMx));
  assert_param(IS_TIM_OPM_MODE(TIM_OPMode));

  /* Reset the OPM Bit */
  TIMx->CR1 &= (uint16_t)~TIM_CR1_OPM;
200050d2:	687b      	ldr	r3, [r7, #4]
200050d4:	881b      	ldrh	r3, [r3, #0]
200050d6:	b29b      	uxth	r3, r3
200050d8:	f023 0308 	bic.w	r3, r3, #8
200050dc:	b29a      	uxth	r2, r3
200050de:	687b      	ldr	r3, [r7, #4]
200050e0:	801a      	strh	r2, [r3, #0]

  /* Configure the OPM Mode */
  TIMx->CR1 |= TIM_OPMode;
200050e2:	687b      	ldr	r3, [r7, #4]
200050e4:	881b      	ldrh	r3, [r3, #0]
200050e6:	b29a      	uxth	r2, r3
200050e8:	887b      	ldrh	r3, [r7, #2]
200050ea:	4313      	orrs	r3, r2
200050ec:	b29a      	uxth	r2, r3
200050ee:	687b      	ldr	r3, [r7, #4]
200050f0:	801a      	strh	r2, [r3, #0]
}
200050f2:	bf00      	nop
200050f4:	370c      	adds	r7, #12
200050f6:	46bd      	mov	sp, r7
200050f8:	bc80      	pop	{r7}
200050fa:	4770      	bx	lr

200050fc <TIM_SetClockDivision>:
  *            @arg TIM_CKD_DIV2: TDTS = 2*Tck_tim
  *            @arg TIM_CKD_DIV4: TDTS = 4*Tck_tim
  * @retval None
  */
void TIM_SetClockDivision(TIM_TypeDef* TIMx, uint16_t TIM_CKD)
{
200050fc:	b480      	push	{r7}
200050fe:	b083      	sub	sp, #12
20005100:	af00      	add	r7, sp, #0
20005102:	6078      	str	r0, [r7, #4]
20005104:	460b      	mov	r3, r1
20005106:	807b      	strh	r3, [r7, #2]
  /* Check the parameters */
  assert_param(IS_TIM_LIST1_PERIPH(TIMx));
  assert_param(IS_TIM_CKD_DIV(TIM_CKD));

  /* Reset the CKD Bits */
  TIMx->CR1 &= (uint16_t)(~TIM_CR1_CKD);
20005108:	687b      	ldr	r3, [r7, #4]
2000510a:	881b      	ldrh	r3, [r3, #0]
2000510c:	b29b      	uxth	r3, r3
2000510e:	f423 7340 	bic.w	r3, r3, #768	@ 0x300
20005112:	b29a      	uxth	r2, r3
20005114:	687b      	ldr	r3, [r7, #4]
20005116:	801a      	strh	r2, [r3, #0]

  /* Set the CKD value */
  TIMx->CR1 |= TIM_CKD;
20005118:	687b      	ldr	r3, [r7, #4]
2000511a:	881b      	ldrh	r3, [r3, #0]
2000511c:	b29a      	uxth	r2, r3
2000511e:	887b      	ldrh	r3, [r7, #2]
20005120:	4313      	orrs	r3, r2
20005122:	b29a      	uxth	r2, r3
20005124:	687b      	ldr	r3, [r7, #4]
20005126:	801a      	strh	r2, [r3, #0]
}
20005128:	bf00      	nop
2000512a:	370c      	adds	r7, #12
2000512c:	46bd      	mov	sp, r7
2000512e:	bc80      	pop	{r7}
20005130:	4770      	bx	lr

20005132 <TIM_Cmd>:
  * @param  NewState: new state of the TIMx peripheral.
  *          This parameter can be: ENABLE or DISABLE.
  * @retval None
  */
void TIM_Cmd(TIM_TypeDef* TIMx, FunctionalState NewState)
{
20005132:	b480      	push	{r7}
20005134:	b083      	sub	sp, #12
20005136:	af00      	add	r7, sp, #0
20005138:	6078      	str	r0, [r7, #4]
2000513a:	460b      	mov	r3, r1
2000513c:	70fb      	strb	r3, [r7, #3]
  /* Check the parameters */
  assert_param(IS_TIM_ALL_PERIPH(TIMx)); 
  assert_param(IS_FUNCTIONAL_STATE(NewState));
  
  if (NewState != DISABLE)
2000513e:	78fb      	ldrb	r3, [r7, #3]
20005140:	2b00      	cmp	r3, #0
20005142:	d008      	beq.n	20005156 <TIM_Cmd+0x24>
  {
    /* Enable the TIM Counter */
    TIMx->CR1 |= TIM_CR1_CEN;
20005144:	687b      	ldr	r3, [r7, #4]
20005146:	881b      	ldrh	r3, [r3, #0]
20005148:	b29b      	uxth	r3, r3
2000514a:	f043 0301 	orr.w	r3, r3, #1
2000514e:	b29a      	uxth	r2, r3
20005150:	687b      	ldr	r3, [r7, #4]
20005152:	801a      	strh	r2, [r3, #0]
  else
  {
    /* Disable the TIM Counter */
    TIMx->CR1 &= (uint16_t)~TIM_CR1_CEN;
  }
}
20005154:	e007      	b.n	20005166 <TIM_Cmd+0x34>
    TIMx->CR1 &= (uint16_t)~TIM_CR1_CEN;
20005156:	687b      	ldr	r3, [r7, #4]
20005158:	881b      	ldrh	r3, [r3, #0]
2000515a:	b29b      	uxth	r3, r3
2000515c:	f023 0301 	bic.w	r3, r3, #1
20005160:	b29a      	uxth	r2, r3
20005162:	687b      	ldr	r3, [r7, #4]
20005164:	801a      	strh	r2, [r3, #0]
}
20005166:	bf00      	nop
20005168:	370c      	adds	r7, #12
2000516a:	46bd      	mov	sp, r7
2000516c:	bc80      	pop	{r7}
2000516e:	4770      	bx	lr

20005170 <TIM_OC1Init>:
  * @param  TIM_OCInitStruct: pointer to a TIM_OCInitTypeDef structure that contains
  *         the configuration information for the specified TIM peripheral.
  * @retval None
  */
void TIM_OC1Init(TIM_TypeDef* TIMx, TIM_OCInitTypeDef* TIM_OCInitStruct)
{
20005170:	b480      	push	{r7}
20005172:	b085      	sub	sp, #20
20005174:	af00      	add	r7, sp, #0
20005176:	6078      	str	r0, [r7, #4]
20005178:	6039      	str	r1, [r7, #0]
  uint16_t tmpccmrx = 0, tmpccer = 0, tmpcr2 = 0;
2000517a:	2300      	movs	r3, #0
2000517c:	817b      	strh	r3, [r7, #10]
2000517e:	2300      	movs	r3, #0
20005180:	81fb      	strh	r3, [r7, #14]
20005182:	2300      	movs	r3, #0
20005184:	81bb      	strh	r3, [r7, #12]
  assert_param(IS_TIM_OC_MODE(TIM_OCInitStruct->TIM_OCMode));
  assert_param(IS_TIM_OUTPUT_STATE(TIM_OCInitStruct->TIM_OutputState));
  assert_param(IS_TIM_OC_POLARITY(TIM_OCInitStruct->TIM_OCPolarity));   

  /* Disable the Channel 1: Reset the CC1E Bit */
  TIMx->CCER &= (uint16_t)~TIM_CCER_CC1E;
20005186:	687b      	ldr	r3, [r7, #4]
20005188:	8c1b      	ldrh	r3, [r3, #32]
2000518a:	b29b      	uxth	r3, r3
2000518c:	f023 0301 	bic.w	r3, r3, #1
20005190:	b29a      	uxth	r2, r3
20005192:	687b      	ldr	r3, [r7, #4]
20005194:	841a      	strh	r2, [r3, #32]
  
  /* Get the TIMx CCER register value */
  tmpccer = TIMx->CCER;
20005196:	687b      	ldr	r3, [r7, #4]
20005198:	8c1b      	ldrh	r3, [r3, #32]
2000519a:	81fb      	strh	r3, [r7, #14]
  /* Get the TIMx CR2 register value */
  tmpcr2 =  TIMx->CR2;
2000519c:	687b      	ldr	r3, [r7, #4]
2000519e:	889b      	ldrh	r3, [r3, #4]
200051a0:	81bb      	strh	r3, [r7, #12]
  
  /* Get the TIMx CCMR1 register value */
  tmpccmrx = TIMx->CCMR1;
200051a2:	687b      	ldr	r3, [r7, #4]
200051a4:	8b1b      	ldrh	r3, [r3, #24]
200051a6:	817b      	strh	r3, [r7, #10]
    
  /* Reset the Output Compare Mode Bits */
  tmpccmrx &= (uint16_t)~TIM_CCMR1_OC1M;
200051a8:	897b      	ldrh	r3, [r7, #10]
200051aa:	f023 0370 	bic.w	r3, r3, #112	@ 0x70
200051ae:	817b      	strh	r3, [r7, #10]
  tmpccmrx &= (uint16_t)~TIM_CCMR1_CC1S;
200051b0:	897b      	ldrh	r3, [r7, #10]
200051b2:	f023 0303 	bic.w	r3, r3, #3
200051b6:	817b      	strh	r3, [r7, #10]
  /* Select the Output Compare Mode */
  tmpccmrx |= TIM_OCInitStruct->TIM_OCMode;
200051b8:	683b      	ldr	r3, [r7, #0]
200051ba:	881a      	ldrh	r2, [r3, #0]
200051bc:	897b      	ldrh	r3, [r7, #10]
200051be:	4313      	orrs	r3, r2
200051c0:	817b      	strh	r3, [r7, #10]
  
  /* Reset the Output Polarity level */
  tmpccer &= (uint16_t)~TIM_CCER_CC1P;
200051c2:	89fb      	ldrh	r3, [r7, #14]
200051c4:	f023 0302 	bic.w	r3, r3, #2
200051c8:	81fb      	strh	r3, [r7, #14]
  /* Set the Output Compare Polarity */
  tmpccer |= TIM_OCInitStruct->TIM_OCPolarity;
200051ca:	683b      	ldr	r3, [r7, #0]
200051cc:	899a      	ldrh	r2, [r3, #12]
200051ce:	89fb      	ldrh	r3, [r7, #14]
200051d0:	4313      	orrs	r3, r2
200051d2:	81fb      	strh	r3, [r7, #14]
  
  /* Set the Output State */
  tmpccer |= TIM_OCInitStruct->TIM_OutputState;
200051d4:	683b      	ldr	r3, [r7, #0]
200051d6:	885a      	ldrh	r2, [r3, #2]
200051d8:	89fb      	ldrh	r3, [r7, #14]
200051da:	4313      	orrs	r3, r2
200051dc:	81fb      	strh	r3, [r7, #14]
    
  if((TIMx == TIM1) || (TIMx == TIM8))
200051de:	687b      	ldr	r3, [r7, #4]
200051e0:	4a1e      	ldr	r2, [pc, #120]	@ (2000525c <TIM_OC1Init+0xec>)
200051e2:	4293      	cmp	r3, r2
200051e4:	d003      	beq.n	200051ee <TIM_OC1Init+0x7e>
200051e6:	687b      	ldr	r3, [r7, #4]
200051e8:	4a1d      	ldr	r2, [pc, #116]	@ (20005260 <TIM_OC1Init+0xf0>)
200051ea:	4293      	cmp	r3, r2
200051ec:	d123      	bne.n	20005236 <TIM_OC1Init+0xc6>
    assert_param(IS_TIM_OCN_POLARITY(TIM_OCInitStruct->TIM_OCNPolarity));
    assert_param(IS_TIM_OCNIDLE_STATE(TIM_OCInitStruct->TIM_OCNIdleState));
    assert_param(IS_TIM_OCIDLE_STATE(TIM_OCInitStruct->TIM_OCIdleState));
    
    /* Reset the Output N Polarity level */
    tmpccer &= (uint16_t)~TIM_CCER_CC1NP;
200051ee:	89fb      	ldrh	r3, [r7, #14]
200051f0:	f023 0308 	bic.w	r3, r3, #8
200051f4:	81fb      	strh	r3, [r7, #14]
    /* Set the Output N Polarity */
    tmpccer |= TIM_OCInitStruct->TIM_OCNPolarity;
200051f6:	683b      	ldr	r3, [r7, #0]
200051f8:	89da      	ldrh	r2, [r3, #14]
200051fa:	89fb      	ldrh	r3, [r7, #14]
200051fc:	4313      	orrs	r3, r2
200051fe:	81fb      	strh	r3, [r7, #14]
    /* Reset the Output N State */
    tmpccer &= (uint16_t)~TIM_CCER_CC1NE;
20005200:	89fb      	ldrh	r3, [r7, #14]
20005202:	f023 0304 	bic.w	r3, r3, #4
20005206:	81fb      	strh	r3, [r7, #14]
    
    /* Set the Output N State */
    tmpccer |= TIM_OCInitStruct->TIM_OutputNState;
20005208:	683b      	ldr	r3, [r7, #0]
2000520a:	889a      	ldrh	r2, [r3, #4]
2000520c:	89fb      	ldrh	r3, [r7, #14]
2000520e:	4313      	orrs	r3, r2
20005210:	81fb      	strh	r3, [r7, #14]
    /* Reset the Output Compare and Output Compare N IDLE State */
    tmpcr2 &= (uint16_t)~TIM_CR2_OIS1;
20005212:	89bb      	ldrh	r3, [r7, #12]
20005214:	f423 7380 	bic.w	r3, r3, #256	@ 0x100
20005218:	81bb      	strh	r3, [r7, #12]
    tmpcr2 &= (uint16_t)~TIM_CR2_OIS1N;
2000521a:	89bb      	ldrh	r3, [r7, #12]
2000521c:	f423 7300 	bic.w	r3, r3, #512	@ 0x200
20005220:	81bb      	strh	r3, [r7, #12]
    /* Set the Output Idle state */
    tmpcr2 |= TIM_OCInitStruct->TIM_OCIdleState;
20005222:	683b      	ldr	r3, [r7, #0]
20005224:	8a1a      	ldrh	r2, [r3, #16]
20005226:	89bb      	ldrh	r3, [r7, #12]
20005228:	4313      	orrs	r3, r2
2000522a:	81bb      	strh	r3, [r7, #12]
    /* Set the Output N Idle state */
    tmpcr2 |= TIM_OCInitStruct->TIM_OCNIdleState;
2000522c:	683b      	ldr	r3, [r7, #0]
2000522e:	8a5a      	ldrh	r2, [r3, #18]
20005230:	89bb      	ldrh	r3, [r7, #12]
20005232:	4313      	orrs	r3, r2
20005234:	81bb      	strh	r3, [r7, #12]
  }
  /* Write to TIMx CR2 */
  TIMx->CR2 = tmpcr2;
20005236:	687b      	ldr	r3, [r7, #4]
20005238:	89ba      	ldrh	r2, [r7, #12]
2000523a:	809a      	strh	r2, [r3, #4]
  
  /* Write to TIMx CCMR1 */
  TIMx->CCMR1 = tmpccmrx;
2000523c:	687b      	ldr	r3, [r7, #4]
2000523e:	897a      	ldrh	r2, [r7, #10]
20005240:	831a      	strh	r2, [r3, #24]
  
  /* Set the Capture Compare Register value */
  TIMx->CCR1 = TIM_OCInitStruct->TIM_Pulse;
20005242:	683b      	ldr	r3, [r7, #0]
20005244:	689a      	ldr	r2, [r3, #8]
20005246:	687b      	ldr	r3, [r7, #4]
20005248:	635a      	str	r2, [r3, #52]	@ 0x34
  
  /* Write to TIMx CCER */
  TIMx->CCER = tmpccer;
2000524a:	687b      	ldr	r3, [r7, #4]
2000524c:	89fa      	ldrh	r2, [r7, #14]
2000524e:	841a      	strh	r2, [r3, #32]
}
20005250:	bf00      	nop
20005252:	3714      	adds	r7, #20
20005254:	46bd      	mov	sp, r7
20005256:	bc80      	pop	{r7}
20005258:	4770      	bx	lr
2000525a:	bf00      	nop
2000525c:	40010000 	.word	0x40010000
20005260:	40010400 	.word	0x40010400

20005264 <TIM_OC2Init>:
  * @param  TIM_OCInitStruct: pointer to a TIM_OCInitTypeDef structure that contains
  *         the configuration information for the specified TIM peripheral.
  * @retval None
  */
void TIM_OC2Init(TIM_TypeDef* TIMx, TIM_OCInitTypeDef* TIM_OCInitStruct)
{
20005264:	b480      	push	{r7}
20005266:	b085      	sub	sp, #20
20005268:	af00      	add	r7, sp, #0
2000526a:	6078      	str	r0, [r7, #4]
2000526c:	6039      	str	r1, [r7, #0]
  uint16_t tmpccmrx = 0, tmpccer = 0, tmpcr2 = 0;
2000526e:	2300      	movs	r3, #0
20005270:	817b      	strh	r3, [r7, #10]
20005272:	2300      	movs	r3, #0
20005274:	81fb      	strh	r3, [r7, #14]
20005276:	2300      	movs	r3, #0
20005278:	81bb      	strh	r3, [r7, #12]
  assert_param(IS_TIM_OC_MODE(TIM_OCInitStruct->TIM_OCMode));
  assert_param(IS_TIM_OUTPUT_STATE(TIM_OCInitStruct->TIM_OutputState));
  assert_param(IS_TIM_OC_POLARITY(TIM_OCInitStruct->TIM_OCPolarity));   

  /* Disable the Channel 2: Reset the CC2E Bit */
  TIMx->CCER &= (uint16_t)~TIM_CCER_CC2E;
2000527a:	687b      	ldr	r3, [r7, #4]
2000527c:	8c1b      	ldrh	r3, [r3, #32]
2000527e:	b29b      	uxth	r3, r3
20005280:	f023 0310 	bic.w	r3, r3, #16
20005284:	b29a      	uxth	r2, r3
20005286:	687b      	ldr	r3, [r7, #4]
20005288:	841a      	strh	r2, [r3, #32]
  
  /* Get the TIMx CCER register value */  
  tmpccer = TIMx->CCER;
2000528a:	687b      	ldr	r3, [r7, #4]
2000528c:	8c1b      	ldrh	r3, [r3, #32]
2000528e:	81fb      	strh	r3, [r7, #14]
  /* Get the TIMx CR2 register value */
  tmpcr2 =  TIMx->CR2;
20005290:	687b      	ldr	r3, [r7, #4]
20005292:	889b      	ldrh	r3, [r3, #4]
20005294:	81bb      	strh	r3, [r7, #12]
  
  /* Get the TIMx CCMR1 register value */
  tmpccmrx = TIMx->CCMR1;
20005296:	687b      	ldr	r3, [r7, #4]
20005298:	8b1b      	ldrh	r3, [r3, #24]
2000529a:	817b      	strh	r3, [r7, #10]
    
  /* Reset the Output Compare mode and Capture/Compare selection Bits */
  tmpccmrx &= (uint16_t)~TIM_CCMR1_OC2M;
2000529c:	897b      	ldrh	r3, [r7, #10]
2000529e:	f423 43e0 	bic.w	r3, r3, #28672	@ 0x7000
200052a2:	817b      	strh	r3, [r7, #10]
  tmpccmrx &= (uint16_t)~TIM_CCMR1_CC2S;
200052a4:	897b      	ldrh	r3, [r7, #10]
200052a6:	f423 7340 	bic.w	r3, r3, #768	@ 0x300
200052aa:	817b      	strh	r3, [r7, #10]
  
  /* Select the Output Compare Mode */
  tmpccmrx |= (uint16_t)(TIM_OCInitStruct->TIM_OCMode << 8);
200052ac:	683b      	ldr	r3, [r7, #0]
200052ae:	881b      	ldrh	r3, [r3, #0]
200052b0:	021b      	lsls	r3, r3, #8
200052b2:	b29a      	uxth	r2, r3
200052b4:	897b      	ldrh	r3, [r7, #10]
200052b6:	4313      	orrs	r3, r2
200052b8:	817b      	strh	r3, [r7, #10]
  
  /* Reset the Output Polarity level */
  tmpccer &= (uint16_t)~TIM_CCER_CC2P;
200052ba:	89fb      	ldrh	r3, [r7, #14]
200052bc:	f023 0320 	bic.w	r3, r3, #32
200052c0:	81fb      	strh	r3, [r7, #14]
  /* Set the Output Compare Polarity */
  tmpccer |= (uint16_t)(TIM_OCInitStruct->TIM_OCPolarity << 4);
200052c2:	683b      	ldr	r3, [r7, #0]
200052c4:	899b      	ldrh	r3, [r3, #12]
200052c6:	011b      	lsls	r3, r3, #4
200052c8:	b29a      	uxth	r2, r3
200052ca:	89fb      	ldrh	r3, [r7, #14]
200052cc:	4313      	orrs	r3, r2
200052ce:	81fb      	strh	r3, [r7, #14]
  
  /* Set the Output State */
  tmpccer |= (uint16_t)(TIM_OCInitStruct->TIM_OutputState << 4);
200052d0:	683b      	ldr	r3, [r7, #0]
200052d2:	885b      	ldrh	r3, [r3, #2]
200052d4:	011b      	lsls	r3, r3, #4
200052d6:	b29a      	uxth	r2, r3
200052d8:	89fb      	ldrh	r3, [r7, #14]
200052da:	4313      	orrs	r3, r2
200052dc:	81fb      	strh	r3, [r7, #14]
    
  if((TIMx == TIM1) || (TIMx == TIM8))
200052de:	687b      	ldr	r3, [r7, #4]
200052e0:	4a22      	ldr	r2, [pc, #136]	@ (2000536c <TIM_OC2Init+0x108>)
200052e2:	4293      	cmp	r3, r2
200052e4:	d003      	beq.n	200052ee <TIM_OC2Init+0x8a>
200052e6:	687b      	ldr	r3, [r7, #4]
200052e8:	4a21      	ldr	r2, [pc, #132]	@ (20005370 <TIM_OC2Init+0x10c>)
200052ea:	4293      	cmp	r3, r2
200052ec:	d12b      	bne.n	20005346 <TIM_OC2Init+0xe2>
    assert_param(IS_TIM_OCN_POLARITY(TIM_OCInitStruct->TIM_OCNPolarity));
    assert_param(IS_TIM_OCNIDLE_STATE(TIM_OCInitStruct->TIM_OCNIdleState));
    assert_param(IS_TIM_OCIDLE_STATE(TIM_OCInitStruct->TIM_OCIdleState));
    
    /* Reset the Output N Polarity level */
    tmpccer &= (uint16_t)~TIM_CCER_CC2NP;
200052ee:	89fb      	ldrh	r3, [r7, #14]
200052f0:	f023 0380 	bic.w	r3, r3, #128	@ 0x80
200052f4:	81fb      	strh	r3, [r7, #14]
    /* Set the Output N Polarity */
    tmpccer |= (uint16_t)(TIM_OCInitStruct->TIM_OCNPolarity << 4);
200052f6:	683b      	ldr	r3, [r7, #0]
200052f8:	89db      	ldrh	r3, [r3, #14]
200052fa:	011b      	lsls	r3, r3, #4
200052fc:	b29a      	uxth	r2, r3
200052fe:	89fb      	ldrh	r3, [r7, #14]
20005300:	4313      	orrs	r3, r2
20005302:	81fb      	strh	r3, [r7, #14]
    /* Reset the Output N State */
    tmpccer &= (uint16_t)~TIM_CCER_CC2NE;
20005304:	89fb      	ldrh	r3, [r7, #14]
20005306:	f023 0340 	bic.w	r3, r3, #64	@ 0x40
2000530a:	81fb      	strh	r3, [r7, #14]
    
    /* Set the Output N State */
    tmpccer |= (uint16_t)(TIM_OCInitStruct->TIM_OutputNState << 4);
2000530c:	683b      	ldr	r3, [r7, #0]
2000530e:	889b      	ldrh	r3, [r3, #4]
20005310:	011b      	lsls	r3, r3, #4
20005312:	b29a      	uxth	r2, r3
20005314:	89fb      	ldrh	r3, [r7, #14]
20005316:	4313      	orrs	r3, r2
20005318:	81fb      	strh	r3, [r7, #14]
    /* Reset the Output Compare and Output Compare N IDLE State */
    tmpcr2 &= (uint16_t)~TIM_CR2_OIS2;
2000531a:	89bb      	ldrh	r3, [r7, #12]
2000531c:	f423 6380 	bic.w	r3, r3, #1024	@ 0x400
20005320:	81bb      	strh	r3, [r7, #12]
    tmpcr2 &= (uint16_t)~TIM_CR2_OIS2N;
20005322:	89bb      	ldrh	r3, [r7, #12]
20005324:	f423 6300 	bic.w	r3, r3, #2048	@ 0x800
20005328:	81bb      	strh	r3, [r7, #12]
    /* Set the Output Idle state */
    tmpcr2 |= (uint16_t)(TIM_OCInitStruct->TIM_OCIdleState << 2);
2000532a:	683b      	ldr	r3, [r7, #0]
2000532c:	8a1b      	ldrh	r3, [r3, #16]
2000532e:	009b      	lsls	r3, r3, #2
20005330:	b29a      	uxth	r2, r3
20005332:	89bb      	ldrh	r3, [r7, #12]
20005334:	4313      	orrs	r3, r2
20005336:	81bb      	strh	r3, [r7, #12]
    /* Set the Output N Idle state */
    tmpcr2 |= (uint16_t)(TIM_OCInitStruct->TIM_OCNIdleState << 2);
20005338:	683b      	ldr	r3, [r7, #0]
2000533a:	8a5b      	ldrh	r3, [r3, #18]
2000533c:	009b      	lsls	r3, r3, #2
2000533e:	b29a      	uxth	r2, r3
20005340:	89bb      	ldrh	r3, [r7, #12]
20005342:	4313      	orrs	r3, r2
20005344:	81bb      	strh	r3, [r7, #12]
  }
  /* Write to TIMx CR2 */
  TIMx->CR2 = tmpcr2;
20005346:	687b      	ldr	r3, [r7, #4]
20005348:	89ba      	ldrh	r2, [r7, #12]
2000534a:	809a      	strh	r2, [r3, #4]
  
  /* Write to TIMx CCMR1 */
  TIMx->CCMR1 = tmpccmrx;
2000534c:	687b      	ldr	r3, [r7, #4]
2000534e:	897a      	ldrh	r2, [r7, #10]
20005350:	831a      	strh	r2, [r3, #24]
  
  /* Set the Capture Compare Register value */
  TIMx->CCR2 = TIM_OCInitStruct->TIM_Pulse;
20005352:	683b      	ldr	r3, [r7, #0]
20005354:	689a      	ldr	r2, [r3, #8]
20005356:	687b      	ldr	r3, [r7, #4]
20005358:	639a      	str	r2, [r3, #56]	@ 0x38
  
  /* Write to TIMx CCER */
  TIMx->CCER = tmpccer;
2000535a:	687b      	ldr	r3, [r7, #4]
2000535c:	89fa      	ldrh	r2, [r7, #14]
2000535e:	841a      	strh	r2, [r3, #32]
}
20005360:	bf00      	nop
20005362:	3714      	adds	r7, #20
20005364:	46bd      	mov	sp, r7
20005366:	bc80      	pop	{r7}
20005368:	4770      	bx	lr
2000536a:	bf00      	nop
2000536c:	40010000 	.word	0x40010000
20005370:	40010400 	.word	0x40010400

20005374 <TIM_OC3Init>:
  * @param  TIM_OCInitStruct: pointer to a TIM_OCInitTypeDef structure that contains
  *         the configuration information for the specified TIM peripheral.
  * @retval None
  */
void TIM_OC3Init(TIM_TypeDef* TIMx, TIM_OCInitTypeDef* TIM_OCInitStruct)
{
20005374:	b480      	push	{r7}
20005376:	b085      	sub	sp, #20
20005378:	af00      	add	r7, sp, #0
2000537a:	6078      	str	r0, [r7, #4]
2000537c:	6039      	str	r1, [r7, #0]
  uint16_t tmpccmrx = 0, tmpccer = 0, tmpcr2 = 0;
2000537e:	2300      	movs	r3, #0
20005380:	817b      	strh	r3, [r7, #10]
20005382:	2300      	movs	r3, #0
20005384:	81fb      	strh	r3, [r7, #14]
20005386:	2300      	movs	r3, #0
20005388:	81bb      	strh	r3, [r7, #12]
  assert_param(IS_TIM_OC_MODE(TIM_OCInitStruct->TIM_OCMode));
  assert_param(IS_TIM_OUTPUT_STATE(TIM_OCInitStruct->TIM_OutputState));
  assert_param(IS_TIM_OC_POLARITY(TIM_OCInitStruct->TIM_OCPolarity));   

  /* Disable the Channel 3: Reset the CC2E Bit */
  TIMx->CCER &= (uint16_t)~TIM_CCER_CC3E;
2000538a:	687b      	ldr	r3, [r7, #4]
2000538c:	8c1b      	ldrh	r3, [r3, #32]
2000538e:	b29b      	uxth	r3, r3
20005390:	f423 7380 	bic.w	r3, r3, #256	@ 0x100
20005394:	b29a      	uxth	r2, r3
20005396:	687b      	ldr	r3, [r7, #4]
20005398:	841a      	strh	r2, [r3, #32]
  
  /* Get the TIMx CCER register value */
  tmpccer = TIMx->CCER;
2000539a:	687b      	ldr	r3, [r7, #4]
2000539c:	8c1b      	ldrh	r3, [r3, #32]
2000539e:	81fb      	strh	r3, [r7, #14]
  /* Get the TIMx CR2 register value */
  tmpcr2 =  TIMx->CR2;
200053a0:	687b      	ldr	r3, [r7, #4]
200053a2:	889b      	ldrh	r3, [r3, #4]
200053a4:	81bb      	strh	r3, [r7, #12]
  
  /* Get the TIMx CCMR2 register value */
  tmpccmrx = TIMx->CCMR2;
200053a6:	687b      	ldr	r3, [r7, #4]
200053a8:	8b9b      	ldrh	r3, [r3, #28]
200053aa:	817b      	strh	r3, [r7, #10]
    
  /* Reset the Output Compare mode and Capture/Compare selection Bits */
  tmpccmrx &= (uint16_t)~TIM_CCMR2_OC3M;
200053ac:	897b      	ldrh	r3, [r7, #10]
200053ae:	f023 0370 	bic.w	r3, r3, #112	@ 0x70
200053b2:	817b      	strh	r3, [r7, #10]
  tmpccmrx &= (uint16_t)~TIM_CCMR2_CC3S;  
200053b4:	897b      	ldrh	r3, [r7, #10]
200053b6:	f023 0303 	bic.w	r3, r3, #3
200053ba:	817b      	strh	r3, [r7, #10]
  /* Select the Output Compare Mode */
  tmpccmrx |= TIM_OCInitStruct->TIM_OCMode;
200053bc:	683b      	ldr	r3, [r7, #0]
200053be:	881a      	ldrh	r2, [r3, #0]
200053c0:	897b      	ldrh	r3, [r7, #10]
200053c2:	4313      	orrs	r3, r2
200053c4:	817b      	strh	r3, [r7, #10]
  
  /* Reset the Output Polarity level */
  tmpccer &= (uint16_t)~TIM_CCER_CC3P;
200053c6:	89fb      	ldrh	r3, [r7, #14]
200053c8:	f423 7300 	bic.w	r3, r3, #512	@ 0x200
200053cc:	81fb      	strh	r3, [r7, #14]
  /* Set the Output Compare Polarity */
  tmpccer |= (uint16_t)(TIM_OCInitStruct->TIM_OCPolarity << 8);
200053ce:	683b      	ldr	r3, [r7, #0]
200053d0:	899b      	ldrh	r3, [r3, #12]
200053d2:	021b      	lsls	r3, r3, #8
200053d4:	b29a      	uxth	r2, r3
200053d6:	89fb      	ldrh	r3, [r7, #14]
200053d8:	4313      	orrs	r3, r2
200053da:	81fb      	strh	r3, [r7, #14]
  
  /* Set the Output State */
  tmpccer |= (uint16_t)(TIM_OCInitStruct->TIM_OutputState << 8);
200053dc:	683b      	ldr	r3, [r7, #0]
200053de:	885b      	ldrh	r3, [r3, #2]
200053e0:	021b      	lsls	r3, r3, #8
200053e2:	b29a      	uxth	r2, r3
200053e4:	89fb      	ldrh	r3, [r7, #14]
200053e6:	4313      	orrs	r3, r2
200053e8:	81fb      	strh	r3, [r7, #14]
    
  if((TIMx == TIM1) || (TIMx == TIM8))
200053ea:	687b      	ldr	r3, [r7, #4]
200053ec:	4a22      	ldr	r2, [pc, #136]	@ (20005478 <TIM_OC3Init+0x104>)
200053ee:	4293      	cmp	r3, r2
200053f0:	d003      	beq.n	200053fa <TIM_OC3Init+0x86>
200053f2:	687b      	ldr	r3, [r7, #4]
200053f4:	4a21      	ldr	r2, [pc, #132]	@ (2000547c <TIM_OC3Init+0x108>)
200053f6:	4293      	cmp	r3, r2
200053f8:	d12b      	bne.n	20005452 <TIM_OC3Init+0xde>
    assert_param(IS_TIM_OCN_POLARITY(TIM_OCInitStruct->TIM_OCNPolarity));
    assert_param(IS_TIM_OCNIDLE_STATE(TIM_OCInitStruct->TIM_OCNIdleState));
    assert_param(IS_TIM_OCIDLE_STATE(TIM_OCInitStruct->TIM_OCIdleState));
    
    /* Reset the Output N Polarity level */
    tmpccer &= (uint16_t)~TIM_CCER_CC3NP;
200053fa:	89fb      	ldrh	r3, [r7, #14]
200053fc:	f423 6300 	bic.w	r3, r3, #2048	@ 0x800
20005400:	81fb      	strh	r3, [r7, #14]
    /* Set the Output N Polarity */
    tmpccer |= (uint16_t)(TIM_OCInitStruct->TIM_OCNPolarity << 8);
20005402:	683b      	ldr	r3, [r7, #0]
20005404:	89db      	ldrh	r3, [r3, #14]
20005406:	021b      	lsls	r3, r3, #8
20005408:	b29a      	uxth	r2, r3
2000540a:	89fb      	ldrh	r3, [r7, #14]
2000540c:	4313      	orrs	r3, r2
2000540e:	81fb      	strh	r3, [r7, #14]
    /* Reset the Output N State */
    tmpccer &= (uint16_t)~TIM_CCER_CC3NE;
20005410:	89fb      	ldrh	r3, [r7, #14]
20005412:	f423 6380 	bic.w	r3, r3, #1024	@ 0x400
20005416:	81fb      	strh	r3, [r7, #14]
    
    /* Set the Output N State */
    tmpccer |= (uint16_t)(TIM_OCInitStruct->TIM_OutputNState << 8);
20005418:	683b      	ldr	r3, [r7, #0]
2000541a:	889b      	ldrh	r3, [r3, #4]
2000541c:	021b      	lsls	r3, r3, #8
2000541e:	b29a      	uxth	r2, r3
20005420:	89fb      	ldrh	r3, [r7, #14]
20005422:	4313      	orrs	r3, r2
20005424:	81fb      	strh	r3, [r7, #14]
    /* Reset the Output Compare and Output Compare N IDLE State */
    tmpcr2 &= (uint16_t)~TIM_CR2_OIS3;
20005426:	89bb      	ldrh	r3, [r7, #12]
20005428:	f423 5380 	bic.w	r3, r3, #4096	@ 0x1000
2000542c:	81bb      	strh	r3, [r7, #12]
    tmpcr2 &= (uint16_t)~TIM_CR2_OIS3N;
2000542e:	89bb      	ldrh	r3, [r7, #12]
20005430:	f423 5300 	bic.w	r3, r3, #8192	@ 0x2000
20005434:	81bb      	strh	r3, [r7, #12]
    /* Set the Output Idle state */
    tmpcr2 |= (uint16_t)(TIM_OCInitStruct->TIM_OCIdleState << 4);
20005436:	683b      	ldr	r3, [r7, #0]
20005438:	8a1b      	ldrh	r3, [r3, #16]
2000543a:	011b      	lsls	r3, r3, #4
2000543c:	b29a      	uxth	r2, r3
2000543e:	89bb      	ldrh	r3, [r7, #12]
20005440:	4313      	orrs	r3, r2
20005442:	81bb      	strh	r3, [r7, #12]
    /* Set the Output N Idle state */
    tmpcr2 |= (uint16_t)(TIM_OCInitStruct->TIM_OCNIdleState << 4);
20005444:	683b      	ldr	r3, [r7, #0]
20005446:	8a5b      	ldrh	r3, [r3, #18]
20005448:	011b      	lsls	r3, r3, #4
2000544a:	b29a      	uxth	r2, r3
2000544c:	89bb      	ldrh	r3, [r7, #12]
2000544e:	4313      	orrs	r3, r2
20005450:	81bb      	strh	r3, [r7, #12]
  }
  /* Write to TIMx CR2 */
  TIMx->CR2 = tmpcr2;
20005452:	687b      	ldr	r3, [r7, #4]
20005454:	89ba      	ldrh	r2, [r7, #12]
20005456:	809a      	strh	r2, [r3, #4]
  
  /* Write to TIMx CCMR2 */
  TIMx->CCMR2 = tmpccmrx;
20005458:	687b      	ldr	r3, [r7, #4]
2000545a:	897a      	ldrh	r2, [r7, #10]
2000545c:	839a      	strh	r2, [r3, #28]
  
  /* Set the Capture Compare Register value */
  TIMx->CCR3 = TIM_OCInitStruct->TIM_Pulse;
2000545e:	683b      	ldr	r3, [r7, #0]
20005460:	689a      	ldr	r2, [r3, #8]
20005462:	687b      	ldr	r3, [r7, #4]
20005464:	63da      	str	r2, [r3, #60]	@ 0x3c
  
  /* Write to TIMx CCER */
  TIMx->CCER = tmpccer;
20005466:	687b      	ldr	r3, [r7, #4]
20005468:	89fa      	ldrh	r2, [r7, #14]
2000546a:	841a      	strh	r2, [r3, #32]
}
2000546c:	bf00      	nop
2000546e:	3714      	adds	r7, #20
20005470:	46bd      	mov	sp, r7
20005472:	bc80      	pop	{r7}
20005474:	4770      	bx	lr
20005476:	bf00      	nop
20005478:	40010000 	.word	0x40010000
2000547c:	40010400 	.word	0x40010400

20005480 <TIM_OC4Init>:
  * @param  TIM_OCInitStruct: pointer to a TIM_OCInitTypeDef structure that contains
  *         the configuration information for the specified TIM peripheral.
  * @retval None
  */
void TIM_OC4Init(TIM_TypeDef* TIMx, TIM_OCInitTypeDef* TIM_OCInitStruct)
{
20005480:	b480      	push	{r7}
20005482:	b085      	sub	sp, #20
20005484:	af00      	add	r7, sp, #0
20005486:	6078      	str	r0, [r7, #4]
20005488:	6039      	str	r1, [r7, #0]
  uint16_t tmpccmrx = 0, tmpccer = 0, tmpcr2 = 0;
2000548a:	2300      	movs	r3, #0
2000548c:	81bb      	strh	r3, [r7, #12]
2000548e:	2300      	movs	r3, #0
20005490:	817b      	strh	r3, [r7, #10]
20005492:	2300      	movs	r3, #0
20005494:	81fb      	strh	r3, [r7, #14]
  assert_param(IS_TIM_OC_MODE(TIM_OCInitStruct->TIM_OCMode));
  assert_param(IS_TIM_OUTPUT_STATE(TIM_OCInitStruct->TIM_OutputState));
  assert_param(IS_TIM_OC_POLARITY(TIM_OCInitStruct->TIM_OCPolarity));   

  /* Disable the Channel 4: Reset the CC4E Bit */
  TIMx->CCER &= (uint16_t)~TIM_CCER_CC4E;
20005496:	687b      	ldr	r3, [r7, #4]
20005498:	8c1b      	ldrh	r3, [r3, #32]
2000549a:	b29b      	uxth	r3, r3
2000549c:	f423 5380 	bic.w	r3, r3, #4096	@ 0x1000
200054a0:	b29a      	uxth	r2, r3
200054a2:	687b      	ldr	r3, [r7, #4]
200054a4:	841a      	strh	r2, [r3, #32]
  
  /* Get the TIMx CCER register value */
  tmpccer = TIMx->CCER;
200054a6:	687b      	ldr	r3, [r7, #4]
200054a8:	8c1b      	ldrh	r3, [r3, #32]
200054aa:	817b      	strh	r3, [r7, #10]
  /* Get the TIMx CR2 register value */
  tmpcr2 =  TIMx->CR2;
200054ac:	687b      	ldr	r3, [r7, #4]
200054ae:	889b      	ldrh	r3, [r3, #4]
200054b0:	81fb      	strh	r3, [r7, #14]
  
  /* Get the TIMx CCMR2 register value */
  tmpccmrx = TIMx->CCMR2;
200054b2:	687b      	ldr	r3, [r7, #4]
200054b4:	8b9b      	ldrh	r3, [r3, #28]
200054b6:	81bb      	strh	r3, [r7, #12]
    
  /* Reset the Output Compare mode and Capture/Compare selection Bits */
  tmpccmrx &= (uint16_t)~TIM_CCMR2_OC4M;
200054b8:	89bb      	ldrh	r3, [r7, #12]
200054ba:	f423 43e0 	bic.w	r3, r3, #28672	@ 0x7000
200054be:	81bb      	strh	r3, [r7, #12]
  tmpccmrx &= (uint16_t)~TIM_CCMR2_CC4S;
200054c0:	89bb      	ldrh	r3, [r7, #12]
200054c2:	f423 7340 	bic.w	r3, r3, #768	@ 0x300
200054c6:	81bb      	strh	r3, [r7, #12]
  
  /* Select the Output Compare Mode */
  tmpccmrx |= (uint16_t)(TIM_OCInitStruct->TIM_OCMode << 8);
200054c8:	683b      	ldr	r3, [r7, #0]
200054ca:	881b      	ldrh	r3, [r3, #0]
200054cc:	021b      	lsls	r3, r3, #8
200054ce:	b29a      	uxth	r2, r3
200054d0:	89bb      	ldrh	r3, [r7, #12]
200054d2:	4313      	orrs	r3, r2
200054d4:	81bb      	strh	r3, [r7, #12]
  
  /* Reset the Output Polarity level */
  tmpccer &= (uint16_t)~TIM_CCER_CC4P;
200054d6:	897b      	ldrh	r3, [r7, #10]
200054d8:	f423 5300 	bic.w	r3, r3, #8192	@ 0x2000
200054dc:	817b      	strh	r3, [r7, #10]
  /* Set the Output Compare Polarity */
  tmpccer |= (uint16_t)(TIM_OCInitStruct->TIM_OCPolarity << 12);
200054de:	683b      	ldr	r3, [r7, #0]
200054e0:	899b      	ldrh	r3, [r3, #12]
200054e2:	031b      	lsls	r3, r3, #12
200054e4:	b29a      	uxth	r2, r3
200054e6:	897b      	ldrh	r3, [r7, #10]
200054e8:	4313      	orrs	r3, r2
200054ea:	817b      	strh	r3, [r7, #10]
  
  /* Set the Output State */
  tmpccer |= (uint16_t)(TIM_OCInitStruct->TIM_OutputState << 12);
200054ec:	683b      	ldr	r3, [r7, #0]
200054ee:	885b      	ldrh	r3, [r3, #2]
200054f0:	031b      	lsls	r3, r3, #12
200054f2:	b29a      	uxth	r2, r3
200054f4:	897b      	ldrh	r3, [r7, #10]
200054f6:	4313      	orrs	r3, r2
200054f8:	817b      	strh	r3, [r7, #10]
  
  if((TIMx == TIM1) || (TIMx == TIM8))
200054fa:	687b      	ldr	r3, [r7, #4]
200054fc:	4a11      	ldr	r2, [pc, #68]	@ (20005544 <TIM_OC4Init+0xc4>)
200054fe:	4293      	cmp	r3, r2
20005500:	d003      	beq.n	2000550a <TIM_OC4Init+0x8a>
20005502:	687b      	ldr	r3, [r7, #4]
20005504:	4a10      	ldr	r2, [pc, #64]	@ (20005548 <TIM_OC4Init+0xc8>)
20005506:	4293      	cmp	r3, r2
20005508:	d10a      	bne.n	20005520 <TIM_OC4Init+0xa0>
  {
    assert_param(IS_TIM_OCIDLE_STATE(TIM_OCInitStruct->TIM_OCIdleState));
    /* Reset the Output Compare IDLE State */
    tmpcr2 &=(uint16_t) ~TIM_CR2_OIS4;
2000550a:	89fb      	ldrh	r3, [r7, #14]
2000550c:	f423 4380 	bic.w	r3, r3, #16384	@ 0x4000
20005510:	81fb      	strh	r3, [r7, #14]
    /* Set the Output Idle state */
    tmpcr2 |= (uint16_t)(TIM_OCInitStruct->TIM_OCIdleState << 6);
20005512:	683b      	ldr	r3, [r7, #0]
20005514:	8a1b      	ldrh	r3, [r3, #16]
20005516:	019b      	lsls	r3, r3, #6
20005518:	b29a      	uxth	r2, r3
2000551a:	89fb      	ldrh	r3, [r7, #14]
2000551c:	4313      	orrs	r3, r2
2000551e:	81fb      	strh	r3, [r7, #14]
  }
  /* Write to TIMx CR2 */
  TIMx->CR2 = tmpcr2;
20005520:	687b      	ldr	r3, [r7, #4]
20005522:	89fa      	ldrh	r2, [r7, #14]
20005524:	809a      	strh	r2, [r3, #4]
  
  /* Write to TIMx CCMR2 */  
  TIMx->CCMR2 = tmpccmrx;
20005526:	687b      	ldr	r3, [r7, #4]
20005528:	89ba      	ldrh	r2, [r7, #12]
2000552a:	839a      	strh	r2, [r3, #28]
    
  /* Set the Capture Compare Register value */
  TIMx->CCR4 = TIM_OCInitStruct->TIM_Pulse;
2000552c:	683b      	ldr	r3, [r7, #0]
2000552e:	689a      	ldr	r2, [r3, #8]
20005530:	687b      	ldr	r3, [r7, #4]
20005532:	641a      	str	r2, [r3, #64]	@ 0x40
  
  /* Write to TIMx CCER */
  TIMx->CCER = tmpccer;
20005534:	687b      	ldr	r3, [r7, #4]
20005536:	897a      	ldrh	r2, [r7, #10]
20005538:	841a      	strh	r2, [r3, #32]
}
2000553a:	bf00      	nop
2000553c:	3714      	adds	r7, #20
2000553e:	46bd      	mov	sp, r7
20005540:	bc80      	pop	{r7}
20005542:	4770      	bx	lr
20005544:	40010000 	.word	0x40010000
20005548:	40010400 	.word	0x40010400

2000554c <TIM_OCStructInit>:
  * @param  TIM_OCInitStruct: pointer to a TIM_OCInitTypeDef structure which will
  *         be initialized.
  * @retval None
  */
void TIM_OCStructInit(TIM_OCInitTypeDef* TIM_OCInitStruct)
{
2000554c:	b480      	push	{r7}
2000554e:	b083      	sub	sp, #12
20005550:	af00      	add	r7, sp, #0
20005552:	6078      	str	r0, [r7, #4]
  /* Set the default configuration */
  TIM_OCInitStruct->TIM_OCMode = TIM_OCMode_Timing;
20005554:	687b      	ldr	r3, [r7, #4]
20005556:	2200      	movs	r2, #0
20005558:	801a      	strh	r2, [r3, #0]
  TIM_OCInitStruct->TIM_OutputState = TIM_OutputState_Disable;
2000555a:	687b      	ldr	r3, [r7, #4]
2000555c:	2200      	movs	r2, #0
2000555e:	805a      	strh	r2, [r3, #2]
  TIM_OCInitStruct->TIM_OutputNState = TIM_OutputNState_Disable;
20005560:	687b      	ldr	r3, [r7, #4]
20005562:	2200      	movs	r2, #0
20005564:	809a      	strh	r2, [r3, #4]
  TIM_OCInitStruct->TIM_Pulse = 0x00000000;
20005566:	687b      	ldr	r3, [r7, #4]
20005568:	2200      	movs	r2, #0
2000556a:	609a      	str	r2, [r3, #8]
  TIM_OCInitStruct->TIM_OCPolarity = TIM_OCPolarity_High;
2000556c:	687b      	ldr	r3, [r7, #4]
2000556e:	2200      	movs	r2, #0
20005570:	819a      	strh	r2, [r3, #12]
  TIM_OCInitStruct->TIM_OCNPolarity = TIM_OCPolarity_High;
20005572:	687b      	ldr	r3, [r7, #4]
20005574:	2200      	movs	r2, #0
20005576:	81da      	strh	r2, [r3, #14]
  TIM_OCInitStruct->TIM_OCIdleState = TIM_OCIdleState_Reset;
20005578:	687b      	ldr	r3, [r7, #4]
2000557a:	2200      	movs	r2, #0
2000557c:	821a      	strh	r2, [r3, #16]
  TIM_OCInitStruct->TIM_OCNIdleState = TIM_OCNIdleState_Reset;
2000557e:	687b      	ldr	r3, [r7, #4]
20005580:	2200      	movs	r2, #0
20005582:	825a      	strh	r2, [r3, #18]
}
20005584:	bf00      	nop
20005586:	370c      	adds	r7, #12
20005588:	46bd      	mov	sp, r7
2000558a:	bc80      	pop	{r7}
2000558c:	4770      	bx	lr

2000558e <TIM_SelectOCxM>:
  *            @arg TIM_ForcedAction_Active
  *            @arg TIM_ForcedAction_InActive
  * @retval None
  */
void TIM_SelectOCxM(TIM_TypeDef* TIMx, uint16_t TIM_Channel, uint16_t TIM_OCMode)
{
2000558e:	b480      	push	{r7}
20005590:	b085      	sub	sp, #20
20005592:	af00      	add	r7, sp, #0
20005594:	6078      	str	r0, [r7, #4]
20005596:	460b      	mov	r3, r1
20005598:	807b      	strh	r3, [r7, #2]
2000559a:	4613      	mov	r3, r2
2000559c:	803b      	strh	r3, [r7, #0]
  uint32_t tmp = 0;
2000559e:	2300      	movs	r3, #0
200055a0:	60fb      	str	r3, [r7, #12]
  uint16_t tmp1 = 0;
200055a2:	2300      	movs	r3, #0
200055a4:	817b      	strh	r3, [r7, #10]
  /* Check the parameters */
  assert_param(IS_TIM_LIST1_PERIPH(TIMx));
  assert_param(IS_TIM_CHANNEL(TIM_Channel));
  assert_param(IS_TIM_OCM(TIM_OCMode));

  tmp = (uint32_t) TIMx;
200055a6:	687b      	ldr	r3, [r7, #4]
200055a8:	60fb      	str	r3, [r7, #12]
  tmp += CCMR_OFFSET;
200055aa:	68fb      	ldr	r3, [r7, #12]
200055ac:	3318      	adds	r3, #24
200055ae:	60fb      	str	r3, [r7, #12]

  tmp1 = CCER_CCE_SET << (uint16_t)TIM_Channel;
200055b0:	887b      	ldrh	r3, [r7, #2]
200055b2:	2201      	movs	r2, #1
200055b4:	fa02 f303 	lsl.w	r3, r2, r3
200055b8:	817b      	strh	r3, [r7, #10]

  /* Disable the Channel: Reset the CCxE Bit */
  TIMx->CCER &= (uint16_t) ~tmp1;
200055ba:	687b      	ldr	r3, [r7, #4]
200055bc:	8c1b      	ldrh	r3, [r3, #32]
200055be:	b29a      	uxth	r2, r3
200055c0:	897b      	ldrh	r3, [r7, #10]
200055c2:	43db      	mvns	r3, r3
200055c4:	b29b      	uxth	r3, r3
200055c6:	4013      	ands	r3, r2
200055c8:	b29a      	uxth	r2, r3
200055ca:	687b      	ldr	r3, [r7, #4]
200055cc:	841a      	strh	r2, [r3, #32]

  if((TIM_Channel == TIM_Channel_1) ||(TIM_Channel == TIM_Channel_3))
200055ce:	887b      	ldrh	r3, [r7, #2]
200055d0:	2b00      	cmp	r3, #0
200055d2:	d002      	beq.n	200055da <TIM_SelectOCxM+0x4c>
200055d4:	887b      	ldrh	r3, [r7, #2]
200055d6:	2b08      	cmp	r3, #8
200055d8:	d114      	bne.n	20005604 <TIM_SelectOCxM+0x76>
  {
    tmp += (TIM_Channel>>1);
200055da:	887b      	ldrh	r3, [r7, #2]
200055dc:	085b      	lsrs	r3, r3, #1
200055de:	b29b      	uxth	r3, r3
200055e0:	461a      	mov	r2, r3
200055e2:	68fb      	ldr	r3, [r7, #12]
200055e4:	4413      	add	r3, r2
200055e6:	60fb      	str	r3, [r7, #12]

    /* Reset the OCxM bits in the CCMRx register */
    *(__IO uint32_t *) tmp &= CCMR_OC13M_MASK;
200055e8:	68fb      	ldr	r3, [r7, #12]
200055ea:	6819      	ldr	r1, [r3, #0]
200055ec:	68fa      	ldr	r2, [r7, #12]
200055ee:	f64f 738f 	movw	r3, #65423	@ 0xff8f
200055f2:	400b      	ands	r3, r1
200055f4:	6013      	str	r3, [r2, #0]
   
    /* Configure the OCxM bits in the CCMRx register */
    *(__IO uint32_t *) tmp |= TIM_OCMode;
200055f6:	68fb      	ldr	r3, [r7, #12]
200055f8:	6819      	ldr	r1, [r3, #0]
200055fa:	883a      	ldrh	r2, [r7, #0]
200055fc:	68fb      	ldr	r3, [r7, #12]
200055fe:	430a      	orrs	r2, r1
20005600:	601a      	str	r2, [r3, #0]
20005602:	e019      	b.n	20005638 <TIM_SelectOCxM+0xaa>
  }
  else
  {
    tmp += (uint16_t)(TIM_Channel - (uint16_t)4)>> (uint16_t)1;
20005604:	887b      	ldrh	r3, [r7, #2]
20005606:	3b04      	subs	r3, #4
20005608:	b29b      	uxth	r3, r3
2000560a:	085b      	lsrs	r3, r3, #1
2000560c:	b29b      	uxth	r3, r3
2000560e:	461a      	mov	r2, r3
20005610:	68fb      	ldr	r3, [r7, #12]
20005612:	4413      	add	r3, r2
20005614:	60fb      	str	r3, [r7, #12]

    /* Reset the OCxM bits in the CCMRx register */
    *(__IO uint32_t *) tmp &= CCMR_OC24M_MASK;
20005616:	68fb      	ldr	r3, [r7, #12]
20005618:	6819      	ldr	r1, [r3, #0]
2000561a:	68fa      	ldr	r2, [r7, #12]
2000561c:	f648 73ff 	movw	r3, #36863	@ 0x8fff
20005620:	400b      	ands	r3, r1
20005622:	6013      	str	r3, [r2, #0]
    
    /* Configure the OCxM bits in the CCMRx register */
    *(__IO uint32_t *) tmp |= (uint16_t)(TIM_OCMode << 8);
20005624:	68fb      	ldr	r3, [r7, #12]
20005626:	681a      	ldr	r2, [r3, #0]
20005628:	883b      	ldrh	r3, [r7, #0]
2000562a:	021b      	lsls	r3, r3, #8
2000562c:	b29b      	uxth	r3, r3
2000562e:	4619      	mov	r1, r3
20005630:	68fb      	ldr	r3, [r7, #12]
20005632:	430a      	orrs	r2, r1
20005634:	601a      	str	r2, [r3, #0]
  }
}
20005636:	bf00      	nop
20005638:	bf00      	nop
2000563a:	3714      	adds	r7, #20
2000563c:	46bd      	mov	sp, r7
2000563e:	bc80      	pop	{r7}
20005640:	4770      	bx	lr

20005642 <TIM_SetCompare1>:
  * @param  TIMx: where x can be 1 to 14 except 6 and 7, to select the TIM peripheral.
  * @param  Compare1: specifies the Capture Compare1 register new value.
  * @retval None
  */
void TIM_SetCompare1(TIM_TypeDef* TIMx, uint32_t Compare1)
{
20005642:	b480      	push	{r7}
20005644:	b083      	sub	sp, #12
20005646:	af00      	add	r7, sp, #0
20005648:	6078      	str	r0, [r7, #4]
2000564a:	6039      	str	r1, [r7, #0]
  /* Check the parameters */
  assert_param(IS_TIM_LIST1_PERIPH(TIMx));

  /* Set the Capture Compare1 Register value */
  TIMx->CCR1 = Compare1;
2000564c:	687b      	ldr	r3, [r7, #4]
2000564e:	683a      	ldr	r2, [r7, #0]
20005650:	635a      	str	r2, [r3, #52]	@ 0x34
}
20005652:	bf00      	nop
20005654:	370c      	adds	r7, #12
20005656:	46bd      	mov	sp, r7
20005658:	bc80      	pop	{r7}
2000565a:	4770      	bx	lr

2000565c <TIM_SetCompare2>:
  *         peripheral.
  * @param  Compare2: specifies the Capture Compare2 register new value.
  * @retval None
  */
void TIM_SetCompare2(TIM_TypeDef* TIMx, uint32_t Compare2)
{
2000565c:	b480      	push	{r7}
2000565e:	b083      	sub	sp, #12
20005660:	af00      	add	r7, sp, #0
20005662:	6078      	str	r0, [r7, #4]
20005664:	6039      	str	r1, [r7, #0]
  /* Check the parameters */
  assert_param(IS_TIM_LIST2_PERIPH(TIMx));

  /* Set the Capture Compare2 Register value */
  TIMx->CCR2 = Compare2;
20005666:	687b      	ldr	r3, [r7, #4]
20005668:	683a      	ldr	r2, [r7, #0]
2000566a:	639a      	str	r2, [r3, #56]	@ 0x38
}
2000566c:	bf00      	nop
2000566e:	370c      	adds	r7, #12
20005670:	46bd      	mov	sp, r7
20005672:	bc80      	pop	{r7}
20005674:	4770      	bx	lr

20005676 <TIM_SetCompare3>:
  * @param  TIMx: where x can be 1, 2, 3, 4, 5 or 8 to select the TIM peripheral.
  * @param  Compare3: specifies the Capture Compare3 register new value.
  * @retval None
  */
void TIM_SetCompare3(TIM_TypeDef* TIMx, uint32_t Compare3)
{
20005676:	b480      	push	{r7}
20005678:	b083      	sub	sp, #12
2000567a:	af00      	add	r7, sp, #0
2000567c:	6078      	str	r0, [r7, #4]
2000567e:	6039      	str	r1, [r7, #0]
  /* Check the parameters */
  assert_param(IS_TIM_LIST3_PERIPH(TIMx));

  /* Set the Capture Compare3 Register value */
  TIMx->CCR3 = Compare3;
20005680:	687b      	ldr	r3, [r7, #4]
20005682:	683a      	ldr	r2, [r7, #0]
20005684:	63da      	str	r2, [r3, #60]	@ 0x3c
}
20005686:	bf00      	nop
20005688:	370c      	adds	r7, #12
2000568a:	46bd      	mov	sp, r7
2000568c:	bc80      	pop	{r7}
2000568e:	4770      	bx	lr

20005690 <TIM_SetCompare4>:
  * @param  TIMx: where x can be 1, 2, 3, 4, 5 or 8 to select the TIM peripheral.
  * @param  Compare4: specifies the Capture Compare4 register new value.
  * @retval None
  */
void TIM_SetCompare4(TIM_TypeDef* TIMx, uint32_t Compare4)
{
20005690:	b480      	push	{r7}
20005692:	b083      	sub	sp, #12
20005694:	af00      	add	r7, sp, #0
20005696:	6078      	str	r0, [r7, #4]
20005698:	6039      	str	r1, [r7, #0]
  /* Check the parameters */
  assert_param(IS_TIM_LIST3_PERIPH(TIMx));

  /* Set the Capture Compare4 Register value */
  TIMx->CCR4 = Compare4;
2000569a:	687b      	ldr	r3, [r7, #4]
2000569c:	683a      	ldr	r2, [r7, #0]
2000569e:	641a      	str	r2, [r3, #64]	@ 0x40
}
200056a0:	bf00      	nop
200056a2:	370c      	adds	r7, #12
200056a4:	46bd      	mov	sp, r7
200056a6:	bc80      	pop	{r7}
200056a8:	4770      	bx	lr

200056aa <TIM_ForcedOC1Config>:
  *            @arg TIM_ForcedAction_Active: Force active level on OC1REF
  *            @arg TIM_ForcedAction_InActive: Force inactive level on OC1REF.
  * @retval None
  */
void TIM_ForcedOC1Config(TIM_TypeDef* TIMx, uint16_t TIM_ForcedAction)
{
200056aa:	b480      	push	{r7}
200056ac:	b085      	sub	sp, #20
200056ae:	af00      	add	r7, sp, #0
200056b0:	6078      	str	r0, [r7, #4]
200056b2:	460b      	mov	r3, r1
200056b4:	807b      	strh	r3, [r7, #2]
  uint16_t tmpccmr1 = 0;
200056b6:	2300      	movs	r3, #0
200056b8:	81fb      	strh	r3, [r7, #14]

  /* Check the parameters */
  assert_param(IS_TIM_LIST1_PERIPH(TIMx));
  assert_param(IS_TIM_FORCED_ACTION(TIM_ForcedAction));
  tmpccmr1 = TIMx->CCMR1;
200056ba:	687b      	ldr	r3, [r7, #4]
200056bc:	8b1b      	ldrh	r3, [r3, #24]
200056be:	81fb      	strh	r3, [r7, #14]

  /* Reset the OC1M Bits */
  tmpccmr1 &= (uint16_t)~TIM_CCMR1_OC1M;
200056c0:	89fb      	ldrh	r3, [r7, #14]
200056c2:	f023 0370 	bic.w	r3, r3, #112	@ 0x70
200056c6:	81fb      	strh	r3, [r7, #14]

  /* Configure The Forced output Mode */
  tmpccmr1 |= TIM_ForcedAction;
200056c8:	89fa      	ldrh	r2, [r7, #14]
200056ca:	887b      	ldrh	r3, [r7, #2]
200056cc:	4313      	orrs	r3, r2
200056ce:	81fb      	strh	r3, [r7, #14]

  /* Write to TIMx CCMR1 register */
  TIMx->CCMR1 = tmpccmr1;
200056d0:	687b      	ldr	r3, [r7, #4]
200056d2:	89fa      	ldrh	r2, [r7, #14]
200056d4:	831a      	strh	r2, [r3, #24]
}
200056d6:	bf00      	nop
200056d8:	3714      	adds	r7, #20
200056da:	46bd      	mov	sp, r7
200056dc:	bc80      	pop	{r7}
200056de:	4770      	bx	lr

200056e0 <TIM_ForcedOC2Config>:
  *            @arg TIM_ForcedAction_Active: Force active level on OC2REF
  *            @arg TIM_ForcedAction_InActive: Force inactive level on OC2REF.
  * @retval None
  */
void TIM_ForcedOC2Config(TIM_TypeDef* TIMx, uint16_t TIM_ForcedAction)
{
200056e0:	b480      	push	{r7}
200056e2:	b085      	sub	sp, #20
200056e4:	af00      	add	r7, sp, #0
200056e6:	6078      	str	r0, [r7, #4]
200056e8:	460b      	mov	r3, r1
200056ea:	807b      	strh	r3, [r7, #2]
  uint16_t tmpccmr1 = 0;
200056ec:	2300      	movs	r3, #0
200056ee:	81fb      	strh	r3, [r7, #14]

  /* Check the parameters */
  assert_param(IS_TIM_LIST2_PERIPH(TIMx));
  assert_param(IS_TIM_FORCED_ACTION(TIM_ForcedAction));
  tmpccmr1 = TIMx->CCMR1;
200056f0:	687b      	ldr	r3, [r7, #4]
200056f2:	8b1b      	ldrh	r3, [r3, #24]
200056f4:	81fb      	strh	r3, [r7, #14]

  /* Reset the OC2M Bits */
  tmpccmr1 &= (uint16_t)~TIM_CCMR1_OC2M;
200056f6:	89fb      	ldrh	r3, [r7, #14]
200056f8:	f423 43e0 	bic.w	r3, r3, #28672	@ 0x7000
200056fc:	81fb      	strh	r3, [r7, #14]

  /* Configure The Forced output Mode */
  tmpccmr1 |= (uint16_t)(TIM_ForcedAction << 8);
200056fe:	887b      	ldrh	r3, [r7, #2]
20005700:	021b      	lsls	r3, r3, #8
20005702:	b29a      	uxth	r2, r3
20005704:	89fb      	ldrh	r3, [r7, #14]
20005706:	4313      	orrs	r3, r2
20005708:	81fb      	strh	r3, [r7, #14]

  /* Write to TIMx CCMR1 register */
  TIMx->CCMR1 = tmpccmr1;
2000570a:	687b      	ldr	r3, [r7, #4]
2000570c:	89fa      	ldrh	r2, [r7, #14]
2000570e:	831a      	strh	r2, [r3, #24]
}
20005710:	bf00      	nop
20005712:	3714      	adds	r7, #20
20005714:	46bd      	mov	sp, r7
20005716:	bc80      	pop	{r7}
20005718:	4770      	bx	lr

2000571a <TIM_ForcedOC3Config>:
  *            @arg TIM_ForcedAction_Active: Force active level on OC3REF
  *            @arg TIM_ForcedAction_InActive: Force inactive level on OC3REF.
  * @retval None
  */
void TIM_ForcedOC3Config(TIM_TypeDef* TIMx, uint16_t TIM_ForcedAction)
{
2000571a:	b480      	push	{r7}
2000571c:	b085      	sub	sp, #20
2000571e:	af00      	add	r7, sp, #0
20005720:	6078      	str	r0, [r7, #4]
20005722:	460b      	mov	r3, r1
20005724:	807b      	strh	r3, [r7, #2]
  uint16_t tmpccmr2 = 0;
20005726:	2300      	movs	r3, #0
20005728:	81fb      	strh	r3, [r7, #14]

  /* Check the parameters */
  assert_param(IS_TIM_LIST3_PERIPH(TIMx));
  assert_param(IS_TIM_FORCED_ACTION(TIM_ForcedAction));

  tmpccmr2 = TIMx->CCMR2;
2000572a:	687b      	ldr	r3, [r7, #4]
2000572c:	8b9b      	ldrh	r3, [r3, #28]
2000572e:	81fb      	strh	r3, [r7, #14]

  /* Reset the OC1M Bits */
  tmpccmr2 &= (uint16_t)~TIM_CCMR2_OC3M;
20005730:	89fb      	ldrh	r3, [r7, #14]
20005732:	f023 0370 	bic.w	r3, r3, #112	@ 0x70
20005736:	81fb      	strh	r3, [r7, #14]

  /* Configure The Forced output Mode */
  tmpccmr2 |= TIM_ForcedAction;
20005738:	89fa      	ldrh	r2, [r7, #14]
2000573a:	887b      	ldrh	r3, [r7, #2]
2000573c:	4313      	orrs	r3, r2
2000573e:	81fb      	strh	r3, [r7, #14]

  /* Write to TIMx CCMR2 register */
  TIMx->CCMR2 = tmpccmr2;
20005740:	687b      	ldr	r3, [r7, #4]
20005742:	89fa      	ldrh	r2, [r7, #14]
20005744:	839a      	strh	r2, [r3, #28]
}
20005746:	bf00      	nop
20005748:	3714      	adds	r7, #20
2000574a:	46bd      	mov	sp, r7
2000574c:	bc80      	pop	{r7}
2000574e:	4770      	bx	lr

20005750 <TIM_ForcedOC4Config>:
  *            @arg TIM_ForcedAction_Active: Force active level on OC4REF
  *            @arg TIM_ForcedAction_InActive: Force inactive level on OC4REF.
  * @retval None
  */
void TIM_ForcedOC4Config(TIM_TypeDef* TIMx, uint16_t TIM_ForcedAction)
{
20005750:	b480      	push	{r7}
20005752:	b085      	sub	sp, #20
20005754:	af00      	add	r7, sp, #0
20005756:	6078      	str	r0, [r7, #4]
20005758:	460b      	mov	r3, r1
2000575a:	807b      	strh	r3, [r7, #2]
  uint16_t tmpccmr2 = 0;
2000575c:	2300      	movs	r3, #0
2000575e:	81fb      	strh	r3, [r7, #14]

  /* Check the parameters */
  assert_param(IS_TIM_LIST3_PERIPH(TIMx));
  assert_param(IS_TIM_FORCED_ACTION(TIM_ForcedAction));
  tmpccmr2 = TIMx->CCMR2;
20005760:	687b      	ldr	r3, [r7, #4]
20005762:	8b9b      	ldrh	r3, [r3, #28]
20005764:	81fb      	strh	r3, [r7, #14]

  /* Reset the OC2M Bits */
  tmpccmr2 &= (uint16_t)~TIM_CCMR2_OC4M;
20005766:	89fb      	ldrh	r3, [r7, #14]
20005768:	f423 43e0 	bic.w	r3, r3, #28672	@ 0x7000
2000576c:	81fb      	strh	r3, [r7, #14]

  /* Configure The Forced output Mode */
  tmpccmr2 |= (uint16_t)(TIM_ForcedAction << 8);
2000576e:	887b      	ldrh	r3, [r7, #2]
20005770:	021b      	lsls	r3, r3, #8
20005772:	b29a      	uxth	r2, r3
20005774:	89fb      	ldrh	r3, [r7, #14]
20005776:	4313      	orrs	r3, r2
20005778:	81fb      	strh	r3, [r7, #14]

  /* Write to TIMx CCMR2 register */
  TIMx->CCMR2 = tmpccmr2;
2000577a:	687b      	ldr	r3, [r7, #4]
2000577c:	89fa      	ldrh	r2, [r7, #14]
2000577e:	839a      	strh	r2, [r3, #28]
}
20005780:	bf00      	nop
20005782:	3714      	adds	r7, #20
20005784:	46bd      	mov	sp, r7
20005786:	bc80      	pop	{r7}
20005788:	4770      	bx	lr

2000578a <TIM_OC1PreloadConfig>:
  *            @arg TIM_OCPreload_Enable
  *            @arg TIM_OCPreload_Disable
  * @retval None
  */
void TIM_OC1PreloadConfig(TIM_TypeDef* TIMx, uint16_t TIM_OCPreload)
{
2000578a:	b480      	push	{r7}
2000578c:	b085      	sub	sp, #20
2000578e:	af00      	add	r7, sp, #0
20005790:	6078      	str	r0, [r7, #4]
20005792:	460b      	mov	r3, r1
20005794:	807b      	strh	r3, [r7, #2]
  uint16_t tmpccmr1 = 0;
20005796:	2300      	movs	r3, #0
20005798:	81fb      	strh	r3, [r7, #14]

  /* Check the parameters */
  assert_param(IS_TIM_LIST1_PERIPH(TIMx));
  assert_param(IS_TIM_OCPRELOAD_STATE(TIM_OCPreload));

  tmpccmr1 = TIMx->CCMR1;
2000579a:	687b      	ldr	r3, [r7, #4]
2000579c:	8b1b      	ldrh	r3, [r3, #24]
2000579e:	81fb      	strh	r3, [r7, #14]

  /* Reset the OC1PE Bit */
  tmpccmr1 &= (uint16_t)(~TIM_CCMR1_OC1PE);
200057a0:	89fb      	ldrh	r3, [r7, #14]
200057a2:	f023 0308 	bic.w	r3, r3, #8
200057a6:	81fb      	strh	r3, [r7, #14]

  /* Enable or Disable the Output Compare Preload feature */
  tmpccmr1 |= TIM_OCPreload;
200057a8:	89fa      	ldrh	r2, [r7, #14]
200057aa:	887b      	ldrh	r3, [r7, #2]
200057ac:	4313      	orrs	r3, r2
200057ae:	81fb      	strh	r3, [r7, #14]

  /* Write to TIMx CCMR1 register */
  TIMx->CCMR1 = tmpccmr1;
200057b0:	687b      	ldr	r3, [r7, #4]
200057b2:	89fa      	ldrh	r2, [r7, #14]
200057b4:	831a      	strh	r2, [r3, #24]
}
200057b6:	bf00      	nop
200057b8:	3714      	adds	r7, #20
200057ba:	46bd      	mov	sp, r7
200057bc:	bc80      	pop	{r7}
200057be:	4770      	bx	lr

200057c0 <TIM_OC2PreloadConfig>:
  *            @arg TIM_OCPreload_Enable
  *            @arg TIM_OCPreload_Disable
  * @retval None
  */
void TIM_OC2PreloadConfig(TIM_TypeDef* TIMx, uint16_t TIM_OCPreload)
{
200057c0:	b480      	push	{r7}
200057c2:	b085      	sub	sp, #20
200057c4:	af00      	add	r7, sp, #0
200057c6:	6078      	str	r0, [r7, #4]
200057c8:	460b      	mov	r3, r1
200057ca:	807b      	strh	r3, [r7, #2]
  uint16_t tmpccmr1 = 0;
200057cc:	2300      	movs	r3, #0
200057ce:	81fb      	strh	r3, [r7, #14]

  /* Check the parameters */
  assert_param(IS_TIM_LIST2_PERIPH(TIMx));
  assert_param(IS_TIM_OCPRELOAD_STATE(TIM_OCPreload));

  tmpccmr1 = TIMx->CCMR1;
200057d0:	687b      	ldr	r3, [r7, #4]
200057d2:	8b1b      	ldrh	r3, [r3, #24]
200057d4:	81fb      	strh	r3, [r7, #14]

  /* Reset the OC2PE Bit */
  tmpccmr1 &= (uint16_t)(~TIM_CCMR1_OC2PE);
200057d6:	89fb      	ldrh	r3, [r7, #14]
200057d8:	f423 6300 	bic.w	r3, r3, #2048	@ 0x800
200057dc:	81fb      	strh	r3, [r7, #14]

  /* Enable or Disable the Output Compare Preload feature */
  tmpccmr1 |= (uint16_t)(TIM_OCPreload << 8);
200057de:	887b      	ldrh	r3, [r7, #2]
200057e0:	021b      	lsls	r3, r3, #8
200057e2:	b29a      	uxth	r2, r3
200057e4:	89fb      	ldrh	r3, [r7, #14]
200057e6:	4313      	orrs	r3, r2
200057e8:	81fb      	strh	r3, [r7, #14]

  /* Write to TIMx CCMR1 register */
  TIMx->CCMR1 = tmpccmr1;
200057ea:	687b      	ldr	r3, [r7, #4]
200057ec:	89fa      	ldrh	r2, [r7, #14]
200057ee:	831a      	strh	r2, [r3, #24]
}
200057f0:	bf00      	nop
200057f2:	3714      	adds	r7, #20
200057f4:	46bd      	mov	sp, r7
200057f6:	bc80      	pop	{r7}
200057f8:	4770      	bx	lr

200057fa <TIM_OC3PreloadConfig>:
  *            @arg TIM_OCPreload_Enable
  *            @arg TIM_OCPreload_Disable
  * @retval None
  */
void TIM_OC3PreloadConfig(TIM_TypeDef* TIMx, uint16_t TIM_OCPreload)
{
200057fa:	b480      	push	{r7}
200057fc:	b085      	sub	sp, #20
200057fe:	af00      	add	r7, sp, #0
20005800:	6078      	str	r0, [r7, #4]
20005802:	460b      	mov	r3, r1
20005804:	807b      	strh	r3, [r7, #2]
  uint16_t tmpccmr2 = 0;
20005806:	2300      	movs	r3, #0
20005808:	81fb      	strh	r3, [r7, #14]

  /* Check the parameters */
  assert_param(IS_TIM_LIST3_PERIPH(TIMx));
  assert_param(IS_TIM_OCPRELOAD_STATE(TIM_OCPreload));

  tmpccmr2 = TIMx->CCMR2;
2000580a:	687b      	ldr	r3, [r7, #4]
2000580c:	8b9b      	ldrh	r3, [r3, #28]
2000580e:	81fb      	strh	r3, [r7, #14]

  /* Reset the OC3PE Bit */
  tmpccmr2 &= (uint16_t)(~TIM_CCMR2_OC3PE);
20005810:	89fb      	ldrh	r3, [r7, #14]
20005812:	f023 0308 	bic.w	r3, r3, #8
20005816:	81fb      	strh	r3, [r7, #14]

  /* Enable or Disable the Output Compare Preload feature */
  tmpccmr2 |= TIM_OCPreload;
20005818:	89fa      	ldrh	r2, [r7, #14]
2000581a:	887b      	ldrh	r3, [r7, #2]
2000581c:	4313      	orrs	r3, r2
2000581e:	81fb      	strh	r3, [r7, #14]

  /* Write to TIMx CCMR2 register */
  TIMx->CCMR2 = tmpccmr2;
20005820:	687b      	ldr	r3, [r7, #4]
20005822:	89fa      	ldrh	r2, [r7, #14]
20005824:	839a      	strh	r2, [r3, #28]
}
20005826:	bf00      	nop
20005828:	3714      	adds	r7, #20
2000582a:	46bd      	mov	sp, r7
2000582c:	bc80      	pop	{r7}
2000582e:	4770      	bx	lr

20005830 <TIM_OC4PreloadConfig>:
  *            @arg TIM_OCPreload_Enable
  *            @arg TIM_OCPreload_Disable
  * @retval None
  */
void TIM_OC4PreloadConfig(TIM_TypeDef* TIMx, uint16_t TIM_OCPreload)
{
20005830:	b480      	push	{r7}
20005832:	b085      	sub	sp, #20
20005834:	af00      	add	r7, sp, #0
20005836:	6078      	str	r0, [r7, #4]
20005838:	460b      	mov	r3, r1
2000583a:	807b      	strh	r3, [r7, #2]
  uint16_t tmpccmr2 = 0;
2000583c:	2300      	movs	r3, #0
2000583e:	81fb      	strh	r3, [r7, #14]

  /* Check the parameters */
  assert_param(IS_TIM_LIST3_PERIPH(TIMx));
  assert_param(IS_TIM_OCPRELOAD_STATE(TIM_OCPreload));

  tmpccmr2 = TIMx->CCMR2;
20005840:	687b      	ldr	r3, [r7, #4]
20005842:	8b9b      	ldrh	r3, [r3, #28]
20005844:	81fb      	strh	r3, [r7, #14]

  /* Reset the OC4PE Bit */
  tmpccmr2 &= (uint16_t)(~TIM_CCMR2_OC4PE);
20005846:	89fb      	ldrh	r3, [r7, #14]
20005848:	f423 6300 	bic.w	r3, r3, #2048	@ 0x800
2000584c:	81fb      	strh	r3, [r7, #14]

  /* Enable or Disable the Output Compare Preload feature */
  tmpccmr2 |= (uint16_t)(TIM_OCPreload << 8);
2000584e:	887b      	ldrh	r3, [r7, #2]
20005850:	021b      	lsls	r3, r3, #8
20005852:	b29a      	uxth	r2, r3
20005854:	89fb      	ldrh	r3, [r7, #14]
20005856:	4313      	orrs	r3, r2
20005858:	81fb      	strh	r3, [r7, #14]

  /* Write to TIMx CCMR2 register */
  TIMx->CCMR2 = tmpccmr2;
2000585a:	687b      	ldr	r3, [r7, #4]
2000585c:	89fa      	ldrh	r2, [r7, #14]
2000585e:	839a      	strh	r2, [r3, #28]
}
20005860:	bf00      	nop
20005862:	3714      	adds	r7, #20
20005864:	46bd      	mov	sp, r7
20005866:	bc80      	pop	{r7}
20005868:	4770      	bx	lr

2000586a <TIM_OC1FastConfig>:
  *            @arg TIM_OCFast_Enable: TIM output compare fast enable
  *            @arg TIM_OCFast_Disable: TIM output compare fast disable
  * @retval None
  */
void TIM_OC1FastConfig(TIM_TypeDef* TIMx, uint16_t TIM_OCFast)
{
2000586a:	b480      	push	{r7}
2000586c:	b085      	sub	sp, #20
2000586e:	af00      	add	r7, sp, #0
20005870:	6078      	str	r0, [r7, #4]
20005872:	460b      	mov	r3, r1
20005874:	807b      	strh	r3, [r7, #2]
  uint16_t tmpccmr1 = 0;
20005876:	2300      	movs	r3, #0
20005878:	81fb      	strh	r3, [r7, #14]
  /* Check the parameters */
  assert_param(IS_TIM_LIST1_PERIPH(TIMx));
  assert_param(IS_TIM_OCFAST_STATE(TIM_OCFast));

  /* Get the TIMx CCMR1 register value */
  tmpccmr1 = TIMx->CCMR1;
2000587a:	687b      	ldr	r3, [r7, #4]
2000587c:	8b1b      	ldrh	r3, [r3, #24]
2000587e:	81fb      	strh	r3, [r7, #14]

  /* Reset the OC1FE Bit */
  tmpccmr1 &= (uint16_t)~TIM_CCMR1_OC1FE;
20005880:	89fb      	ldrh	r3, [r7, #14]
20005882:	f023 0304 	bic.w	r3, r3, #4
20005886:	81fb      	strh	r3, [r7, #14]

  /* Enable or Disable the Output Compare Fast Bit */
  tmpccmr1 |= TIM_OCFast;
20005888:	89fa      	ldrh	r2, [r7, #14]
2000588a:	887b      	ldrh	r3, [r7, #2]
2000588c:	4313      	orrs	r3, r2
2000588e:	81fb      	strh	r3, [r7, #14]

  /* Write to TIMx CCMR1 */
  TIMx->CCMR1 = tmpccmr1;
20005890:	687b      	ldr	r3, [r7, #4]
20005892:	89fa      	ldrh	r2, [r7, #14]
20005894:	831a      	strh	r2, [r3, #24]
}
20005896:	bf00      	nop
20005898:	3714      	adds	r7, #20
2000589a:	46bd      	mov	sp, r7
2000589c:	bc80      	pop	{r7}
2000589e:	4770      	bx	lr

200058a0 <TIM_OC2FastConfig>:
  *            @arg TIM_OCFast_Enable: TIM output compare fast enable
  *            @arg TIM_OCFast_Disable: TIM output compare fast disable
  * @retval None
  */
void TIM_OC2FastConfig(TIM_TypeDef* TIMx, uint16_t TIM_OCFast)
{
200058a0:	b480      	push	{r7}
200058a2:	b085      	sub	sp, #20
200058a4:	af00      	add	r7, sp, #0
200058a6:	6078      	str	r0, [r7, #4]
200058a8:	460b      	mov	r3, r1
200058aa:	807b      	strh	r3, [r7, #2]
  uint16_t tmpccmr1 = 0;
200058ac:	2300      	movs	r3, #0
200058ae:	81fb      	strh	r3, [r7, #14]
  /* Check the parameters */
  assert_param(IS_TIM_LIST2_PERIPH(TIMx));
  assert_param(IS_TIM_OCFAST_STATE(TIM_OCFast));

  /* Get the TIMx CCMR1 register value */
  tmpccmr1 = TIMx->CCMR1;
200058b0:	687b      	ldr	r3, [r7, #4]
200058b2:	8b1b      	ldrh	r3, [r3, #24]
200058b4:	81fb      	strh	r3, [r7, #14]

  /* Reset the OC2FE Bit */
  tmpccmr1 &= (uint16_t)(~TIM_CCMR1_OC2FE);
200058b6:	89fb      	ldrh	r3, [r7, #14]
200058b8:	f423 6380 	bic.w	r3, r3, #1024	@ 0x400
200058bc:	81fb      	strh	r3, [r7, #14]

  /* Enable or Disable the Output Compare Fast Bit */
  tmpccmr1 |= (uint16_t)(TIM_OCFast << 8);
200058be:	887b      	ldrh	r3, [r7, #2]
200058c0:	021b      	lsls	r3, r3, #8
200058c2:	b29a      	uxth	r2, r3
200058c4:	89fb      	ldrh	r3, [r7, #14]
200058c6:	4313      	orrs	r3, r2
200058c8:	81fb      	strh	r3, [r7, #14]

  /* Write to TIMx CCMR1 */
  TIMx->CCMR1 = tmpccmr1;
200058ca:	687b      	ldr	r3, [r7, #4]
200058cc:	89fa      	ldrh	r2, [r7, #14]
200058ce:	831a      	strh	r2, [r3, #24]
}
200058d0:	bf00      	nop
200058d2:	3714      	adds	r7, #20
200058d4:	46bd      	mov	sp, r7
200058d6:	bc80      	pop	{r7}
200058d8:	4770      	bx	lr

200058da <TIM_OC3FastConfig>:
  *            @arg TIM_OCFast_Enable: TIM output compare fast enable
  *            @arg TIM_OCFast_Disable: TIM output compare fast disable
  * @retval None
  */
void TIM_OC3FastConfig(TIM_TypeDef* TIMx, uint16_t TIM_OCFast)
{
200058da:	b480      	push	{r7}
200058dc:	b085      	sub	sp, #20
200058de:	af00      	add	r7, sp, #0
200058e0:	6078      	str	r0, [r7, #4]
200058e2:	460b      	mov	r3, r1
200058e4:	807b      	strh	r3, [r7, #2]
  uint16_t tmpccmr2 = 0;
200058e6:	2300      	movs	r3, #0
200058e8:	81fb      	strh	r3, [r7, #14]
  /* Check the parameters */
  assert_param(IS_TIM_LIST3_PERIPH(TIMx));
  assert_param(IS_TIM_OCFAST_STATE(TIM_OCFast));

  /* Get the TIMx CCMR2 register value */
  tmpccmr2 = TIMx->CCMR2;
200058ea:	687b      	ldr	r3, [r7, #4]
200058ec:	8b9b      	ldrh	r3, [r3, #28]
200058ee:	81fb      	strh	r3, [r7, #14]

  /* Reset the OC3FE Bit */
  tmpccmr2 &= (uint16_t)~TIM_CCMR2_OC3FE;
200058f0:	89fb      	ldrh	r3, [r7, #14]
200058f2:	f023 0304 	bic.w	r3, r3, #4
200058f6:	81fb      	strh	r3, [r7, #14]

  /* Enable or Disable the Output Compare Fast Bit */
  tmpccmr2 |= TIM_OCFast;
200058f8:	89fa      	ldrh	r2, [r7, #14]
200058fa:	887b      	ldrh	r3, [r7, #2]
200058fc:	4313      	orrs	r3, r2
200058fe:	81fb      	strh	r3, [r7, #14]

  /* Write to TIMx CCMR2 */
  TIMx->CCMR2 = tmpccmr2;
20005900:	687b      	ldr	r3, [r7, #4]
20005902:	89fa      	ldrh	r2, [r7, #14]
20005904:	839a      	strh	r2, [r3, #28]
}
20005906:	bf00      	nop
20005908:	3714      	adds	r7, #20
2000590a:	46bd      	mov	sp, r7
2000590c:	bc80      	pop	{r7}
2000590e:	4770      	bx	lr

20005910 <TIM_OC4FastConfig>:
  *            @arg TIM_OCFast_Enable: TIM output compare fast enable
  *            @arg TIM_OCFast_Disable: TIM output compare fast disable
  * @retval None
  */
void TIM_OC4FastConfig(TIM_TypeDef* TIMx, uint16_t TIM_OCFast)
{
20005910:	b480      	push	{r7}
20005912:	b085      	sub	sp, #20
20005914:	af00      	add	r7, sp, #0
20005916:	6078      	str	r0, [r7, #4]
20005918:	460b      	mov	r3, r1
2000591a:	807b      	strh	r3, [r7, #2]
  uint16_t tmpccmr2 = 0;
2000591c:	2300      	movs	r3, #0
2000591e:	81fb      	strh	r3, [r7, #14]
  /* Check the parameters */
  assert_param(IS_TIM_LIST3_PERIPH(TIMx));
  assert_param(IS_TIM_OCFAST_STATE(TIM_OCFast));

  /* Get the TIMx CCMR2 register value */
  tmpccmr2 = TIMx->CCMR2;
20005920:	687b      	ldr	r3, [r7, #4]
20005922:	8b9b      	ldrh	r3, [r3, #28]
20005924:	81fb      	strh	r3, [r7, #14]

  /* Reset the OC4FE Bit */
  tmpccmr2 &= (uint16_t)(~TIM_CCMR2_OC4FE);
20005926:	89fb      	ldrh	r3, [r7, #14]
20005928:	f423 6380 	bic.w	r3, r3, #1024	@ 0x400
2000592c:	81fb      	strh	r3, [r7, #14]

  /* Enable or Disable the Output Compare Fast Bit */
  tmpccmr2 |= (uint16_t)(TIM_OCFast << 8);
2000592e:	887b      	ldrh	r3, [r7, #2]
20005930:	021b      	lsls	r3, r3, #8
20005932:	b29a      	uxth	r2, r3
20005934:	89fb      	ldrh	r3, [r7, #14]
20005936:	4313      	orrs	r3, r2
20005938:	81fb      	strh	r3, [r7, #14]

  /* Write to TIMx CCMR2 */
  TIMx->CCMR2 = tmpccmr2;
2000593a:	687b      	ldr	r3, [r7, #4]
2000593c:	89fa      	ldrh	r2, [r7, #14]
2000593e:	839a      	strh	r2, [r3, #28]
}
20005940:	bf00      	nop
20005942:	3714      	adds	r7, #20
20005944:	46bd      	mov	sp, r7
20005946:	bc80      	pop	{r7}
20005948:	4770      	bx	lr

2000594a <TIM_ClearOC1Ref>:
  *            @arg TIM_OCClear_Enable: TIM Output clear enable
  *            @arg TIM_OCClear_Disable: TIM Output clear disable
  * @retval None
  */
void TIM_ClearOC1Ref(TIM_TypeDef* TIMx, uint16_t TIM_OCClear)
{
2000594a:	b480      	push	{r7}
2000594c:	b085      	sub	sp, #20
2000594e:	af00      	add	r7, sp, #0
20005950:	6078      	str	r0, [r7, #4]
20005952:	460b      	mov	r3, r1
20005954:	807b      	strh	r3, [r7, #2]
  uint16_t tmpccmr1 = 0;
20005956:	2300      	movs	r3, #0
20005958:	81fb      	strh	r3, [r7, #14]

  /* Check the parameters */
  assert_param(IS_TIM_LIST1_PERIPH(TIMx));
  assert_param(IS_TIM_OCCLEAR_STATE(TIM_OCClear));

  tmpccmr1 = TIMx->CCMR1;
2000595a:	687b      	ldr	r3, [r7, #4]
2000595c:	8b1b      	ldrh	r3, [r3, #24]
2000595e:	81fb      	strh	r3, [r7, #14]

  /* Reset the OC1CE Bit */
  tmpccmr1 &= (uint16_t)~TIM_CCMR1_OC1CE;
20005960:	89fb      	ldrh	r3, [r7, #14]
20005962:	f023 0380 	bic.w	r3, r3, #128	@ 0x80
20005966:	81fb      	strh	r3, [r7, #14]

  /* Enable or Disable the Output Compare Clear Bit */
  tmpccmr1 |= TIM_OCClear;
20005968:	89fa      	ldrh	r2, [r7, #14]
2000596a:	887b      	ldrh	r3, [r7, #2]
2000596c:	4313      	orrs	r3, r2
2000596e:	81fb      	strh	r3, [r7, #14]

  /* Write to TIMx CCMR1 register */
  TIMx->CCMR1 = tmpccmr1;
20005970:	687b      	ldr	r3, [r7, #4]
20005972:	89fa      	ldrh	r2, [r7, #14]
20005974:	831a      	strh	r2, [r3, #24]
}
20005976:	bf00      	nop
20005978:	3714      	adds	r7, #20
2000597a:	46bd      	mov	sp, r7
2000597c:	bc80      	pop	{r7}
2000597e:	4770      	bx	lr

20005980 <TIM_ClearOC2Ref>:
  *            @arg TIM_OCClear_Enable: TIM Output clear enable
  *            @arg TIM_OCClear_Disable: TIM Output clear disable
  * @retval None
  */
void TIM_ClearOC2Ref(TIM_TypeDef* TIMx, uint16_t TIM_OCClear)
{
20005980:	b480      	push	{r7}
20005982:	b085      	sub	sp, #20
20005984:	af00      	add	r7, sp, #0
20005986:	6078      	str	r0, [r7, #4]
20005988:	460b      	mov	r3, r1
2000598a:	807b      	strh	r3, [r7, #2]
  uint16_t tmpccmr1 = 0;
2000598c:	2300      	movs	r3, #0
2000598e:	81fb      	strh	r3, [r7, #14]

  /* Check the parameters */
  assert_param(IS_TIM_LIST2_PERIPH(TIMx));
  assert_param(IS_TIM_OCCLEAR_STATE(TIM_OCClear));

  tmpccmr1 = TIMx->CCMR1;
20005990:	687b      	ldr	r3, [r7, #4]
20005992:	8b1b      	ldrh	r3, [r3, #24]
20005994:	81fb      	strh	r3, [r7, #14]

  /* Reset the OC2CE Bit */
  tmpccmr1 &= (uint16_t)~TIM_CCMR1_OC2CE;
20005996:	89fb      	ldrh	r3, [r7, #14]
20005998:	f3c3 030e 	ubfx	r3, r3, #0, #15
2000599c:	81fb      	strh	r3, [r7, #14]

  /* Enable or Disable the Output Compare Clear Bit */
  tmpccmr1 |= (uint16_t)(TIM_OCClear << 8);
2000599e:	887b      	ldrh	r3, [r7, #2]
200059a0:	021b      	lsls	r3, r3, #8
200059a2:	b29a      	uxth	r2, r3
200059a4:	89fb      	ldrh	r3, [r7, #14]
200059a6:	4313      	orrs	r3, r2
200059a8:	81fb      	strh	r3, [r7, #14]

  /* Write to TIMx CCMR1 register */
  TIMx->CCMR1 = tmpccmr1;
200059aa:	687b      	ldr	r3, [r7, #4]
200059ac:	89fa      	ldrh	r2, [r7, #14]
200059ae:	831a      	strh	r2, [r3, #24]
}
200059b0:	bf00      	nop
200059b2:	3714      	adds	r7, #20
200059b4:	46bd      	mov	sp, r7
200059b6:	bc80      	pop	{r7}
200059b8:	4770      	bx	lr

200059ba <TIM_ClearOC3Ref>:
  *            @arg TIM_OCClear_Enable: TIM Output clear enable
  *            @arg TIM_OCClear_Disable: TIM Output clear disable
  * @retval None
  */
void TIM_ClearOC3Ref(TIM_TypeDef* TIMx, uint16_t TIM_OCClear)
{
200059ba:	b480      	push	{r7}
200059bc:	b085      	sub	sp, #20
200059be:	af00      	add	r7, sp, #0
200059c0:	6078      	str	r0, [r7, #4]
200059c2:	460b      	mov	r3, r1
200059c4:	807b      	strh	r3, [r7, #2]
  uint16_t tmpccmr2 = 0;
200059c6:	2300      	movs	r3, #0
200059c8:	81fb      	strh	r3, [r7, #14]

  /* Check the parameters */
  assert_param(IS_TIM_LIST3_PERIPH(TIMx));
  assert_param(IS_TIM_OCCLEAR_STATE(TIM_OCClear));

  tmpccmr2 = TIMx->CCMR2;
200059ca:	687b      	ldr	r3, [r7, #4]
200059cc:	8b9b      	ldrh	r3, [r3, #28]
200059ce:	81fb      	strh	r3, [r7, #14]

  /* Reset the OC3CE Bit */
  tmpccmr2 &= (uint16_t)~TIM_CCMR2_OC3CE;
200059d0:	89fb      	ldrh	r3, [r7, #14]
200059d2:	f023 0380 	bic.w	r3, r3, #128	@ 0x80
200059d6:	81fb      	strh	r3, [r7, #14]

  /* Enable or Disable the Output Compare Clear Bit */
  tmpccmr2 |= TIM_OCClear;
200059d8:	89fa      	ldrh	r2, [r7, #14]
200059da:	887b      	ldrh	r3, [r7, #2]
200059dc:	4313      	orrs	r3, r2
200059de:	81fb      	strh	r3, [r7, #14]

  /* Write to TIMx CCMR2 register */
  TIMx->CCMR2 = tmpccmr2;
200059e0:	687b      	ldr	r3, [r7, #4]
200059e2:	89fa      	ldrh	r2, [r7, #14]
200059e4:	839a      	strh	r2, [r3, #28]
}
200059e6:	bf00      	nop
200059e8:	3714      	adds	r7, #20
200059ea:	46bd      	mov	sp, r7
200059ec:	bc80      	pop	{r7}
200059ee:	4770      	bx	lr

200059f0 <TIM_ClearOC4Ref>:
  *            @arg TIM_OCClear_Enable: TIM Output clear enable
  *            @arg TIM_OCClear_Disable: TIM Output clear disable
  * @retval None
  */
void TIM_ClearOC4Ref(TIM_TypeDef* TIMx, uint16_t TIM_OCClear)
{
200059f0:	b480      	push	{r7}
200059f2:	b085      	sub	sp, #20
200059f4:	af00      	add	r7, sp, #0
200059f6:	6078      	str	r0, [r7, #4]
200059f8:	460b      	mov	r3, r1
200059fa:	807b      	strh	r3, [r7, #2]
  uint16_t tmpccmr2 = 0;
200059fc:	2300      	movs	r3, #0
200059fe:	81fb      	strh	r3, [r7, #14]

  /* Check the parameters */
  assert_param(IS_TIM_LIST3_PERIPH(TIMx));
  assert_param(IS_TIM_OCCLEAR_STATE(TIM_OCClear));

  tmpccmr2 = TIMx->CCMR2;
20005a00:	687b      	ldr	r3, [r7, #4]
20005a02:	8b9b      	ldrh	r3, [r3, #28]
20005a04:	81fb      	strh	r3, [r7, #14]

  /* Reset the OC4CE Bit */
  tmpccmr2 &= (uint16_t)~TIM_CCMR2_OC4CE;
20005a06:	89fb      	ldrh	r3, [r7, #14]
20005a08:	f3c3 030e 	ubfx	r3, r3, #0, #15
20005a0c:	81fb      	strh	r3, [r7, #14]

  /* Enable or Disable the Output Compare Clear Bit */
  tmpccmr2 |= (uint16_t)(TIM_OCClear << 8);
20005a0e:	887b      	ldrh	r3, [r7, #2]
20005a10:	021b      	lsls	r3, r3, #8
20005a12:	b29a      	uxth	r2, r3
20005a14:	89fb      	ldrh	r3, [r7, #14]
20005a16:	4313      	orrs	r3, r2
20005a18:	81fb      	strh	r3, [r7, #14]

  /* Write to TIMx CCMR2 register */
  TIMx->CCMR2 = tmpccmr2;
20005a1a:	687b      	ldr	r3, [r7, #4]
20005a1c:	89fa      	ldrh	r2, [r7, #14]
20005a1e:	839a      	strh	r2, [r3, #28]
}
20005a20:	bf00      	nop
20005a22:	3714      	adds	r7, #20
20005a24:	46bd      	mov	sp, r7
20005a26:	bc80      	pop	{r7}
20005a28:	4770      	bx	lr

20005a2a <TIM_OC1PolarityConfig>:
  *            @arg TIM_OCPolarity_High: Output Compare active high
  *            @arg TIM_OCPolarity_Low: Output Compare active low
  * @retval None
  */
void TIM_OC1PolarityConfig(TIM_TypeDef* TIMx, uint16_t TIM_OCPolarity)
{
20005a2a:	b480      	push	{r7}
20005a2c:	b085      	sub	sp, #20
20005a2e:	af00      	add	r7, sp, #0
20005a30:	6078      	str	r0, [r7, #4]
20005a32:	460b      	mov	r3, r1
20005a34:	807b      	strh	r3, [r7, #2]
  uint16_t tmpccer = 0;
20005a36:	2300      	movs	r3, #0
20005a38:	81fb      	strh	r3, [r7, #14]

  /* Check the parameters */
  assert_param(IS_TIM_LIST1_PERIPH(TIMx));
  assert_param(IS_TIM_OC_POLARITY(TIM_OCPolarity));

  tmpccer = TIMx->CCER;
20005a3a:	687b      	ldr	r3, [r7, #4]
20005a3c:	8c1b      	ldrh	r3, [r3, #32]
20005a3e:	81fb      	strh	r3, [r7, #14]

  /* Set or Reset the CC1P Bit */
  tmpccer &= (uint16_t)(~TIM_CCER_CC1P);
20005a40:	89fb      	ldrh	r3, [r7, #14]
20005a42:	f023 0302 	bic.w	r3, r3, #2
20005a46:	81fb      	strh	r3, [r7, #14]
  tmpccer |= TIM_OCPolarity;
20005a48:	89fa      	ldrh	r2, [r7, #14]
20005a4a:	887b      	ldrh	r3, [r7, #2]
20005a4c:	4313      	orrs	r3, r2
20005a4e:	81fb      	strh	r3, [r7, #14]

  /* Write to TIMx CCER register */
  TIMx->CCER = tmpccer;
20005a50:	687b      	ldr	r3, [r7, #4]
20005a52:	89fa      	ldrh	r2, [r7, #14]
20005a54:	841a      	strh	r2, [r3, #32]
}
20005a56:	bf00      	nop
20005a58:	3714      	adds	r7, #20
20005a5a:	46bd      	mov	sp, r7
20005a5c:	bc80      	pop	{r7}
20005a5e:	4770      	bx	lr

20005a60 <TIM_OC1NPolarityConfig>:
  *            @arg TIM_OCNPolarity_High: Output Compare active high
  *            @arg TIM_OCNPolarity_Low: Output Compare active low
  * @retval None
  */
void TIM_OC1NPolarityConfig(TIM_TypeDef* TIMx, uint16_t TIM_OCNPolarity)
{
20005a60:	b480      	push	{r7}
20005a62:	b085      	sub	sp, #20
20005a64:	af00      	add	r7, sp, #0
20005a66:	6078      	str	r0, [r7, #4]
20005a68:	460b      	mov	r3, r1
20005a6a:	807b      	strh	r3, [r7, #2]
  uint16_t tmpccer = 0;
20005a6c:	2300      	movs	r3, #0
20005a6e:	81fb      	strh	r3, [r7, #14]
  /* Check the parameters */
  assert_param(IS_TIM_LIST4_PERIPH(TIMx));
  assert_param(IS_TIM_OCN_POLARITY(TIM_OCNPolarity));
   
  tmpccer = TIMx->CCER;
20005a70:	687b      	ldr	r3, [r7, #4]
20005a72:	8c1b      	ldrh	r3, [r3, #32]
20005a74:	81fb      	strh	r3, [r7, #14]

  /* Set or Reset the CC1NP Bit */
  tmpccer &= (uint16_t)~TIM_CCER_CC1NP;
20005a76:	89fb      	ldrh	r3, [r7, #14]
20005a78:	f023 0308 	bic.w	r3, r3, #8
20005a7c:	81fb      	strh	r3, [r7, #14]
  tmpccer |= TIM_OCNPolarity;
20005a7e:	89fa      	ldrh	r2, [r7, #14]
20005a80:	887b      	ldrh	r3, [r7, #2]
20005a82:	4313      	orrs	r3, r2
20005a84:	81fb      	strh	r3, [r7, #14]

  /* Write to TIMx CCER register */
  TIMx->CCER = tmpccer;
20005a86:	687b      	ldr	r3, [r7, #4]
20005a88:	89fa      	ldrh	r2, [r7, #14]
20005a8a:	841a      	strh	r2, [r3, #32]
}
20005a8c:	bf00      	nop
20005a8e:	3714      	adds	r7, #20
20005a90:	46bd      	mov	sp, r7
20005a92:	bc80      	pop	{r7}
20005a94:	4770      	bx	lr

20005a96 <TIM_OC2PolarityConfig>:
  *            @arg TIM_OCPolarity_High: Output Compare active high
  *            @arg TIM_OCPolarity_Low: Output Compare active low
  * @retval None
  */
void TIM_OC2PolarityConfig(TIM_TypeDef* TIMx, uint16_t TIM_OCPolarity)
{
20005a96:	b480      	push	{r7}
20005a98:	b085      	sub	sp, #20
20005a9a:	af00      	add	r7, sp, #0
20005a9c:	6078      	str	r0, [r7, #4]
20005a9e:	460b      	mov	r3, r1
20005aa0:	807b      	strh	r3, [r7, #2]
  uint16_t tmpccer = 0;
20005aa2:	2300      	movs	r3, #0
20005aa4:	81fb      	strh	r3, [r7, #14]

  /* Check the parameters */
  assert_param(IS_TIM_LIST2_PERIPH(TIMx));
  assert_param(IS_TIM_OC_POLARITY(TIM_OCPolarity));

  tmpccer = TIMx->CCER;
20005aa6:	687b      	ldr	r3, [r7, #4]
20005aa8:	8c1b      	ldrh	r3, [r3, #32]
20005aaa:	81fb      	strh	r3, [r7, #14]

  /* Set or Reset the CC2P Bit */
  tmpccer &= (uint16_t)(~TIM_CCER_CC2P);
20005aac:	89fb      	ldrh	r3, [r7, #14]
20005aae:	f023 0320 	bic.w	r3, r3, #32
20005ab2:	81fb      	strh	r3, [r7, #14]
  tmpccer |= (uint16_t)(TIM_OCPolarity << 4);
20005ab4:	887b      	ldrh	r3, [r7, #2]
20005ab6:	011b      	lsls	r3, r3, #4
20005ab8:	b29a      	uxth	r2, r3
20005aba:	89fb      	ldrh	r3, [r7, #14]
20005abc:	4313      	orrs	r3, r2
20005abe:	81fb      	strh	r3, [r7, #14]

  /* Write to TIMx CCER register */
  TIMx->CCER = tmpccer;
20005ac0:	687b      	ldr	r3, [r7, #4]
20005ac2:	89fa      	ldrh	r2, [r7, #14]
20005ac4:	841a      	strh	r2, [r3, #32]
}
20005ac6:	bf00      	nop
20005ac8:	3714      	adds	r7, #20
20005aca:	46bd      	mov	sp, r7
20005acc:	bc80      	pop	{r7}
20005ace:	4770      	bx	lr

20005ad0 <TIM_OC2NPolarityConfig>:
  *            @arg TIM_OCNPolarity_High: Output Compare active high
  *            @arg TIM_OCNPolarity_Low: Output Compare active low
  * @retval None
  */
void TIM_OC2NPolarityConfig(TIM_TypeDef* TIMx, uint16_t TIM_OCNPolarity)
{
20005ad0:	b480      	push	{r7}
20005ad2:	b085      	sub	sp, #20
20005ad4:	af00      	add	r7, sp, #0
20005ad6:	6078      	str	r0, [r7, #4]
20005ad8:	460b      	mov	r3, r1
20005ada:	807b      	strh	r3, [r7, #2]
  uint16_t tmpccer = 0;
20005adc:	2300      	movs	r3, #0
20005ade:	81fb      	strh	r3, [r7, #14]

  /* Check the parameters */
  assert_param(IS_TIM_LIST4_PERIPH(TIMx));
  assert_param(IS_TIM_OCN_POLARITY(TIM_OCNPolarity));
  
  tmpccer = TIMx->CCER;
20005ae0:	687b      	ldr	r3, [r7, #4]
20005ae2:	8c1b      	ldrh	r3, [r3, #32]
20005ae4:	81fb      	strh	r3, [r7, #14]

  /* Set or Reset the CC2NP Bit */
  tmpccer &= (uint16_t)~TIM_CCER_CC2NP;
20005ae6:	89fb      	ldrh	r3, [r7, #14]
20005ae8:	f023 0380 	bic.w	r3, r3, #128	@ 0x80
20005aec:	81fb      	strh	r3, [r7, #14]
  tmpccer |= (uint16_t)(TIM_OCNPolarity << 4);
20005aee:	887b      	ldrh	r3, [r7, #2]
20005af0:	011b      	lsls	r3, r3, #4
20005af2:	b29a      	uxth	r2, r3
20005af4:	89fb      	ldrh	r3, [r7, #14]
20005af6:	4313      	orrs	r3, r2
20005af8:	81fb      	strh	r3, [r7, #14]

  /* Write to TIMx CCER register */
  TIMx->CCER = tmpccer;
20005afa:	687b      	ldr	r3, [r7, #4]
20005afc:	89fa      	ldrh	r2, [r7, #14]
20005afe:	841a      	strh	r2, [r3, #32]
}
20005b00:	bf00      	nop
20005b02:	3714      	adds	r7, #20
20005b04:	46bd      	mov	sp, r7
20005b06:	bc80      	pop	{r7}
20005b08:	4770      	bx	lr

20005b0a <TIM_OC3PolarityConfig>:
  *            @arg TIM_OCPolarity_High: Output Compare active high
  *            @arg TIM_OCPolarity_Low: Output Compare active low
  * @retval None
  */
void TIM_OC3PolarityConfig(TIM_TypeDef* TIMx, uint16_t TIM_OCPolarity)
{
20005b0a:	b480      	push	{r7}
20005b0c:	b085      	sub	sp, #20
20005b0e:	af00      	add	r7, sp, #0
20005b10:	6078      	str	r0, [r7, #4]
20005b12:	460b      	mov	r3, r1
20005b14:	807b      	strh	r3, [r7, #2]
  uint16_t tmpccer = 0;
20005b16:	2300      	movs	r3, #0
20005b18:	81fb      	strh	r3, [r7, #14]

  /* Check the parameters */
  assert_param(IS_TIM_LIST3_PERIPH(TIMx));
  assert_param(IS_TIM_OC_POLARITY(TIM_OCPolarity));

  tmpccer = TIMx->CCER;
20005b1a:	687b      	ldr	r3, [r7, #4]
20005b1c:	8c1b      	ldrh	r3, [r3, #32]
20005b1e:	81fb      	strh	r3, [r7, #14]

  /* Set or Reset the CC3P Bit */
  tmpccer &= (uint16_t)~TIM_CCER_CC3P;
20005b20:	89fb      	ldrh	r3, [r7, #14]
20005b22:	f423 7300 	bic.w	r3, r3, #512	@ 0x200
20005b26:	81fb      	strh	r3, [r7, #14]
  tmpccer |= (uint16_t)(TIM_OCPolarity << 8);
20005b28:	887b      	ldrh	r3, [r7, #2]
20005b2a:	021b      	lsls	r3, r3, #8
20005b2c:	b29a      	uxth	r2, r3
20005b2e:	89fb      	ldrh	r3, [r7, #14]
20005b30:	4313      	orrs	r3, r2
20005b32:	81fb      	strh	r3, [r7, #14]

  /* Write to TIMx CCER register */
  TIMx->CCER = tmpccer;
20005b34:	687b      	ldr	r3, [r7, #4]
20005b36:	89fa      	ldrh	r2, [r7, #14]
20005b38:	841a      	strh	r2, [r3, #32]
}
20005b3a:	bf00      	nop
20005b3c:	3714      	adds	r7, #20
20005b3e:	46bd      	mov	sp, r7
20005b40:	bc80      	pop	{r7}
20005b42:	4770      	bx	lr

20005b44 <TIM_OC3NPolarityConfig>:
  *            @arg TIM_OCNPolarity_High: Output Compare active high
  *            @arg TIM_OCNPolarity_Low: Output Compare active low
  * @retval None
  */
void TIM_OC3NPolarityConfig(TIM_TypeDef* TIMx, uint16_t TIM_OCNPolarity)
{
20005b44:	b480      	push	{r7}
20005b46:	b085      	sub	sp, #20
20005b48:	af00      	add	r7, sp, #0
20005b4a:	6078      	str	r0, [r7, #4]
20005b4c:	460b      	mov	r3, r1
20005b4e:	807b      	strh	r3, [r7, #2]
  uint16_t tmpccer = 0;
20005b50:	2300      	movs	r3, #0
20005b52:	81fb      	strh	r3, [r7, #14]
 
  /* Check the parameters */
  assert_param(IS_TIM_LIST4_PERIPH(TIMx));
  assert_param(IS_TIM_OCN_POLARITY(TIM_OCNPolarity));
    
  tmpccer = TIMx->CCER;
20005b54:	687b      	ldr	r3, [r7, #4]
20005b56:	8c1b      	ldrh	r3, [r3, #32]
20005b58:	81fb      	strh	r3, [r7, #14]

  /* Set or Reset the CC3NP Bit */
  tmpccer &= (uint16_t)~TIM_CCER_CC3NP;
20005b5a:	89fb      	ldrh	r3, [r7, #14]
20005b5c:	f423 6300 	bic.w	r3, r3, #2048	@ 0x800
20005b60:	81fb      	strh	r3, [r7, #14]
  tmpccer |= (uint16_t)(TIM_OCNPolarity << 8);
20005b62:	887b      	ldrh	r3, [r7, #2]
20005b64:	021b      	lsls	r3, r3, #8
20005b66:	b29a      	uxth	r2, r3
20005b68:	89fb      	ldrh	r3, [r7, #14]
20005b6a:	4313      	orrs	r3, r2
20005b6c:	81fb      	strh	r3, [r7, #14]

  /* Write to TIMx CCER register */
  TIMx->CCER = tmpccer;
20005b6e:	687b      	ldr	r3, [r7, #4]
20005b70:	89fa      	ldrh	r2, [r7, #14]
20005b72:	841a      	strh	r2, [r3, #32]
}
20005b74:	bf00      	nop
20005b76:	3714      	adds	r7, #20
20005b78:	46bd      	mov	sp, r7
20005b7a:	bc80      	pop	{r7}
20005b7c:	4770      	bx	lr

20005b7e <TIM_OC4PolarityConfig>:
  *            @arg TIM_OCPolarity_High: Output Compare active high
  *            @arg TIM_OCPolarity_Low: Output Compare active low
  * @retval None
  */
void TIM_OC4PolarityConfig(TIM_TypeDef* TIMx, uint16_t TIM_OCPolarity)
{
20005b7e:	b480      	push	{r7}
20005b80:	b085      	sub	sp, #20
20005b82:	af00      	add	r7, sp, #0
20005b84:	6078      	str	r0, [r7, #4]
20005b86:	460b      	mov	r3, r1
20005b88:	807b      	strh	r3, [r7, #2]
  uint16_t tmpccer = 0;
20005b8a:	2300      	movs	r3, #0
20005b8c:	81fb      	strh	r3, [r7, #14]

  /* Check the parameters */
  assert_param(IS_TIM_LIST3_PERIPH(TIMx));
  assert_param(IS_TIM_OC_POLARITY(TIM_OCPolarity));

  tmpccer = TIMx->CCER;
20005b8e:	687b      	ldr	r3, [r7, #4]
20005b90:	8c1b      	ldrh	r3, [r3, #32]
20005b92:	81fb      	strh	r3, [r7, #14]

  /* Set or Reset the CC4P Bit */
  tmpccer &= (uint16_t)~TIM_CCER_CC4P;
20005b94:	89fb      	ldrh	r3, [r7, #14]
20005b96:	f423 5300 	bic.w	r3, r3, #8192	@ 0x2000
20005b9a:	81fb      	strh	r3, [r7, #14]
  tmpccer |= (uint16_t)(TIM_OCPolarity << 12);
20005b9c:	887b      	ldrh	r3, [r7, #2]
20005b9e:	031b      	lsls	r3, r3, #12
20005ba0:	b29a      	uxth	r2, r3
20005ba2:	89fb      	ldrh	r3, [r7, #14]
20005ba4:	4313      	orrs	r3, r2
20005ba6:	81fb      	strh	r3, [r7, #14]

  /* Write to TIMx CCER register */
  TIMx->CCER = tmpccer;
20005ba8:	687b      	ldr	r3, [r7, #4]
20005baa:	89fa      	ldrh	r2, [r7, #14]
20005bac:	841a      	strh	r2, [r3, #32]
}
20005bae:	bf00      	nop
20005bb0:	3714      	adds	r7, #20
20005bb2:	46bd      	mov	sp, r7
20005bb4:	bc80      	pop	{r7}
20005bb6:	4770      	bx	lr

20005bb8 <TIM_CCxCmd>:
  * @param  TIM_CCx: specifies the TIM Channel CCxE bit new state.
  *          This parameter can be: TIM_CCx_Enable or TIM_CCx_Disable. 
  * @retval None
  */
void TIM_CCxCmd(TIM_TypeDef* TIMx, uint16_t TIM_Channel, uint16_t TIM_CCx)
{
20005bb8:	b480      	push	{r7}
20005bba:	b085      	sub	sp, #20
20005bbc:	af00      	add	r7, sp, #0
20005bbe:	6078      	str	r0, [r7, #4]
20005bc0:	460b      	mov	r3, r1
20005bc2:	807b      	strh	r3, [r7, #2]
20005bc4:	4613      	mov	r3, r2
20005bc6:	803b      	strh	r3, [r7, #0]
  uint16_t tmp = 0;
20005bc8:	2300      	movs	r3, #0
20005bca:	81fb      	strh	r3, [r7, #14]
  /* Check the parameters */
  assert_param(IS_TIM_LIST1_PERIPH(TIMx)); 
  assert_param(IS_TIM_CHANNEL(TIM_Channel));
  assert_param(IS_TIM_CCX(TIM_CCx));

  tmp = CCER_CCE_SET << TIM_Channel;
20005bcc:	887b      	ldrh	r3, [r7, #2]
20005bce:	2201      	movs	r2, #1
20005bd0:	fa02 f303 	lsl.w	r3, r2, r3
20005bd4:	81fb      	strh	r3, [r7, #14]

  /* Reset the CCxE Bit */
  TIMx->CCER &= (uint16_t)~ tmp;
20005bd6:	687b      	ldr	r3, [r7, #4]
20005bd8:	8c1b      	ldrh	r3, [r3, #32]
20005bda:	b29a      	uxth	r2, r3
20005bdc:	89fb      	ldrh	r3, [r7, #14]
20005bde:	43db      	mvns	r3, r3
20005be0:	b29b      	uxth	r3, r3
20005be2:	4013      	ands	r3, r2
20005be4:	b29a      	uxth	r2, r3
20005be6:	687b      	ldr	r3, [r7, #4]
20005be8:	841a      	strh	r2, [r3, #32]

  /* Set or reset the CCxE Bit */ 
  TIMx->CCER |=  (uint16_t)(TIM_CCx << TIM_Channel);
20005bea:	687b      	ldr	r3, [r7, #4]
20005bec:	8c1b      	ldrh	r3, [r3, #32]
20005bee:	b29a      	uxth	r2, r3
20005bf0:	8839      	ldrh	r1, [r7, #0]
20005bf2:	887b      	ldrh	r3, [r7, #2]
20005bf4:	fa01 f303 	lsl.w	r3, r1, r3
20005bf8:	b29b      	uxth	r3, r3
20005bfa:	4313      	orrs	r3, r2
20005bfc:	b29a      	uxth	r2, r3
20005bfe:	687b      	ldr	r3, [r7, #4]
20005c00:	841a      	strh	r2, [r3, #32]
}
20005c02:	bf00      	nop
20005c04:	3714      	adds	r7, #20
20005c06:	46bd      	mov	sp, r7
20005c08:	bc80      	pop	{r7}
20005c0a:	4770      	bx	lr

20005c0c <TIM_CCxNCmd>:
  * @param  TIM_CCxN: specifies the TIM Channel CCxNE bit new state.
  *          This parameter can be: TIM_CCxN_Enable or TIM_CCxN_Disable. 
  * @retval None
  */
void TIM_CCxNCmd(TIM_TypeDef* TIMx, uint16_t TIM_Channel, uint16_t TIM_CCxN)
{
20005c0c:	b480      	push	{r7}
20005c0e:	b085      	sub	sp, #20
20005c10:	af00      	add	r7, sp, #0
20005c12:	6078      	str	r0, [r7, #4]
20005c14:	460b      	mov	r3, r1
20005c16:	807b      	strh	r3, [r7, #2]
20005c18:	4613      	mov	r3, r2
20005c1a:	803b      	strh	r3, [r7, #0]
  uint16_t tmp = 0;
20005c1c:	2300      	movs	r3, #0
20005c1e:	81fb      	strh	r3, [r7, #14]
  /* Check the parameters */
  assert_param(IS_TIM_LIST4_PERIPH(TIMx));
  assert_param(IS_TIM_COMPLEMENTARY_CHANNEL(TIM_Channel));
  assert_param(IS_TIM_CCXN(TIM_CCxN));

  tmp = CCER_CCNE_SET << TIM_Channel;
20005c20:	887b      	ldrh	r3, [r7, #2]
20005c22:	2204      	movs	r2, #4
20005c24:	fa02 f303 	lsl.w	r3, r2, r3
20005c28:	81fb      	strh	r3, [r7, #14]

  /* Reset the CCxNE Bit */
  TIMx->CCER &= (uint16_t) ~tmp;
20005c2a:	687b      	ldr	r3, [r7, #4]
20005c2c:	8c1b      	ldrh	r3, [r3, #32]
20005c2e:	b29a      	uxth	r2, r3
20005c30:	89fb      	ldrh	r3, [r7, #14]
20005c32:	43db      	mvns	r3, r3
20005c34:	b29b      	uxth	r3, r3
20005c36:	4013      	ands	r3, r2
20005c38:	b29a      	uxth	r2, r3
20005c3a:	687b      	ldr	r3, [r7, #4]
20005c3c:	841a      	strh	r2, [r3, #32]

  /* Set or reset the CCxNE Bit */ 
  TIMx->CCER |=  (uint16_t)(TIM_CCxN << TIM_Channel);
20005c3e:	687b      	ldr	r3, [r7, #4]
20005c40:	8c1b      	ldrh	r3, [r3, #32]
20005c42:	b29a      	uxth	r2, r3
20005c44:	8839      	ldrh	r1, [r7, #0]
20005c46:	887b      	ldrh	r3, [r7, #2]
20005c48:	fa01 f303 	lsl.w	r3, r1, r3
20005c4c:	b29b      	uxth	r3, r3
20005c4e:	4313      	orrs	r3, r2
20005c50:	b29a      	uxth	r2, r3
20005c52:	687b      	ldr	r3, [r7, #4]
20005c54:	841a      	strh	r2, [r3, #32]
}
20005c56:	bf00      	nop
20005c58:	3714      	adds	r7, #20
20005c5a:	46bd      	mov	sp, r7
20005c5c:	bc80      	pop	{r7}
20005c5e:	4770      	bx	lr

20005c60 <TIM_ICInit>:
  * @param  TIM_ICInitStruct: pointer to a TIM_ICInitTypeDef structure that contains
  *         the configuration information for the specified TIM peripheral.
  * @retval None
  */
void TIM_ICInit(TIM_TypeDef* TIMx, TIM_ICInitTypeDef* TIM_ICInitStruct)
{
20005c60:	b580      	push	{r7, lr}
20005c62:	b082      	sub	sp, #8
20005c64:	af00      	add	r7, sp, #0
20005c66:	6078      	str	r0, [r7, #4]
20005c68:	6039      	str	r1, [r7, #0]
  assert_param(IS_TIM_IC_POLARITY(TIM_ICInitStruct->TIM_ICPolarity));
  assert_param(IS_TIM_IC_SELECTION(TIM_ICInitStruct->TIM_ICSelection));
  assert_param(IS_TIM_IC_PRESCALER(TIM_ICInitStruct->TIM_ICPrescaler));
  assert_param(IS_TIM_IC_FILTER(TIM_ICInitStruct->TIM_ICFilter));
  
  if (TIM_ICInitStruct->TIM_Channel == TIM_Channel_1)
20005c6a:	683b      	ldr	r3, [r7, #0]
20005c6c:	881b      	ldrh	r3, [r3, #0]
20005c6e:	2b00      	cmp	r3, #0
20005c70:	d10f      	bne.n	20005c92 <TIM_ICInit+0x32>
  {
    /* TI1 Configuration */
    TI1_Config(TIMx, TIM_ICInitStruct->TIM_ICPolarity,
20005c72:	683b      	ldr	r3, [r7, #0]
20005c74:	8859      	ldrh	r1, [r3, #2]
20005c76:	683b      	ldr	r3, [r7, #0]
20005c78:	889a      	ldrh	r2, [r3, #4]
20005c7a:	683b      	ldr	r3, [r7, #0]
20005c7c:	891b      	ldrh	r3, [r3, #8]
20005c7e:	6878      	ldr	r0, [r7, #4]
20005c80:	f000 fc97 	bl	200065b2 <TI1_Config>
               TIM_ICInitStruct->TIM_ICSelection,
               TIM_ICInitStruct->TIM_ICFilter);
    /* Set the Input Capture Prescaler value */
    TIM_SetIC1Prescaler(TIMx, TIM_ICInitStruct->TIM_ICPrescaler);
20005c84:	683b      	ldr	r3, [r7, #0]
20005c86:	88db      	ldrh	r3, [r3, #6]
20005c88:	4619      	mov	r1, r3
20005c8a:	6878      	ldr	r0, [r7, #4]
20005c8c:	f000 f8dc 	bl	20005e48 <TIM_SetIC1Prescaler>
               TIM_ICInitStruct->TIM_ICSelection,
               TIM_ICInitStruct->TIM_ICFilter);
    /* Set the Input Capture Prescaler value */
    TIM_SetIC4Prescaler(TIMx, TIM_ICInitStruct->TIM_ICPrescaler);
  }
}
20005c90:	e036      	b.n	20005d00 <TIM_ICInit+0xa0>
  else if (TIM_ICInitStruct->TIM_Channel == TIM_Channel_2)
20005c92:	683b      	ldr	r3, [r7, #0]
20005c94:	881b      	ldrh	r3, [r3, #0]
20005c96:	2b04      	cmp	r3, #4
20005c98:	d10f      	bne.n	20005cba <TIM_ICInit+0x5a>
    TI2_Config(TIMx, TIM_ICInitStruct->TIM_ICPolarity,
20005c9a:	683b      	ldr	r3, [r7, #0]
20005c9c:	8859      	ldrh	r1, [r3, #2]
20005c9e:	683b      	ldr	r3, [r7, #0]
20005ca0:	889a      	ldrh	r2, [r3, #4]
20005ca2:	683b      	ldr	r3, [r7, #0]
20005ca4:	891b      	ldrh	r3, [r3, #8]
20005ca6:	6878      	ldr	r0, [r7, #4]
20005ca8:	f000 fcc5 	bl	20006636 <TI2_Config>
    TIM_SetIC2Prescaler(TIMx, TIM_ICInitStruct->TIM_ICPrescaler);
20005cac:	683b      	ldr	r3, [r7, #0]
20005cae:	88db      	ldrh	r3, [r3, #6]
20005cb0:	4619      	mov	r1, r3
20005cb2:	6878      	ldr	r0, [r7, #4]
20005cb4:	f000 f8e3 	bl	20005e7e <TIM_SetIC2Prescaler>
}
20005cb8:	e022      	b.n	20005d00 <TIM_ICInit+0xa0>
  else if (TIM_ICInitStruct->TIM_Channel == TIM_Channel_3)
20005cba:	683b      	ldr	r3, [r7, #0]
20005cbc:	881b      	ldrh	r3, [r3, #0]
20005cbe:	2b08      	cmp	r3, #8
20005cc0:	d10f      	bne.n	20005ce2 <TIM_ICInit+0x82>
    TI3_Config(TIMx,  TIM_ICInitStruct->TIM_ICPolarity,
20005cc2:	683b      	ldr	r3, [r7, #0]
20005cc4:	8859      	ldrh	r1, [r3, #2]
20005cc6:	683b      	ldr	r3, [r7, #0]
20005cc8:	889a      	ldrh	r2, [r3, #4]
20005cca:	683b      	ldr	r3, [r7, #0]
20005ccc:	891b      	ldrh	r3, [r3, #8]
20005cce:	6878      	ldr	r0, [r7, #4]
20005cd0:	f000 fcfd 	bl	200066ce <TI3_Config>
    TIM_SetIC3Prescaler(TIMx, TIM_ICInitStruct->TIM_ICPrescaler);
20005cd4:	683b      	ldr	r3, [r7, #0]
20005cd6:	88db      	ldrh	r3, [r3, #6]
20005cd8:	4619      	mov	r1, r3
20005cda:	6878      	ldr	r0, [r7, #4]
20005cdc:	f000 f8ec 	bl	20005eb8 <TIM_SetIC3Prescaler>
}
20005ce0:	e00e      	b.n	20005d00 <TIM_ICInit+0xa0>
    TI4_Config(TIMx, TIM_ICInitStruct->TIM_ICPolarity,
20005ce2:	683b      	ldr	r3, [r7, #0]
20005ce4:	8859      	ldrh	r1, [r3, #2]
20005ce6:	683b      	ldr	r3, [r7, #0]
20005ce8:	889a      	ldrh	r2, [r3, #4]
20005cea:	683b      	ldr	r3, [r7, #0]
20005cec:	891b      	ldrh	r3, [r3, #8]
20005cee:	6878      	ldr	r0, [r7, #4]
20005cf0:	f000 fd34 	bl	2000675c <TI4_Config>
    TIM_SetIC4Prescaler(TIMx, TIM_ICInitStruct->TIM_ICPrescaler);
20005cf4:	683b      	ldr	r3, [r7, #0]
20005cf6:	88db      	ldrh	r3, [r3, #6]
20005cf8:	4619      	mov	r1, r3
20005cfa:	6878      	ldr	r0, [r7, #4]
20005cfc:	f000 f8f7 	bl	20005eee <TIM_SetIC4Prescaler>
}
20005d00:	bf00      	nop
20005d02:	3708      	adds	r7, #8
20005d04:	46bd      	mov	sp, r7
20005d06:	bd80      	pop	{r7, pc}

20005d08 <TIM_ICStructInit>:
  * @param  TIM_ICInitStruct: pointer to a TIM_ICInitTypeDef structure which will
  *         be initialized.
  * @retval None
  */
void TIM_ICStructInit(TIM_ICInitTypeDef* TIM_ICInitStruct)
{
20005d08:	b480      	push	{r7}
20005d0a:	b083      	sub	sp, #12
20005d0c:	af00      	add	r7, sp, #0
20005d0e:	6078      	str	r0, [r7, #4]
  /* Set the default configuration */
  TIM_ICInitStruct->TIM_Channel = TIM_Channel_1;
20005d10:	687b      	ldr	r3, [r7, #4]
20005d12:	2200      	movs	r2, #0
20005d14:	801a      	strh	r2, [r3, #0]
  TIM_ICInitStruct->TIM_ICPolarity = TIM_ICPolarity_Rising;
20005d16:	687b      	ldr	r3, [r7, #4]
20005d18:	2200      	movs	r2, #0
20005d1a:	805a      	strh	r2, [r3, #2]
  TIM_ICInitStruct->TIM_ICSelection = TIM_ICSelection_DirectTI;
20005d1c:	687b      	ldr	r3, [r7, #4]
20005d1e:	2201      	movs	r2, #1
20005d20:	809a      	strh	r2, [r3, #4]
  TIM_ICInitStruct->TIM_ICPrescaler = TIM_ICPSC_DIV1;
20005d22:	687b      	ldr	r3, [r7, #4]
20005d24:	2200      	movs	r2, #0
20005d26:	80da      	strh	r2, [r3, #6]
  TIM_ICInitStruct->TIM_ICFilter = 0x00;
20005d28:	687b      	ldr	r3, [r7, #4]
20005d2a:	2200      	movs	r2, #0
20005d2c:	811a      	strh	r2, [r3, #8]
}
20005d2e:	bf00      	nop
20005d30:	370c      	adds	r7, #12
20005d32:	46bd      	mov	sp, r7
20005d34:	bc80      	pop	{r7}
20005d36:	4770      	bx	lr

20005d38 <TIM_PWMIConfig>:
  * @param  TIM_ICInitStruct: pointer to a TIM_ICInitTypeDef structure that contains
  *         the configuration information for the specified TIM peripheral.
  * @retval None
  */
void TIM_PWMIConfig(TIM_TypeDef* TIMx, TIM_ICInitTypeDef* TIM_ICInitStruct)
{
20005d38:	b580      	push	{r7, lr}
20005d3a:	b084      	sub	sp, #16
20005d3c:	af00      	add	r7, sp, #0
20005d3e:	6078      	str	r0, [r7, #4]
20005d40:	6039      	str	r1, [r7, #0]
  uint16_t icoppositepolarity = TIM_ICPolarity_Rising;
20005d42:	2300      	movs	r3, #0
20005d44:	81fb      	strh	r3, [r7, #14]
  uint16_t icoppositeselection = TIM_ICSelection_DirectTI;
20005d46:	2301      	movs	r3, #1
20005d48:	81bb      	strh	r3, [r7, #12]

  /* Check the parameters */
  assert_param(IS_TIM_LIST2_PERIPH(TIMx));

  /* Select the Opposite Input Polarity */
  if (TIM_ICInitStruct->TIM_ICPolarity == TIM_ICPolarity_Rising)
20005d4a:	683b      	ldr	r3, [r7, #0]
20005d4c:	885b      	ldrh	r3, [r3, #2]
20005d4e:	2b00      	cmp	r3, #0
20005d50:	d102      	bne.n	20005d58 <TIM_PWMIConfig+0x20>
  {
    icoppositepolarity = TIM_ICPolarity_Falling;
20005d52:	2302      	movs	r3, #2
20005d54:	81fb      	strh	r3, [r7, #14]
20005d56:	e001      	b.n	20005d5c <TIM_PWMIConfig+0x24>
  }
  else
  {
    icoppositepolarity = TIM_ICPolarity_Rising;
20005d58:	2300      	movs	r3, #0
20005d5a:	81fb      	strh	r3, [r7, #14]
  }
  /* Select the Opposite Input */
  if (TIM_ICInitStruct->TIM_ICSelection == TIM_ICSelection_DirectTI)
20005d5c:	683b      	ldr	r3, [r7, #0]
20005d5e:	889b      	ldrh	r3, [r3, #4]
20005d60:	2b01      	cmp	r3, #1
20005d62:	d102      	bne.n	20005d6a <TIM_PWMIConfig+0x32>
  {
    icoppositeselection = TIM_ICSelection_IndirectTI;
20005d64:	2302      	movs	r3, #2
20005d66:	81bb      	strh	r3, [r7, #12]
20005d68:	e001      	b.n	20005d6e <TIM_PWMIConfig+0x36>
  }
  else
  {
    icoppositeselection = TIM_ICSelection_DirectTI;
20005d6a:	2301      	movs	r3, #1
20005d6c:	81bb      	strh	r3, [r7, #12]
  }
  if (TIM_ICInitStruct->TIM_Channel == TIM_Channel_1)
20005d6e:	683b      	ldr	r3, [r7, #0]
20005d70:	881b      	ldrh	r3, [r3, #0]
20005d72:	2b00      	cmp	r3, #0
20005d74:	d11c      	bne.n	20005db0 <TIM_PWMIConfig+0x78>
  {
    /* TI1 Configuration */
    TI1_Config(TIMx, TIM_ICInitStruct->TIM_ICPolarity, TIM_ICInitStruct->TIM_ICSelection,
20005d76:	683b      	ldr	r3, [r7, #0]
20005d78:	8859      	ldrh	r1, [r3, #2]
20005d7a:	683b      	ldr	r3, [r7, #0]
20005d7c:	889a      	ldrh	r2, [r3, #4]
20005d7e:	683b      	ldr	r3, [r7, #0]
20005d80:	891b      	ldrh	r3, [r3, #8]
20005d82:	6878      	ldr	r0, [r7, #4]
20005d84:	f000 fc15 	bl	200065b2 <TI1_Config>
               TIM_ICInitStruct->TIM_ICFilter);
    /* Set the Input Capture Prescaler value */
    TIM_SetIC1Prescaler(TIMx, TIM_ICInitStruct->TIM_ICPrescaler);
20005d88:	683b      	ldr	r3, [r7, #0]
20005d8a:	88db      	ldrh	r3, [r3, #6]
20005d8c:	4619      	mov	r1, r3
20005d8e:	6878      	ldr	r0, [r7, #4]
20005d90:	f000 f85a 	bl	20005e48 <TIM_SetIC1Prescaler>
    /* TI2 Configuration */
    TI2_Config(TIMx, icoppositepolarity, icoppositeselection, TIM_ICInitStruct->TIM_ICFilter);
20005d94:	683b      	ldr	r3, [r7, #0]
20005d96:	891b      	ldrh	r3, [r3, #8]
20005d98:	89ba      	ldrh	r2, [r7, #12]
20005d9a:	89f9      	ldrh	r1, [r7, #14]
20005d9c:	6878      	ldr	r0, [r7, #4]
20005d9e:	f000 fc4a 	bl	20006636 <TI2_Config>
    /* Set the Input Capture Prescaler value */
    TIM_SetIC2Prescaler(TIMx, TIM_ICInitStruct->TIM_ICPrescaler);
20005da2:	683b      	ldr	r3, [r7, #0]
20005da4:	88db      	ldrh	r3, [r3, #6]
20005da6:	4619      	mov	r1, r3
20005da8:	6878      	ldr	r0, [r7, #4]
20005daa:	f000 f868 	bl	20005e7e <TIM_SetIC2Prescaler>
    /* TI1 Configuration */
    TI1_Config(TIMx, icoppositepolarity, icoppositeselection, TIM_ICInitStruct->TIM_ICFilter);
    /* Set the Input Capture Prescaler value */
    TIM_SetIC1Prescaler(TIMx, TIM_ICInitStruct->TIM_ICPrescaler);
  }
}
20005dae:	e01b      	b.n	20005de8 <TIM_PWMIConfig+0xb0>
    TI2_Config(TIMx, TIM_ICInitStruct->TIM_ICPolarity, TIM_ICInitStruct->TIM_ICSelection,
20005db0:	683b      	ldr	r3, [r7, #0]
20005db2:	8859      	ldrh	r1, [r3, #2]
20005db4:	683b      	ldr	r3, [r7, #0]
20005db6:	889a      	ldrh	r2, [r3, #4]
20005db8:	683b      	ldr	r3, [r7, #0]
20005dba:	891b      	ldrh	r3, [r3, #8]
20005dbc:	6878      	ldr	r0, [r7, #4]
20005dbe:	f000 fc3a 	bl	20006636 <TI2_Config>
    TIM_SetIC2Prescaler(TIMx, TIM_ICInitStruct->TIM_ICPrescaler);
20005dc2:	683b      	ldr	r3, [r7, #0]
20005dc4:	88db      	ldrh	r3, [r3, #6]
20005dc6:	4619      	mov	r1, r3
20005dc8:	6878      	ldr	r0, [r7, #4]
20005dca:	f000 f858 	bl	20005e7e <TIM_SetIC2Prescaler>
    TI1_Config(TIMx, icoppositepolarity, icoppositeselection, TIM_ICInitStruct->TIM_ICFilter);
20005dce:	683b      	ldr	r3, [r7, #0]
20005dd0:	891b      	ldrh	r3, [r3, #8]
20005dd2:	89ba      	ldrh	r2, [r7, #12]
20005dd4:	89f9      	ldrh	r1, [r7, #14]
20005dd6:	6878      	ldr	r0, [r7, #4]
20005dd8:	f000 fbeb 	bl	200065b2 <TI1_Config>
    TIM_SetIC1Prescaler(TIMx, TIM_ICInitStruct->TIM_ICPrescaler);
20005ddc:	683b      	ldr	r3, [r7, #0]
20005dde:	88db      	ldrh	r3, [r3, #6]
20005de0:	4619      	mov	r1, r3
20005de2:	6878      	ldr	r0, [r7, #4]
20005de4:	f000 f830 	bl	20005e48 <TIM_SetIC1Prescaler>
}
20005de8:	bf00      	nop
20005dea:	3710      	adds	r7, #16
20005dec:	46bd      	mov	sp, r7
20005dee:	bd80      	pop	{r7, pc}

20005df0 <TIM_GetCapture1>:
  * @brief  Gets the TIMx Input Capture 1 value.
  * @param  TIMx: where x can be 1 to 14 except 6 and 7, to select the TIM peripheral.
  * @retval Capture Compare 1 Register value.
  */
uint32_t TIM_GetCapture1(TIM_TypeDef* TIMx)
{
20005df0:	b480      	push	{r7}
20005df2:	b083      	sub	sp, #12
20005df4:	af00      	add	r7, sp, #0
20005df6:	6078      	str	r0, [r7, #4]
  /* Check the parameters */
  assert_param(IS_TIM_LIST1_PERIPH(TIMx));

  /* Get the Capture 1 Register value */
  return TIMx->CCR1;
20005df8:	687b      	ldr	r3, [r7, #4]
20005dfa:	6b5b      	ldr	r3, [r3, #52]	@ 0x34
}
20005dfc:	4618      	mov	r0, r3
20005dfe:	370c      	adds	r7, #12
20005e00:	46bd      	mov	sp, r7
20005e02:	bc80      	pop	{r7}
20005e04:	4770      	bx	lr

20005e06 <TIM_GetCapture2>:
  * @param  TIMx: where x can be 1, 2, 3, 4, 5, 8, 9 or 12 to select the TIM 
  *         peripheral.
  * @retval Capture Compare 2 Register value.
  */
uint32_t TIM_GetCapture2(TIM_TypeDef* TIMx)
{
20005e06:	b480      	push	{r7}
20005e08:	b083      	sub	sp, #12
20005e0a:	af00      	add	r7, sp, #0
20005e0c:	6078      	str	r0, [r7, #4]
  /* Check the parameters */
  assert_param(IS_TIM_LIST2_PERIPH(TIMx));

  /* Get the Capture 2 Register value */
  return TIMx->CCR2;
20005e0e:	687b      	ldr	r3, [r7, #4]
20005e10:	6b9b      	ldr	r3, [r3, #56]	@ 0x38
}
20005e12:	4618      	mov	r0, r3
20005e14:	370c      	adds	r7, #12
20005e16:	46bd      	mov	sp, r7
20005e18:	bc80      	pop	{r7}
20005e1a:	4770      	bx	lr

20005e1c <TIM_GetCapture3>:
  * @brief  Gets the TIMx Input Capture 3 value.
  * @param  TIMx: where x can be 1, 2, 3, 4, 5 or 8 to select the TIM peripheral.
  * @retval Capture Compare 3 Register value.
  */
uint32_t TIM_GetCapture3(TIM_TypeDef* TIMx)
{
20005e1c:	b480      	push	{r7}
20005e1e:	b083      	sub	sp, #12
20005e20:	af00      	add	r7, sp, #0
20005e22:	6078      	str	r0, [r7, #4]
  /* Check the parameters */
  assert_param(IS_TIM_LIST3_PERIPH(TIMx)); 

  /* Get the Capture 3 Register value */
  return TIMx->CCR3;
20005e24:	687b      	ldr	r3, [r7, #4]
20005e26:	6bdb      	ldr	r3, [r3, #60]	@ 0x3c
}
20005e28:	4618      	mov	r0, r3
20005e2a:	370c      	adds	r7, #12
20005e2c:	46bd      	mov	sp, r7
20005e2e:	bc80      	pop	{r7}
20005e30:	4770      	bx	lr

20005e32 <TIM_GetCapture4>:
  * @brief  Gets the TIMx Input Capture 4 value.
  * @param  TIMx: where x can be 1, 2, 3, 4, 5 or 8 to select the TIM peripheral.
  * @retval Capture Compare 4 Register value.
  */
uint32_t TIM_GetCapture4(TIM_TypeDef* TIMx)
{
20005e32:	b480      	push	{r7}
20005e34:	b083      	sub	sp, #12
20005e36:	af00      	add	r7, sp, #0
20005e38:	6078      	str	r0, [r7, #4]
  /* Check the parameters */
  assert_param(IS_TIM_LIST3_PERIPH(TIMx));

  /* Get the Capture 4 Register value */
  return TIMx->CCR4;
20005e3a:	687b      	ldr	r3, [r7, #4]
20005e3c:	6c1b      	ldr	r3, [r3, #64]	@ 0x40
}
20005e3e:	4618      	mov	r0, r3
20005e40:	370c      	adds	r7, #12
20005e42:	46bd      	mov	sp, r7
20005e44:	bc80      	pop	{r7}
20005e46:	4770      	bx	lr

20005e48 <TIM_SetIC1Prescaler>:
  *            @arg TIM_ICPSC_DIV4: capture is done once every 4 events
  *            @arg TIM_ICPSC_DIV8: capture is done once every 8 events
  * @retval None
  */
void TIM_SetIC1Prescaler(TIM_TypeDef* TIMx, uint16_t TIM_ICPSC)
{
20005e48:	b480      	push	{r7}
20005e4a:	b083      	sub	sp, #12
20005e4c:	af00      	add	r7, sp, #0
20005e4e:	6078      	str	r0, [r7, #4]
20005e50:	460b      	mov	r3, r1
20005e52:	807b      	strh	r3, [r7, #2]
  /* Check the parameters */
  assert_param(IS_TIM_LIST1_PERIPH(TIMx));
  assert_param(IS_TIM_IC_PRESCALER(TIM_ICPSC));

  /* Reset the IC1PSC Bits */
  TIMx->CCMR1 &= (uint16_t)~TIM_CCMR1_IC1PSC;
20005e54:	687b      	ldr	r3, [r7, #4]
20005e56:	8b1b      	ldrh	r3, [r3, #24]
20005e58:	b29b      	uxth	r3, r3
20005e5a:	f023 030c 	bic.w	r3, r3, #12
20005e5e:	b29a      	uxth	r2, r3
20005e60:	687b      	ldr	r3, [r7, #4]
20005e62:	831a      	strh	r2, [r3, #24]

  /* Set the IC1PSC value */
  TIMx->CCMR1 |= TIM_ICPSC;
20005e64:	687b      	ldr	r3, [r7, #4]
20005e66:	8b1b      	ldrh	r3, [r3, #24]
20005e68:	b29a      	uxth	r2, r3
20005e6a:	887b      	ldrh	r3, [r7, #2]
20005e6c:	4313      	orrs	r3, r2
20005e6e:	b29a      	uxth	r2, r3
20005e70:	687b      	ldr	r3, [r7, #4]
20005e72:	831a      	strh	r2, [r3, #24]
}
20005e74:	bf00      	nop
20005e76:	370c      	adds	r7, #12
20005e78:	46bd      	mov	sp, r7
20005e7a:	bc80      	pop	{r7}
20005e7c:	4770      	bx	lr

20005e7e <TIM_SetIC2Prescaler>:
  *            @arg TIM_ICPSC_DIV4: capture is done once every 4 events
  *            @arg TIM_ICPSC_DIV8: capture is done once every 8 events
  * @retval None
  */
void TIM_SetIC2Prescaler(TIM_TypeDef* TIMx, uint16_t TIM_ICPSC)
{
20005e7e:	b480      	push	{r7}
20005e80:	b083      	sub	sp, #12
20005e82:	af00      	add	r7, sp, #0
20005e84:	6078      	str	r0, [r7, #4]
20005e86:	460b      	mov	r3, r1
20005e88:	807b      	strh	r3, [r7, #2]
  /* Check the parameters */
  assert_param(IS_TIM_LIST2_PERIPH(TIMx));
  assert_param(IS_TIM_IC_PRESCALER(TIM_ICPSC));

  /* Reset the IC2PSC Bits */
  TIMx->CCMR1 &= (uint16_t)~TIM_CCMR1_IC2PSC;
20005e8a:	687b      	ldr	r3, [r7, #4]
20005e8c:	8b1b      	ldrh	r3, [r3, #24]
20005e8e:	b29b      	uxth	r3, r3
20005e90:	f423 6340 	bic.w	r3, r3, #3072	@ 0xc00
20005e94:	b29a      	uxth	r2, r3
20005e96:	687b      	ldr	r3, [r7, #4]
20005e98:	831a      	strh	r2, [r3, #24]

  /* Set the IC2PSC value */
  TIMx->CCMR1 |= (uint16_t)(TIM_ICPSC << 8);
20005e9a:	687b      	ldr	r3, [r7, #4]
20005e9c:	8b1b      	ldrh	r3, [r3, #24]
20005e9e:	b29a      	uxth	r2, r3
20005ea0:	887b      	ldrh	r3, [r7, #2]
20005ea2:	021b      	lsls	r3, r3, #8
20005ea4:	b29b      	uxth	r3, r3
20005ea6:	4313      	orrs	r3, r2
20005ea8:	b29a      	uxth	r2, r3
20005eaa:	687b      	ldr	r3, [r7, #4]
20005eac:	831a      	strh	r2, [r3, #24]
}
20005eae:	bf00      	nop
20005eb0:	370c      	adds	r7, #12
20005eb2:	46bd      	mov	sp, r7
20005eb4:	bc80      	pop	{r7}
20005eb6:	4770      	bx	lr

20005eb8 <TIM_SetIC3Prescaler>:
  *            @arg TIM_ICPSC_DIV4: capture is done once every 4 events
  *            @arg TIM_ICPSC_DIV8: capture is done once every 8 events
  * @retval None
  */
void TIM_SetIC3Prescaler(TIM_TypeDef* TIMx, uint16_t TIM_ICPSC)
{
20005eb8:	b480      	push	{r7}
20005eba:	b083      	sub	sp, #12
20005ebc:	af00      	add	r7, sp, #0
20005ebe:	6078      	str	r0, [r7, #4]
20005ec0:	460b      	mov	r3, r1
20005ec2:	807b      	strh	r3, [r7, #2]
  /* Check the parameters */
  assert_param(IS_TIM_LIST3_PERIPH(TIMx));
  assert_param(IS_TIM_IC_PRESCALER(TIM_ICPSC));

  /* Reset the IC3PSC Bits */
  TIMx->CCMR2 &= (uint16_t)~TIM_CCMR2_IC3PSC;
20005ec4:	687b      	ldr	r3, [r7, #4]
20005ec6:	8b9b      	ldrh	r3, [r3, #28]
20005ec8:	b29b      	uxth	r3, r3
20005eca:	f023 030c 	bic.w	r3, r3, #12
20005ece:	b29a      	uxth	r2, r3
20005ed0:	687b      	ldr	r3, [r7, #4]
20005ed2:	839a      	strh	r2, [r3, #28]

  /* Set the IC3PSC value */
  TIMx->CCMR2 |= TIM_ICPSC;
20005ed4:	687b      	ldr	r3, [r7, #4]
20005ed6:	8b9b      	ldrh	r3, [r3, #28]
20005ed8:	b29a      	uxth	r2, r3
20005eda:	887b      	ldrh	r3, [r7, #2]
20005edc:	4313      	orrs	r3, r2
20005ede:	b29a      	uxth	r2, r3
20005ee0:	687b      	ldr	r3, [r7, #4]
20005ee2:	839a      	strh	r2, [r3, #28]
}
20005ee4:	bf00      	nop
20005ee6:	370c      	adds	r7, #12
20005ee8:	46bd      	mov	sp, r7
20005eea:	bc80      	pop	{r7}
20005eec:	4770      	bx	lr

20005eee <TIM_SetIC4Prescaler>:
  *            @arg TIM_ICPSC_DIV4: capture is done once every 4 events
  *            @arg TIM_ICPSC_DIV8: capture is done once every 8 events
  * @retval None
  */
void TIM_SetIC4Prescaler(TIM_TypeDef* TIMx, uint16_t TIM_ICPSC)
{  
20005eee:	b480      	push	{r7}
20005ef0:	b083      	sub	sp, #12
20005ef2:	af00      	add	r7, sp, #0
20005ef4:	6078      	str	r0, [r7, #4]
20005ef6:	460b      	mov	r3, r1
20005ef8:	807b      	strh	r3, [r7, #2]
  /* Check the parameters */
  assert_param(IS_TIM_LIST3_PERIPH(TIMx));
  assert_param(IS_TIM_IC_PRESCALER(TIM_ICPSC));

  /* Reset the IC4PSC Bits */
  TIMx->CCMR2 &= (uint16_t)~TIM_CCMR2_IC4PSC;
20005efa:	687b      	ldr	r3, [r7, #4]
20005efc:	8b9b      	ldrh	r3, [r3, #28]
20005efe:	b29b      	uxth	r3, r3
20005f00:	f423 6340 	bic.w	r3, r3, #3072	@ 0xc00
20005f04:	b29a      	uxth	r2, r3
20005f06:	687b      	ldr	r3, [r7, #4]
20005f08:	839a      	strh	r2, [r3, #28]

  /* Set the IC4PSC value */
  TIMx->CCMR2 |= (uint16_t)(TIM_ICPSC << 8);
20005f0a:	687b      	ldr	r3, [r7, #4]
20005f0c:	8b9b      	ldrh	r3, [r3, #28]
20005f0e:	b29a      	uxth	r2, r3
20005f10:	887b      	ldrh	r3, [r7, #2]
20005f12:	021b      	lsls	r3, r3, #8
20005f14:	b29b      	uxth	r3, r3
20005f16:	4313      	orrs	r3, r2
20005f18:	b29a      	uxth	r2, r3
20005f1a:	687b      	ldr	r3, [r7, #4]
20005f1c:	839a      	strh	r2, [r3, #28]
}
20005f1e:	bf00      	nop
20005f20:	370c      	adds	r7, #12
20005f22:	46bd      	mov	sp, r7
20005f24:	bc80      	pop	{r7}
20005f26:	4770      	bx	lr

20005f28 <TIM_BDTRConfig>:
  * @param  TIM_BDTRInitStruct: pointer to a TIM_BDTRInitTypeDef structure that
  *         contains the BDTR Register configuration  information for the TIM peripheral.
  * @retval None
  */
void TIM_BDTRConfig(TIM_TypeDef* TIMx, TIM_BDTRInitTypeDef *TIM_BDTRInitStruct)
{
20005f28:	b480      	push	{r7}
20005f2a:	b083      	sub	sp, #12
20005f2c:	af00      	add	r7, sp, #0
20005f2e:	6078      	str	r0, [r7, #4]
20005f30:	6039      	str	r1, [r7, #0]
  assert_param(IS_TIM_BREAK_POLARITY(TIM_BDTRInitStruct->TIM_BreakPolarity));
  assert_param(IS_TIM_AUTOMATIC_OUTPUT_STATE(TIM_BDTRInitStruct->TIM_AutomaticOutput));

  /* Set the Lock level, the Break enable Bit and the Polarity, the OSSR State,
     the OSSI State, the dead time value and the Automatic Output Enable Bit */
  TIMx->BDTR = (uint32_t)TIM_BDTRInitStruct->TIM_OSSRState | TIM_BDTRInitStruct->TIM_OSSIState |
20005f32:	683b      	ldr	r3, [r7, #0]
20005f34:	881a      	ldrh	r2, [r3, #0]
20005f36:	683b      	ldr	r3, [r7, #0]
20005f38:	885b      	ldrh	r3, [r3, #2]
20005f3a:	4313      	orrs	r3, r2
20005f3c:	b29a      	uxth	r2, r3
             TIM_BDTRInitStruct->TIM_LOCKLevel | TIM_BDTRInitStruct->TIM_DeadTime |
20005f3e:	683b      	ldr	r3, [r7, #0]
20005f40:	889b      	ldrh	r3, [r3, #4]
  TIMx->BDTR = (uint32_t)TIM_BDTRInitStruct->TIM_OSSRState | TIM_BDTRInitStruct->TIM_OSSIState |
20005f42:	4313      	orrs	r3, r2
20005f44:	b29a      	uxth	r2, r3
             TIM_BDTRInitStruct->TIM_LOCKLevel | TIM_BDTRInitStruct->TIM_DeadTime |
20005f46:	683b      	ldr	r3, [r7, #0]
20005f48:	88db      	ldrh	r3, [r3, #6]
  TIMx->BDTR = (uint32_t)TIM_BDTRInitStruct->TIM_OSSRState | TIM_BDTRInitStruct->TIM_OSSIState |
20005f4a:	4313      	orrs	r3, r2
20005f4c:	b29a      	uxth	r2, r3
             TIM_BDTRInitStruct->TIM_Break | TIM_BDTRInitStruct->TIM_BreakPolarity |
20005f4e:	683b      	ldr	r3, [r7, #0]
20005f50:	891b      	ldrh	r3, [r3, #8]
  TIMx->BDTR = (uint32_t)TIM_BDTRInitStruct->TIM_OSSRState | TIM_BDTRInitStruct->TIM_OSSIState |
20005f52:	4313      	orrs	r3, r2
20005f54:	b29a      	uxth	r2, r3
             TIM_BDTRInitStruct->TIM_Break | TIM_BDTRInitStruct->TIM_BreakPolarity |
20005f56:	683b      	ldr	r3, [r7, #0]
20005f58:	895b      	ldrh	r3, [r3, #10]
  TIMx->BDTR = (uint32_t)TIM_BDTRInitStruct->TIM_OSSRState | TIM_BDTRInitStruct->TIM_OSSIState |
20005f5a:	4313      	orrs	r3, r2
20005f5c:	b29a      	uxth	r2, r3
             TIM_BDTRInitStruct->TIM_AutomaticOutput;
20005f5e:	683b      	ldr	r3, [r7, #0]
20005f60:	899b      	ldrh	r3, [r3, #12]
  TIMx->BDTR = (uint32_t)TIM_BDTRInitStruct->TIM_OSSRState | TIM_BDTRInitStruct->TIM_OSSIState |
20005f62:	4313      	orrs	r3, r2
20005f64:	b29a      	uxth	r2, r3
20005f66:	687b      	ldr	r3, [r7, #4]
20005f68:	f8a3 2044 	strh.w	r2, [r3, #68]	@ 0x44
}
20005f6c:	bf00      	nop
20005f6e:	370c      	adds	r7, #12
20005f70:	46bd      	mov	sp, r7
20005f72:	bc80      	pop	{r7}
20005f74:	4770      	bx	lr

20005f76 <TIM_BDTRStructInit>:
  * @param  TIM_BDTRInitStruct: pointer to a TIM_BDTRInitTypeDef structure which
  *         will be initialized.
  * @retval None
  */
void TIM_BDTRStructInit(TIM_BDTRInitTypeDef* TIM_BDTRInitStruct)
{
20005f76:	b480      	push	{r7}
20005f78:	b083      	sub	sp, #12
20005f7a:	af00      	add	r7, sp, #0
20005f7c:	6078      	str	r0, [r7, #4]
  /* Set the default configuration */
  TIM_BDTRInitStruct->TIM_OSSRState = TIM_OSSRState_Disable;
20005f7e:	687b      	ldr	r3, [r7, #4]
20005f80:	2200      	movs	r2, #0
20005f82:	801a      	strh	r2, [r3, #0]
  TIM_BDTRInitStruct->TIM_OSSIState = TIM_OSSIState_Disable;
20005f84:	687b      	ldr	r3, [r7, #4]
20005f86:	2200      	movs	r2, #0
20005f88:	805a      	strh	r2, [r3, #2]
  TIM_BDTRInitStruct->TIM_LOCKLevel = TIM_LOCKLevel_OFF;
20005f8a:	687b      	ldr	r3, [r7, #4]
20005f8c:	2200      	movs	r2, #0
20005f8e:	809a      	strh	r2, [r3, #4]
  TIM_BDTRInitStruct->TIM_DeadTime = 0x00;
20005f90:	687b      	ldr	r3, [r7, #4]
20005f92:	2200      	movs	r2, #0
20005f94:	80da      	strh	r2, [r3, #6]
  TIM_BDTRInitStruct->TIM_Break = TIM_Break_Disable;
20005f96:	687b      	ldr	r3, [r7, #4]
20005f98:	2200      	movs	r2, #0
20005f9a:	811a      	strh	r2, [r3, #8]
  TIM_BDTRInitStruct->TIM_BreakPolarity = TIM_BreakPolarity_Low;
20005f9c:	687b      	ldr	r3, [r7, #4]
20005f9e:	2200      	movs	r2, #0
20005fa0:	815a      	strh	r2, [r3, #10]
  TIM_BDTRInitStruct->TIM_AutomaticOutput = TIM_AutomaticOutput_Disable;
20005fa2:	687b      	ldr	r3, [r7, #4]
20005fa4:	2200      	movs	r2, #0
20005fa6:	819a      	strh	r2, [r3, #12]
}
20005fa8:	bf00      	nop
20005faa:	370c      	adds	r7, #12
20005fac:	46bd      	mov	sp, r7
20005fae:	bc80      	pop	{r7}
20005fb0:	4770      	bx	lr

20005fb2 <TIM_CtrlPWMOutputs>:
  * @param  NewState: new state of the TIM peripheral Main Outputs.
  *          This parameter can be: ENABLE or DISABLE.
  * @retval None
  */
void TIM_CtrlPWMOutputs(TIM_TypeDef* TIMx, FunctionalState NewState)
{
20005fb2:	b480      	push	{r7}
20005fb4:	b083      	sub	sp, #12
20005fb6:	af00      	add	r7, sp, #0
20005fb8:	6078      	str	r0, [r7, #4]
20005fba:	460b      	mov	r3, r1
20005fbc:	70fb      	strb	r3, [r7, #3]
  /* Check the parameters */
  assert_param(IS_TIM_LIST4_PERIPH(TIMx));
  assert_param(IS_FUNCTIONAL_STATE(NewState));

  if (NewState != DISABLE)
20005fbe:	78fb      	ldrb	r3, [r7, #3]
20005fc0:	2b00      	cmp	r3, #0
20005fc2:	d00c      	beq.n	20005fde <TIM_CtrlPWMOutputs+0x2c>
  {
    /* Enable the TIM Main Output */
    TIMx->BDTR |= TIM_BDTR_MOE;
20005fc4:	687b      	ldr	r3, [r7, #4]
20005fc6:	f8b3 3044 	ldrh.w	r3, [r3, #68]	@ 0x44
20005fca:	b29b      	uxth	r3, r3
20005fcc:	ea6f 4343 	mvn.w	r3, r3, lsl #17
20005fd0:	ea6f 4353 	mvn.w	r3, r3, lsr #17
20005fd4:	b29a      	uxth	r2, r3
20005fd6:	687b      	ldr	r3, [r7, #4]
20005fd8:	f8a3 2044 	strh.w	r2, [r3, #68]	@ 0x44
  else
  {
    /* Disable the TIM Main Output */
    TIMx->BDTR &= (uint16_t)~TIM_BDTR_MOE;
  }  
}
20005fdc:	e009      	b.n	20005ff2 <TIM_CtrlPWMOutputs+0x40>
    TIMx->BDTR &= (uint16_t)~TIM_BDTR_MOE;
20005fde:	687b      	ldr	r3, [r7, #4]
20005fe0:	f8b3 3044 	ldrh.w	r3, [r3, #68]	@ 0x44
20005fe4:	b29b      	uxth	r3, r3
20005fe6:	f3c3 030e 	ubfx	r3, r3, #0, #15
20005fea:	b29a      	uxth	r2, r3
20005fec:	687b      	ldr	r3, [r7, #4]
20005fee:	f8a3 2044 	strh.w	r2, [r3, #68]	@ 0x44
}
20005ff2:	bf00      	nop
20005ff4:	370c      	adds	r7, #12
20005ff6:	46bd      	mov	sp, r7
20005ff8:	bc80      	pop	{r7}
20005ffa:	4770      	bx	lr

20005ffc <TIM_SelectCOM>:
  * @param  NewState: new state of the Commutation event.
  *          This parameter can be: ENABLE or DISABLE.
  * @retval None
  */
void TIM_SelectCOM(TIM_TypeDef* TIMx, FunctionalState NewState)
{
20005ffc:	b480      	push	{r7}
20005ffe:	b083      	sub	sp, #12
20006000:	af00      	add	r7, sp, #0
20006002:	6078      	str	r0, [r7, #4]
20006004:	460b      	mov	r3, r1
20006006:	70fb      	strb	r3, [r7, #3]
  /* Check the parameters */
  assert_param(IS_TIM_LIST4_PERIPH(TIMx));
  assert_param(IS_FUNCTIONAL_STATE(NewState));

  if (NewState != DISABLE)
20006008:	78fb      	ldrb	r3, [r7, #3]
2000600a:	2b00      	cmp	r3, #0
2000600c:	d008      	beq.n	20006020 <TIM_SelectCOM+0x24>
  {
    /* Set the COM Bit */
    TIMx->CR2 |= TIM_CR2_CCUS;
2000600e:	687b      	ldr	r3, [r7, #4]
20006010:	889b      	ldrh	r3, [r3, #4]
20006012:	b29b      	uxth	r3, r3
20006014:	f043 0304 	orr.w	r3, r3, #4
20006018:	b29a      	uxth	r2, r3
2000601a:	687b      	ldr	r3, [r7, #4]
2000601c:	809a      	strh	r2, [r3, #4]
  else
  {
    /* Reset the COM Bit */
    TIMx->CR2 &= (uint16_t)~TIM_CR2_CCUS;
  }
}
2000601e:	e007      	b.n	20006030 <TIM_SelectCOM+0x34>
    TIMx->CR2 &= (uint16_t)~TIM_CR2_CCUS;
20006020:	687b      	ldr	r3, [r7, #4]
20006022:	889b      	ldrh	r3, [r3, #4]
20006024:	b29b      	uxth	r3, r3
20006026:	f023 0304 	bic.w	r3, r3, #4
2000602a:	b29a      	uxth	r2, r3
2000602c:	687b      	ldr	r3, [r7, #4]
2000602e:	809a      	strh	r2, [r3, #4]
}
20006030:	bf00      	nop
20006032:	370c      	adds	r7, #12
20006034:	46bd      	mov	sp, r7
20006036:	bc80      	pop	{r7}
20006038:	4770      	bx	lr

2000603a <TIM_CCPreloadControl>:
  * @param  NewState: new state of the Capture Compare Preload Control bit
  *          This parameter can be: ENABLE or DISABLE.
  * @retval None
  */
void TIM_CCPreloadControl(TIM_TypeDef* TIMx, FunctionalState NewState)
{ 
2000603a:	b480      	push	{r7}
2000603c:	b083      	sub	sp, #12
2000603e:	af00      	add	r7, sp, #0
20006040:	6078      	str	r0, [r7, #4]
20006042:	460b      	mov	r3, r1
20006044:	70fb      	strb	r3, [r7, #3]
  /* Check the parameters */
  assert_param(IS_TIM_LIST4_PERIPH(TIMx));
  assert_param(IS_FUNCTIONAL_STATE(NewState));
  if (NewState != DISABLE)
20006046:	78fb      	ldrb	r3, [r7, #3]
20006048:	2b00      	cmp	r3, #0
2000604a:	d008      	beq.n	2000605e <TIM_CCPreloadControl+0x24>
  {
    /* Set the CCPC Bit */
    TIMx->CR2 |= TIM_CR2_CCPC;
2000604c:	687b      	ldr	r3, [r7, #4]
2000604e:	889b      	ldrh	r3, [r3, #4]
20006050:	b29b      	uxth	r3, r3
20006052:	f043 0301 	orr.w	r3, r3, #1
20006056:	b29a      	uxth	r2, r3
20006058:	687b      	ldr	r3, [r7, #4]
2000605a:	809a      	strh	r2, [r3, #4]
  else
  {
    /* Reset the CCPC Bit */
    TIMx->CR2 &= (uint16_t)~TIM_CR2_CCPC;
  }
}
2000605c:	e007      	b.n	2000606e <TIM_CCPreloadControl+0x34>
    TIMx->CR2 &= (uint16_t)~TIM_CR2_CCPC;
2000605e:	687b      	ldr	r3, [r7, #4]
20006060:	889b      	ldrh	r3, [r3, #4]
20006062:	b29b      	uxth	r3, r3
20006064:	f023 0301 	bic.w	r3, r3, #1
20006068:	b29a      	uxth	r2, r3
2000606a:	687b      	ldr	r3, [r7, #4]
2000606c:	809a      	strh	r2, [r3, #4]
}
2000606e:	bf00      	nop
20006070:	370c      	adds	r7, #12
20006072:	46bd      	mov	sp, r7
20006074:	bc80      	pop	{r7}
20006076:	4770      	bx	lr

20006078 <TIM_ITConfig>:
  * @param  NewState: new state of the TIM interrupts.
  *          This parameter can be: ENABLE or DISABLE.
  * @retval None
  */
void TIM_ITConfig(TIM_TypeDef* TIMx, uint16_t TIM_IT, FunctionalState NewState)
{  
20006078:	b480      	push	{r7}
2000607a:	b083      	sub	sp, #12
2000607c:	af00      	add	r7, sp, #0
2000607e:	6078      	str	r0, [r7, #4]
20006080:	460b      	mov	r3, r1
20006082:	807b      	strh	r3, [r7, #2]
20006084:	4613      	mov	r3, r2
20006086:	707b      	strb	r3, [r7, #1]
  /* Check the parameters */
  assert_param(IS_TIM_ALL_PERIPH(TIMx));
  assert_param(IS_TIM_IT(TIM_IT));
  assert_param(IS_FUNCTIONAL_STATE(NewState));
  
  if (NewState != DISABLE)
20006088:	787b      	ldrb	r3, [r7, #1]
2000608a:	2b00      	cmp	r3, #0
2000608c:	d008      	beq.n	200060a0 <TIM_ITConfig+0x28>
  {
    /* Enable the Interrupt sources */
    TIMx->DIER |= TIM_IT;
2000608e:	687b      	ldr	r3, [r7, #4]
20006090:	899b      	ldrh	r3, [r3, #12]
20006092:	b29a      	uxth	r2, r3
20006094:	887b      	ldrh	r3, [r7, #2]
20006096:	4313      	orrs	r3, r2
20006098:	b29a      	uxth	r2, r3
2000609a:	687b      	ldr	r3, [r7, #4]
2000609c:	819a      	strh	r2, [r3, #12]
  else
  {
    /* Disable the Interrupt sources */
    TIMx->DIER &= (uint16_t)~TIM_IT;
  }
}
2000609e:	e009      	b.n	200060b4 <TIM_ITConfig+0x3c>
    TIMx->DIER &= (uint16_t)~TIM_IT;
200060a0:	687b      	ldr	r3, [r7, #4]
200060a2:	899b      	ldrh	r3, [r3, #12]
200060a4:	b29a      	uxth	r2, r3
200060a6:	887b      	ldrh	r3, [r7, #2]
200060a8:	43db      	mvns	r3, r3
200060aa:	b29b      	uxth	r3, r3
200060ac:	4013      	ands	r3, r2
200060ae:	b29a      	uxth	r2, r3
200060b0:	687b      	ldr	r3, [r7, #4]
200060b2:	819a      	strh	r2, [r3, #12]
}
200060b4:	bf00      	nop
200060b6:	370c      	adds	r7, #12
200060b8:	46bd      	mov	sp, r7
200060ba:	bc80      	pop	{r7}
200060bc:	4770      	bx	lr

200060be <TIM_GenerateEvent>:
  * @note   TIM_EventSource_COM and TIM_EventSource_Break are used only with TIM1 and TIM8.
  *        
  * @retval None
  */
void TIM_GenerateEvent(TIM_TypeDef* TIMx, uint16_t TIM_EventSource)
{ 
200060be:	b480      	push	{r7}
200060c0:	b083      	sub	sp, #12
200060c2:	af00      	add	r7, sp, #0
200060c4:	6078      	str	r0, [r7, #4]
200060c6:	460b      	mov	r3, r1
200060c8:	807b      	strh	r3, [r7, #2]
  /* Check the parameters */
  assert_param(IS_TIM_ALL_PERIPH(TIMx));
  assert_param(IS_TIM_EVENT_SOURCE(TIM_EventSource));
 
  /* Set the event sources */
  TIMx->EGR = TIM_EventSource;
200060ca:	687b      	ldr	r3, [r7, #4]
200060cc:	887a      	ldrh	r2, [r7, #2]
200060ce:	829a      	strh	r2, [r3, #20]
}
200060d0:	bf00      	nop
200060d2:	370c      	adds	r7, #12
200060d4:	46bd      	mov	sp, r7
200060d6:	bc80      	pop	{r7}
200060d8:	4770      	bx	lr

200060da <TIM_GetFlagStatus>:
  * @note   TIM_FLAG_COM and TIM_FLAG_Break are used only with TIM1 and TIM8.    
  *
  * @retval The new state of TIM_FLAG (SET or RESET).
  */
FlagStatus TIM_GetFlagStatus(TIM_TypeDef* TIMx, uint16_t TIM_FLAG)
{ 
200060da:	b480      	push	{r7}
200060dc:	b085      	sub	sp, #20
200060de:	af00      	add	r7, sp, #0
200060e0:	6078      	str	r0, [r7, #4]
200060e2:	460b      	mov	r3, r1
200060e4:	807b      	strh	r3, [r7, #2]
  ITStatus bitstatus = RESET;  
200060e6:	2300      	movs	r3, #0
200060e8:	73fb      	strb	r3, [r7, #15]
  /* Check the parameters */
  assert_param(IS_TIM_ALL_PERIPH(TIMx));
  assert_param(IS_TIM_GET_FLAG(TIM_FLAG));

  
  if ((TIMx->SR & TIM_FLAG) != (uint16_t)RESET)
200060ea:	687b      	ldr	r3, [r7, #4]
200060ec:	8a1b      	ldrh	r3, [r3, #16]
200060ee:	b29a      	uxth	r2, r3
200060f0:	887b      	ldrh	r3, [r7, #2]
200060f2:	4013      	ands	r3, r2
200060f4:	b29b      	uxth	r3, r3
200060f6:	2b00      	cmp	r3, #0
200060f8:	d002      	beq.n	20006100 <TIM_GetFlagStatus+0x26>
  {
    bitstatus = SET;
200060fa:	2301      	movs	r3, #1
200060fc:	73fb      	strb	r3, [r7, #15]
200060fe:	e001      	b.n	20006104 <TIM_GetFlagStatus+0x2a>
  }
  else
  {
    bitstatus = RESET;
20006100:	2300      	movs	r3, #0
20006102:	73fb      	strb	r3, [r7, #15]
  }
  return bitstatus;
20006104:	7bfb      	ldrb	r3, [r7, #15]
}
20006106:	4618      	mov	r0, r3
20006108:	3714      	adds	r7, #20
2000610a:	46bd      	mov	sp, r7
2000610c:	bc80      	pop	{r7}
2000610e:	4770      	bx	lr

20006110 <TIM_ClearFlag>:
  * @note   TIM_FLAG_COM and TIM_FLAG_Break are used only with TIM1 and TIM8.
  *    
  * @retval None
  */
void TIM_ClearFlag(TIM_TypeDef* TIMx, uint16_t TIM_FLAG)
{  
20006110:	b480      	push	{r7}
20006112:	b083      	sub	sp, #12
20006114:	af00      	add	r7, sp, #0
20006116:	6078      	str	r0, [r7, #4]
20006118:	460b      	mov	r3, r1
2000611a:	807b      	strh	r3, [r7, #2]
  /* Check the parameters */
  assert_param(IS_TIM_ALL_PERIPH(TIMx));
   
  /* Clear the flags */
  TIMx->SR = (uint16_t)~TIM_FLAG;
2000611c:	887b      	ldrh	r3, [r7, #2]
2000611e:	43db      	mvns	r3, r3
20006120:	b29a      	uxth	r2, r3
20006122:	687b      	ldr	r3, [r7, #4]
20006124:	821a      	strh	r2, [r3, #16]
}
20006126:	bf00      	nop
20006128:	370c      	adds	r7, #12
2000612a:	46bd      	mov	sp, r7
2000612c:	bc80      	pop	{r7}
2000612e:	4770      	bx	lr

20006130 <TIM_GetITStatus>:
  * @note   TIM_IT_COM and TIM_IT_Break are used only with TIM1 and TIM8.
  *     
  * @retval The new state of the TIM_IT(SET or RESET).
  */
ITStatus TIM_GetITStatus(TIM_TypeDef* TIMx, uint16_t TIM_IT)
{
20006130:	b480      	push	{r7}
20006132:	b085      	sub	sp, #20
20006134:	af00      	add	r7, sp, #0
20006136:	6078      	str	r0, [r7, #4]
20006138:	460b      	mov	r3, r1
2000613a:	807b      	strh	r3, [r7, #2]
  ITStatus bitstatus = RESET;  
2000613c:	2300      	movs	r3, #0
2000613e:	73fb      	strb	r3, [r7, #15]
  uint16_t itstatus = 0x0, itenable = 0x0;
20006140:	2300      	movs	r3, #0
20006142:	81bb      	strh	r3, [r7, #12]
20006144:	2300      	movs	r3, #0
20006146:	817b      	strh	r3, [r7, #10]
  /* Check the parameters */
  assert_param(IS_TIM_ALL_PERIPH(TIMx));
  assert_param(IS_TIM_GET_IT(TIM_IT));
   
  itstatus = TIMx->SR & TIM_IT;
20006148:	687b      	ldr	r3, [r7, #4]
2000614a:	8a1b      	ldrh	r3, [r3, #16]
2000614c:	b29a      	uxth	r2, r3
2000614e:	887b      	ldrh	r3, [r7, #2]
20006150:	4013      	ands	r3, r2
20006152:	81bb      	strh	r3, [r7, #12]
  
  itenable = TIMx->DIER & TIM_IT;
20006154:	687b      	ldr	r3, [r7, #4]
20006156:	899b      	ldrh	r3, [r3, #12]
20006158:	b29a      	uxth	r2, r3
2000615a:	887b      	ldrh	r3, [r7, #2]
2000615c:	4013      	ands	r3, r2
2000615e:	817b      	strh	r3, [r7, #10]
  if ((itstatus != (uint16_t)RESET) && (itenable != (uint16_t)RESET))
20006160:	89bb      	ldrh	r3, [r7, #12]
20006162:	2b00      	cmp	r3, #0
20006164:	d005      	beq.n	20006172 <TIM_GetITStatus+0x42>
20006166:	897b      	ldrh	r3, [r7, #10]
20006168:	2b00      	cmp	r3, #0
2000616a:	d002      	beq.n	20006172 <TIM_GetITStatus+0x42>
  {
    bitstatus = SET;
2000616c:	2301      	movs	r3, #1
2000616e:	73fb      	strb	r3, [r7, #15]
20006170:	e001      	b.n	20006176 <TIM_GetITStatus+0x46>
  }
  else
  {
    bitstatus = RESET;
20006172:	2300      	movs	r3, #0
20006174:	73fb      	strb	r3, [r7, #15]
  }
  return bitstatus;
20006176:	7bfb      	ldrb	r3, [r7, #15]
}
20006178:	4618      	mov	r0, r3
2000617a:	3714      	adds	r7, #20
2000617c:	46bd      	mov	sp, r7
2000617e:	bc80      	pop	{r7}
20006180:	4770      	bx	lr

20006182 <TIM_ClearITPendingBit>:
  * @note   TIM_IT_COM and TIM_IT_Break are used only with TIM1 and TIM8.
  *      
  * @retval None
  */
void TIM_ClearITPendingBit(TIM_TypeDef* TIMx, uint16_t TIM_IT)
{
20006182:	b480      	push	{r7}
20006184:	b083      	sub	sp, #12
20006186:	af00      	add	r7, sp, #0
20006188:	6078      	str	r0, [r7, #4]
2000618a:	460b      	mov	r3, r1
2000618c:	807b      	strh	r3, [r7, #2]
  /* Check the parameters */
  assert_param(IS_TIM_ALL_PERIPH(TIMx));

  /* Clear the IT pending Bit */
  TIMx->SR = (uint16_t)~TIM_IT;
2000618e:	887b      	ldrh	r3, [r7, #2]
20006190:	43db      	mvns	r3, r3
20006192:	b29a      	uxth	r2, r3
20006194:	687b      	ldr	r3, [r7, #4]
20006196:	821a      	strh	r2, [r3, #16]
}
20006198:	bf00      	nop
2000619a:	370c      	adds	r7, #12
2000619c:	46bd      	mov	sp, r7
2000619e:	bc80      	pop	{r7}
200061a0:	4770      	bx	lr

200061a2 <TIM_DMAConfig>:
  * @param  TIM_DMABurstLength: DMA Burst length. This parameter can be one value
  *         between: TIM_DMABurstLength_1Transfer and TIM_DMABurstLength_18Transfers.
  * @retval None
  */
void TIM_DMAConfig(TIM_TypeDef* TIMx, uint16_t TIM_DMABase, uint16_t TIM_DMABurstLength)
{
200061a2:	b480      	push	{r7}
200061a4:	b083      	sub	sp, #12
200061a6:	af00      	add	r7, sp, #0
200061a8:	6078      	str	r0, [r7, #4]
200061aa:	460b      	mov	r3, r1
200061ac:	807b      	strh	r3, [r7, #2]
200061ae:	4613      	mov	r3, r2
200061b0:	803b      	strh	r3, [r7, #0]
  assert_param(IS_TIM_LIST3_PERIPH(TIMx));
  assert_param(IS_TIM_DMA_BASE(TIM_DMABase)); 
  assert_param(IS_TIM_DMA_LENGTH(TIM_DMABurstLength));

  /* Set the DMA Base and the DMA Burst Length */
  TIMx->DCR = TIM_DMABase | TIM_DMABurstLength;
200061b2:	887a      	ldrh	r2, [r7, #2]
200061b4:	883b      	ldrh	r3, [r7, #0]
200061b6:	4313      	orrs	r3, r2
200061b8:	b29a      	uxth	r2, r3
200061ba:	687b      	ldr	r3, [r7, #4]
200061bc:	f8a3 2048 	strh.w	r2, [r3, #72]	@ 0x48
}
200061c0:	bf00      	nop
200061c2:	370c      	adds	r7, #12
200061c4:	46bd      	mov	sp, r7
200061c6:	bc80      	pop	{r7}
200061c8:	4770      	bx	lr

200061ca <TIM_DMACmd>:
  * @param  NewState: new state of the DMA Request sources.
  *          This parameter can be: ENABLE or DISABLE.
  * @retval None
  */
void TIM_DMACmd(TIM_TypeDef* TIMx, uint16_t TIM_DMASource, FunctionalState NewState)
{ 
200061ca:	b480      	push	{r7}
200061cc:	b083      	sub	sp, #12
200061ce:	af00      	add	r7, sp, #0
200061d0:	6078      	str	r0, [r7, #4]
200061d2:	460b      	mov	r3, r1
200061d4:	807b      	strh	r3, [r7, #2]
200061d6:	4613      	mov	r3, r2
200061d8:	707b      	strb	r3, [r7, #1]
  /* Check the parameters */
  assert_param(IS_TIM_LIST5_PERIPH(TIMx)); 
  assert_param(IS_TIM_DMA_SOURCE(TIM_DMASource));
  assert_param(IS_FUNCTIONAL_STATE(NewState));
  
  if (NewState != DISABLE)
200061da:	787b      	ldrb	r3, [r7, #1]
200061dc:	2b00      	cmp	r3, #0
200061de:	d008      	beq.n	200061f2 <TIM_DMACmd+0x28>
  {
    /* Enable the DMA sources */
    TIMx->DIER |= TIM_DMASource; 
200061e0:	687b      	ldr	r3, [r7, #4]
200061e2:	899b      	ldrh	r3, [r3, #12]
200061e4:	b29a      	uxth	r2, r3
200061e6:	887b      	ldrh	r3, [r7, #2]
200061e8:	4313      	orrs	r3, r2
200061ea:	b29a      	uxth	r2, r3
200061ec:	687b      	ldr	r3, [r7, #4]
200061ee:	819a      	strh	r2, [r3, #12]
  else
  {
    /* Disable the DMA sources */
    TIMx->DIER &= (uint16_t)~TIM_DMASource;
  }
}
200061f0:	e009      	b.n	20006206 <TIM_DMACmd+0x3c>
    TIMx->DIER &= (uint16_t)~TIM_DMASource;
200061f2:	687b      	ldr	r3, [r7, #4]
200061f4:	899b      	ldrh	r3, [r3, #12]
200061f6:	b29a      	uxth	r2, r3
200061f8:	887b      	ldrh	r3, [r7, #2]
200061fa:	43db      	mvns	r3, r3
200061fc:	b29b      	uxth	r3, r3
200061fe:	4013      	ands	r3, r2
20006200:	b29a      	uxth	r2, r3
20006202:	687b      	ldr	r3, [r7, #4]
20006204:	819a      	strh	r2, [r3, #12]
}
20006206:	bf00      	nop
20006208:	370c      	adds	r7, #12
2000620a:	46bd      	mov	sp, r7
2000620c:	bc80      	pop	{r7}
2000620e:	4770      	bx	lr

20006210 <TIM_SelectCCDMA>:
  * @param  NewState: new state of the Capture Compare DMA source
  *          This parameter can be: ENABLE or DISABLE.
  * @retval None
  */
void TIM_SelectCCDMA(TIM_TypeDef* TIMx, FunctionalState NewState)
{
20006210:	b480      	push	{r7}
20006212:	b083      	sub	sp, #12
20006214:	af00      	add	r7, sp, #0
20006216:	6078      	str	r0, [r7, #4]
20006218:	460b      	mov	r3, r1
2000621a:	70fb      	strb	r3, [r7, #3]
  /* Check the parameters */
  assert_param(IS_TIM_LIST3_PERIPH(TIMx));
  assert_param(IS_FUNCTIONAL_STATE(NewState));

  if (NewState != DISABLE)
2000621c:	78fb      	ldrb	r3, [r7, #3]
2000621e:	2b00      	cmp	r3, #0
20006220:	d008      	beq.n	20006234 <TIM_SelectCCDMA+0x24>
  {
    /* Set the CCDS Bit */
    TIMx->CR2 |= TIM_CR2_CCDS;
20006222:	687b      	ldr	r3, [r7, #4]
20006224:	889b      	ldrh	r3, [r3, #4]
20006226:	b29b      	uxth	r3, r3
20006228:	f043 0308 	orr.w	r3, r3, #8
2000622c:	b29a      	uxth	r2, r3
2000622e:	687b      	ldr	r3, [r7, #4]
20006230:	809a      	strh	r2, [r3, #4]
  else
  {
    /* Reset the CCDS Bit */
    TIMx->CR2 &= (uint16_t)~TIM_CR2_CCDS;
  }
}
20006232:	e007      	b.n	20006244 <TIM_SelectCCDMA+0x34>
    TIMx->CR2 &= (uint16_t)~TIM_CR2_CCDS;
20006234:	687b      	ldr	r3, [r7, #4]
20006236:	889b      	ldrh	r3, [r3, #4]
20006238:	b29b      	uxth	r3, r3
2000623a:	f023 0308 	bic.w	r3, r3, #8
2000623e:	b29a      	uxth	r2, r3
20006240:	687b      	ldr	r3, [r7, #4]
20006242:	809a      	strh	r2, [r3, #4]
}
20006244:	bf00      	nop
20006246:	370c      	adds	r7, #12
20006248:	46bd      	mov	sp, r7
2000624a:	bc80      	pop	{r7}
2000624c:	4770      	bx	lr

2000624e <TIM_InternalClockConfig>:
  * @param  TIMx: where x can be 1, 2, 3, 4, 5, 8, 9 or 12 to select the TIM 
  *         peripheral.
  * @retval None
  */
void TIM_InternalClockConfig(TIM_TypeDef* TIMx)
{
2000624e:	b480      	push	{r7}
20006250:	b083      	sub	sp, #12
20006252:	af00      	add	r7, sp, #0
20006254:	6078      	str	r0, [r7, #4]
  /* Check the parameters */
  assert_param(IS_TIM_LIST2_PERIPH(TIMx));

  /* Disable slave mode to clock the prescaler directly with the internal clock */
  TIMx->SMCR &=  (uint16_t)~TIM_SMCR_SMS;
20006256:	687b      	ldr	r3, [r7, #4]
20006258:	891b      	ldrh	r3, [r3, #8]
2000625a:	b29b      	uxth	r3, r3
2000625c:	f023 0307 	bic.w	r3, r3, #7
20006260:	b29a      	uxth	r2, r3
20006262:	687b      	ldr	r3, [r7, #4]
20006264:	811a      	strh	r2, [r3, #8]
}
20006266:	bf00      	nop
20006268:	370c      	adds	r7, #12
2000626a:	46bd      	mov	sp, r7
2000626c:	bc80      	pop	{r7}
2000626e:	4770      	bx	lr

20006270 <TIM_ITRxExternalClockConfig>:
  *            @arg TIM_TS_ITR2: Internal Trigger 2
  *            @arg TIM_TS_ITR3: Internal Trigger 3
  * @retval None
  */
void TIM_ITRxExternalClockConfig(TIM_TypeDef* TIMx, uint16_t TIM_InputTriggerSource)
{
20006270:	b580      	push	{r7, lr}
20006272:	b082      	sub	sp, #8
20006274:	af00      	add	r7, sp, #0
20006276:	6078      	str	r0, [r7, #4]
20006278:	460b      	mov	r3, r1
2000627a:	807b      	strh	r3, [r7, #2]
  /* Check the parameters */
  assert_param(IS_TIM_LIST2_PERIPH(TIMx));
  assert_param(IS_TIM_INTERNAL_TRIGGER_SELECTION(TIM_InputTriggerSource));

  /* Select the Internal Trigger */
  TIM_SelectInputTrigger(TIMx, TIM_InputTriggerSource);
2000627c:	887b      	ldrh	r3, [r7, #2]
2000627e:	4619      	mov	r1, r3
20006280:	6878      	ldr	r0, [r7, #4]
20006282:	f000 f888 	bl	20006396 <TIM_SelectInputTrigger>

  /* Select the External clock mode1 */
  TIMx->SMCR |= TIM_SlaveMode_External1;
20006286:	687b      	ldr	r3, [r7, #4]
20006288:	891b      	ldrh	r3, [r3, #8]
2000628a:	b29b      	uxth	r3, r3
2000628c:	f043 0307 	orr.w	r3, r3, #7
20006290:	b29a      	uxth	r2, r3
20006292:	687b      	ldr	r3, [r7, #4]
20006294:	811a      	strh	r2, [r3, #8]
}
20006296:	bf00      	nop
20006298:	3708      	adds	r7, #8
2000629a:	46bd      	mov	sp, r7
2000629c:	bd80      	pop	{r7, pc}

2000629e <TIM_TIxExternalClockConfig>:
  *          This parameter must be a value between 0x0 and 0xF.
  * @retval None
  */
void TIM_TIxExternalClockConfig(TIM_TypeDef* TIMx, uint16_t TIM_TIxExternalCLKSource,
                                uint16_t TIM_ICPolarity, uint16_t ICFilter)
{
2000629e:	b580      	push	{r7, lr}
200062a0:	b084      	sub	sp, #16
200062a2:	af00      	add	r7, sp, #0
200062a4:	60f8      	str	r0, [r7, #12]
200062a6:	4608      	mov	r0, r1
200062a8:	4611      	mov	r1, r2
200062aa:	461a      	mov	r2, r3
200062ac:	4603      	mov	r3, r0
200062ae:	817b      	strh	r3, [r7, #10]
200062b0:	460b      	mov	r3, r1
200062b2:	813b      	strh	r3, [r7, #8]
200062b4:	4613      	mov	r3, r2
200062b6:	80fb      	strh	r3, [r7, #6]
  assert_param(IS_TIM_LIST1_PERIPH(TIMx));
  assert_param(IS_TIM_IC_POLARITY(TIM_ICPolarity));
  assert_param(IS_TIM_IC_FILTER(ICFilter));

  /* Configure the Timer Input Clock Source */
  if (TIM_TIxExternalCLKSource == TIM_TIxExternalCLK1Source_TI2)
200062b8:	897b      	ldrh	r3, [r7, #10]
200062ba:	2b60      	cmp	r3, #96	@ 0x60
200062bc:	d106      	bne.n	200062cc <TIM_TIxExternalClockConfig+0x2e>
  {
    TI2_Config(TIMx, TIM_ICPolarity, TIM_ICSelection_DirectTI, ICFilter);
200062be:	88fb      	ldrh	r3, [r7, #6]
200062c0:	8939      	ldrh	r1, [r7, #8]
200062c2:	2201      	movs	r2, #1
200062c4:	68f8      	ldr	r0, [r7, #12]
200062c6:	f000 f9b6 	bl	20006636 <TI2_Config>
200062ca:	e005      	b.n	200062d8 <TIM_TIxExternalClockConfig+0x3a>
  }
  else
  {
    TI1_Config(TIMx, TIM_ICPolarity, TIM_ICSelection_DirectTI, ICFilter);
200062cc:	88fb      	ldrh	r3, [r7, #6]
200062ce:	8939      	ldrh	r1, [r7, #8]
200062d0:	2201      	movs	r2, #1
200062d2:	68f8      	ldr	r0, [r7, #12]
200062d4:	f000 f96d 	bl	200065b2 <TI1_Config>
  }
  /* Select the Trigger source */
  TIM_SelectInputTrigger(TIMx, TIM_TIxExternalCLKSource);
200062d8:	897b      	ldrh	r3, [r7, #10]
200062da:	4619      	mov	r1, r3
200062dc:	68f8      	ldr	r0, [r7, #12]
200062de:	f000 f85a 	bl	20006396 <TIM_SelectInputTrigger>
  /* Select the External clock mode1 */
  TIMx->SMCR |= TIM_SlaveMode_External1;
200062e2:	68fb      	ldr	r3, [r7, #12]
200062e4:	891b      	ldrh	r3, [r3, #8]
200062e6:	b29b      	uxth	r3, r3
200062e8:	f043 0307 	orr.w	r3, r3, #7
200062ec:	b29a      	uxth	r2, r3
200062ee:	68fb      	ldr	r3, [r7, #12]
200062f0:	811a      	strh	r2, [r3, #8]
}
200062f2:	bf00      	nop
200062f4:	3710      	adds	r7, #16
200062f6:	46bd      	mov	sp, r7
200062f8:	bd80      	pop	{r7, pc}

200062fa <TIM_ETRClockMode1Config>:
  *          This parameter must be a value between 0x00 and 0x0F
  * @retval None
  */
void TIM_ETRClockMode1Config(TIM_TypeDef* TIMx, uint16_t TIM_ExtTRGPrescaler,
                            uint16_t TIM_ExtTRGPolarity, uint16_t ExtTRGFilter)
{
200062fa:	b580      	push	{r7, lr}
200062fc:	b086      	sub	sp, #24
200062fe:	af00      	add	r7, sp, #0
20006300:	60f8      	str	r0, [r7, #12]
20006302:	4608      	mov	r0, r1
20006304:	4611      	mov	r1, r2
20006306:	461a      	mov	r2, r3
20006308:	4603      	mov	r3, r0
2000630a:	817b      	strh	r3, [r7, #10]
2000630c:	460b      	mov	r3, r1
2000630e:	813b      	strh	r3, [r7, #8]
20006310:	4613      	mov	r3, r2
20006312:	80fb      	strh	r3, [r7, #6]
  uint16_t tmpsmcr = 0;
20006314:	2300      	movs	r3, #0
20006316:	82fb      	strh	r3, [r7, #22]
  assert_param(IS_TIM_LIST3_PERIPH(TIMx));
  assert_param(IS_TIM_EXT_PRESCALER(TIM_ExtTRGPrescaler));
  assert_param(IS_TIM_EXT_POLARITY(TIM_ExtTRGPolarity));
  assert_param(IS_TIM_EXT_FILTER(ExtTRGFilter));
  /* Configure the ETR Clock source */
  TIM_ETRConfig(TIMx, TIM_ExtTRGPrescaler, TIM_ExtTRGPolarity, ExtTRGFilter);
20006318:	88fb      	ldrh	r3, [r7, #6]
2000631a:	893a      	ldrh	r2, [r7, #8]
2000631c:	8979      	ldrh	r1, [r7, #10]
2000631e:	68f8      	ldr	r0, [r7, #12]
20006320:	f000 f8a5 	bl	2000646e <TIM_ETRConfig>
  
  /* Get the TIMx SMCR register value */
  tmpsmcr = TIMx->SMCR;
20006324:	68fb      	ldr	r3, [r7, #12]
20006326:	891b      	ldrh	r3, [r3, #8]
20006328:	82fb      	strh	r3, [r7, #22]

  /* Reset the SMS Bits */
  tmpsmcr &= (uint16_t)~TIM_SMCR_SMS;
2000632a:	8afb      	ldrh	r3, [r7, #22]
2000632c:	f023 0307 	bic.w	r3, r3, #7
20006330:	82fb      	strh	r3, [r7, #22]

  /* Select the External clock mode1 */
  tmpsmcr |= TIM_SlaveMode_External1;
20006332:	8afb      	ldrh	r3, [r7, #22]
20006334:	f043 0307 	orr.w	r3, r3, #7
20006338:	82fb      	strh	r3, [r7, #22]

  /* Select the Trigger selection : ETRF */
  tmpsmcr &= (uint16_t)~TIM_SMCR_TS;
2000633a:	8afb      	ldrh	r3, [r7, #22]
2000633c:	f023 0370 	bic.w	r3, r3, #112	@ 0x70
20006340:	82fb      	strh	r3, [r7, #22]
  tmpsmcr |= TIM_TS_ETRF;
20006342:	8afb      	ldrh	r3, [r7, #22]
20006344:	f043 0370 	orr.w	r3, r3, #112	@ 0x70
20006348:	82fb      	strh	r3, [r7, #22]

  /* Write to TIMx SMCR */
  TIMx->SMCR = tmpsmcr;
2000634a:	68fb      	ldr	r3, [r7, #12]
2000634c:	8afa      	ldrh	r2, [r7, #22]
2000634e:	811a      	strh	r2, [r3, #8]
}
20006350:	bf00      	nop
20006352:	3718      	adds	r7, #24
20006354:	46bd      	mov	sp, r7
20006356:	bd80      	pop	{r7, pc}

20006358 <TIM_ETRClockMode2Config>:
  *          This parameter must be a value between 0x00 and 0x0F
  * @retval None
  */
void TIM_ETRClockMode2Config(TIM_TypeDef* TIMx, uint16_t TIM_ExtTRGPrescaler, 
                             uint16_t TIM_ExtTRGPolarity, uint16_t ExtTRGFilter)
{
20006358:	b580      	push	{r7, lr}
2000635a:	b084      	sub	sp, #16
2000635c:	af00      	add	r7, sp, #0
2000635e:	60f8      	str	r0, [r7, #12]
20006360:	4608      	mov	r0, r1
20006362:	4611      	mov	r1, r2
20006364:	461a      	mov	r2, r3
20006366:	4603      	mov	r3, r0
20006368:	817b      	strh	r3, [r7, #10]
2000636a:	460b      	mov	r3, r1
2000636c:	813b      	strh	r3, [r7, #8]
2000636e:	4613      	mov	r3, r2
20006370:	80fb      	strh	r3, [r7, #6]
  assert_param(IS_TIM_EXT_PRESCALER(TIM_ExtTRGPrescaler));
  assert_param(IS_TIM_EXT_POLARITY(TIM_ExtTRGPolarity));
  assert_param(IS_TIM_EXT_FILTER(ExtTRGFilter));

  /* Configure the ETR Clock source */
  TIM_ETRConfig(TIMx, TIM_ExtTRGPrescaler, TIM_ExtTRGPolarity, ExtTRGFilter);
20006372:	88fb      	ldrh	r3, [r7, #6]
20006374:	893a      	ldrh	r2, [r7, #8]
20006376:	8979      	ldrh	r1, [r7, #10]
20006378:	68f8      	ldr	r0, [r7, #12]
2000637a:	f000 f878 	bl	2000646e <TIM_ETRConfig>

  /* Enable the External clock mode2 */
  TIMx->SMCR |= TIM_SMCR_ECE;
2000637e:	68fb      	ldr	r3, [r7, #12]
20006380:	891b      	ldrh	r3, [r3, #8]
20006382:	b29b      	uxth	r3, r3
20006384:	f443 4380 	orr.w	r3, r3, #16384	@ 0x4000
20006388:	b29a      	uxth	r2, r3
2000638a:	68fb      	ldr	r3, [r7, #12]
2000638c:	811a      	strh	r2, [r3, #8]
}
2000638e:	bf00      	nop
20006390:	3710      	adds	r7, #16
20006392:	46bd      	mov	sp, r7
20006394:	bd80      	pop	{r7, pc}

20006396 <TIM_SelectInputTrigger>:
  *            @arg TIM_TS_TI2FP2: Filtered Timer Input 2
  *            @arg TIM_TS_ETRF: External Trigger input
  * @retval None
  */
void TIM_SelectInputTrigger(TIM_TypeDef* TIMx, uint16_t TIM_InputTriggerSource)
{
20006396:	b480      	push	{r7}
20006398:	b085      	sub	sp, #20
2000639a:	af00      	add	r7, sp, #0
2000639c:	6078      	str	r0, [r7, #4]
2000639e:	460b      	mov	r3, r1
200063a0:	807b      	strh	r3, [r7, #2]
  uint16_t tmpsmcr = 0;
200063a2:	2300      	movs	r3, #0
200063a4:	81fb      	strh	r3, [r7, #14]
  /* Check the parameters */
  assert_param(IS_TIM_LIST1_PERIPH(TIMx)); 
  assert_param(IS_TIM_TRIGGER_SELECTION(TIM_InputTriggerSource));

  /* Get the TIMx SMCR register value */
  tmpsmcr = TIMx->SMCR;
200063a6:	687b      	ldr	r3, [r7, #4]
200063a8:	891b      	ldrh	r3, [r3, #8]
200063aa:	81fb      	strh	r3, [r7, #14]

  /* Reset the TS Bits */
  tmpsmcr &= (uint16_t)~TIM_SMCR_TS;
200063ac:	89fb      	ldrh	r3, [r7, #14]
200063ae:	f023 0370 	bic.w	r3, r3, #112	@ 0x70
200063b2:	81fb      	strh	r3, [r7, #14]

  /* Set the Input Trigger source */
  tmpsmcr |= TIM_InputTriggerSource;
200063b4:	89fa      	ldrh	r2, [r7, #14]
200063b6:	887b      	ldrh	r3, [r7, #2]
200063b8:	4313      	orrs	r3, r2
200063ba:	81fb      	strh	r3, [r7, #14]

  /* Write to TIMx SMCR */
  TIMx->SMCR = tmpsmcr;
200063bc:	687b      	ldr	r3, [r7, #4]
200063be:	89fa      	ldrh	r2, [r7, #14]
200063c0:	811a      	strh	r2, [r3, #8]
}
200063c2:	bf00      	nop
200063c4:	3714      	adds	r7, #20
200063c6:	46bd      	mov	sp, r7
200063c8:	bc80      	pop	{r7}
200063ca:	4770      	bx	lr

200063cc <TIM_SelectOutputTrigger>:
  *            @arg TIM_TRGOSource_OC4Ref: OC4REF signal is used as the trigger output(TRGO)
  *
  * @retval None
  */
void TIM_SelectOutputTrigger(TIM_TypeDef* TIMx, uint16_t TIM_TRGOSource)
{
200063cc:	b480      	push	{r7}
200063ce:	b083      	sub	sp, #12
200063d0:	af00      	add	r7, sp, #0
200063d2:	6078      	str	r0, [r7, #4]
200063d4:	460b      	mov	r3, r1
200063d6:	807b      	strh	r3, [r7, #2]
  /* Check the parameters */
  assert_param(IS_TIM_LIST5_PERIPH(TIMx));
  assert_param(IS_TIM_TRGO_SOURCE(TIM_TRGOSource));

  /* Reset the MMS Bits */
  TIMx->CR2 &= (uint16_t)~TIM_CR2_MMS;
200063d8:	687b      	ldr	r3, [r7, #4]
200063da:	889b      	ldrh	r3, [r3, #4]
200063dc:	b29b      	uxth	r3, r3
200063de:	f023 0370 	bic.w	r3, r3, #112	@ 0x70
200063e2:	b29a      	uxth	r2, r3
200063e4:	687b      	ldr	r3, [r7, #4]
200063e6:	809a      	strh	r2, [r3, #4]
  /* Select the TRGO source */
  TIMx->CR2 |=  TIM_TRGOSource;
200063e8:	687b      	ldr	r3, [r7, #4]
200063ea:	889b      	ldrh	r3, [r3, #4]
200063ec:	b29a      	uxth	r2, r3
200063ee:	887b      	ldrh	r3, [r7, #2]
200063f0:	4313      	orrs	r3, r2
200063f2:	b29a      	uxth	r2, r3
200063f4:	687b      	ldr	r3, [r7, #4]
200063f6:	809a      	strh	r2, [r3, #4]
}
200063f8:	bf00      	nop
200063fa:	370c      	adds	r7, #12
200063fc:	46bd      	mov	sp, r7
200063fe:	bc80      	pop	{r7}
20006400:	4770      	bx	lr

20006402 <TIM_SelectSlaveMode>:
  *            @arg TIM_SlaveMode_Trigger:   The counter starts at a rising edge of the trigger TRGI
  *            @arg TIM_SlaveMode_External1: Rising edges of the selected trigger (TRGI) clock the counter
  * @retval None
  */
void TIM_SelectSlaveMode(TIM_TypeDef* TIMx, uint16_t TIM_SlaveMode)
{
20006402:	b480      	push	{r7}
20006404:	b083      	sub	sp, #12
20006406:	af00      	add	r7, sp, #0
20006408:	6078      	str	r0, [r7, #4]
2000640a:	460b      	mov	r3, r1
2000640c:	807b      	strh	r3, [r7, #2]
  /* Check the parameters */
  assert_param(IS_TIM_LIST2_PERIPH(TIMx));
  assert_param(IS_TIM_SLAVE_MODE(TIM_SlaveMode));

  /* Reset the SMS Bits */
  TIMx->SMCR &= (uint16_t)~TIM_SMCR_SMS;
2000640e:	687b      	ldr	r3, [r7, #4]
20006410:	891b      	ldrh	r3, [r3, #8]
20006412:	b29b      	uxth	r3, r3
20006414:	f023 0307 	bic.w	r3, r3, #7
20006418:	b29a      	uxth	r2, r3
2000641a:	687b      	ldr	r3, [r7, #4]
2000641c:	811a      	strh	r2, [r3, #8]

  /* Select the Slave Mode */
  TIMx->SMCR |= TIM_SlaveMode;
2000641e:	687b      	ldr	r3, [r7, #4]
20006420:	891b      	ldrh	r3, [r3, #8]
20006422:	b29a      	uxth	r2, r3
20006424:	887b      	ldrh	r3, [r7, #2]
20006426:	4313      	orrs	r3, r2
20006428:	b29a      	uxth	r2, r3
2000642a:	687b      	ldr	r3, [r7, #4]
2000642c:	811a      	strh	r2, [r3, #8]
}
2000642e:	bf00      	nop
20006430:	370c      	adds	r7, #12
20006432:	46bd      	mov	sp, r7
20006434:	bc80      	pop	{r7}
20006436:	4770      	bx	lr

20006438 <TIM_SelectMasterSlaveMode>:
  *                                             and its slaves (through TRGO)
  *            @arg TIM_MasterSlaveMode_Disable: No action
  * @retval None
  */
void TIM_SelectMasterSlaveMode(TIM_TypeDef* TIMx, uint16_t TIM_MasterSlaveMode)
{
20006438:	b480      	push	{r7}
2000643a:	b083      	sub	sp, #12
2000643c:	af00      	add	r7, sp, #0
2000643e:	6078      	str	r0, [r7, #4]
20006440:	460b      	mov	r3, r1
20006442:	807b      	strh	r3, [r7, #2]
  /* Check the parameters */
  assert_param(IS_TIM_LIST2_PERIPH(TIMx));
  assert_param(IS_TIM_MSM_STATE(TIM_MasterSlaveMode));

  /* Reset the MSM Bit */
  TIMx->SMCR &= (uint16_t)~TIM_SMCR_MSM;
20006444:	687b      	ldr	r3, [r7, #4]
20006446:	891b      	ldrh	r3, [r3, #8]
20006448:	b29b      	uxth	r3, r3
2000644a:	f023 0380 	bic.w	r3, r3, #128	@ 0x80
2000644e:	b29a      	uxth	r2, r3
20006450:	687b      	ldr	r3, [r7, #4]
20006452:	811a      	strh	r2, [r3, #8]
  
  /* Set or Reset the MSM Bit */
  TIMx->SMCR |= TIM_MasterSlaveMode;
20006454:	687b      	ldr	r3, [r7, #4]
20006456:	891b      	ldrh	r3, [r3, #8]
20006458:	b29a      	uxth	r2, r3
2000645a:	887b      	ldrh	r3, [r7, #2]
2000645c:	4313      	orrs	r3, r2
2000645e:	b29a      	uxth	r2, r3
20006460:	687b      	ldr	r3, [r7, #4]
20006462:	811a      	strh	r2, [r3, #8]
}
20006464:	bf00      	nop
20006466:	370c      	adds	r7, #12
20006468:	46bd      	mov	sp, r7
2000646a:	bc80      	pop	{r7}
2000646c:	4770      	bx	lr

2000646e <TIM_ETRConfig>:
  *          This parameter must be a value between 0x00 and 0x0F
  * @retval None
  */
void TIM_ETRConfig(TIM_TypeDef* TIMx, uint16_t TIM_ExtTRGPrescaler,
                   uint16_t TIM_ExtTRGPolarity, uint16_t ExtTRGFilter)
{
2000646e:	b480      	push	{r7}
20006470:	b087      	sub	sp, #28
20006472:	af00      	add	r7, sp, #0
20006474:	60f8      	str	r0, [r7, #12]
20006476:	4608      	mov	r0, r1
20006478:	4611      	mov	r1, r2
2000647a:	461a      	mov	r2, r3
2000647c:	4603      	mov	r3, r0
2000647e:	817b      	strh	r3, [r7, #10]
20006480:	460b      	mov	r3, r1
20006482:	813b      	strh	r3, [r7, #8]
20006484:	4613      	mov	r3, r2
20006486:	80fb      	strh	r3, [r7, #6]
  uint16_t tmpsmcr = 0;
20006488:	2300      	movs	r3, #0
2000648a:	82fb      	strh	r3, [r7, #22]
  assert_param(IS_TIM_LIST3_PERIPH(TIMx));
  assert_param(IS_TIM_EXT_PRESCALER(TIM_ExtTRGPrescaler));
  assert_param(IS_TIM_EXT_POLARITY(TIM_ExtTRGPolarity));
  assert_param(IS_TIM_EXT_FILTER(ExtTRGFilter));

  tmpsmcr = TIMx->SMCR;
2000648c:	68fb      	ldr	r3, [r7, #12]
2000648e:	891b      	ldrh	r3, [r3, #8]
20006490:	82fb      	strh	r3, [r7, #22]

  /* Reset the ETR Bits */
  tmpsmcr &= SMCR_ETR_MASK;
20006492:	8afb      	ldrh	r3, [r7, #22]
20006494:	b2db      	uxtb	r3, r3
20006496:	82fb      	strh	r3, [r7, #22]

  /* Set the Prescaler, the Filter value and the Polarity */
  tmpsmcr |= (uint16_t)(TIM_ExtTRGPrescaler | (uint16_t)(TIM_ExtTRGPolarity | (uint16_t)(ExtTRGFilter << (uint16_t)8)));
20006498:	88fb      	ldrh	r3, [r7, #6]
2000649a:	021b      	lsls	r3, r3, #8
2000649c:	b29a      	uxth	r2, r3
2000649e:	893b      	ldrh	r3, [r7, #8]
200064a0:	4313      	orrs	r3, r2
200064a2:	b29a      	uxth	r2, r3
200064a4:	897b      	ldrh	r3, [r7, #10]
200064a6:	4313      	orrs	r3, r2
200064a8:	b29a      	uxth	r2, r3
200064aa:	8afb      	ldrh	r3, [r7, #22]
200064ac:	4313      	orrs	r3, r2
200064ae:	82fb      	strh	r3, [r7, #22]

  /* Write to TIMx SMCR */
  TIMx->SMCR = tmpsmcr;
200064b0:	68fb      	ldr	r3, [r7, #12]
200064b2:	8afa      	ldrh	r2, [r7, #22]
200064b4:	811a      	strh	r2, [r3, #8]
}
200064b6:	bf00      	nop
200064b8:	371c      	adds	r7, #28
200064ba:	46bd      	mov	sp, r7
200064bc:	bc80      	pop	{r7}
200064be:	4770      	bx	lr

200064c0 <TIM_EncoderInterfaceConfig>:
  *            @arg TIM_ICPolarity_Rising: IC Rising edge.
  * @retval None
  */
void TIM_EncoderInterfaceConfig(TIM_TypeDef* TIMx, uint16_t TIM_EncoderMode,
                                uint16_t TIM_IC1Polarity, uint16_t TIM_IC2Polarity)
{
200064c0:	b480      	push	{r7}
200064c2:	b087      	sub	sp, #28
200064c4:	af00      	add	r7, sp, #0
200064c6:	60f8      	str	r0, [r7, #12]
200064c8:	4608      	mov	r0, r1
200064ca:	4611      	mov	r1, r2
200064cc:	461a      	mov	r2, r3
200064ce:	4603      	mov	r3, r0
200064d0:	817b      	strh	r3, [r7, #10]
200064d2:	460b      	mov	r3, r1
200064d4:	813b      	strh	r3, [r7, #8]
200064d6:	4613      	mov	r3, r2
200064d8:	80fb      	strh	r3, [r7, #6]
  uint16_t tmpsmcr = 0;
200064da:	2300      	movs	r3, #0
200064dc:	82fb      	strh	r3, [r7, #22]
  uint16_t tmpccmr1 = 0;
200064de:	2300      	movs	r3, #0
200064e0:	82bb      	strh	r3, [r7, #20]
  uint16_t tmpccer = 0;
200064e2:	2300      	movs	r3, #0
200064e4:	827b      	strh	r3, [r7, #18]
  assert_param(IS_TIM_ENCODER_MODE(TIM_EncoderMode));
  assert_param(IS_TIM_IC_POLARITY(TIM_IC1Polarity));
  assert_param(IS_TIM_IC_POLARITY(TIM_IC2Polarity));

  /* Get the TIMx SMCR register value */
  tmpsmcr = TIMx->SMCR;
200064e6:	68fb      	ldr	r3, [r7, #12]
200064e8:	891b      	ldrh	r3, [r3, #8]
200064ea:	82fb      	strh	r3, [r7, #22]

  /* Get the TIMx CCMR1 register value */
  tmpccmr1 = TIMx->CCMR1;
200064ec:	68fb      	ldr	r3, [r7, #12]
200064ee:	8b1b      	ldrh	r3, [r3, #24]
200064f0:	82bb      	strh	r3, [r7, #20]

  /* Get the TIMx CCER register value */
  tmpccer = TIMx->CCER;
200064f2:	68fb      	ldr	r3, [r7, #12]
200064f4:	8c1b      	ldrh	r3, [r3, #32]
200064f6:	827b      	strh	r3, [r7, #18]

  /* Set the encoder Mode */
  tmpsmcr &= (uint16_t)~TIM_SMCR_SMS;
200064f8:	8afb      	ldrh	r3, [r7, #22]
200064fa:	f023 0307 	bic.w	r3, r3, #7
200064fe:	82fb      	strh	r3, [r7, #22]
  tmpsmcr |= TIM_EncoderMode;
20006500:	8afa      	ldrh	r2, [r7, #22]
20006502:	897b      	ldrh	r3, [r7, #10]
20006504:	4313      	orrs	r3, r2
20006506:	82fb      	strh	r3, [r7, #22]

  /* Select the Capture Compare 1 and the Capture Compare 2 as input */
  tmpccmr1 &= ((uint16_t)~TIM_CCMR1_CC1S) & ((uint16_t)~TIM_CCMR1_CC2S);
20006508:	8abb      	ldrh	r3, [r7, #20]
2000650a:	f423 7340 	bic.w	r3, r3, #768	@ 0x300
2000650e:	f023 0303 	bic.w	r3, r3, #3
20006512:	82bb      	strh	r3, [r7, #20]
  tmpccmr1 |= TIM_CCMR1_CC1S_0 | TIM_CCMR1_CC2S_0;
20006514:	8abb      	ldrh	r3, [r7, #20]
20006516:	f443 7380 	orr.w	r3, r3, #256	@ 0x100
2000651a:	f043 0301 	orr.w	r3, r3, #1
2000651e:	82bb      	strh	r3, [r7, #20]

  /* Set the TI1 and the TI2 Polarities */
  tmpccer &= ((uint16_t)~TIM_CCER_CC1P) & ((uint16_t)~TIM_CCER_CC2P);
20006520:	8a7b      	ldrh	r3, [r7, #18]
20006522:	f023 0322 	bic.w	r3, r3, #34	@ 0x22
20006526:	827b      	strh	r3, [r7, #18]
  tmpccer |= (uint16_t)(TIM_IC1Polarity | (uint16_t)(TIM_IC2Polarity << (uint16_t)4));
20006528:	88fb      	ldrh	r3, [r7, #6]
2000652a:	011b      	lsls	r3, r3, #4
2000652c:	b29a      	uxth	r2, r3
2000652e:	893b      	ldrh	r3, [r7, #8]
20006530:	4313      	orrs	r3, r2
20006532:	b29a      	uxth	r2, r3
20006534:	8a7b      	ldrh	r3, [r7, #18]
20006536:	4313      	orrs	r3, r2
20006538:	827b      	strh	r3, [r7, #18]

  /* Write to TIMx SMCR */
  TIMx->SMCR = tmpsmcr;
2000653a:	68fb      	ldr	r3, [r7, #12]
2000653c:	8afa      	ldrh	r2, [r7, #22]
2000653e:	811a      	strh	r2, [r3, #8]

  /* Write to TIMx CCMR1 */
  TIMx->CCMR1 = tmpccmr1;
20006540:	68fb      	ldr	r3, [r7, #12]
20006542:	8aba      	ldrh	r2, [r7, #20]
20006544:	831a      	strh	r2, [r3, #24]

  /* Write to TIMx CCER */
  TIMx->CCER = tmpccer;
20006546:	68fb      	ldr	r3, [r7, #12]
20006548:	8a7a      	ldrh	r2, [r7, #18]
2000654a:	841a      	strh	r2, [r3, #32]
}
2000654c:	bf00      	nop
2000654e:	371c      	adds	r7, #28
20006550:	46bd      	mov	sp, r7
20006552:	bc80      	pop	{r7}
20006554:	4770      	bx	lr

20006556 <TIM_SelectHallSensor>:
  * @param  NewState: new state of the TIMx Hall sensor interface.
  *          This parameter can be: ENABLE or DISABLE.
  * @retval None
  */
void TIM_SelectHallSensor(TIM_TypeDef* TIMx, FunctionalState NewState)
{
20006556:	b480      	push	{r7}
20006558:	b083      	sub	sp, #12
2000655a:	af00      	add	r7, sp, #0
2000655c:	6078      	str	r0, [r7, #4]
2000655e:	460b      	mov	r3, r1
20006560:	70fb      	strb	r3, [r7, #3]
  /* Check the parameters */
  assert_param(IS_TIM_LIST2_PERIPH(TIMx));
  assert_param(IS_FUNCTIONAL_STATE(NewState));

  if (NewState != DISABLE)
20006562:	78fb      	ldrb	r3, [r7, #3]
20006564:	2b00      	cmp	r3, #0
20006566:	d008      	beq.n	2000657a <TIM_SelectHallSensor+0x24>
  {
    /* Set the TI1S Bit */
    TIMx->CR2 |= TIM_CR2_TI1S;
20006568:	687b      	ldr	r3, [r7, #4]
2000656a:	889b      	ldrh	r3, [r3, #4]
2000656c:	b29b      	uxth	r3, r3
2000656e:	f043 0380 	orr.w	r3, r3, #128	@ 0x80
20006572:	b29a      	uxth	r2, r3
20006574:	687b      	ldr	r3, [r7, #4]
20006576:	809a      	strh	r2, [r3, #4]
  else
  {
    /* Reset the TI1S Bit */
    TIMx->CR2 &= (uint16_t)~TIM_CR2_TI1S;
  }
}
20006578:	e007      	b.n	2000658a <TIM_SelectHallSensor+0x34>
    TIMx->CR2 &= (uint16_t)~TIM_CR2_TI1S;
2000657a:	687b      	ldr	r3, [r7, #4]
2000657c:	889b      	ldrh	r3, [r3, #4]
2000657e:	b29b      	uxth	r3, r3
20006580:	f023 0380 	bic.w	r3, r3, #128	@ 0x80
20006584:	b29a      	uxth	r2, r3
20006586:	687b      	ldr	r3, [r7, #4]
20006588:	809a      	strh	r2, [r3, #4]
}
2000658a:	bf00      	nop
2000658c:	370c      	adds	r7, #12
2000658e:	46bd      	mov	sp, r7
20006590:	bc80      	pop	{r7}
20006592:	4770      	bx	lr

20006594 <TIM_RemapConfig>:
  *            @arg TIM11_HSE:      TIM11 CH4 input is connected to HSE_RTC clock
  *                                 (HSE divided by a programmable prescaler)  
  * @retval None
  */
void TIM_RemapConfig(TIM_TypeDef* TIMx, uint16_t TIM_Remap)
{
20006594:	b480      	push	{r7}
20006596:	b083      	sub	sp, #12
20006598:	af00      	add	r7, sp, #0
2000659a:	6078      	str	r0, [r7, #4]
2000659c:	460b      	mov	r3, r1
2000659e:	807b      	strh	r3, [r7, #2]
 /* Check the parameters */
  assert_param(IS_TIM_LIST6_PERIPH(TIMx));
  assert_param(IS_TIM_REMAP(TIM_Remap));

  /* Set the Timer remapping configuration */
  TIMx->OR =  TIM_Remap;
200065a0:	687b      	ldr	r3, [r7, #4]
200065a2:	887a      	ldrh	r2, [r7, #2]
200065a4:	f8a3 2050 	strh.w	r2, [r3, #80]	@ 0x50
}
200065a8:	bf00      	nop
200065aa:	370c      	adds	r7, #12
200065ac:	46bd      	mov	sp, r7
200065ae:	bc80      	pop	{r7}
200065b0:	4770      	bx	lr

200065b2 <TI1_Config>:
  *          This parameter must be a value between 0x00 and 0x0F.
  * @retval None
  */
static void TI1_Config(TIM_TypeDef* TIMx, uint16_t TIM_ICPolarity, uint16_t TIM_ICSelection,
                       uint16_t TIM_ICFilter)
{
200065b2:	b480      	push	{r7}
200065b4:	b087      	sub	sp, #28
200065b6:	af00      	add	r7, sp, #0
200065b8:	60f8      	str	r0, [r7, #12]
200065ba:	4608      	mov	r0, r1
200065bc:	4611      	mov	r1, r2
200065be:	461a      	mov	r2, r3
200065c0:	4603      	mov	r3, r0
200065c2:	817b      	strh	r3, [r7, #10]
200065c4:	460b      	mov	r3, r1
200065c6:	813b      	strh	r3, [r7, #8]
200065c8:	4613      	mov	r3, r2
200065ca:	80fb      	strh	r3, [r7, #6]
  uint16_t tmpccmr1 = 0, tmpccer = 0;
200065cc:	2300      	movs	r3, #0
200065ce:	82fb      	strh	r3, [r7, #22]
200065d0:	2300      	movs	r3, #0
200065d2:	82bb      	strh	r3, [r7, #20]

  /* Disable the Channel 1: Reset the CC1E Bit */
  TIMx->CCER &= (uint16_t)~TIM_CCER_CC1E;
200065d4:	68fb      	ldr	r3, [r7, #12]
200065d6:	8c1b      	ldrh	r3, [r3, #32]
200065d8:	b29b      	uxth	r3, r3
200065da:	f023 0301 	bic.w	r3, r3, #1
200065de:	b29a      	uxth	r2, r3
200065e0:	68fb      	ldr	r3, [r7, #12]
200065e2:	841a      	strh	r2, [r3, #32]
  tmpccmr1 = TIMx->CCMR1;
200065e4:	68fb      	ldr	r3, [r7, #12]
200065e6:	8b1b      	ldrh	r3, [r3, #24]
200065e8:	82fb      	strh	r3, [r7, #22]
  tmpccer = TIMx->CCER;
200065ea:	68fb      	ldr	r3, [r7, #12]
200065ec:	8c1b      	ldrh	r3, [r3, #32]
200065ee:	82bb      	strh	r3, [r7, #20]

  /* Select the Input and set the filter */
  tmpccmr1 &= ((uint16_t)~TIM_CCMR1_CC1S) & ((uint16_t)~TIM_CCMR1_IC1F);
200065f0:	8afb      	ldrh	r3, [r7, #22]
200065f2:	f023 03f3 	bic.w	r3, r3, #243	@ 0xf3
200065f6:	82fb      	strh	r3, [r7, #22]
  tmpccmr1 |= (uint16_t)(TIM_ICSelection | (uint16_t)(TIM_ICFilter << (uint16_t)4));
200065f8:	88fb      	ldrh	r3, [r7, #6]
200065fa:	011b      	lsls	r3, r3, #4
200065fc:	b29a      	uxth	r2, r3
200065fe:	893b      	ldrh	r3, [r7, #8]
20006600:	4313      	orrs	r3, r2
20006602:	b29a      	uxth	r2, r3
20006604:	8afb      	ldrh	r3, [r7, #22]
20006606:	4313      	orrs	r3, r2
20006608:	82fb      	strh	r3, [r7, #22]

  /* Select the Polarity and set the CC1E Bit */
  tmpccer &= (uint16_t)~(TIM_CCER_CC1P | TIM_CCER_CC1NP);
2000660a:	8abb      	ldrh	r3, [r7, #20]
2000660c:	f023 030a 	bic.w	r3, r3, #10
20006610:	82bb      	strh	r3, [r7, #20]
  tmpccer |= (uint16_t)(TIM_ICPolarity | (uint16_t)TIM_CCER_CC1E);
20006612:	897a      	ldrh	r2, [r7, #10]
20006614:	8abb      	ldrh	r3, [r7, #20]
20006616:	4313      	orrs	r3, r2
20006618:	b29b      	uxth	r3, r3
2000661a:	f043 0301 	orr.w	r3, r3, #1
2000661e:	82bb      	strh	r3, [r7, #20]

  /* Write to TIMx CCMR1 and CCER registers */
  TIMx->CCMR1 = tmpccmr1;
20006620:	68fb      	ldr	r3, [r7, #12]
20006622:	8afa      	ldrh	r2, [r7, #22]
20006624:	831a      	strh	r2, [r3, #24]
  TIMx->CCER = tmpccer;
20006626:	68fb      	ldr	r3, [r7, #12]
20006628:	8aba      	ldrh	r2, [r7, #20]
2000662a:	841a      	strh	r2, [r3, #32]
}
2000662c:	bf00      	nop
2000662e:	371c      	adds	r7, #28
20006630:	46bd      	mov	sp, r7
20006632:	bc80      	pop	{r7}
20006634:	4770      	bx	lr

20006636 <TI2_Config>:
  *          This parameter must be a value between 0x00 and 0x0F.
  * @retval None
  */
static void TI2_Config(TIM_TypeDef* TIMx, uint16_t TIM_ICPolarity, uint16_t TIM_ICSelection,
                       uint16_t TIM_ICFilter)
{
20006636:	b480      	push	{r7}
20006638:	b087      	sub	sp, #28
2000663a:	af00      	add	r7, sp, #0
2000663c:	60f8      	str	r0, [r7, #12]
2000663e:	4608      	mov	r0, r1
20006640:	4611      	mov	r1, r2
20006642:	461a      	mov	r2, r3
20006644:	4603      	mov	r3, r0
20006646:	817b      	strh	r3, [r7, #10]
20006648:	460b      	mov	r3, r1
2000664a:	813b      	strh	r3, [r7, #8]
2000664c:	4613      	mov	r3, r2
2000664e:	80fb      	strh	r3, [r7, #6]
  uint16_t tmpccmr1 = 0, tmpccer = 0, tmp = 0;
20006650:	2300      	movs	r3, #0
20006652:	82fb      	strh	r3, [r7, #22]
20006654:	2300      	movs	r3, #0
20006656:	82bb      	strh	r3, [r7, #20]
20006658:	2300      	movs	r3, #0
2000665a:	827b      	strh	r3, [r7, #18]

  /* Disable the Channel 2: Reset the CC2E Bit */
  TIMx->CCER &= (uint16_t)~TIM_CCER_CC2E;
2000665c:	68fb      	ldr	r3, [r7, #12]
2000665e:	8c1b      	ldrh	r3, [r3, #32]
20006660:	b29b      	uxth	r3, r3
20006662:	f023 0310 	bic.w	r3, r3, #16
20006666:	b29a      	uxth	r2, r3
20006668:	68fb      	ldr	r3, [r7, #12]
2000666a:	841a      	strh	r2, [r3, #32]
  tmpccmr1 = TIMx->CCMR1;
2000666c:	68fb      	ldr	r3, [r7, #12]
2000666e:	8b1b      	ldrh	r3, [r3, #24]
20006670:	82fb      	strh	r3, [r7, #22]
  tmpccer = TIMx->CCER;
20006672:	68fb      	ldr	r3, [r7, #12]
20006674:	8c1b      	ldrh	r3, [r3, #32]
20006676:	82bb      	strh	r3, [r7, #20]
  tmp = (uint16_t)(TIM_ICPolarity << 4);
20006678:	897b      	ldrh	r3, [r7, #10]
2000667a:	011b      	lsls	r3, r3, #4
2000667c:	827b      	strh	r3, [r7, #18]

  /* Select the Input and set the filter */
  tmpccmr1 &= ((uint16_t)~TIM_CCMR1_CC2S) & ((uint16_t)~TIM_CCMR1_IC2F);
2000667e:	8afb      	ldrh	r3, [r7, #22]
20006680:	f423 7340 	bic.w	r3, r3, #768	@ 0x300
20006684:	051b      	lsls	r3, r3, #20
20006686:	0d1b      	lsrs	r3, r3, #20
20006688:	82fb      	strh	r3, [r7, #22]
  tmpccmr1 |= (uint16_t)(TIM_ICFilter << 12);
2000668a:	88fb      	ldrh	r3, [r7, #6]
2000668c:	031b      	lsls	r3, r3, #12
2000668e:	b29a      	uxth	r2, r3
20006690:	8afb      	ldrh	r3, [r7, #22]
20006692:	4313      	orrs	r3, r2
20006694:	82fb      	strh	r3, [r7, #22]
  tmpccmr1 |= (uint16_t)(TIM_ICSelection << 8);
20006696:	893b      	ldrh	r3, [r7, #8]
20006698:	021b      	lsls	r3, r3, #8
2000669a:	b29a      	uxth	r2, r3
2000669c:	8afb      	ldrh	r3, [r7, #22]
2000669e:	4313      	orrs	r3, r2
200066a0:	82fb      	strh	r3, [r7, #22]

  /* Select the Polarity and set the CC2E Bit */
  tmpccer &= (uint16_t)~(TIM_CCER_CC2P | TIM_CCER_CC2NP);
200066a2:	8abb      	ldrh	r3, [r7, #20]
200066a4:	f023 03a0 	bic.w	r3, r3, #160	@ 0xa0
200066a8:	82bb      	strh	r3, [r7, #20]
  tmpccer |=  (uint16_t)(tmp | (uint16_t)TIM_CCER_CC2E);
200066aa:	8a7a      	ldrh	r2, [r7, #18]
200066ac:	8abb      	ldrh	r3, [r7, #20]
200066ae:	4313      	orrs	r3, r2
200066b0:	b29b      	uxth	r3, r3
200066b2:	f043 0310 	orr.w	r3, r3, #16
200066b6:	82bb      	strh	r3, [r7, #20]

  /* Write to TIMx CCMR1 and CCER registers */
  TIMx->CCMR1 = tmpccmr1 ;
200066b8:	68fb      	ldr	r3, [r7, #12]
200066ba:	8afa      	ldrh	r2, [r7, #22]
200066bc:	831a      	strh	r2, [r3, #24]
  TIMx->CCER = tmpccer;
200066be:	68fb      	ldr	r3, [r7, #12]
200066c0:	8aba      	ldrh	r2, [r7, #20]
200066c2:	841a      	strh	r2, [r3, #32]
}
200066c4:	bf00      	nop
200066c6:	371c      	adds	r7, #28
200066c8:	46bd      	mov	sp, r7
200066ca:	bc80      	pop	{r7}
200066cc:	4770      	bx	lr

200066ce <TI3_Config>:
  *          This parameter must be a value between 0x00 and 0x0F.
  * @retval None
  */
static void TI3_Config(TIM_TypeDef* TIMx, uint16_t TIM_ICPolarity, uint16_t TIM_ICSelection,
                       uint16_t TIM_ICFilter)
{
200066ce:	b480      	push	{r7}
200066d0:	b087      	sub	sp, #28
200066d2:	af00      	add	r7, sp, #0
200066d4:	60f8      	str	r0, [r7, #12]
200066d6:	4608      	mov	r0, r1
200066d8:	4611      	mov	r1, r2
200066da:	461a      	mov	r2, r3
200066dc:	4603      	mov	r3, r0
200066de:	817b      	strh	r3, [r7, #10]
200066e0:	460b      	mov	r3, r1
200066e2:	813b      	strh	r3, [r7, #8]
200066e4:	4613      	mov	r3, r2
200066e6:	80fb      	strh	r3, [r7, #6]
  uint16_t tmpccmr2 = 0, tmpccer = 0, tmp = 0;
200066e8:	2300      	movs	r3, #0
200066ea:	82fb      	strh	r3, [r7, #22]
200066ec:	2300      	movs	r3, #0
200066ee:	82bb      	strh	r3, [r7, #20]
200066f0:	2300      	movs	r3, #0
200066f2:	827b      	strh	r3, [r7, #18]

  /* Disable the Channel 3: Reset the CC3E Bit */
  TIMx->CCER &= (uint16_t)~TIM_CCER_CC3E;
200066f4:	68fb      	ldr	r3, [r7, #12]
200066f6:	8c1b      	ldrh	r3, [r3, #32]
200066f8:	b29b      	uxth	r3, r3
200066fa:	f423 7380 	bic.w	r3, r3, #256	@ 0x100
200066fe:	b29a      	uxth	r2, r3
20006700:	68fb      	ldr	r3, [r7, #12]
20006702:	841a      	strh	r2, [r3, #32]
  tmpccmr2 = TIMx->CCMR2;
20006704:	68fb      	ldr	r3, [r7, #12]
20006706:	8b9b      	ldrh	r3, [r3, #28]
20006708:	82fb      	strh	r3, [r7, #22]
  tmpccer = TIMx->CCER;
2000670a:	68fb      	ldr	r3, [r7, #12]
2000670c:	8c1b      	ldrh	r3, [r3, #32]
2000670e:	82bb      	strh	r3, [r7, #20]
  tmp = (uint16_t)(TIM_ICPolarity << 8);
20006710:	897b      	ldrh	r3, [r7, #10]
20006712:	021b      	lsls	r3, r3, #8
20006714:	827b      	strh	r3, [r7, #18]

  /* Select the Input and set the filter */
  tmpccmr2 &= ((uint16_t)~TIM_CCMR1_CC1S) & ((uint16_t)~TIM_CCMR2_IC3F);
20006716:	8afb      	ldrh	r3, [r7, #22]
20006718:	f023 03f3 	bic.w	r3, r3, #243	@ 0xf3
2000671c:	82fb      	strh	r3, [r7, #22]
  tmpccmr2 |= (uint16_t)(TIM_ICSelection | (uint16_t)(TIM_ICFilter << (uint16_t)4));
2000671e:	88fb      	ldrh	r3, [r7, #6]
20006720:	011b      	lsls	r3, r3, #4
20006722:	b29a      	uxth	r2, r3
20006724:	893b      	ldrh	r3, [r7, #8]
20006726:	4313      	orrs	r3, r2
20006728:	b29a      	uxth	r2, r3
2000672a:	8afb      	ldrh	r3, [r7, #22]
2000672c:	4313      	orrs	r3, r2
2000672e:	82fb      	strh	r3, [r7, #22]

  /* Select the Polarity and set the CC3E Bit */
  tmpccer &= (uint16_t)~(TIM_CCER_CC3P | TIM_CCER_CC3NP);
20006730:	8abb      	ldrh	r3, [r7, #20]
20006732:	f423 6320 	bic.w	r3, r3, #2560	@ 0xa00
20006736:	82bb      	strh	r3, [r7, #20]
  tmpccer |= (uint16_t)(tmp | (uint16_t)TIM_CCER_CC3E);
20006738:	8a7a      	ldrh	r2, [r7, #18]
2000673a:	8abb      	ldrh	r3, [r7, #20]
2000673c:	4313      	orrs	r3, r2
2000673e:	b29b      	uxth	r3, r3
20006740:	f443 7380 	orr.w	r3, r3, #256	@ 0x100
20006744:	82bb      	strh	r3, [r7, #20]

  /* Write to TIMx CCMR2 and CCER registers */
  TIMx->CCMR2 = tmpccmr2;
20006746:	68fb      	ldr	r3, [r7, #12]
20006748:	8afa      	ldrh	r2, [r7, #22]
2000674a:	839a      	strh	r2, [r3, #28]
  TIMx->CCER = tmpccer;
2000674c:	68fb      	ldr	r3, [r7, #12]
2000674e:	8aba      	ldrh	r2, [r7, #20]
20006750:	841a      	strh	r2, [r3, #32]
}
20006752:	bf00      	nop
20006754:	371c      	adds	r7, #28
20006756:	46bd      	mov	sp, r7
20006758:	bc80      	pop	{r7}
2000675a:	4770      	bx	lr

2000675c <TI4_Config>:
  *          This parameter must be a value between 0x00 and 0x0F.
  * @retval None
  */
static void TI4_Config(TIM_TypeDef* TIMx, uint16_t TIM_ICPolarity, uint16_t TIM_ICSelection,
                       uint16_t TIM_ICFilter)
{
2000675c:	b480      	push	{r7}
2000675e:	b087      	sub	sp, #28
20006760:	af00      	add	r7, sp, #0
20006762:	60f8      	str	r0, [r7, #12]
20006764:	4608      	mov	r0, r1
20006766:	4611      	mov	r1, r2
20006768:	461a      	mov	r2, r3
2000676a:	4603      	mov	r3, r0
2000676c:	817b      	strh	r3, [r7, #10]
2000676e:	460b      	mov	r3, r1
20006770:	813b      	strh	r3, [r7, #8]
20006772:	4613      	mov	r3, r2
20006774:	80fb      	strh	r3, [r7, #6]
  uint16_t tmpccmr2 = 0, tmpccer = 0, tmp = 0;
20006776:	2300      	movs	r3, #0
20006778:	82fb      	strh	r3, [r7, #22]
2000677a:	2300      	movs	r3, #0
2000677c:	82bb      	strh	r3, [r7, #20]
2000677e:	2300      	movs	r3, #0
20006780:	827b      	strh	r3, [r7, #18]

  /* Disable the Channel 4: Reset the CC4E Bit */
  TIMx->CCER &= (uint16_t)~TIM_CCER_CC4E;
20006782:	68fb      	ldr	r3, [r7, #12]
20006784:	8c1b      	ldrh	r3, [r3, #32]
20006786:	b29b      	uxth	r3, r3
20006788:	f423 5380 	bic.w	r3, r3, #4096	@ 0x1000
2000678c:	b29a      	uxth	r2, r3
2000678e:	68fb      	ldr	r3, [r7, #12]
20006790:	841a      	strh	r2, [r3, #32]
  tmpccmr2 = TIMx->CCMR2;
20006792:	68fb      	ldr	r3, [r7, #12]
20006794:	8b9b      	ldrh	r3, [r3, #28]
20006796:	82fb      	strh	r3, [r7, #22]
  tmpccer = TIMx->CCER;
20006798:	68fb      	ldr	r3, [r7, #12]
2000679a:	8c1b      	ldrh	r3, [r3, #32]
2000679c:	82bb      	strh	r3, [r7, #20]
  tmp = (uint16_t)(TIM_ICPolarity << 12);
2000679e:	897b      	ldrh	r3, [r7, #10]
200067a0:	031b      	lsls	r3, r3, #12
200067a2:	827b      	strh	r3, [r7, #18]

  /* Select the Input and set the filter */
  tmpccmr2 &= ((uint16_t)~TIM_CCMR1_CC2S) & ((uint16_t)~TIM_CCMR1_IC2F);
200067a4:	8afb      	ldrh	r3, [r7, #22]
200067a6:	f423 7340 	bic.w	r3, r3, #768	@ 0x300
200067aa:	051b      	lsls	r3, r3, #20
200067ac:	0d1b      	lsrs	r3, r3, #20
200067ae:	82fb      	strh	r3, [r7, #22]
  tmpccmr2 |= (uint16_t)(TIM_ICSelection << 8);
200067b0:	893b      	ldrh	r3, [r7, #8]
200067b2:	021b      	lsls	r3, r3, #8
200067b4:	b29a      	uxth	r2, r3
200067b6:	8afb      	ldrh	r3, [r7, #22]
200067b8:	4313      	orrs	r3, r2
200067ba:	82fb      	strh	r3, [r7, #22]
  tmpccmr2 |= (uint16_t)(TIM_ICFilter << 12);
200067bc:	88fb      	ldrh	r3, [r7, #6]
200067be:	031b      	lsls	r3, r3, #12
200067c0:	b29a      	uxth	r2, r3
200067c2:	8afb      	ldrh	r3, [r7, #22]
200067c4:	4313      	orrs	r3, r2
200067c6:	82fb      	strh	r3, [r7, #22]

  /* Select the Polarity and set the CC4E Bit */
  tmpccer &= (uint16_t)~(TIM_CCER_CC4P | TIM_CCER_CC4NP);
200067c8:	8abb      	ldrh	r3, [r7, #20]
200067ca:	f423 5300 	bic.w	r3, r3, #8192	@ 0x2000
200067ce:	045b      	lsls	r3, r3, #17
200067d0:	0c5b      	lsrs	r3, r3, #17
200067d2:	82bb      	strh	r3, [r7, #20]
  tmpccer |= (uint16_t)(tmp | (uint16_t)TIM_CCER_CC4E);
200067d4:	8a7a      	ldrh	r2, [r7, #18]
200067d6:	8abb      	ldrh	r3, [r7, #20]
200067d8:	4313      	orrs	r3, r2
200067da:	b29b      	uxth	r3, r3
200067dc:	f443 5380 	orr.w	r3, r3, #4096	@ 0x1000
200067e0:	82bb      	strh	r3, [r7, #20]

  /* Write to TIMx CCMR2 and CCER registers */
  TIMx->CCMR2 = tmpccmr2;
200067e2:	68fb      	ldr	r3, [r7, #12]
200067e4:	8afa      	ldrh	r2, [r7, #22]
200067e6:	839a      	strh	r2, [r3, #28]
  TIMx->CCER = tmpccer ;
200067e8:	68fb      	ldr	r3, [r7, #12]
200067ea:	8aba      	ldrh	r2, [r7, #20]
200067ec:	841a      	strh	r2, [r3, #32]
}
200067ee:	bf00      	nop
200067f0:	371c      	adds	r7, #28
200067f2:	46bd      	mov	sp, r7
200067f4:	bc80      	pop	{r7}
200067f6:	4770      	bx	lr

200067f8 <USART_DeInit>:
  * @param  USARTx: where x can be 1, 2, 3, 4, 5, 6, 7 or 8 to select the USART or 
  *         UART peripheral.
  * @retval None
  */
void USART_DeInit(USART_TypeDef* USARTx)
{
200067f8:	b580      	push	{r7, lr}
200067fa:	b082      	sub	sp, #8
200067fc:	af00      	add	r7, sp, #0
200067fe:	6078      	str	r0, [r7, #4]
  /* Check the parameters */
  assert_param(IS_USART_ALL_PERIPH(USARTx));

  if (USARTx == USART1)
20006800:	687b      	ldr	r3, [r7, #4]
20006802:	4a3b      	ldr	r2, [pc, #236]	@ (200068f0 <USART_DeInit+0xf8>)
20006804:	4293      	cmp	r3, r2
20006806:	d108      	bne.n	2000681a <USART_DeInit+0x22>
  {
    RCC_APB2PeriphResetCmd(RCC_APB2Periph_USART1, ENABLE);
20006808:	2101      	movs	r1, #1
2000680a:	2010      	movs	r0, #16
2000680c:	f7fe f84c 	bl	200048a8 <RCC_APB2PeriphResetCmd>
    RCC_APB2PeriphResetCmd(RCC_APB2Periph_USART1, DISABLE);
20006810:	2100      	movs	r1, #0
20006812:	2010      	movs	r0, #16
20006814:	f7fe f848 	bl	200048a8 <RCC_APB2PeriphResetCmd>
    { 
      RCC_APB1PeriphResetCmd(RCC_APB1Periph_UART8, ENABLE);
      RCC_APB1PeriphResetCmd(RCC_APB1Periph_UART8, DISABLE);
    }
  }
}
20006818:	e065      	b.n	200068e6 <USART_DeInit+0xee>
  else if (USARTx == USART2)
2000681a:	687b      	ldr	r3, [r7, #4]
2000681c:	4a35      	ldr	r2, [pc, #212]	@ (200068f4 <USART_DeInit+0xfc>)
2000681e:	4293      	cmp	r3, r2
20006820:	d10a      	bne.n	20006838 <USART_DeInit+0x40>
    RCC_APB1PeriphResetCmd(RCC_APB1Periph_USART2, ENABLE);
20006822:	2101      	movs	r1, #1
20006824:	f44f 3000 	mov.w	r0, #131072	@ 0x20000
20006828:	f7fe f820 	bl	2000486c <RCC_APB1PeriphResetCmd>
    RCC_APB1PeriphResetCmd(RCC_APB1Periph_USART2, DISABLE);
2000682c:	2100      	movs	r1, #0
2000682e:	f44f 3000 	mov.w	r0, #131072	@ 0x20000
20006832:	f7fe f81b 	bl	2000486c <RCC_APB1PeriphResetCmd>
}
20006836:	e056      	b.n	200068e6 <USART_DeInit+0xee>
  else if (USARTx == USART3)
20006838:	687b      	ldr	r3, [r7, #4]
2000683a:	4a2f      	ldr	r2, [pc, #188]	@ (200068f8 <USART_DeInit+0x100>)
2000683c:	4293      	cmp	r3, r2
2000683e:	d10a      	bne.n	20006856 <USART_DeInit+0x5e>
    RCC_APB1PeriphResetCmd(RCC_APB1Periph_USART3, ENABLE);
20006840:	2101      	movs	r1, #1
20006842:	f44f 2080 	mov.w	r0, #262144	@ 0x40000
20006846:	f7fe f811 	bl	2000486c <RCC_APB1PeriphResetCmd>
    RCC_APB1PeriphResetCmd(RCC_APB1Periph_USART3, DISABLE);
2000684a:	2100      	movs	r1, #0
2000684c:	f44f 2080 	mov.w	r0, #262144	@ 0x40000
20006850:	f7fe f80c 	bl	2000486c <RCC_APB1PeriphResetCmd>
}
20006854:	e047      	b.n	200068e6 <USART_DeInit+0xee>
  else if (USARTx == UART4)
20006856:	687b      	ldr	r3, [r7, #4]
20006858:	4a28      	ldr	r2, [pc, #160]	@ (200068fc <USART_DeInit+0x104>)
2000685a:	4293      	cmp	r3, r2
2000685c:	d10a      	bne.n	20006874 <USART_DeInit+0x7c>
    RCC_APB1PeriphResetCmd(RCC_APB1Periph_UART4, ENABLE);
2000685e:	2101      	movs	r1, #1
20006860:	f44f 2000 	mov.w	r0, #524288	@ 0x80000
20006864:	f7fe f802 	bl	2000486c <RCC_APB1PeriphResetCmd>
    RCC_APB1PeriphResetCmd(RCC_APB1Periph_UART4, DISABLE);
20006868:	2100      	movs	r1, #0
2000686a:	f44f 2000 	mov.w	r0, #524288	@ 0x80000
2000686e:	f7fd fffd 	bl	2000486c <RCC_APB1PeriphResetCmd>
}
20006872:	e038      	b.n	200068e6 <USART_DeInit+0xee>
  else if (USARTx == UART5)
20006874:	687b      	ldr	r3, [r7, #4]
20006876:	4a22      	ldr	r2, [pc, #136]	@ (20006900 <USART_DeInit+0x108>)
20006878:	4293      	cmp	r3, r2
2000687a:	d10a      	bne.n	20006892 <USART_DeInit+0x9a>
    RCC_APB1PeriphResetCmd(RCC_APB1Periph_UART5, ENABLE);
2000687c:	2101      	movs	r1, #1
2000687e:	f44f 1080 	mov.w	r0, #1048576	@ 0x100000
20006882:	f7fd fff3 	bl	2000486c <RCC_APB1PeriphResetCmd>
    RCC_APB1PeriphResetCmd(RCC_APB1Periph_UART5, DISABLE);
20006886:	2100      	movs	r1, #0
20006888:	f44f 1080 	mov.w	r0, #1048576	@ 0x100000
2000688c:	f7fd ffee 	bl	2000486c <RCC_APB1PeriphResetCmd>
}
20006890:	e029      	b.n	200068e6 <USART_DeInit+0xee>
  else if (USARTx == USART6)
20006892:	687b      	ldr	r3, [r7, #4]
20006894:	4a1b      	ldr	r2, [pc, #108]	@ (20006904 <USART_DeInit+0x10c>)
20006896:	4293      	cmp	r3, r2
20006898:	d108      	bne.n	200068ac <USART_DeInit+0xb4>
    RCC_APB2PeriphResetCmd(RCC_APB2Periph_USART6, ENABLE);
2000689a:	2101      	movs	r1, #1
2000689c:	2020      	movs	r0, #32
2000689e:	f7fe f803 	bl	200048a8 <RCC_APB2PeriphResetCmd>
    RCC_APB2PeriphResetCmd(RCC_APB2Periph_USART6, DISABLE);
200068a2:	2100      	movs	r1, #0
200068a4:	2020      	movs	r0, #32
200068a6:	f7fd ffff 	bl	200048a8 <RCC_APB2PeriphResetCmd>
}
200068aa:	e01c      	b.n	200068e6 <USART_DeInit+0xee>
  else if (USARTx == UART7)
200068ac:	687b      	ldr	r3, [r7, #4]
200068ae:	4a16      	ldr	r2, [pc, #88]	@ (20006908 <USART_DeInit+0x110>)
200068b0:	4293      	cmp	r3, r2
200068b2:	d10a      	bne.n	200068ca <USART_DeInit+0xd2>
    RCC_APB1PeriphResetCmd(RCC_APB1Periph_UART7, ENABLE);
200068b4:	2101      	movs	r1, #1
200068b6:	f04f 4080 	mov.w	r0, #1073741824	@ 0x40000000
200068ba:	f7fd ffd7 	bl	2000486c <RCC_APB1PeriphResetCmd>
    RCC_APB1PeriphResetCmd(RCC_APB1Periph_UART7, DISABLE);
200068be:	2100      	movs	r1, #0
200068c0:	f04f 4080 	mov.w	r0, #1073741824	@ 0x40000000
200068c4:	f7fd ffd2 	bl	2000486c <RCC_APB1PeriphResetCmd>
}
200068c8:	e00d      	b.n	200068e6 <USART_DeInit+0xee>
    if (USARTx == UART8)
200068ca:	687b      	ldr	r3, [r7, #4]
200068cc:	4a0f      	ldr	r2, [pc, #60]	@ (2000690c <USART_DeInit+0x114>)
200068ce:	4293      	cmp	r3, r2
200068d0:	d109      	bne.n	200068e6 <USART_DeInit+0xee>
      RCC_APB1PeriphResetCmd(RCC_APB1Periph_UART8, ENABLE);
200068d2:	2101      	movs	r1, #1
200068d4:	f04f 4000 	mov.w	r0, #2147483648	@ 0x80000000
200068d8:	f7fd ffc8 	bl	2000486c <RCC_APB1PeriphResetCmd>
      RCC_APB1PeriphResetCmd(RCC_APB1Periph_UART8, DISABLE);
200068dc:	2100      	movs	r1, #0
200068de:	f04f 4000 	mov.w	r0, #2147483648	@ 0x80000000
200068e2:	f7fd ffc3 	bl	2000486c <RCC_APB1PeriphResetCmd>
}
200068e6:	bf00      	nop
200068e8:	3708      	adds	r7, #8
200068ea:	46bd      	mov	sp, r7
200068ec:	bd80      	pop	{r7, pc}
200068ee:	bf00      	nop
200068f0:	40011000 	.word	0x40011000
200068f4:	40004400 	.word	0x40004400
200068f8:	40004800 	.word	0x40004800
200068fc:	40004c00 	.word	0x40004c00
20006900:	40005000 	.word	0x40005000
20006904:	40011400 	.word	0x40011400
20006908:	40007800 	.word	0x40007800
2000690c:	40007c00 	.word	0x40007c00

20006910 <USART_Init>:
  * @param  USART_InitStruct: pointer to a USART_InitTypeDef structure that contains
  *         the configuration information for the specified USART peripheral.
  * @retval None
  */
void USART_Init(USART_TypeDef* USARTx, USART_InitTypeDef* USART_InitStruct)
{
20006910:	b580      	push	{r7, lr}
20006912:	b08a      	sub	sp, #40	@ 0x28
20006914:	af00      	add	r7, sp, #0
20006916:	6078      	str	r0, [r7, #4]
20006918:	6039      	str	r1, [r7, #0]
  uint32_t tmpreg = 0x00, apbclock = 0x00;
2000691a:	2300      	movs	r3, #0
2000691c:	627b      	str	r3, [r7, #36]	@ 0x24
2000691e:	2300      	movs	r3, #0
20006920:	623b      	str	r3, [r7, #32]
  uint32_t integerdivider = 0x00;
20006922:	2300      	movs	r3, #0
20006924:	61fb      	str	r3, [r7, #28]
  uint32_t fractionaldivider = 0x00;
20006926:	2300      	movs	r3, #0
20006928:	61bb      	str	r3, [r7, #24]
  {
    assert_param(IS_USART_1236_PERIPH(USARTx));
  }

/*---------------------------- USART CR2 Configuration -----------------------*/
  tmpreg = USARTx->CR2;
2000692a:	687b      	ldr	r3, [r7, #4]
2000692c:	8a1b      	ldrh	r3, [r3, #16]
2000692e:	b29b      	uxth	r3, r3
20006930:	627b      	str	r3, [r7, #36]	@ 0x24

  /* Clear STOP[13:12] bits */
  tmpreg &= (uint32_t)~((uint32_t)USART_CR2_STOP);
20006932:	6a7b      	ldr	r3, [r7, #36]	@ 0x24
20006934:	f423 5340 	bic.w	r3, r3, #12288	@ 0x3000
20006938:	627b      	str	r3, [r7, #36]	@ 0x24

  /* Configure the USART Stop Bits, Clock, CPOL, CPHA and LastBit :
      Set STOP[13:12] bits according to USART_StopBits value */
  tmpreg |= (uint32_t)USART_InitStruct->USART_StopBits;
2000693a:	683b      	ldr	r3, [r7, #0]
2000693c:	88db      	ldrh	r3, [r3, #6]
2000693e:	461a      	mov	r2, r3
20006940:	6a7b      	ldr	r3, [r7, #36]	@ 0x24
20006942:	4313      	orrs	r3, r2
20006944:	627b      	str	r3, [r7, #36]	@ 0x24
  
  /* Write to USART CR2 */
  USARTx->CR2 = (uint16_t)tmpreg;
20006946:	6a7b      	ldr	r3, [r7, #36]	@ 0x24
20006948:	b29a      	uxth	r2, r3
2000694a:	687b      	ldr	r3, [r7, #4]
2000694c:	821a      	strh	r2, [r3, #16]

/*---------------------------- USART CR1 Configuration -----------------------*/
  tmpreg = USARTx->CR1;
2000694e:	687b      	ldr	r3, [r7, #4]
20006950:	899b      	ldrh	r3, [r3, #12]
20006952:	b29b      	uxth	r3, r3
20006954:	627b      	str	r3, [r7, #36]	@ 0x24

  /* Clear M, PCE, PS, TE and RE bits */
  tmpreg &= (uint32_t)~((uint32_t)CR1_CLEAR_MASK);
20006956:	6a7b      	ldr	r3, [r7, #36]	@ 0x24
20006958:	f423 53b0 	bic.w	r3, r3, #5632	@ 0x1600
2000695c:	f023 030c 	bic.w	r3, r3, #12
20006960:	627b      	str	r3, [r7, #36]	@ 0x24

  /* Configure the USART Word Length, Parity and mode: 
     Set the M bits according to USART_WordLength value 
     Set PCE and PS bits according to USART_Parity value
     Set TE and RE bits according to USART_Mode value */
  tmpreg |= (uint32_t)USART_InitStruct->USART_WordLength | USART_InitStruct->USART_Parity |
20006962:	683b      	ldr	r3, [r7, #0]
20006964:	889a      	ldrh	r2, [r3, #4]
20006966:	683b      	ldr	r3, [r7, #0]
20006968:	891b      	ldrh	r3, [r3, #8]
2000696a:	4313      	orrs	r3, r2
2000696c:	b29a      	uxth	r2, r3
            USART_InitStruct->USART_Mode;
2000696e:	683b      	ldr	r3, [r7, #0]
20006970:	895b      	ldrh	r3, [r3, #10]
  tmpreg |= (uint32_t)USART_InitStruct->USART_WordLength | USART_InitStruct->USART_Parity |
20006972:	4313      	orrs	r3, r2
20006974:	b29b      	uxth	r3, r3
20006976:	461a      	mov	r2, r3
20006978:	6a7b      	ldr	r3, [r7, #36]	@ 0x24
2000697a:	4313      	orrs	r3, r2
2000697c:	627b      	str	r3, [r7, #36]	@ 0x24

  /* Write to USART CR1 */
  USARTx->CR1 = (uint16_t)tmpreg;
2000697e:	6a7b      	ldr	r3, [r7, #36]	@ 0x24
20006980:	b29a      	uxth	r2, r3
20006982:	687b      	ldr	r3, [r7, #4]
20006984:	819a      	strh	r2, [r3, #12]

/*---------------------------- USART CR3 Configuration -----------------------*/  
  tmpreg = USARTx->CR3;
20006986:	687b      	ldr	r3, [r7, #4]
20006988:	8a9b      	ldrh	r3, [r3, #20]
2000698a:	b29b      	uxth	r3, r3
2000698c:	627b      	str	r3, [r7, #36]	@ 0x24

  /* Clear CTSE and RTSE bits */
  tmpreg &= (uint32_t)~((uint32_t)CR3_CLEAR_MASK);
2000698e:	6a7b      	ldr	r3, [r7, #36]	@ 0x24
20006990:	f423 7340 	bic.w	r3, r3, #768	@ 0x300
20006994:	627b      	str	r3, [r7, #36]	@ 0x24

  /* Configure the USART HFC : 
      Set CTSE and RTSE bits according to USART_HardwareFlowControl value */
  tmpreg |= USART_InitStruct->USART_HardwareFlowControl;
20006996:	683b      	ldr	r3, [r7, #0]
20006998:	899b      	ldrh	r3, [r3, #12]
2000699a:	461a      	mov	r2, r3
2000699c:	6a7b      	ldr	r3, [r7, #36]	@ 0x24
2000699e:	4313      	orrs	r3, r2
200069a0:	627b      	str	r3, [r7, #36]	@ 0x24

  /* Write to USART CR3 */
  USARTx->CR3 = (uint16_t)tmpreg;
200069a2:	6a7b      	ldr	r3, [r7, #36]	@ 0x24
200069a4:	b29a      	uxth	r2, r3
200069a6:	687b      	ldr	r3, [r7, #4]
200069a8:	829a      	strh	r2, [r3, #20]

/*---------------------------- USART BRR Configuration -----------------------*/
  /* Configure the USART Baud Rate */
  RCC_GetClocksFreq(&RCC_ClocksStatus);
200069aa:	f107 0308 	add.w	r3, r7, #8
200069ae:	4618      	mov	r0, r3
200069b0:	f7fd fcbc 	bl	2000432c <RCC_GetClocksFreq>

  if ((USARTx == USART1) || (USARTx == USART6))
200069b4:	687b      	ldr	r3, [r7, #4]
200069b6:	4a30      	ldr	r2, [pc, #192]	@ (20006a78 <USART_Init+0x168>)
200069b8:	4293      	cmp	r3, r2
200069ba:	d003      	beq.n	200069c4 <USART_Init+0xb4>
200069bc:	687b      	ldr	r3, [r7, #4]
200069be:	4a2f      	ldr	r2, [pc, #188]	@ (20006a7c <USART_Init+0x16c>)
200069c0:	4293      	cmp	r3, r2
200069c2:	d102      	bne.n	200069ca <USART_Init+0xba>
  {
    apbclock = RCC_ClocksStatus.PCLK2_Frequency;
200069c4:	697b      	ldr	r3, [r7, #20]
200069c6:	623b      	str	r3, [r7, #32]
200069c8:	e001      	b.n	200069ce <USART_Init+0xbe>
  }
  else
  {
    apbclock = RCC_ClocksStatus.PCLK1_Frequency;
200069ca:	693b      	ldr	r3, [r7, #16]
200069cc:	623b      	str	r3, [r7, #32]
  }
  
  /* Determine the integer part */
  if ((USARTx->CR1 & USART_CR1_OVER8) != 0)
200069ce:	687b      	ldr	r3, [r7, #4]
200069d0:	899b      	ldrh	r3, [r3, #12]
200069d2:	b29b      	uxth	r3, r3
200069d4:	b21b      	sxth	r3, r3
200069d6:	2b00      	cmp	r3, #0
200069d8:	da0c      	bge.n	200069f4 <USART_Init+0xe4>
  {
    /* Integer part computing in case Oversampling mode is 8 Samples */
    integerdivider = ((25 * apbclock) / (2 * (USART_InitStruct->USART_BaudRate)));    
200069da:	6a3a      	ldr	r2, [r7, #32]
200069dc:	4613      	mov	r3, r2
200069de:	009b      	lsls	r3, r3, #2
200069e0:	4413      	add	r3, r2
200069e2:	009a      	lsls	r2, r3, #2
200069e4:	441a      	add	r2, r3
200069e6:	683b      	ldr	r3, [r7, #0]
200069e8:	681b      	ldr	r3, [r3, #0]
200069ea:	005b      	lsls	r3, r3, #1
200069ec:	fbb2 f3f3 	udiv	r3, r2, r3
200069f0:	61fb      	str	r3, [r7, #28]
200069f2:	e00b      	b.n	20006a0c <USART_Init+0xfc>
  }
  else /* if ((USARTx->CR1 & USART_CR1_OVER8) == 0) */
  {
    /* Integer part computing in case Oversampling mode is 16 Samples */
    integerdivider = ((25 * apbclock) / (4 * (USART_InitStruct->USART_BaudRate)));    
200069f4:	6a3a      	ldr	r2, [r7, #32]
200069f6:	4613      	mov	r3, r2
200069f8:	009b      	lsls	r3, r3, #2
200069fa:	4413      	add	r3, r2
200069fc:	009a      	lsls	r2, r3, #2
200069fe:	441a      	add	r2, r3
20006a00:	683b      	ldr	r3, [r7, #0]
20006a02:	681b      	ldr	r3, [r3, #0]
20006a04:	009b      	lsls	r3, r3, #2
20006a06:	fbb2 f3f3 	udiv	r3, r2, r3
20006a0a:	61fb      	str	r3, [r7, #28]
  }
  tmpreg = (integerdivider / 100) << 4;
20006a0c:	69fb      	ldr	r3, [r7, #28]
20006a0e:	4a1c      	ldr	r2, [pc, #112]	@ (20006a80 <USART_Init+0x170>)
20006a10:	fba2 2303 	umull	r2, r3, r2, r3
20006a14:	095b      	lsrs	r3, r3, #5
20006a16:	011b      	lsls	r3, r3, #4
20006a18:	627b      	str	r3, [r7, #36]	@ 0x24

  /* Determine the fractional part */
  fractionaldivider = integerdivider - (100 * (tmpreg >> 4));
20006a1a:	6a7b      	ldr	r3, [r7, #36]	@ 0x24
20006a1c:	091b      	lsrs	r3, r3, #4
20006a1e:	2264      	movs	r2, #100	@ 0x64
20006a20:	fb02 f303 	mul.w	r3, r2, r3
20006a24:	69fa      	ldr	r2, [r7, #28]
20006a26:	1ad3      	subs	r3, r2, r3
20006a28:	61bb      	str	r3, [r7, #24]

  /* Implement the fractional part in the register */
  if ((USARTx->CR1 & USART_CR1_OVER8) != 0)
20006a2a:	687b      	ldr	r3, [r7, #4]
20006a2c:	899b      	ldrh	r3, [r3, #12]
20006a2e:	b29b      	uxth	r3, r3
20006a30:	b21b      	sxth	r3, r3
20006a32:	2b00      	cmp	r3, #0
20006a34:	da0c      	bge.n	20006a50 <USART_Init+0x140>
  {
    tmpreg |= ((((fractionaldivider * 8) + 50) / 100)) & ((uint8_t)0x07);
20006a36:	69bb      	ldr	r3, [r7, #24]
20006a38:	00db      	lsls	r3, r3, #3
20006a3a:	3332      	adds	r3, #50	@ 0x32
20006a3c:	4a10      	ldr	r2, [pc, #64]	@ (20006a80 <USART_Init+0x170>)
20006a3e:	fba2 2303 	umull	r2, r3, r2, r3
20006a42:	095b      	lsrs	r3, r3, #5
20006a44:	f003 0307 	and.w	r3, r3, #7
20006a48:	6a7a      	ldr	r2, [r7, #36]	@ 0x24
20006a4a:	4313      	orrs	r3, r2
20006a4c:	627b      	str	r3, [r7, #36]	@ 0x24
20006a4e:	e00b      	b.n	20006a68 <USART_Init+0x158>
  }
  else /* if ((USARTx->CR1 & USART_CR1_OVER8) == 0) */
  {
    tmpreg |= ((((fractionaldivider * 16) + 50) / 100)) & ((uint8_t)0x0F);
20006a50:	69bb      	ldr	r3, [r7, #24]
20006a52:	011b      	lsls	r3, r3, #4
20006a54:	3332      	adds	r3, #50	@ 0x32
20006a56:	4a0a      	ldr	r2, [pc, #40]	@ (20006a80 <USART_Init+0x170>)
20006a58:	fba2 2303 	umull	r2, r3, r2, r3
20006a5c:	095b      	lsrs	r3, r3, #5
20006a5e:	f003 030f 	and.w	r3, r3, #15
20006a62:	6a7a      	ldr	r2, [r7, #36]	@ 0x24
20006a64:	4313      	orrs	r3, r2
20006a66:	627b      	str	r3, [r7, #36]	@ 0x24
  }
  
  /* Write to USART BRR register */
  USARTx->BRR = (uint16_t)tmpreg;
20006a68:	6a7b      	ldr	r3, [r7, #36]	@ 0x24
20006a6a:	b29a      	uxth	r2, r3
20006a6c:	687b      	ldr	r3, [r7, #4]
20006a6e:	811a      	strh	r2, [r3, #8]
}
20006a70:	bf00      	nop
20006a72:	3728      	adds	r7, #40	@ 0x28
20006a74:	46bd      	mov	sp, r7
20006a76:	bd80      	pop	{r7, pc}
20006a78:	40011000 	.word	0x40011000
20006a7c:	40011400 	.word	0x40011400
20006a80:	51eb851f 	.word	0x51eb851f

20006a84 <USART_StructInit>:
  * @param  USART_InitStruct: pointer to a USART_InitTypeDef structure which will
  *         be initialized.
  * @retval None
  */
void USART_StructInit(USART_InitTypeDef* USART_InitStruct)
{
20006a84:	b480      	push	{r7}
20006a86:	b083      	sub	sp, #12
20006a88:	af00      	add	r7, sp, #0
20006a8a:	6078      	str	r0, [r7, #4]
  /* USART_InitStruct members default value */
  USART_InitStruct->USART_BaudRate = 9600;
20006a8c:	687b      	ldr	r3, [r7, #4]
20006a8e:	f44f 5216 	mov.w	r2, #9600	@ 0x2580
20006a92:	601a      	str	r2, [r3, #0]
  USART_InitStruct->USART_WordLength = USART_WordLength_8b;
20006a94:	687b      	ldr	r3, [r7, #4]
20006a96:	2200      	movs	r2, #0
20006a98:	809a      	strh	r2, [r3, #4]
  USART_InitStruct->USART_StopBits = USART_StopBits_1;
20006a9a:	687b      	ldr	r3, [r7, #4]
20006a9c:	2200      	movs	r2, #0
20006a9e:	80da      	strh	r2, [r3, #6]
  USART_InitStruct->USART_Parity = USART_Parity_No ;
20006aa0:	687b      	ldr	r3, [r7, #4]
20006aa2:	2200      	movs	r2, #0
20006aa4:	811a      	strh	r2, [r3, #8]
  USART_InitStruct->USART_Mode = USART_Mode_Rx | USART_Mode_Tx;
20006aa6:	687b      	ldr	r3, [r7, #4]
20006aa8:	220c      	movs	r2, #12
20006aaa:	815a      	strh	r2, [r3, #10]
  USART_InitStruct->USART_HardwareFlowControl = USART_HardwareFlowControl_None;  
20006aac:	687b      	ldr	r3, [r7, #4]
20006aae:	2200      	movs	r2, #0
20006ab0:	819a      	strh	r2, [r3, #12]
}
20006ab2:	bf00      	nop
20006ab4:	370c      	adds	r7, #12
20006ab6:	46bd      	mov	sp, r7
20006ab8:	bc80      	pop	{r7}
20006aba:	4770      	bx	lr

20006abc <USART_ClockInit>:
  *         contains the configuration information for the specified  USART peripheral.
  * @note   The Smart Card and Synchronous modes are not available for UART4 and UART5.    
  * @retval None
  */
void USART_ClockInit(USART_TypeDef* USARTx, USART_ClockInitTypeDef* USART_ClockInitStruct)
{
20006abc:	b480      	push	{r7}
20006abe:	b085      	sub	sp, #20
20006ac0:	af00      	add	r7, sp, #0
20006ac2:	6078      	str	r0, [r7, #4]
20006ac4:	6039      	str	r1, [r7, #0]
  uint32_t tmpreg = 0x00;
20006ac6:	2300      	movs	r3, #0
20006ac8:	60fb      	str	r3, [r7, #12]
  assert_param(IS_USART_CPOL(USART_ClockInitStruct->USART_CPOL));
  assert_param(IS_USART_CPHA(USART_ClockInitStruct->USART_CPHA));
  assert_param(IS_USART_LASTBIT(USART_ClockInitStruct->USART_LastBit));
  
/*---------------------------- USART CR2 Configuration -----------------------*/
  tmpreg = USARTx->CR2;
20006aca:	687b      	ldr	r3, [r7, #4]
20006acc:	8a1b      	ldrh	r3, [r3, #16]
20006ace:	b29b      	uxth	r3, r3
20006ad0:	60fb      	str	r3, [r7, #12]
  /* Clear CLKEN, CPOL, CPHA and LBCL bits */
  tmpreg &= (uint32_t)~((uint32_t)CR2_CLOCK_CLEAR_MASK);
20006ad2:	68fb      	ldr	r3, [r7, #12]
20006ad4:	f423 6370 	bic.w	r3, r3, #3840	@ 0xf00
20006ad8:	60fb      	str	r3, [r7, #12]
  /* Configure the USART Clock, CPOL, CPHA and LastBit ------------*/
  /* Set CLKEN bit according to USART_Clock value */
  /* Set CPOL bit according to USART_CPOL value */
  /* Set CPHA bit according to USART_CPHA value */
  /* Set LBCL bit according to USART_LastBit value */
  tmpreg |= (uint32_t)USART_ClockInitStruct->USART_Clock | USART_ClockInitStruct->USART_CPOL | 
20006ada:	683b      	ldr	r3, [r7, #0]
20006adc:	881a      	ldrh	r2, [r3, #0]
20006ade:	683b      	ldr	r3, [r7, #0]
20006ae0:	885b      	ldrh	r3, [r3, #2]
                 USART_ClockInitStruct->USART_CPHA | USART_ClockInitStruct->USART_LastBit;
20006ae2:	4313      	orrs	r3, r2
20006ae4:	b29a      	uxth	r2, r3
20006ae6:	683b      	ldr	r3, [r7, #0]
20006ae8:	889b      	ldrh	r3, [r3, #4]
20006aea:	4313      	orrs	r3, r2
20006aec:	b29a      	uxth	r2, r3
20006aee:	683b      	ldr	r3, [r7, #0]
20006af0:	88db      	ldrh	r3, [r3, #6]
20006af2:	4313      	orrs	r3, r2
20006af4:	b29b      	uxth	r3, r3
20006af6:	461a      	mov	r2, r3
  tmpreg |= (uint32_t)USART_ClockInitStruct->USART_Clock | USART_ClockInitStruct->USART_CPOL | 
20006af8:	68fb      	ldr	r3, [r7, #12]
20006afa:	4313      	orrs	r3, r2
20006afc:	60fb      	str	r3, [r7, #12]
  /* Write to USART CR2 */
  USARTx->CR2 = (uint16_t)tmpreg;
20006afe:	68fb      	ldr	r3, [r7, #12]
20006b00:	b29a      	uxth	r2, r3
20006b02:	687b      	ldr	r3, [r7, #4]
20006b04:	821a      	strh	r2, [r3, #16]
}
20006b06:	bf00      	nop
20006b08:	3714      	adds	r7, #20
20006b0a:	46bd      	mov	sp, r7
20006b0c:	bc80      	pop	{r7}
20006b0e:	4770      	bx	lr

20006b10 <USART_ClockStructInit>:
  * @param  USART_ClockInitStruct: pointer to a USART_ClockInitTypeDef structure
  *         which will be initialized.
  * @retval None
  */
void USART_ClockStructInit(USART_ClockInitTypeDef* USART_ClockInitStruct)
{
20006b10:	b480      	push	{r7}
20006b12:	b083      	sub	sp, #12
20006b14:	af00      	add	r7, sp, #0
20006b16:	6078      	str	r0, [r7, #4]
  /* USART_ClockInitStruct members default value */
  USART_ClockInitStruct->USART_Clock = USART_Clock_Disable;
20006b18:	687b      	ldr	r3, [r7, #4]
20006b1a:	2200      	movs	r2, #0
20006b1c:	801a      	strh	r2, [r3, #0]
  USART_ClockInitStruct->USART_CPOL = USART_CPOL_Low;
20006b1e:	687b      	ldr	r3, [r7, #4]
20006b20:	2200      	movs	r2, #0
20006b22:	805a      	strh	r2, [r3, #2]
  USART_ClockInitStruct->USART_CPHA = USART_CPHA_1Edge;
20006b24:	687b      	ldr	r3, [r7, #4]
20006b26:	2200      	movs	r2, #0
20006b28:	809a      	strh	r2, [r3, #4]
  USART_ClockInitStruct->USART_LastBit = USART_LastBit_Disable;
20006b2a:	687b      	ldr	r3, [r7, #4]
20006b2c:	2200      	movs	r2, #0
20006b2e:	80da      	strh	r2, [r3, #6]
}
20006b30:	bf00      	nop
20006b32:	370c      	adds	r7, #12
20006b34:	46bd      	mov	sp, r7
20006b36:	bc80      	pop	{r7}
20006b38:	4770      	bx	lr

20006b3a <USART_Cmd>:
  * @param  NewState: new state of the USARTx peripheral.
  *          This parameter can be: ENABLE or DISABLE.
  * @retval None
  */
void USART_Cmd(USART_TypeDef* USARTx, FunctionalState NewState)
{
20006b3a:	b480      	push	{r7}
20006b3c:	b083      	sub	sp, #12
20006b3e:	af00      	add	r7, sp, #0
20006b40:	6078      	str	r0, [r7, #4]
20006b42:	460b      	mov	r3, r1
20006b44:	70fb      	strb	r3, [r7, #3]
  /* Check the parameters */
  assert_param(IS_USART_ALL_PERIPH(USARTx));
  assert_param(IS_FUNCTIONAL_STATE(NewState));
  
  if (NewState != DISABLE)
20006b46:	78fb      	ldrb	r3, [r7, #3]
20006b48:	2b00      	cmp	r3, #0
20006b4a:	d008      	beq.n	20006b5e <USART_Cmd+0x24>
  {
    /* Enable the selected USART by setting the UE bit in the CR1 register */
    USARTx->CR1 |= USART_CR1_UE;
20006b4c:	687b      	ldr	r3, [r7, #4]
20006b4e:	899b      	ldrh	r3, [r3, #12]
20006b50:	b29b      	uxth	r3, r3
20006b52:	f443 5300 	orr.w	r3, r3, #8192	@ 0x2000
20006b56:	b29a      	uxth	r2, r3
20006b58:	687b      	ldr	r3, [r7, #4]
20006b5a:	819a      	strh	r2, [r3, #12]
  else
  {
    /* Disable the selected USART by clearing the UE bit in the CR1 register */
    USARTx->CR1 &= (uint16_t)~((uint16_t)USART_CR1_UE);
  }
}
20006b5c:	e007      	b.n	20006b6e <USART_Cmd+0x34>
    USARTx->CR1 &= (uint16_t)~((uint16_t)USART_CR1_UE);
20006b5e:	687b      	ldr	r3, [r7, #4]
20006b60:	899b      	ldrh	r3, [r3, #12]
20006b62:	b29b      	uxth	r3, r3
20006b64:	f423 5300 	bic.w	r3, r3, #8192	@ 0x2000
20006b68:	b29a      	uxth	r2, r3
20006b6a:	687b      	ldr	r3, [r7, #4]
20006b6c:	819a      	strh	r2, [r3, #12]
}
20006b6e:	bf00      	nop
20006b70:	370c      	adds	r7, #12
20006b72:	46bd      	mov	sp, r7
20006b74:	bc80      	pop	{r7}
20006b76:	4770      	bx	lr

20006b78 <USART_SetPrescaler>:
  * @param  USART_Prescaler: specifies the prescaler clock. 
  * @note   The function is used for IrDA mode with UART4 and UART5.   
  * @retval None
  */
void USART_SetPrescaler(USART_TypeDef* USARTx, uint8_t USART_Prescaler)
{ 
20006b78:	b480      	push	{r7}
20006b7a:	b083      	sub	sp, #12
20006b7c:	af00      	add	r7, sp, #0
20006b7e:	6078      	str	r0, [r7, #4]
20006b80:	460b      	mov	r3, r1
20006b82:	70fb      	strb	r3, [r7, #3]
  /* Check the parameters */
  assert_param(IS_USART_ALL_PERIPH(USARTx));
  
  /* Clear the USART prescaler */
  USARTx->GTPR &= USART_GTPR_GT;
20006b84:	687b      	ldr	r3, [r7, #4]
20006b86:	8b1b      	ldrh	r3, [r3, #24]
20006b88:	b29b      	uxth	r3, r3
20006b8a:	f023 03ff 	bic.w	r3, r3, #255	@ 0xff
20006b8e:	b29a      	uxth	r2, r3
20006b90:	687b      	ldr	r3, [r7, #4]
20006b92:	831a      	strh	r2, [r3, #24]
  /* Set the USART prescaler */
  USARTx->GTPR |= USART_Prescaler;
20006b94:	687b      	ldr	r3, [r7, #4]
20006b96:	8b1b      	ldrh	r3, [r3, #24]
20006b98:	b29a      	uxth	r2, r3
20006b9a:	78fb      	ldrb	r3, [r7, #3]
20006b9c:	b29b      	uxth	r3, r3
20006b9e:	4313      	orrs	r3, r2
20006ba0:	b29a      	uxth	r2, r3
20006ba2:	687b      	ldr	r3, [r7, #4]
20006ba4:	831a      	strh	r2, [r3, #24]
}
20006ba6:	bf00      	nop
20006ba8:	370c      	adds	r7, #12
20006baa:	46bd      	mov	sp, r7
20006bac:	bc80      	pop	{r7}
20006bae:	4770      	bx	lr

20006bb0 <USART_OverSampling8Cmd>:
  * @param  NewState: new state of the USART 8x oversampling mode.
  *          This parameter can be: ENABLE or DISABLE.
  * @retval None
  */
void USART_OverSampling8Cmd(USART_TypeDef* USARTx, FunctionalState NewState)
{
20006bb0:	b480      	push	{r7}
20006bb2:	b083      	sub	sp, #12
20006bb4:	af00      	add	r7, sp, #0
20006bb6:	6078      	str	r0, [r7, #4]
20006bb8:	460b      	mov	r3, r1
20006bba:	70fb      	strb	r3, [r7, #3]
  /* Check the parameters */
  assert_param(IS_USART_ALL_PERIPH(USARTx));
  assert_param(IS_FUNCTIONAL_STATE(NewState));
  
  if (NewState != DISABLE)
20006bbc:	78fb      	ldrb	r3, [r7, #3]
20006bbe:	2b00      	cmp	r3, #0
20006bc0:	d00a      	beq.n	20006bd8 <USART_OverSampling8Cmd+0x28>
  {
    /* Enable the 8x Oversampling mode by setting the OVER8 bit in the CR1 register */
    USARTx->CR1 |= USART_CR1_OVER8;
20006bc2:	687b      	ldr	r3, [r7, #4]
20006bc4:	899b      	ldrh	r3, [r3, #12]
20006bc6:	b29b      	uxth	r3, r3
20006bc8:	ea6f 4343 	mvn.w	r3, r3, lsl #17
20006bcc:	ea6f 4353 	mvn.w	r3, r3, lsr #17
20006bd0:	b29a      	uxth	r2, r3
20006bd2:	687b      	ldr	r3, [r7, #4]
20006bd4:	819a      	strh	r2, [r3, #12]
  else
  {
    /* Disable the 8x Oversampling mode by clearing the OVER8 bit in the CR1 register */
    USARTx->CR1 &= (uint16_t)~((uint16_t)USART_CR1_OVER8);
  }
}  
20006bd6:	e007      	b.n	20006be8 <USART_OverSampling8Cmd+0x38>
    USARTx->CR1 &= (uint16_t)~((uint16_t)USART_CR1_OVER8);
20006bd8:	687b      	ldr	r3, [r7, #4]
20006bda:	899b      	ldrh	r3, [r3, #12]
20006bdc:	b29b      	uxth	r3, r3
20006bde:	f3c3 030e 	ubfx	r3, r3, #0, #15
20006be2:	b29a      	uxth	r2, r3
20006be4:	687b      	ldr	r3, [r7, #4]
20006be6:	819a      	strh	r2, [r3, #12]
}  
20006be8:	bf00      	nop
20006bea:	370c      	adds	r7, #12
20006bec:	46bd      	mov	sp, r7
20006bee:	bc80      	pop	{r7}
20006bf0:	4770      	bx	lr

20006bf2 <USART_OneBitMethodCmd>:
  * @param  NewState: new state of the USART one bit sampling method.
  *          This parameter can be: ENABLE or DISABLE.
  * @retval None
  */
void USART_OneBitMethodCmd(USART_TypeDef* USARTx, FunctionalState NewState)
{
20006bf2:	b480      	push	{r7}
20006bf4:	b083      	sub	sp, #12
20006bf6:	af00      	add	r7, sp, #0
20006bf8:	6078      	str	r0, [r7, #4]
20006bfa:	460b      	mov	r3, r1
20006bfc:	70fb      	strb	r3, [r7, #3]
  /* Check the parameters */
  assert_param(IS_USART_ALL_PERIPH(USARTx));
  assert_param(IS_FUNCTIONAL_STATE(NewState));
  
  if (NewState != DISABLE)
20006bfe:	78fb      	ldrb	r3, [r7, #3]
20006c00:	2b00      	cmp	r3, #0
20006c02:	d008      	beq.n	20006c16 <USART_OneBitMethodCmd+0x24>
  {
    /* Enable the one bit method by setting the ONEBITE bit in the CR3 register */
    USARTx->CR3 |= USART_CR3_ONEBIT;
20006c04:	687b      	ldr	r3, [r7, #4]
20006c06:	8a9b      	ldrh	r3, [r3, #20]
20006c08:	b29b      	uxth	r3, r3
20006c0a:	f443 6300 	orr.w	r3, r3, #2048	@ 0x800
20006c0e:	b29a      	uxth	r2, r3
20006c10:	687b      	ldr	r3, [r7, #4]
20006c12:	829a      	strh	r2, [r3, #20]
  else
  {
    /* Disable the one bit method by clearing the ONEBITE bit in the CR3 register */
    USARTx->CR3 &= (uint16_t)~((uint16_t)USART_CR3_ONEBIT);
  }
}
20006c14:	e007      	b.n	20006c26 <USART_OneBitMethodCmd+0x34>
    USARTx->CR3 &= (uint16_t)~((uint16_t)USART_CR3_ONEBIT);
20006c16:	687b      	ldr	r3, [r7, #4]
20006c18:	8a9b      	ldrh	r3, [r3, #20]
20006c1a:	b29b      	uxth	r3, r3
20006c1c:	f423 6300 	bic.w	r3, r3, #2048	@ 0x800
20006c20:	b29a      	uxth	r2, r3
20006c22:	687b      	ldr	r3, [r7, #4]
20006c24:	829a      	strh	r2, [r3, #20]
}
20006c26:	bf00      	nop
20006c28:	370c      	adds	r7, #12
20006c2a:	46bd      	mov	sp, r7
20006c2c:	bc80      	pop	{r7}
20006c2e:	4770      	bx	lr

20006c30 <USART_SendData>:
  *         UART peripheral.
  * @param  Data: the data to transmit.
  * @retval None
  */
void USART_SendData(USART_TypeDef* USARTx, uint16_t Data)
{
20006c30:	b480      	push	{r7}
20006c32:	b083      	sub	sp, #12
20006c34:	af00      	add	r7, sp, #0
20006c36:	6078      	str	r0, [r7, #4]
20006c38:	460b      	mov	r3, r1
20006c3a:	807b      	strh	r3, [r7, #2]
  /* Check the parameters */
  assert_param(IS_USART_ALL_PERIPH(USARTx));
  assert_param(IS_USART_DATA(Data)); 
    
  /* Transmit Data */
  USARTx->DR = (Data & (uint16_t)0x01FF);
20006c3c:	887b      	ldrh	r3, [r7, #2]
20006c3e:	f3c3 0308 	ubfx	r3, r3, #0, #9
20006c42:	b29a      	uxth	r2, r3
20006c44:	687b      	ldr	r3, [r7, #4]
20006c46:	809a      	strh	r2, [r3, #4]
}
20006c48:	bf00      	nop
20006c4a:	370c      	adds	r7, #12
20006c4c:	46bd      	mov	sp, r7
20006c4e:	bc80      	pop	{r7}
20006c50:	4770      	bx	lr

20006c52 <USART_ReceiveData>:
  * @param  USARTx: where x can be 1, 2, 3, 4, 5, 6, 7 or 8 to select the USART or 
  *         UART peripheral.
  * @retval The received data.
  */
uint16_t USART_ReceiveData(USART_TypeDef* USARTx)
{
20006c52:	b480      	push	{r7}
20006c54:	b083      	sub	sp, #12
20006c56:	af00      	add	r7, sp, #0
20006c58:	6078      	str	r0, [r7, #4]
  /* Check the parameters */
  assert_param(IS_USART_ALL_PERIPH(USARTx));
  
  /* Receive Data */
  return (uint16_t)(USARTx->DR & (uint16_t)0x01FF);
20006c5a:	687b      	ldr	r3, [r7, #4]
20006c5c:	889b      	ldrh	r3, [r3, #4]
20006c5e:	b29b      	uxth	r3, r3
20006c60:	f3c3 0308 	ubfx	r3, r3, #0, #9
20006c64:	b29b      	uxth	r3, r3
}
20006c66:	4618      	mov	r0, r3
20006c68:	370c      	adds	r7, #12
20006c6a:	46bd      	mov	sp, r7
20006c6c:	bc80      	pop	{r7}
20006c6e:	4770      	bx	lr

20006c70 <USART_SetAddress>:
  *         UART peripheral.
  * @param  USART_Address: Indicates the address of the USART node.
  * @retval None
  */
void USART_SetAddress(USART_TypeDef* USARTx, uint8_t USART_Address)
{
20006c70:	b480      	push	{r7}
20006c72:	b083      	sub	sp, #12
20006c74:	af00      	add	r7, sp, #0
20006c76:	6078      	str	r0, [r7, #4]
20006c78:	460b      	mov	r3, r1
20006c7a:	70fb      	strb	r3, [r7, #3]
  /* Check the parameters */
  assert_param(IS_USART_ALL_PERIPH(USARTx));
  assert_param(IS_USART_ADDRESS(USART_Address)); 
    
  /* Clear the USART address */
  USARTx->CR2 &= (uint16_t)~((uint16_t)USART_CR2_ADD);
20006c7c:	687b      	ldr	r3, [r7, #4]
20006c7e:	8a1b      	ldrh	r3, [r3, #16]
20006c80:	b29b      	uxth	r3, r3
20006c82:	f023 030f 	bic.w	r3, r3, #15
20006c86:	b29a      	uxth	r2, r3
20006c88:	687b      	ldr	r3, [r7, #4]
20006c8a:	821a      	strh	r2, [r3, #16]
  /* Set the USART address node */
  USARTx->CR2 |= USART_Address;
20006c8c:	687b      	ldr	r3, [r7, #4]
20006c8e:	8a1b      	ldrh	r3, [r3, #16]
20006c90:	b29a      	uxth	r2, r3
20006c92:	78fb      	ldrb	r3, [r7, #3]
20006c94:	b29b      	uxth	r3, r3
20006c96:	4313      	orrs	r3, r2
20006c98:	b29a      	uxth	r2, r3
20006c9a:	687b      	ldr	r3, [r7, #4]
20006c9c:	821a      	strh	r2, [r3, #16]
}
20006c9e:	bf00      	nop
20006ca0:	370c      	adds	r7, #12
20006ca2:	46bd      	mov	sp, r7
20006ca4:	bc80      	pop	{r7}
20006ca6:	4770      	bx	lr

20006ca8 <USART_ReceiverWakeUpCmd>:
  * @param  NewState: new state of the USART mute mode.
  *          This parameter can be: ENABLE or DISABLE.
  * @retval None
  */
void USART_ReceiverWakeUpCmd(USART_TypeDef* USARTx, FunctionalState NewState)
{
20006ca8:	b480      	push	{r7}
20006caa:	b083      	sub	sp, #12
20006cac:	af00      	add	r7, sp, #0
20006cae:	6078      	str	r0, [r7, #4]
20006cb0:	460b      	mov	r3, r1
20006cb2:	70fb      	strb	r3, [r7, #3]
  /* Check the parameters */
  assert_param(IS_USART_ALL_PERIPH(USARTx));
  assert_param(IS_FUNCTIONAL_STATE(NewState)); 
  
  if (NewState != DISABLE)
20006cb4:	78fb      	ldrb	r3, [r7, #3]
20006cb6:	2b00      	cmp	r3, #0
20006cb8:	d008      	beq.n	20006ccc <USART_ReceiverWakeUpCmd+0x24>
  {
    /* Enable the USART mute mode  by setting the RWU bit in the CR1 register */
    USARTx->CR1 |= USART_CR1_RWU;
20006cba:	687b      	ldr	r3, [r7, #4]
20006cbc:	899b      	ldrh	r3, [r3, #12]
20006cbe:	b29b      	uxth	r3, r3
20006cc0:	f043 0302 	orr.w	r3, r3, #2
20006cc4:	b29a      	uxth	r2, r3
20006cc6:	687b      	ldr	r3, [r7, #4]
20006cc8:	819a      	strh	r2, [r3, #12]
  else
  {
    /* Disable the USART mute mode by clearing the RWU bit in the CR1 register */
    USARTx->CR1 &= (uint16_t)~((uint16_t)USART_CR1_RWU);
  }
}
20006cca:	e007      	b.n	20006cdc <USART_ReceiverWakeUpCmd+0x34>
    USARTx->CR1 &= (uint16_t)~((uint16_t)USART_CR1_RWU);
20006ccc:	687b      	ldr	r3, [r7, #4]
20006cce:	899b      	ldrh	r3, [r3, #12]
20006cd0:	b29b      	uxth	r3, r3
20006cd2:	f023 0302 	bic.w	r3, r3, #2
20006cd6:	b29a      	uxth	r2, r3
20006cd8:	687b      	ldr	r3, [r7, #4]
20006cda:	819a      	strh	r2, [r3, #12]
}
20006cdc:	bf00      	nop
20006cde:	370c      	adds	r7, #12
20006ce0:	46bd      	mov	sp, r7
20006ce2:	bc80      	pop	{r7}
20006ce4:	4770      	bx	lr

20006ce6 <USART_WakeUpConfig>:
  *            @arg USART_WakeUp_IdleLine: WakeUp by an idle line detection
  *            @arg USART_WakeUp_AddressMark: WakeUp by an address mark
  * @retval None
  */
void USART_WakeUpConfig(USART_TypeDef* USARTx, uint16_t USART_WakeUp)
{
20006ce6:	b480      	push	{r7}
20006ce8:	b083      	sub	sp, #12
20006cea:	af00      	add	r7, sp, #0
20006cec:	6078      	str	r0, [r7, #4]
20006cee:	460b      	mov	r3, r1
20006cf0:	807b      	strh	r3, [r7, #2]
  /* Check the parameters */
  assert_param(IS_USART_ALL_PERIPH(USARTx));
  assert_param(IS_USART_WAKEUP(USART_WakeUp));
  
  USARTx->CR1 &= (uint16_t)~((uint16_t)USART_CR1_WAKE);
20006cf2:	687b      	ldr	r3, [r7, #4]
20006cf4:	899b      	ldrh	r3, [r3, #12]
20006cf6:	b29b      	uxth	r3, r3
20006cf8:	f423 6300 	bic.w	r3, r3, #2048	@ 0x800
20006cfc:	b29a      	uxth	r2, r3
20006cfe:	687b      	ldr	r3, [r7, #4]
20006d00:	819a      	strh	r2, [r3, #12]
  USARTx->CR1 |= USART_WakeUp;
20006d02:	687b      	ldr	r3, [r7, #4]
20006d04:	899b      	ldrh	r3, [r3, #12]
20006d06:	b29a      	uxth	r2, r3
20006d08:	887b      	ldrh	r3, [r7, #2]
20006d0a:	4313      	orrs	r3, r2
20006d0c:	b29a      	uxth	r2, r3
20006d0e:	687b      	ldr	r3, [r7, #4]
20006d10:	819a      	strh	r2, [r3, #12]
}
20006d12:	bf00      	nop
20006d14:	370c      	adds	r7, #12
20006d16:	46bd      	mov	sp, r7
20006d18:	bc80      	pop	{r7}
20006d1a:	4770      	bx	lr

20006d1c <USART_LINBreakDetectLengthConfig>:
  *            @arg USART_LINBreakDetectLength_10b: 10-bit break detection
  *            @arg USART_LINBreakDetectLength_11b: 11-bit break detection
  * @retval None
  */
void USART_LINBreakDetectLengthConfig(USART_TypeDef* USARTx, uint16_t USART_LINBreakDetectLength)
{
20006d1c:	b480      	push	{r7}
20006d1e:	b083      	sub	sp, #12
20006d20:	af00      	add	r7, sp, #0
20006d22:	6078      	str	r0, [r7, #4]
20006d24:	460b      	mov	r3, r1
20006d26:	807b      	strh	r3, [r7, #2]
  /* Check the parameters */
  assert_param(IS_USART_ALL_PERIPH(USARTx));
  assert_param(IS_USART_LIN_BREAK_DETECT_LENGTH(USART_LINBreakDetectLength));
  
  USARTx->CR2 &= (uint16_t)~((uint16_t)USART_CR2_LBDL);
20006d28:	687b      	ldr	r3, [r7, #4]
20006d2a:	8a1b      	ldrh	r3, [r3, #16]
20006d2c:	b29b      	uxth	r3, r3
20006d2e:	f023 0320 	bic.w	r3, r3, #32
20006d32:	b29a      	uxth	r2, r3
20006d34:	687b      	ldr	r3, [r7, #4]
20006d36:	821a      	strh	r2, [r3, #16]
  USARTx->CR2 |= USART_LINBreakDetectLength;  
20006d38:	687b      	ldr	r3, [r7, #4]
20006d3a:	8a1b      	ldrh	r3, [r3, #16]
20006d3c:	b29a      	uxth	r2, r3
20006d3e:	887b      	ldrh	r3, [r7, #2]
20006d40:	4313      	orrs	r3, r2
20006d42:	b29a      	uxth	r2, r3
20006d44:	687b      	ldr	r3, [r7, #4]
20006d46:	821a      	strh	r2, [r3, #16]
}
20006d48:	bf00      	nop
20006d4a:	370c      	adds	r7, #12
20006d4c:	46bd      	mov	sp, r7
20006d4e:	bc80      	pop	{r7}
20006d50:	4770      	bx	lr

20006d52 <USART_LINCmd>:
  * @param  NewState: new state of the USART LIN mode.
  *          This parameter can be: ENABLE or DISABLE.
  * @retval None
  */
void USART_LINCmd(USART_TypeDef* USARTx, FunctionalState NewState)
{
20006d52:	b480      	push	{r7}
20006d54:	b083      	sub	sp, #12
20006d56:	af00      	add	r7, sp, #0
20006d58:	6078      	str	r0, [r7, #4]
20006d5a:	460b      	mov	r3, r1
20006d5c:	70fb      	strb	r3, [r7, #3]
  /* Check the parameters */
  assert_param(IS_USART_ALL_PERIPH(USARTx));
  assert_param(IS_FUNCTIONAL_STATE(NewState));
  
  if (NewState != DISABLE)
20006d5e:	78fb      	ldrb	r3, [r7, #3]
20006d60:	2b00      	cmp	r3, #0
20006d62:	d008      	beq.n	20006d76 <USART_LINCmd+0x24>
  {
    /* Enable the LIN mode by setting the LINEN bit in the CR2 register */
    USARTx->CR2 |= USART_CR2_LINEN;
20006d64:	687b      	ldr	r3, [r7, #4]
20006d66:	8a1b      	ldrh	r3, [r3, #16]
20006d68:	b29b      	uxth	r3, r3
20006d6a:	f443 4380 	orr.w	r3, r3, #16384	@ 0x4000
20006d6e:	b29a      	uxth	r2, r3
20006d70:	687b      	ldr	r3, [r7, #4]
20006d72:	821a      	strh	r2, [r3, #16]
  else
  {
    /* Disable the LIN mode by clearing the LINEN bit in the CR2 register */
    USARTx->CR2 &= (uint16_t)~((uint16_t)USART_CR2_LINEN);
  }
}
20006d74:	e007      	b.n	20006d86 <USART_LINCmd+0x34>
    USARTx->CR2 &= (uint16_t)~((uint16_t)USART_CR2_LINEN);
20006d76:	687b      	ldr	r3, [r7, #4]
20006d78:	8a1b      	ldrh	r3, [r3, #16]
20006d7a:	b29b      	uxth	r3, r3
20006d7c:	f423 4380 	bic.w	r3, r3, #16384	@ 0x4000
20006d80:	b29a      	uxth	r2, r3
20006d82:	687b      	ldr	r3, [r7, #4]
20006d84:	821a      	strh	r2, [r3, #16]
}
20006d86:	bf00      	nop
20006d88:	370c      	adds	r7, #12
20006d8a:	46bd      	mov	sp, r7
20006d8c:	bc80      	pop	{r7}
20006d8e:	4770      	bx	lr

20006d90 <USART_SendBreak>:
  * @param  USARTx: where x can be 1, 2, 3, 4, 5, 6, 7 or 8 to select the USART or 
  *         UART peripheral.
  * @retval None
  */
void USART_SendBreak(USART_TypeDef* USARTx)
{
20006d90:	b480      	push	{r7}
20006d92:	b083      	sub	sp, #12
20006d94:	af00      	add	r7, sp, #0
20006d96:	6078      	str	r0, [r7, #4]
  /* Check the parameters */
  assert_param(IS_USART_ALL_PERIPH(USARTx));
  
  /* Send break characters */
  USARTx->CR1 |= USART_CR1_SBK;
20006d98:	687b      	ldr	r3, [r7, #4]
20006d9a:	899b      	ldrh	r3, [r3, #12]
20006d9c:	b29b      	uxth	r3, r3
20006d9e:	f043 0301 	orr.w	r3, r3, #1
20006da2:	b29a      	uxth	r2, r3
20006da4:	687b      	ldr	r3, [r7, #4]
20006da6:	819a      	strh	r2, [r3, #12]
}
20006da8:	bf00      	nop
20006daa:	370c      	adds	r7, #12
20006dac:	46bd      	mov	sp, r7
20006dae:	bc80      	pop	{r7}
20006db0:	4770      	bx	lr

20006db2 <USART_HalfDuplexCmd>:
  * @param  NewState: new state of the USART Communication.
  *          This parameter can be: ENABLE or DISABLE.
  * @retval None
  */
void USART_HalfDuplexCmd(USART_TypeDef* USARTx, FunctionalState NewState)
{
20006db2:	b480      	push	{r7}
20006db4:	b083      	sub	sp, #12
20006db6:	af00      	add	r7, sp, #0
20006db8:	6078      	str	r0, [r7, #4]
20006dba:	460b      	mov	r3, r1
20006dbc:	70fb      	strb	r3, [r7, #3]
  /* Check the parameters */
  assert_param(IS_USART_ALL_PERIPH(USARTx));
  assert_param(IS_FUNCTIONAL_STATE(NewState));
  
  if (NewState != DISABLE)
20006dbe:	78fb      	ldrb	r3, [r7, #3]
20006dc0:	2b00      	cmp	r3, #0
20006dc2:	d008      	beq.n	20006dd6 <USART_HalfDuplexCmd+0x24>
  {
    /* Enable the Half-Duplex mode by setting the HDSEL bit in the CR3 register */
    USARTx->CR3 |= USART_CR3_HDSEL;
20006dc4:	687b      	ldr	r3, [r7, #4]
20006dc6:	8a9b      	ldrh	r3, [r3, #20]
20006dc8:	b29b      	uxth	r3, r3
20006dca:	f043 0308 	orr.w	r3, r3, #8
20006dce:	b29a      	uxth	r2, r3
20006dd0:	687b      	ldr	r3, [r7, #4]
20006dd2:	829a      	strh	r2, [r3, #20]
  else
  {
    /* Disable the Half-Duplex mode by clearing the HDSEL bit in the CR3 register */
    USARTx->CR3 &= (uint16_t)~((uint16_t)USART_CR3_HDSEL);
  }
}
20006dd4:	e007      	b.n	20006de6 <USART_HalfDuplexCmd+0x34>
    USARTx->CR3 &= (uint16_t)~((uint16_t)USART_CR3_HDSEL);
20006dd6:	687b      	ldr	r3, [r7, #4]
20006dd8:	8a9b      	ldrh	r3, [r3, #20]
20006dda:	b29b      	uxth	r3, r3
20006ddc:	f023 0308 	bic.w	r3, r3, #8
20006de0:	b29a      	uxth	r2, r3
20006de2:	687b      	ldr	r3, [r7, #4]
20006de4:	829a      	strh	r2, [r3, #20]
}
20006de6:	bf00      	nop
20006de8:	370c      	adds	r7, #12
20006dea:	46bd      	mov	sp, r7
20006dec:	bc80      	pop	{r7}
20006dee:	4770      	bx	lr

20006df0 <USART_SetGuardTime>:
  *         UART peripheral.
  * @param  USART_GuardTime: specifies the guard time.   
  * @retval None
  */
void USART_SetGuardTime(USART_TypeDef* USARTx, uint8_t USART_GuardTime)
{    
20006df0:	b480      	push	{r7}
20006df2:	b083      	sub	sp, #12
20006df4:	af00      	add	r7, sp, #0
20006df6:	6078      	str	r0, [r7, #4]
20006df8:	460b      	mov	r3, r1
20006dfa:	70fb      	strb	r3, [r7, #3]
  /* Check the parameters */
  assert_param(IS_USART_1236_PERIPH(USARTx));
  
  /* Clear the USART Guard time */
  USARTx->GTPR &= USART_GTPR_PSC;
20006dfc:	687b      	ldr	r3, [r7, #4]
20006dfe:	8b1b      	ldrh	r3, [r3, #24]
20006e00:	b29b      	uxth	r3, r3
20006e02:	b2db      	uxtb	r3, r3
20006e04:	b29a      	uxth	r2, r3
20006e06:	687b      	ldr	r3, [r7, #4]
20006e08:	831a      	strh	r2, [r3, #24]
  /* Set the USART guard time */
  USARTx->GTPR |= (uint16_t)((uint16_t)USART_GuardTime << 0x08);
20006e0a:	687b      	ldr	r3, [r7, #4]
20006e0c:	8b1b      	ldrh	r3, [r3, #24]
20006e0e:	b29a      	uxth	r2, r3
20006e10:	78fb      	ldrb	r3, [r7, #3]
20006e12:	b29b      	uxth	r3, r3
20006e14:	021b      	lsls	r3, r3, #8
20006e16:	b29b      	uxth	r3, r3
20006e18:	4313      	orrs	r3, r2
20006e1a:	b29a      	uxth	r2, r3
20006e1c:	687b      	ldr	r3, [r7, #4]
20006e1e:	831a      	strh	r2, [r3, #24]
}
20006e20:	bf00      	nop
20006e22:	370c      	adds	r7, #12
20006e24:	46bd      	mov	sp, r7
20006e26:	bc80      	pop	{r7}
20006e28:	4770      	bx	lr

20006e2a <USART_SmartCardCmd>:
  * @param  NewState: new state of the Smart Card mode.
  *          This parameter can be: ENABLE or DISABLE.      
  * @retval None
  */
void USART_SmartCardCmd(USART_TypeDef* USARTx, FunctionalState NewState)
{
20006e2a:	b480      	push	{r7}
20006e2c:	b083      	sub	sp, #12
20006e2e:	af00      	add	r7, sp, #0
20006e30:	6078      	str	r0, [r7, #4]
20006e32:	460b      	mov	r3, r1
20006e34:	70fb      	strb	r3, [r7, #3]
  /* Check the parameters */
  assert_param(IS_USART_1236_PERIPH(USARTx));
  assert_param(IS_FUNCTIONAL_STATE(NewState));
  if (NewState != DISABLE)
20006e36:	78fb      	ldrb	r3, [r7, #3]
20006e38:	2b00      	cmp	r3, #0
20006e3a:	d008      	beq.n	20006e4e <USART_SmartCardCmd+0x24>
  {
    /* Enable the SC mode by setting the SCEN bit in the CR3 register */
    USARTx->CR3 |= USART_CR3_SCEN;
20006e3c:	687b      	ldr	r3, [r7, #4]
20006e3e:	8a9b      	ldrh	r3, [r3, #20]
20006e40:	b29b      	uxth	r3, r3
20006e42:	f043 0320 	orr.w	r3, r3, #32
20006e46:	b29a      	uxth	r2, r3
20006e48:	687b      	ldr	r3, [r7, #4]
20006e4a:	829a      	strh	r2, [r3, #20]
  else
  {
    /* Disable the SC mode by clearing the SCEN bit in the CR3 register */
    USARTx->CR3 &= (uint16_t)~((uint16_t)USART_CR3_SCEN);
  }
}
20006e4c:	e007      	b.n	20006e5e <USART_SmartCardCmd+0x34>
    USARTx->CR3 &= (uint16_t)~((uint16_t)USART_CR3_SCEN);
20006e4e:	687b      	ldr	r3, [r7, #4]
20006e50:	8a9b      	ldrh	r3, [r3, #20]
20006e52:	b29b      	uxth	r3, r3
20006e54:	f023 0320 	bic.w	r3, r3, #32
20006e58:	b29a      	uxth	r2, r3
20006e5a:	687b      	ldr	r3, [r7, #4]
20006e5c:	829a      	strh	r2, [r3, #20]
}
20006e5e:	bf00      	nop
20006e60:	370c      	adds	r7, #12
20006e62:	46bd      	mov	sp, r7
20006e64:	bc80      	pop	{r7}
20006e66:	4770      	bx	lr

20006e68 <USART_SmartCardNACKCmd>:
  * @param  NewState: new state of the NACK transmission.
  *          This parameter can be: ENABLE or DISABLE.  
  * @retval None
  */
void USART_SmartCardNACKCmd(USART_TypeDef* USARTx, FunctionalState NewState)
{
20006e68:	b480      	push	{r7}
20006e6a:	b083      	sub	sp, #12
20006e6c:	af00      	add	r7, sp, #0
20006e6e:	6078      	str	r0, [r7, #4]
20006e70:	460b      	mov	r3, r1
20006e72:	70fb      	strb	r3, [r7, #3]
  /* Check the parameters */
  assert_param(IS_USART_1236_PERIPH(USARTx)); 
  assert_param(IS_FUNCTIONAL_STATE(NewState));
  if (NewState != DISABLE)
20006e74:	78fb      	ldrb	r3, [r7, #3]
20006e76:	2b00      	cmp	r3, #0
20006e78:	d008      	beq.n	20006e8c <USART_SmartCardNACKCmd+0x24>
  {
    /* Enable the NACK transmission by setting the NACK bit in the CR3 register */
    USARTx->CR3 |= USART_CR3_NACK;
20006e7a:	687b      	ldr	r3, [r7, #4]
20006e7c:	8a9b      	ldrh	r3, [r3, #20]
20006e7e:	b29b      	uxth	r3, r3
20006e80:	f043 0310 	orr.w	r3, r3, #16
20006e84:	b29a      	uxth	r2, r3
20006e86:	687b      	ldr	r3, [r7, #4]
20006e88:	829a      	strh	r2, [r3, #20]
  else
  {
    /* Disable the NACK transmission by clearing the NACK bit in the CR3 register */
    USARTx->CR3 &= (uint16_t)~((uint16_t)USART_CR3_NACK);
  }
}
20006e8a:	e007      	b.n	20006e9c <USART_SmartCardNACKCmd+0x34>
    USARTx->CR3 &= (uint16_t)~((uint16_t)USART_CR3_NACK);
20006e8c:	687b      	ldr	r3, [r7, #4]
20006e8e:	8a9b      	ldrh	r3, [r3, #20]
20006e90:	b29b      	uxth	r3, r3
20006e92:	f023 0310 	bic.w	r3, r3, #16
20006e96:	b29a      	uxth	r2, r3
20006e98:	687b      	ldr	r3, [r7, #4]
20006e9a:	829a      	strh	r2, [r3, #20]
}
20006e9c:	bf00      	nop
20006e9e:	370c      	adds	r7, #12
20006ea0:	46bd      	mov	sp, r7
20006ea2:	bc80      	pop	{r7}
20006ea4:	4770      	bx	lr

20006ea6 <USART_IrDAConfig>:
  *            @arg USART_IrDAMode_LowPower
  *            @arg USART_IrDAMode_Normal
  * @retval None
  */
void USART_IrDAConfig(USART_TypeDef* USARTx, uint16_t USART_IrDAMode)
{
20006ea6:	b480      	push	{r7}
20006ea8:	b083      	sub	sp, #12
20006eaa:	af00      	add	r7, sp, #0
20006eac:	6078      	str	r0, [r7, #4]
20006eae:	460b      	mov	r3, r1
20006eb0:	807b      	strh	r3, [r7, #2]
  /* Check the parameters */
  assert_param(IS_USART_ALL_PERIPH(USARTx));
  assert_param(IS_USART_IRDA_MODE(USART_IrDAMode));
    
  USARTx->CR3 &= (uint16_t)~((uint16_t)USART_CR3_IRLP);
20006eb2:	687b      	ldr	r3, [r7, #4]
20006eb4:	8a9b      	ldrh	r3, [r3, #20]
20006eb6:	b29b      	uxth	r3, r3
20006eb8:	f023 0304 	bic.w	r3, r3, #4
20006ebc:	b29a      	uxth	r2, r3
20006ebe:	687b      	ldr	r3, [r7, #4]
20006ec0:	829a      	strh	r2, [r3, #20]
  USARTx->CR3 |= USART_IrDAMode;
20006ec2:	687b      	ldr	r3, [r7, #4]
20006ec4:	8a9b      	ldrh	r3, [r3, #20]
20006ec6:	b29a      	uxth	r2, r3
20006ec8:	887b      	ldrh	r3, [r7, #2]
20006eca:	4313      	orrs	r3, r2
20006ecc:	b29a      	uxth	r2, r3
20006ece:	687b      	ldr	r3, [r7, #4]
20006ed0:	829a      	strh	r2, [r3, #20]
}
20006ed2:	bf00      	nop
20006ed4:	370c      	adds	r7, #12
20006ed6:	46bd      	mov	sp, r7
20006ed8:	bc80      	pop	{r7}
20006eda:	4770      	bx	lr

20006edc <USART_IrDACmd>:
  * @param  NewState: new state of the IrDA mode.
  *          This parameter can be: ENABLE or DISABLE.
  * @retval None
  */
void USART_IrDACmd(USART_TypeDef* USARTx, FunctionalState NewState)
{
20006edc:	b480      	push	{r7}
20006ede:	b083      	sub	sp, #12
20006ee0:	af00      	add	r7, sp, #0
20006ee2:	6078      	str	r0, [r7, #4]
20006ee4:	460b      	mov	r3, r1
20006ee6:	70fb      	strb	r3, [r7, #3]
  /* Check the parameters */
  assert_param(IS_USART_ALL_PERIPH(USARTx));
  assert_param(IS_FUNCTIONAL_STATE(NewState));
    
  if (NewState != DISABLE)
20006ee8:	78fb      	ldrb	r3, [r7, #3]
20006eea:	2b00      	cmp	r3, #0
20006eec:	d008      	beq.n	20006f00 <USART_IrDACmd+0x24>
  {
    /* Enable the IrDA mode by setting the IREN bit in the CR3 register */
    USARTx->CR3 |= USART_CR3_IREN;
20006eee:	687b      	ldr	r3, [r7, #4]
20006ef0:	8a9b      	ldrh	r3, [r3, #20]
20006ef2:	b29b      	uxth	r3, r3
20006ef4:	f043 0302 	orr.w	r3, r3, #2
20006ef8:	b29a      	uxth	r2, r3
20006efa:	687b      	ldr	r3, [r7, #4]
20006efc:	829a      	strh	r2, [r3, #20]
  else
  {
    /* Disable the IrDA mode by clearing the IREN bit in the CR3 register */
    USARTx->CR3 &= (uint16_t)~((uint16_t)USART_CR3_IREN);
  }
}
20006efe:	e007      	b.n	20006f10 <USART_IrDACmd+0x34>
    USARTx->CR3 &= (uint16_t)~((uint16_t)USART_CR3_IREN);
20006f00:	687b      	ldr	r3, [r7, #4]
20006f02:	8a9b      	ldrh	r3, [r3, #20]
20006f04:	b29b      	uxth	r3, r3
20006f06:	f023 0302 	bic.w	r3, r3, #2
20006f0a:	b29a      	uxth	r2, r3
20006f0c:	687b      	ldr	r3, [r7, #4]
20006f0e:	829a      	strh	r2, [r3, #20]
}
20006f10:	bf00      	nop
20006f12:	370c      	adds	r7, #12
20006f14:	46bd      	mov	sp, r7
20006f16:	bc80      	pop	{r7}
20006f18:	4770      	bx	lr

20006f1a <USART_DMACmd>:
  * @param  NewState: new state of the DMA Request sources.
  *          This parameter can be: ENABLE or DISABLE.   
  * @retval None
  */
void USART_DMACmd(USART_TypeDef* USARTx, uint16_t USART_DMAReq, FunctionalState NewState)
{
20006f1a:	b480      	push	{r7}
20006f1c:	b083      	sub	sp, #12
20006f1e:	af00      	add	r7, sp, #0
20006f20:	6078      	str	r0, [r7, #4]
20006f22:	460b      	mov	r3, r1
20006f24:	807b      	strh	r3, [r7, #2]
20006f26:	4613      	mov	r3, r2
20006f28:	707b      	strb	r3, [r7, #1]
  /* Check the parameters */
  assert_param(IS_USART_ALL_PERIPH(USARTx));
  assert_param(IS_USART_DMAREQ(USART_DMAReq));  
  assert_param(IS_FUNCTIONAL_STATE(NewState)); 

  if (NewState != DISABLE)
20006f2a:	787b      	ldrb	r3, [r7, #1]
20006f2c:	2b00      	cmp	r3, #0
20006f2e:	d008      	beq.n	20006f42 <USART_DMACmd+0x28>
  {
    /* Enable the DMA transfer for selected requests by setting the DMAT and/or
       DMAR bits in the USART CR3 register */
    USARTx->CR3 |= USART_DMAReq;
20006f30:	687b      	ldr	r3, [r7, #4]
20006f32:	8a9b      	ldrh	r3, [r3, #20]
20006f34:	b29a      	uxth	r2, r3
20006f36:	887b      	ldrh	r3, [r7, #2]
20006f38:	4313      	orrs	r3, r2
20006f3a:	b29a      	uxth	r2, r3
20006f3c:	687b      	ldr	r3, [r7, #4]
20006f3e:	829a      	strh	r2, [r3, #20]
  {
    /* Disable the DMA transfer for selected requests by clearing the DMAT and/or
       DMAR bits in the USART CR3 register */
    USARTx->CR3 &= (uint16_t)~USART_DMAReq;
  }
}
20006f40:	e009      	b.n	20006f56 <USART_DMACmd+0x3c>
    USARTx->CR3 &= (uint16_t)~USART_DMAReq;
20006f42:	687b      	ldr	r3, [r7, #4]
20006f44:	8a9b      	ldrh	r3, [r3, #20]
20006f46:	b29a      	uxth	r2, r3
20006f48:	887b      	ldrh	r3, [r7, #2]
20006f4a:	43db      	mvns	r3, r3
20006f4c:	b29b      	uxth	r3, r3
20006f4e:	4013      	ands	r3, r2
20006f50:	b29a      	uxth	r2, r3
20006f52:	687b      	ldr	r3, [r7, #4]
20006f54:	829a      	strh	r2, [r3, #20]
}
20006f56:	bf00      	nop
20006f58:	370c      	adds	r7, #12
20006f5a:	46bd      	mov	sp, r7
20006f5c:	bc80      	pop	{r7}
20006f5e:	4770      	bx	lr

20006f60 <USART_ITConfig>:
  * @param  NewState: new state of the specified USARTx interrupts.
  *          This parameter can be: ENABLE or DISABLE.
  * @retval None
  */
void USART_ITConfig(USART_TypeDef* USARTx, uint16_t USART_IT, FunctionalState NewState)
{
20006f60:	b480      	push	{r7}
20006f62:	b087      	sub	sp, #28
20006f64:	af00      	add	r7, sp, #0
20006f66:	6078      	str	r0, [r7, #4]
20006f68:	460b      	mov	r3, r1
20006f6a:	807b      	strh	r3, [r7, #2]
20006f6c:	4613      	mov	r3, r2
20006f6e:	707b      	strb	r3, [r7, #1]
  uint32_t usartreg = 0x00, itpos = 0x00, itmask = 0x00;
20006f70:	2300      	movs	r3, #0
20006f72:	613b      	str	r3, [r7, #16]
20006f74:	2300      	movs	r3, #0
20006f76:	60fb      	str	r3, [r7, #12]
20006f78:	2300      	movs	r3, #0
20006f7a:	60bb      	str	r3, [r7, #8]
  uint32_t usartxbase = 0x00;
20006f7c:	2300      	movs	r3, #0
20006f7e:	617b      	str	r3, [r7, #20]
  if (USART_IT == USART_IT_CTS)
  {
    assert_param(IS_USART_1236_PERIPH(USARTx));
  } 
    
  usartxbase = (uint32_t)USARTx;
20006f80:	687b      	ldr	r3, [r7, #4]
20006f82:	617b      	str	r3, [r7, #20]

  /* Get the USART register index */
  usartreg = (((uint8_t)USART_IT) >> 0x05);
20006f84:	887b      	ldrh	r3, [r7, #2]
20006f86:	b2db      	uxtb	r3, r3
20006f88:	095b      	lsrs	r3, r3, #5
20006f8a:	b2db      	uxtb	r3, r3
20006f8c:	613b      	str	r3, [r7, #16]

  /* Get the interrupt position */
  itpos = USART_IT & IT_MASK;
20006f8e:	887b      	ldrh	r3, [r7, #2]
20006f90:	f003 031f 	and.w	r3, r3, #31
20006f94:	60fb      	str	r3, [r7, #12]
  itmask = (((uint32_t)0x01) << itpos);
20006f96:	2201      	movs	r2, #1
20006f98:	68fb      	ldr	r3, [r7, #12]
20006f9a:	fa02 f303 	lsl.w	r3, r2, r3
20006f9e:	60bb      	str	r3, [r7, #8]
    
  if (usartreg == 0x01) /* The IT is in CR1 register */
20006fa0:	693b      	ldr	r3, [r7, #16]
20006fa2:	2b01      	cmp	r3, #1
20006fa4:	d103      	bne.n	20006fae <USART_ITConfig+0x4e>
  {
    usartxbase += 0x0C;
20006fa6:	697b      	ldr	r3, [r7, #20]
20006fa8:	330c      	adds	r3, #12
20006faa:	617b      	str	r3, [r7, #20]
20006fac:	e009      	b.n	20006fc2 <USART_ITConfig+0x62>
  }
  else if (usartreg == 0x02) /* The IT is in CR2 register */
20006fae:	693b      	ldr	r3, [r7, #16]
20006fb0:	2b02      	cmp	r3, #2
20006fb2:	d103      	bne.n	20006fbc <USART_ITConfig+0x5c>
  {
    usartxbase += 0x10;
20006fb4:	697b      	ldr	r3, [r7, #20]
20006fb6:	3310      	adds	r3, #16
20006fb8:	617b      	str	r3, [r7, #20]
20006fba:	e002      	b.n	20006fc2 <USART_ITConfig+0x62>
  }
  else /* The IT is in CR3 register */
  {
    usartxbase += 0x14; 
20006fbc:	697b      	ldr	r3, [r7, #20]
20006fbe:	3314      	adds	r3, #20
20006fc0:	617b      	str	r3, [r7, #20]
  }
  if (NewState != DISABLE)
20006fc2:	787b      	ldrb	r3, [r7, #1]
20006fc4:	2b00      	cmp	r3, #0
20006fc6:	d006      	beq.n	20006fd6 <USART_ITConfig+0x76>
  {
    *(__IO uint32_t*)usartxbase  |= itmask;
20006fc8:	697b      	ldr	r3, [r7, #20]
20006fca:	6819      	ldr	r1, [r3, #0]
20006fcc:	697b      	ldr	r3, [r7, #20]
20006fce:	68ba      	ldr	r2, [r7, #8]
20006fd0:	430a      	orrs	r2, r1
20006fd2:	601a      	str	r2, [r3, #0]
  }
  else
  {
    *(__IO uint32_t*)usartxbase &= ~itmask;
  }
}
20006fd4:	e006      	b.n	20006fe4 <USART_ITConfig+0x84>
    *(__IO uint32_t*)usartxbase &= ~itmask;
20006fd6:	697b      	ldr	r3, [r7, #20]
20006fd8:	6819      	ldr	r1, [r3, #0]
20006fda:	68bb      	ldr	r3, [r7, #8]
20006fdc:	43da      	mvns	r2, r3
20006fde:	697b      	ldr	r3, [r7, #20]
20006fe0:	400a      	ands	r2, r1
20006fe2:	601a      	str	r2, [r3, #0]
}
20006fe4:	bf00      	nop
20006fe6:	371c      	adds	r7, #28
20006fe8:	46bd      	mov	sp, r7
20006fea:	bc80      	pop	{r7}
20006fec:	4770      	bx	lr

20006fee <USART_GetFlagStatus>:
  *            @arg USART_FLAG_FE:   Framing Error flag
  *            @arg USART_FLAG_PE:   Parity Error flag
  * @retval The new state of USART_FLAG (SET or RESET).
  */
FlagStatus USART_GetFlagStatus(USART_TypeDef* USARTx, uint16_t USART_FLAG)
{
20006fee:	b480      	push	{r7}
20006ff0:	b085      	sub	sp, #20
20006ff2:	af00      	add	r7, sp, #0
20006ff4:	6078      	str	r0, [r7, #4]
20006ff6:	460b      	mov	r3, r1
20006ff8:	807b      	strh	r3, [r7, #2]
  FlagStatus bitstatus = RESET;
20006ffa:	2300      	movs	r3, #0
20006ffc:	73fb      	strb	r3, [r7, #15]
  if (USART_FLAG == USART_FLAG_CTS)
  {
    assert_param(IS_USART_1236_PERIPH(USARTx));
  } 
    
  if ((USARTx->SR & USART_FLAG) != (uint16_t)RESET)
20006ffe:	687b      	ldr	r3, [r7, #4]
20007000:	881b      	ldrh	r3, [r3, #0]
20007002:	b29a      	uxth	r2, r3
20007004:	887b      	ldrh	r3, [r7, #2]
20007006:	4013      	ands	r3, r2
20007008:	b29b      	uxth	r3, r3
2000700a:	2b00      	cmp	r3, #0
2000700c:	d002      	beq.n	20007014 <USART_GetFlagStatus+0x26>
  {
    bitstatus = SET;
2000700e:	2301      	movs	r3, #1
20007010:	73fb      	strb	r3, [r7, #15]
20007012:	e001      	b.n	20007018 <USART_GetFlagStatus+0x2a>
  }
  else
  {
    bitstatus = RESET;
20007014:	2300      	movs	r3, #0
20007016:	73fb      	strb	r3, [r7, #15]
  }
  return bitstatus;
20007018:	7bfb      	ldrb	r3, [r7, #15]
}
2000701a:	4618      	mov	r0, r3
2000701c:	3714      	adds	r7, #20
2000701e:	46bd      	mov	sp, r7
20007020:	bc80      	pop	{r7}
20007022:	4770      	bx	lr

20007024 <USART_ClearFlag>:
  *          (USART_SendData()).
  *   
  * @retval None
  */
void USART_ClearFlag(USART_TypeDef* USARTx, uint16_t USART_FLAG)
{
20007024:	b480      	push	{r7}
20007026:	b083      	sub	sp, #12
20007028:	af00      	add	r7, sp, #0
2000702a:	6078      	str	r0, [r7, #4]
2000702c:	460b      	mov	r3, r1
2000702e:	807b      	strh	r3, [r7, #2]
  if ((USART_FLAG & USART_FLAG_CTS) == USART_FLAG_CTS)
  {
    assert_param(IS_USART_1236_PERIPH(USARTx));
  } 
       
  USARTx->SR = (uint16_t)~USART_FLAG;
20007030:	887b      	ldrh	r3, [r7, #2]
20007032:	43db      	mvns	r3, r3
20007034:	b29a      	uxth	r2, r3
20007036:	687b      	ldr	r3, [r7, #4]
20007038:	801a      	strh	r2, [r3, #0]
}
2000703a:	bf00      	nop
2000703c:	370c      	adds	r7, #12
2000703e:	46bd      	mov	sp, r7
20007040:	bc80      	pop	{r7}
20007042:	4770      	bx	lr

20007044 <USART_GetITStatus>:
  *            @arg USART_IT_FE:   Framing Error interrupt
  *            @arg USART_IT_PE:   Parity Error interrupt
  * @retval The new state of USART_IT (SET or RESET).
  */
ITStatus USART_GetITStatus(USART_TypeDef* USARTx, uint16_t USART_IT)
{
20007044:	b480      	push	{r7}
20007046:	b087      	sub	sp, #28
20007048:	af00      	add	r7, sp, #0
2000704a:	6078      	str	r0, [r7, #4]
2000704c:	460b      	mov	r3, r1
2000704e:	807b      	strh	r3, [r7, #2]
  uint32_t bitpos = 0x00, itmask = 0x00, usartreg = 0x00;
20007050:	2300      	movs	r3, #0
20007052:	60fb      	str	r3, [r7, #12]
20007054:	2300      	movs	r3, #0
20007056:	617b      	str	r3, [r7, #20]
20007058:	2300      	movs	r3, #0
2000705a:	60bb      	str	r3, [r7, #8]
  ITStatus bitstatus = RESET;
2000705c:	2300      	movs	r3, #0
2000705e:	74fb      	strb	r3, [r7, #19]
  {
    assert_param(IS_USART_1236_PERIPH(USARTx));
  } 
    
  /* Get the USART register index */
  usartreg = (((uint8_t)USART_IT) >> 0x05);
20007060:	887b      	ldrh	r3, [r7, #2]
20007062:	b2db      	uxtb	r3, r3
20007064:	095b      	lsrs	r3, r3, #5
20007066:	b2db      	uxtb	r3, r3
20007068:	60bb      	str	r3, [r7, #8]
  /* Get the interrupt position */
  itmask = USART_IT & IT_MASK;
2000706a:	887b      	ldrh	r3, [r7, #2]
2000706c:	f003 031f 	and.w	r3, r3, #31
20007070:	617b      	str	r3, [r7, #20]
  itmask = (uint32_t)0x01 << itmask;
20007072:	2201      	movs	r2, #1
20007074:	697b      	ldr	r3, [r7, #20]
20007076:	fa02 f303 	lsl.w	r3, r2, r3
2000707a:	617b      	str	r3, [r7, #20]
  
  if (usartreg == 0x01) /* The IT  is in CR1 register */
2000707c:	68bb      	ldr	r3, [r7, #8]
2000707e:	2b01      	cmp	r3, #1
20007080:	d107      	bne.n	20007092 <USART_GetITStatus+0x4e>
  {
    itmask &= USARTx->CR1;
20007082:	687b      	ldr	r3, [r7, #4]
20007084:	899b      	ldrh	r3, [r3, #12]
20007086:	b29b      	uxth	r3, r3
20007088:	461a      	mov	r2, r3
2000708a:	697b      	ldr	r3, [r7, #20]
2000708c:	4013      	ands	r3, r2
2000708e:	617b      	str	r3, [r7, #20]
20007090:	e011      	b.n	200070b6 <USART_GetITStatus+0x72>
  }
  else if (usartreg == 0x02) /* The IT  is in CR2 register */
20007092:	68bb      	ldr	r3, [r7, #8]
20007094:	2b02      	cmp	r3, #2
20007096:	d107      	bne.n	200070a8 <USART_GetITStatus+0x64>
  {
    itmask &= USARTx->CR2;
20007098:	687b      	ldr	r3, [r7, #4]
2000709a:	8a1b      	ldrh	r3, [r3, #16]
2000709c:	b29b      	uxth	r3, r3
2000709e:	461a      	mov	r2, r3
200070a0:	697b      	ldr	r3, [r7, #20]
200070a2:	4013      	ands	r3, r2
200070a4:	617b      	str	r3, [r7, #20]
200070a6:	e006      	b.n	200070b6 <USART_GetITStatus+0x72>
  }
  else /* The IT  is in CR3 register */
  {
    itmask &= USARTx->CR3;
200070a8:	687b      	ldr	r3, [r7, #4]
200070aa:	8a9b      	ldrh	r3, [r3, #20]
200070ac:	b29b      	uxth	r3, r3
200070ae:	461a      	mov	r2, r3
200070b0:	697b      	ldr	r3, [r7, #20]
200070b2:	4013      	ands	r3, r2
200070b4:	617b      	str	r3, [r7, #20]
  }
  
  bitpos = USART_IT >> 0x08;
200070b6:	887b      	ldrh	r3, [r7, #2]
200070b8:	0a1b      	lsrs	r3, r3, #8
200070ba:	b29b      	uxth	r3, r3
200070bc:	60fb      	str	r3, [r7, #12]
  bitpos = (uint32_t)0x01 << bitpos;
200070be:	2201      	movs	r2, #1
200070c0:	68fb      	ldr	r3, [r7, #12]
200070c2:	fa02 f303 	lsl.w	r3, r2, r3
200070c6:	60fb      	str	r3, [r7, #12]
  bitpos &= USARTx->SR;
200070c8:	687b      	ldr	r3, [r7, #4]
200070ca:	881b      	ldrh	r3, [r3, #0]
200070cc:	b29b      	uxth	r3, r3
200070ce:	461a      	mov	r2, r3
200070d0:	68fb      	ldr	r3, [r7, #12]
200070d2:	4013      	ands	r3, r2
200070d4:	60fb      	str	r3, [r7, #12]
  if ((itmask != (uint16_t)RESET)&&(bitpos != (uint16_t)RESET))
200070d6:	697b      	ldr	r3, [r7, #20]
200070d8:	2b00      	cmp	r3, #0
200070da:	d005      	beq.n	200070e8 <USART_GetITStatus+0xa4>
200070dc:	68fb      	ldr	r3, [r7, #12]
200070de:	2b00      	cmp	r3, #0
200070e0:	d002      	beq.n	200070e8 <USART_GetITStatus+0xa4>
  {
    bitstatus = SET;
200070e2:	2301      	movs	r3, #1
200070e4:	74fb      	strb	r3, [r7, #19]
200070e6:	e001      	b.n	200070ec <USART_GetITStatus+0xa8>
  }
  else
  {
    bitstatus = RESET;
200070e8:	2300      	movs	r3, #0
200070ea:	74fb      	strb	r3, [r7, #19]
  }
  
  return bitstatus;  
200070ec:	7cfb      	ldrb	r3, [r7, #19]
}
200070ee:	4618      	mov	r0, r3
200070f0:	371c      	adds	r7, #28
200070f2:	46bd      	mov	sp, r7
200070f4:	bc80      	pop	{r7}
200070f6:	4770      	bx	lr

200070f8 <USART_ClearITPendingBit>:
  *          (USART_SendData()).
  *  
  * @retval None
  */
void USART_ClearITPendingBit(USART_TypeDef* USARTx, uint16_t USART_IT)
{
200070f8:	b480      	push	{r7}
200070fa:	b085      	sub	sp, #20
200070fc:	af00      	add	r7, sp, #0
200070fe:	6078      	str	r0, [r7, #4]
20007100:	460b      	mov	r3, r1
20007102:	807b      	strh	r3, [r7, #2]
  uint16_t bitpos = 0x00, itmask = 0x00;
20007104:	2300      	movs	r3, #0
20007106:	81fb      	strh	r3, [r7, #14]
20007108:	2300      	movs	r3, #0
2000710a:	81bb      	strh	r3, [r7, #12]
  if (USART_IT == USART_IT_CTS)
  {
    assert_param(IS_USART_1236_PERIPH(USARTx));
  } 
    
  bitpos = USART_IT >> 0x08;
2000710c:	887b      	ldrh	r3, [r7, #2]
2000710e:	0a1b      	lsrs	r3, r3, #8
20007110:	81fb      	strh	r3, [r7, #14]
  itmask = ((uint16_t)0x01 << (uint16_t)bitpos);
20007112:	89fb      	ldrh	r3, [r7, #14]
20007114:	2201      	movs	r2, #1
20007116:	fa02 f303 	lsl.w	r3, r2, r3
2000711a:	81bb      	strh	r3, [r7, #12]
  USARTx->SR = (uint16_t)~itmask;
2000711c:	89bb      	ldrh	r3, [r7, #12]
2000711e:	43db      	mvns	r3, r3
20007120:	b29a      	uxth	r2, r3
20007122:	687b      	ldr	r3, [r7, #4]
20007124:	801a      	strh	r2, [r3, #0]
}
20007126:	bf00      	nop
20007128:	3714      	adds	r7, #20
2000712a:	46bd      	mov	sp, r7
2000712c:	bc80      	pop	{r7}
2000712e:	4770      	bx	lr

20007130 <memchr>:
20007130:	f001 01ff 	and.w	r1, r1, #255	@ 0xff
20007134:	2a10      	cmp	r2, #16
20007136:	db2b      	blt.n	20007190 <memchr+0x60>
20007138:	f010 0f07 	tst.w	r0, #7
2000713c:	d008      	beq.n	20007150 <memchr+0x20>
2000713e:	f810 3b01 	ldrb.w	r3, [r0], #1
20007142:	3a01      	subs	r2, #1
20007144:	428b      	cmp	r3, r1
20007146:	d02d      	beq.n	200071a4 <memchr+0x74>
20007148:	f010 0f07 	tst.w	r0, #7
2000714c:	b342      	cbz	r2, 200071a0 <memchr+0x70>
2000714e:	d1f6      	bne.n	2000713e <memchr+0xe>
20007150:	b4f0      	push	{r4, r5, r6, r7}
20007152:	ea41 2101 	orr.w	r1, r1, r1, lsl #8
20007156:	ea41 4101 	orr.w	r1, r1, r1, lsl #16
2000715a:	f022 0407 	bic.w	r4, r2, #7
2000715e:	f07f 0700 	mvns.w	r7, #0
20007162:	2300      	movs	r3, #0
20007164:	e8f0 5602 	ldrd	r5, r6, [r0], #8
20007168:	3c08      	subs	r4, #8
2000716a:	ea85 0501 	eor.w	r5, r5, r1
2000716e:	ea86 0601 	eor.w	r6, r6, r1
20007172:	fa85 f547 	uadd8	r5, r5, r7
20007176:	faa3 f587 	sel	r5, r3, r7
2000717a:	fa86 f647 	uadd8	r6, r6, r7
2000717e:	faa5 f687 	sel	r6, r5, r7
20007182:	b98e      	cbnz	r6, 200071a8 <memchr+0x78>
20007184:	d1ee      	bne.n	20007164 <memchr+0x34>
20007186:	bcf0      	pop	{r4, r5, r6, r7}
20007188:	f001 01ff 	and.w	r1, r1, #255	@ 0xff
2000718c:	f002 0207 	and.w	r2, r2, #7
20007190:	b132      	cbz	r2, 200071a0 <memchr+0x70>
20007192:	f810 3b01 	ldrb.w	r3, [r0], #1
20007196:	3a01      	subs	r2, #1
20007198:	ea83 0301 	eor.w	r3, r3, r1
2000719c:	b113      	cbz	r3, 200071a4 <memchr+0x74>
2000719e:	d1f8      	bne.n	20007192 <memchr+0x62>
200071a0:	2000      	movs	r0, #0
200071a2:	4770      	bx	lr
200071a4:	3801      	subs	r0, #1
200071a6:	4770      	bx	lr
200071a8:	2d00      	cmp	r5, #0
200071aa:	bf06      	itte	eq
200071ac:	4635      	moveq	r5, r6
200071ae:	3803      	subeq	r0, #3
200071b0:	3807      	subne	r0, #7
200071b2:	f015 0f01 	tst.w	r5, #1
200071b6:	d107      	bne.n	200071c8 <memchr+0x98>
200071b8:	3001      	adds	r0, #1
200071ba:	f415 7f80 	tst.w	r5, #256	@ 0x100
200071be:	bf02      	ittt	eq
200071c0:	3001      	addeq	r0, #1
200071c2:	f415 3fc0 	tsteq.w	r5, #98304	@ 0x18000
200071c6:	3001      	addeq	r0, #1
200071c8:	bcf0      	pop	{r4, r5, r6, r7}
200071ca:	3801      	subs	r0, #1
200071cc:	4770      	bx	lr
200071ce:	bf00      	nop

200071d0 <atoi>:
200071d0:	220a      	movs	r2, #10
200071d2:	2100      	movs	r1, #0
200071d4:	f000 b88a 	b.w	200072ec <strtol>

200071d8 <_atoi_r>:
200071d8:	230a      	movs	r3, #10
200071da:	2200      	movs	r2, #0
200071dc:	f000 b87a 	b.w	200072d4 <_strtol_r>

200071e0 <_strtol_l.isra.0>:
200071e0:	2b24      	cmp	r3, #36	@ 0x24
200071e2:	e92d 47f0 	stmdb	sp!, {r4, r5, r6, r7, r8, r9, sl, lr}
200071e6:	4688      	mov	r8, r1
200071e8:	d801      	bhi.n	200071ee <_strtol_l.isra.0+0xe>
200071ea:	2b01      	cmp	r3, #1
200071ec:	d106      	bne.n	200071fc <_strtol_l.isra.0+0x1c>
200071ee:	f000 f8bd 	bl	2000736c <__errno>
200071f2:	2316      	movs	r3, #22
200071f4:	6003      	str	r3, [r0, #0]
200071f6:	2000      	movs	r0, #0
200071f8:	e8bd 87f0 	ldmia.w	sp!, {r4, r5, r6, r7, r8, r9, sl, pc}
200071fc:	4e34      	ldr	r6, [pc, #208]	@ (200072d0 <_strtol_l.isra.0+0xf0>)
200071fe:	460d      	mov	r5, r1
20007200:	4629      	mov	r1, r5
20007202:	f815 4b01 	ldrb.w	r4, [r5], #1
20007206:	5d37      	ldrb	r7, [r6, r4]
20007208:	f017 0708 	ands.w	r7, r7, #8
2000720c:	d1f8      	bne.n	20007200 <_strtol_l.isra.0+0x20>
2000720e:	2c2d      	cmp	r4, #45	@ 0x2d
20007210:	d110      	bne.n	20007234 <_strtol_l.isra.0+0x54>
20007212:	782c      	ldrb	r4, [r5, #0]
20007214:	2701      	movs	r7, #1
20007216:	1c8d      	adds	r5, r1, #2
20007218:	f033 0110 	bics.w	r1, r3, #16
2000721c:	d115      	bne.n	2000724a <_strtol_l.isra.0+0x6a>
2000721e:	2c30      	cmp	r4, #48	@ 0x30
20007220:	d10d      	bne.n	2000723e <_strtol_l.isra.0+0x5e>
20007222:	7829      	ldrb	r1, [r5, #0]
20007224:	f001 01df 	and.w	r1, r1, #223	@ 0xdf
20007228:	2958      	cmp	r1, #88	@ 0x58
2000722a:	d108      	bne.n	2000723e <_strtol_l.isra.0+0x5e>
2000722c:	786c      	ldrb	r4, [r5, #1]
2000722e:	3502      	adds	r5, #2
20007230:	2310      	movs	r3, #16
20007232:	e00a      	b.n	2000724a <_strtol_l.isra.0+0x6a>
20007234:	2c2b      	cmp	r4, #43	@ 0x2b
20007236:	bf04      	itt	eq
20007238:	782c      	ldrbeq	r4, [r5, #0]
2000723a:	1c8d      	addeq	r5, r1, #2
2000723c:	e7ec      	b.n	20007218 <_strtol_l.isra.0+0x38>
2000723e:	2b00      	cmp	r3, #0
20007240:	d1f6      	bne.n	20007230 <_strtol_l.isra.0+0x50>
20007242:	2c30      	cmp	r4, #48	@ 0x30
20007244:	bf14      	ite	ne
20007246:	230a      	movne	r3, #10
20007248:	2308      	moveq	r3, #8
2000724a:	f107 4e00 	add.w	lr, r7, #2147483648	@ 0x80000000
2000724e:	f10e 3eff 	add.w	lr, lr, #4294967295
20007252:	2100      	movs	r1, #0
20007254:	fbbe f9f3 	udiv	r9, lr, r3
20007258:	460e      	mov	r6, r1
2000725a:	fb03 ea19 	mls	sl, r3, r9, lr
2000725e:	f1a4 0c30 	sub.w	ip, r4, #48	@ 0x30
20007262:	f1bc 0f09 	cmp.w	ip, #9
20007266:	d810      	bhi.n	2000728a <_strtol_l.isra.0+0xaa>
20007268:	4664      	mov	r4, ip
2000726a:	42a3      	cmp	r3, r4
2000726c:	dd1e      	ble.n	200072ac <_strtol_l.isra.0+0xcc>
2000726e:	f1b1 3fff 	cmp.w	r1, #4294967295
20007272:	d007      	beq.n	20007284 <_strtol_l.isra.0+0xa4>
20007274:	45b1      	cmp	r9, r6
20007276:	d316      	bcc.n	200072a6 <_strtol_l.isra.0+0xc6>
20007278:	d101      	bne.n	2000727e <_strtol_l.isra.0+0x9e>
2000727a:	45a2      	cmp	sl, r4
2000727c:	db13      	blt.n	200072a6 <_strtol_l.isra.0+0xc6>
2000727e:	fb06 4603 	mla	r6, r6, r3, r4
20007282:	2101      	movs	r1, #1
20007284:	f815 4b01 	ldrb.w	r4, [r5], #1
20007288:	e7e9      	b.n	2000725e <_strtol_l.isra.0+0x7e>
2000728a:	f1a4 0c41 	sub.w	ip, r4, #65	@ 0x41
2000728e:	f1bc 0f19 	cmp.w	ip, #25
20007292:	d801      	bhi.n	20007298 <_strtol_l.isra.0+0xb8>
20007294:	3c37      	subs	r4, #55	@ 0x37
20007296:	e7e8      	b.n	2000726a <_strtol_l.isra.0+0x8a>
20007298:	f1a4 0c61 	sub.w	ip, r4, #97	@ 0x61
2000729c:	f1bc 0f19 	cmp.w	ip, #25
200072a0:	d804      	bhi.n	200072ac <_strtol_l.isra.0+0xcc>
200072a2:	3c57      	subs	r4, #87	@ 0x57
200072a4:	e7e1      	b.n	2000726a <_strtol_l.isra.0+0x8a>
200072a6:	f04f 31ff 	mov.w	r1, #4294967295
200072aa:	e7eb      	b.n	20007284 <_strtol_l.isra.0+0xa4>
200072ac:	1c4b      	adds	r3, r1, #1
200072ae:	d105      	bne.n	200072bc <_strtol_l.isra.0+0xdc>
200072b0:	2322      	movs	r3, #34	@ 0x22
200072b2:	6003      	str	r3, [r0, #0]
200072b4:	4676      	mov	r6, lr
200072b6:	b932      	cbnz	r2, 200072c6 <_strtol_l.isra.0+0xe6>
200072b8:	4630      	mov	r0, r6
200072ba:	e79d      	b.n	200071f8 <_strtol_l.isra.0+0x18>
200072bc:	b107      	cbz	r7, 200072c0 <_strtol_l.isra.0+0xe0>
200072be:	4276      	negs	r6, r6
200072c0:	2a00      	cmp	r2, #0
200072c2:	d0f9      	beq.n	200072b8 <_strtol_l.isra.0+0xd8>
200072c4:	b109      	cbz	r1, 200072ca <_strtol_l.isra.0+0xea>
200072c6:	f105 38ff 	add.w	r8, r5, #4294967295
200072ca:	f8c2 8000 	str.w	r8, [r2]
200072ce:	e7f3      	b.n	200072b8 <_strtol_l.isra.0+0xd8>
200072d0:	20008059 	.word	0x20008059

200072d4 <_strtol_r>:
200072d4:	f7ff bf84 	b.w	200071e0 <_strtol_l.isra.0>

200072d8 <strtol_l>:
200072d8:	4613      	mov	r3, r2
200072da:	460a      	mov	r2, r1
200072dc:	4601      	mov	r1, r0
200072de:	4802      	ldr	r0, [pc, #8]	@ (200072e8 <strtol_l+0x10>)
200072e0:	6800      	ldr	r0, [r0, #0]
200072e2:	f7ff bf7d 	b.w	200071e0 <_strtol_l.isra.0>
200072e6:	bf00      	nop
200072e8:	20009674 	.word	0x20009674

200072ec <strtol>:
200072ec:	4613      	mov	r3, r2
200072ee:	460a      	mov	r2, r1
200072f0:	4601      	mov	r1, r0
200072f2:	4802      	ldr	r0, [pc, #8]	@ (200072fc <strtol+0x10>)
200072f4:	6800      	ldr	r0, [r0, #0]
200072f6:	f7ff bf73 	b.w	200071e0 <_strtol_l.isra.0>
200072fa:	bf00      	nop
200072fc:	20009674 	.word	0x20009674

20007300 <_vsniprintf_r>:
20007300:	b530      	push	{r4, r5, lr}
20007302:	1e14      	subs	r4, r2, #0
20007304:	b09b      	sub	sp, #108	@ 0x6c
20007306:	4605      	mov	r5, r0
20007308:	461a      	mov	r2, r3
2000730a:	da05      	bge.n	20007318 <_vsniprintf_r+0x18>
2000730c:	238b      	movs	r3, #139	@ 0x8b
2000730e:	6003      	str	r3, [r0, #0]
20007310:	f04f 30ff 	mov.w	r0, #4294967295
20007314:	b01b      	add	sp, #108	@ 0x6c
20007316:	bd30      	pop	{r4, r5, pc}
20007318:	f04f 0300 	mov.w	r3, #0
2000731c:	9319      	str	r3, [sp, #100]	@ 0x64
2000731e:	bf18      	it	ne
20007320:	2301      	movne	r3, #1
20007322:	1ae3      	subs	r3, r4, r3
20007324:	9302      	str	r3, [sp, #8]
20007326:	9305      	str	r3, [sp, #20]
20007328:	4b08      	ldr	r3, [pc, #32]	@ (2000734c <_vsniprintf_r+0x4c>)
2000732a:	9100      	str	r1, [sp, #0]
2000732c:	9104      	str	r1, [sp, #16]
2000732e:	9303      	str	r3, [sp, #12]
20007330:	4669      	mov	r1, sp
20007332:	9b1e      	ldr	r3, [sp, #120]	@ 0x78
20007334:	f000 f8fa 	bl	2000752c <_svfiprintf_r>
20007338:	1c43      	adds	r3, r0, #1
2000733a:	bfbc      	itt	lt
2000733c:	238b      	movlt	r3, #139	@ 0x8b
2000733e:	602b      	strlt	r3, [r5, #0]
20007340:	2c00      	cmp	r4, #0
20007342:	d0e7      	beq.n	20007314 <_vsniprintf_r+0x14>
20007344:	9b00      	ldr	r3, [sp, #0]
20007346:	2200      	movs	r2, #0
20007348:	701a      	strb	r2, [r3, #0]
2000734a:	e7e3      	b.n	20007314 <_vsniprintf_r+0x14>
2000734c:	ffff0208 	.word	0xffff0208

20007350 <vsniprintf>:
20007350:	b507      	push	{r0, r1, r2, lr}
20007352:	9300      	str	r3, [sp, #0]
20007354:	4613      	mov	r3, r2
20007356:	460a      	mov	r2, r1
20007358:	4601      	mov	r1, r0
2000735a:	4803      	ldr	r0, [pc, #12]	@ (20007368 <vsniprintf+0x18>)
2000735c:	6800      	ldr	r0, [r0, #0]
2000735e:	f7ff ffcf 	bl	20007300 <_vsniprintf_r>
20007362:	b003      	add	sp, #12
20007364:	bd00      	pop	{pc}
20007366:	bf00      	nop
20007368:	20009674 	.word	0x20009674

2000736c <__errno>:
2000736c:	4b01      	ldr	r3, [pc, #4]	@ (20007374 <__errno+0x8>)
2000736e:	6818      	ldr	r0, [r3, #0]
20007370:	4770      	bx	lr
20007372:	bf00      	nop
20007374:	20009674 	.word	0x20009674

20007378 <__ssputs_r>:
20007378:	e92d 47f0 	stmdb	sp!, {r4, r5, r6, r7, r8, r9, sl, lr}
2000737c:	688e      	ldr	r6, [r1, #8]
2000737e:	461f      	mov	r7, r3
20007380:	42be      	cmp	r6, r7
20007382:	4682      	mov	sl, r0
20007384:	460c      	mov	r4, r1
20007386:	4690      	mov	r8, r2
20007388:	4633      	mov	r3, r6
2000738a:	d853      	bhi.n	20007434 <__ssputs_r+0xbc>
2000738c:	f9b1 000c 	ldrsh.w	r0, [r1, #12]
20007390:	f410 6f90 	tst.w	r0, #1152	@ 0x480
20007394:	d02b      	beq.n	200073ee <__ssputs_r+0x76>
20007396:	6965      	ldr	r5, [r4, #20]
20007398:	6823      	ldr	r3, [r4, #0]
2000739a:	6909      	ldr	r1, [r1, #16]
2000739c:	eb05 0545 	add.w	r5, r5, r5, lsl #1
200073a0:	eba3 0901 	sub.w	r9, r3, r1
200073a4:	eb05 75d5 	add.w	r5, r5, r5, lsr #31
200073a8:	1c7b      	adds	r3, r7, #1
200073aa:	106d      	asrs	r5, r5, #1
200073ac:	444b      	add	r3, r9
200073ae:	42ab      	cmp	r3, r5
200073b0:	462a      	mov	r2, r5
200073b2:	bf84      	itt	hi
200073b4:	461d      	movhi	r5, r3
200073b6:	462a      	movhi	r2, r5
200073b8:	0543      	lsls	r3, r0, #21
200073ba:	d527      	bpl.n	2000740c <__ssputs_r+0x94>
200073bc:	4611      	mov	r1, r2
200073be:	4650      	mov	r0, sl
200073c0:	f000 fbe2 	bl	20007b88 <_malloc_r>
200073c4:	4606      	mov	r6, r0
200073c6:	b358      	cbz	r0, 20007420 <__ssputs_r+0xa8>
200073c8:	6921      	ldr	r1, [r4, #16]
200073ca:	464a      	mov	r2, r9
200073cc:	f000 fb5f 	bl	20007a8e <memcpy>
200073d0:	89a3      	ldrh	r3, [r4, #12]
200073d2:	f423 6390 	bic.w	r3, r3, #1152	@ 0x480
200073d6:	f043 0380 	orr.w	r3, r3, #128	@ 0x80
200073da:	81a3      	strh	r3, [r4, #12]
200073dc:	6126      	str	r6, [r4, #16]
200073de:	6165      	str	r5, [r4, #20]
200073e0:	444e      	add	r6, r9
200073e2:	eba5 0509 	sub.w	r5, r5, r9
200073e6:	6026      	str	r6, [r4, #0]
200073e8:	60a5      	str	r5, [r4, #8]
200073ea:	463e      	mov	r6, r7
200073ec:	463b      	mov	r3, r7
200073ee:	461f      	mov	r7, r3
200073f0:	6820      	ldr	r0, [r4, #0]
200073f2:	463a      	mov	r2, r7
200073f4:	4641      	mov	r1, r8
200073f6:	f000 fb31 	bl	20007a5c <memmove>
200073fa:	68a3      	ldr	r3, [r4, #8]
200073fc:	1b9b      	subs	r3, r3, r6
200073fe:	60a3      	str	r3, [r4, #8]
20007400:	6823      	ldr	r3, [r4, #0]
20007402:	443b      	add	r3, r7
20007404:	6023      	str	r3, [r4, #0]
20007406:	2000      	movs	r0, #0
20007408:	e8bd 87f0 	ldmia.w	sp!, {r4, r5, r6, r7, r8, r9, sl, pc}
2000740c:	4650      	mov	r0, sl
2000740e:	f000 fc43 	bl	20007c98 <_realloc_r>
20007412:	4606      	mov	r6, r0
20007414:	2800      	cmp	r0, #0
20007416:	d1e1      	bne.n	200073dc <__ssputs_r+0x64>
20007418:	6921      	ldr	r1, [r4, #16]
2000741a:	4650      	mov	r0, sl
2000741c:	f000 fb46 	bl	20007aac <_free_r>
20007420:	230c      	movs	r3, #12
20007422:	f8ca 3000 	str.w	r3, [sl]
20007426:	89a3      	ldrh	r3, [r4, #12]
20007428:	f043 0340 	orr.w	r3, r3, #64	@ 0x40
2000742c:	81a3      	strh	r3, [r4, #12]
2000742e:	f04f 30ff 	mov.w	r0, #4294967295
20007432:	e7e9      	b.n	20007408 <__ssputs_r+0x90>
20007434:	463e      	mov	r6, r7
20007436:	e7db      	b.n	200073f0 <__ssputs_r+0x78>

20007438 <__ssprint_r>:
20007438:	6893      	ldr	r3, [r2, #8]
2000743a:	e92d 4ff7 	stmdb	sp!, {r0, r1, r2, r4, r5, r6, r7, r8, r9, sl, fp, lr}
2000743e:	4681      	mov	r9, r0
20007440:	460c      	mov	r4, r1
20007442:	4617      	mov	r7, r2
20007444:	2b00      	cmp	r3, #0
20007446:	d050      	beq.n	200074ea <__ssprint_r+0xb2>
20007448:	f8d2 a000 	ldr.w	sl, [r2]
2000744c:	f8da b004 	ldr.w	fp, [sl, #4]
20007450:	f8da 3000 	ldr.w	r3, [sl]
20007454:	9301      	str	r3, [sp, #4]
20007456:	f1bb 0f00 	cmp.w	fp, #0
2000745a:	d04c      	beq.n	200074f6 <__ssprint_r+0xbe>
2000745c:	68a6      	ldr	r6, [r4, #8]
2000745e:	455e      	cmp	r6, fp
20007460:	4635      	mov	r5, r6
20007462:	d861      	bhi.n	20007528 <__ssprint_r+0xf0>
20007464:	f9b4 000c 	ldrsh.w	r0, [r4, #12]
20007468:	f410 6f90 	tst.w	r0, #1152	@ 0x480
2000746c:	d02d      	beq.n	200074ca <__ssprint_r+0x92>
2000746e:	6822      	ldr	r2, [r4, #0]
20007470:	6921      	ldr	r1, [r4, #16]
20007472:	6965      	ldr	r5, [r4, #20]
20007474:	eba2 0801 	sub.w	r8, r2, r1
20007478:	eb05 0545 	add.w	r5, r5, r5, lsl #1
2000747c:	eb05 75d5 	add.w	r5, r5, r5, lsr #31
20007480:	f108 0601 	add.w	r6, r8, #1
20007484:	106d      	asrs	r5, r5, #1
20007486:	445e      	add	r6, fp
20007488:	42ae      	cmp	r6, r5
2000748a:	462a      	mov	r2, r5
2000748c:	bf84      	itt	hi
2000748e:	4635      	movhi	r5, r6
20007490:	462a      	movhi	r2, r5
20007492:	0543      	lsls	r3, r0, #21
20007494:	d532      	bpl.n	200074fc <__ssprint_r+0xc4>
20007496:	4611      	mov	r1, r2
20007498:	4648      	mov	r0, r9
2000749a:	f000 fb75 	bl	20007b88 <_malloc_r>
2000749e:	4606      	mov	r6, r0
200074a0:	2800      	cmp	r0, #0
200074a2:	d035      	beq.n	20007510 <__ssprint_r+0xd8>
200074a4:	4642      	mov	r2, r8
200074a6:	6921      	ldr	r1, [r4, #16]
200074a8:	f000 faf1 	bl	20007a8e <memcpy>
200074ac:	89a2      	ldrh	r2, [r4, #12]
200074ae:	f422 6290 	bic.w	r2, r2, #1152	@ 0x480
200074b2:	f042 0280 	orr.w	r2, r2, #128	@ 0x80
200074b6:	81a2      	strh	r2, [r4, #12]
200074b8:	6126      	str	r6, [r4, #16]
200074ba:	6165      	str	r5, [r4, #20]
200074bc:	4446      	add	r6, r8
200074be:	eba5 0508 	sub.w	r5, r5, r8
200074c2:	6026      	str	r6, [r4, #0]
200074c4:	60a5      	str	r5, [r4, #8]
200074c6:	465e      	mov	r6, fp
200074c8:	465d      	mov	r5, fp
200074ca:	462a      	mov	r2, r5
200074cc:	9901      	ldr	r1, [sp, #4]
200074ce:	6820      	ldr	r0, [r4, #0]
200074d0:	f000 fac4 	bl	20007a5c <memmove>
200074d4:	68a2      	ldr	r2, [r4, #8]
200074d6:	1b92      	subs	r2, r2, r6
200074d8:	60a2      	str	r2, [r4, #8]
200074da:	6822      	ldr	r2, [r4, #0]
200074dc:	442a      	add	r2, r5
200074de:	6022      	str	r2, [r4, #0]
200074e0:	68ba      	ldr	r2, [r7, #8]
200074e2:	eba2 030b 	sub.w	r3, r2, fp
200074e6:	60bb      	str	r3, [r7, #8]
200074e8:	b92b      	cbnz	r3, 200074f6 <__ssprint_r+0xbe>
200074ea:	2000      	movs	r0, #0
200074ec:	2300      	movs	r3, #0
200074ee:	607b      	str	r3, [r7, #4]
200074f0:	b003      	add	sp, #12
200074f2:	e8bd 8ff0 	ldmia.w	sp!, {r4, r5, r6, r7, r8, r9, sl, fp, pc}
200074f6:	f10a 0a08 	add.w	sl, sl, #8
200074fa:	e7a7      	b.n	2000744c <__ssprint_r+0x14>
200074fc:	4648      	mov	r0, r9
200074fe:	f000 fbcb 	bl	20007c98 <_realloc_r>
20007502:	4606      	mov	r6, r0
20007504:	2800      	cmp	r0, #0
20007506:	d1d7      	bne.n	200074b8 <__ssprint_r+0x80>
20007508:	6921      	ldr	r1, [r4, #16]
2000750a:	4648      	mov	r0, r9
2000750c:	f000 face 	bl	20007aac <_free_r>
20007510:	230c      	movs	r3, #12
20007512:	f8c9 3000 	str.w	r3, [r9]
20007516:	89a3      	ldrh	r3, [r4, #12]
20007518:	f043 0340 	orr.w	r3, r3, #64	@ 0x40
2000751c:	81a3      	strh	r3, [r4, #12]
2000751e:	2300      	movs	r3, #0
20007520:	60bb      	str	r3, [r7, #8]
20007522:	f04f 30ff 	mov.w	r0, #4294967295
20007526:	e7e1      	b.n	200074ec <__ssprint_r+0xb4>
20007528:	465e      	mov	r6, fp
2000752a:	e7cd      	b.n	200074c8 <__ssprint_r+0x90>

2000752c <_svfiprintf_r>:
2000752c:	e92d 47f0 	stmdb	sp!, {r4, r5, r6, r7, r8, r9, sl, lr}
20007530:	461f      	mov	r7, r3
20007532:	898b      	ldrh	r3, [r1, #12]
20007534:	061b      	lsls	r3, r3, #24
20007536:	b09c      	sub	sp, #112	@ 0x70
20007538:	4606      	mov	r6, r0
2000753a:	460d      	mov	r5, r1
2000753c:	4614      	mov	r4, r2
2000753e:	d510      	bpl.n	20007562 <_svfiprintf_r+0x36>
20007540:	690b      	ldr	r3, [r1, #16]
20007542:	b973      	cbnz	r3, 20007562 <_svfiprintf_r+0x36>
20007544:	2140      	movs	r1, #64	@ 0x40
20007546:	f000 fb1f 	bl	20007b88 <_malloc_r>
2000754a:	6028      	str	r0, [r5, #0]
2000754c:	6128      	str	r0, [r5, #16]
2000754e:	b930      	cbnz	r0, 2000755e <_svfiprintf_r+0x32>
20007550:	230c      	movs	r3, #12
20007552:	6033      	str	r3, [r6, #0]
20007554:	f04f 30ff 	mov.w	r0, #4294967295
20007558:	b01c      	add	sp, #112	@ 0x70
2000755a:	e8bd 87f0 	ldmia.w	sp!, {r4, r5, r6, r7, r8, r9, sl, pc}
2000755e:	2340      	movs	r3, #64	@ 0x40
20007560:	616b      	str	r3, [r5, #20]
20007562:	2300      	movs	r3, #0
20007564:	9309      	str	r3, [sp, #36]	@ 0x24
20007566:	2320      	movs	r3, #32
20007568:	f88d 3029 	strb.w	r3, [sp, #41]	@ 0x29
2000756c:	9703      	str	r7, [sp, #12]
2000756e:	2330      	movs	r3, #48	@ 0x30
20007570:	4f65      	ldr	r7, [pc, #404]	@ (20007708 <_svfiprintf_r+0x1dc>)
20007572:	f88d 302a 	strb.w	r3, [sp, #42]	@ 0x2a
20007576:	f04f 0801 	mov.w	r8, #1
2000757a:	4623      	mov	r3, r4
2000757c:	781a      	ldrb	r2, [r3, #0]
2000757e:	4699      	mov	r9, r3
20007580:	b11a      	cbz	r2, 2000758a <_svfiprintf_r+0x5e>
20007582:	2a25      	cmp	r2, #37	@ 0x25
20007584:	f103 0301 	add.w	r3, r3, #1
20007588:	d1f8      	bne.n	2000757c <_svfiprintf_r+0x50>
2000758a:	ebb9 0a04 	subs.w	sl, r9, r4
2000758e:	d00b      	beq.n	200075a8 <_svfiprintf_r+0x7c>
20007590:	4653      	mov	r3, sl
20007592:	4622      	mov	r2, r4
20007594:	4629      	mov	r1, r5
20007596:	4630      	mov	r0, r6
20007598:	f7ff feee 	bl	20007378 <__ssputs_r>
2000759c:	3001      	adds	r0, #1
2000759e:	f000 80a3 	beq.w	200076e8 <_svfiprintf_r+0x1bc>
200075a2:	9a09      	ldr	r2, [sp, #36]	@ 0x24
200075a4:	4452      	add	r2, sl
200075a6:	9209      	str	r2, [sp, #36]	@ 0x24
200075a8:	f899 3000 	ldrb.w	r3, [r9]
200075ac:	2b00      	cmp	r3, #0
200075ae:	f000 809b 	beq.w	200076e8 <_svfiprintf_r+0x1bc>
200075b2:	2200      	movs	r2, #0
200075b4:	f04f 33ff 	mov.w	r3, #4294967295
200075b8:	e9cd 3205 	strd	r3, r2, [sp, #20]
200075bc:	f109 0901 	add.w	r9, r9, #1
200075c0:	9204      	str	r2, [sp, #16]
200075c2:	9207      	str	r2, [sp, #28]
200075c4:	f88d 2053 	strb.w	r2, [sp, #83]	@ 0x53
200075c8:	921a      	str	r2, [sp, #104]	@ 0x68
200075ca:	464c      	mov	r4, r9
200075cc:	2205      	movs	r2, #5
200075ce:	f814 1b01 	ldrb.w	r1, [r4], #1
200075d2:	484d      	ldr	r0, [pc, #308]	@ (20007708 <_svfiprintf_r+0x1dc>)
200075d4:	f7ff fdac 	bl	20007130 <memchr>
200075d8:	9a04      	ldr	r2, [sp, #16]
200075da:	b9d0      	cbnz	r0, 20007612 <_svfiprintf_r+0xe6>
200075dc:	06d0      	lsls	r0, r2, #27
200075de:	bf44      	itt	mi
200075e0:	2320      	movmi	r3, #32
200075e2:	f88d 3053 	strbmi.w	r3, [sp, #83]	@ 0x53
200075e6:	0711      	lsls	r1, r2, #28
200075e8:	bf44      	itt	mi
200075ea:	232b      	movmi	r3, #43	@ 0x2b
200075ec:	f88d 3053 	strbmi.w	r3, [sp, #83]	@ 0x53
200075f0:	f899 3000 	ldrb.w	r3, [r9]
200075f4:	2b2a      	cmp	r3, #42	@ 0x2a
200075f6:	d013      	beq.n	20007620 <_svfiprintf_r+0xf4>
200075f8:	9907      	ldr	r1, [sp, #28]
200075fa:	464b      	mov	r3, r9
200075fc:	2000      	movs	r0, #0
200075fe:	f04f 0c0a 	mov.w	ip, #10
20007602:	781a      	ldrb	r2, [r3, #0]
20007604:	3a30      	subs	r2, #48	@ 0x30
20007606:	2a09      	cmp	r2, #9
20007608:	461c      	mov	r4, r3
2000760a:	d94a      	bls.n	200076a2 <_svfiprintf_r+0x176>
2000760c:	b1a8      	cbz	r0, 2000763a <_svfiprintf_r+0x10e>
2000760e:	9107      	str	r1, [sp, #28]
20007610:	e013      	b.n	2000763a <_svfiprintf_r+0x10e>
20007612:	1bc0      	subs	r0, r0, r7
20007614:	fa08 f000 	lsl.w	r0, r8, r0
20007618:	4310      	orrs	r0, r2
2000761a:	9004      	str	r0, [sp, #16]
2000761c:	46a1      	mov	r9, r4
2000761e:	e7d4      	b.n	200075ca <_svfiprintf_r+0x9e>
20007620:	9b03      	ldr	r3, [sp, #12]
20007622:	1d19      	adds	r1, r3, #4
20007624:	681b      	ldr	r3, [r3, #0]
20007626:	9103      	str	r1, [sp, #12]
20007628:	2b00      	cmp	r3, #0
2000762a:	bfbb      	ittet	lt
2000762c:	425b      	neglt	r3, r3
2000762e:	f042 0202 	orrlt.w	r2, r2, #2
20007632:	9307      	strge	r3, [sp, #28]
20007634:	9307      	strlt	r3, [sp, #28]
20007636:	bfb8      	it	lt
20007638:	9204      	strlt	r2, [sp, #16]
2000763a:	7823      	ldrb	r3, [r4, #0]
2000763c:	2b2e      	cmp	r3, #46	@ 0x2e
2000763e:	d10a      	bne.n	20007656 <_svfiprintf_r+0x12a>
20007640:	7863      	ldrb	r3, [r4, #1]
20007642:	2b2a      	cmp	r3, #42	@ 0x2a
20007644:	d132      	bne.n	200076ac <_svfiprintf_r+0x180>
20007646:	9b03      	ldr	r3, [sp, #12]
20007648:	1d1a      	adds	r2, r3, #4
2000764a:	681b      	ldr	r3, [r3, #0]
2000764c:	9203      	str	r2, [sp, #12]
2000764e:	ea43 73e3 	orr.w	r3, r3, r3, asr #31
20007652:	3402      	adds	r4, #2
20007654:	9305      	str	r3, [sp, #20]
20007656:	f8df 90c0 	ldr.w	r9, [pc, #192]	@ 20007718 <_svfiprintf_r+0x1ec>
2000765a:	7821      	ldrb	r1, [r4, #0]
2000765c:	2203      	movs	r2, #3
2000765e:	4648      	mov	r0, r9
20007660:	f7ff fd66 	bl	20007130 <memchr>
20007664:	b138      	cbz	r0, 20007676 <_svfiprintf_r+0x14a>
20007666:	9b04      	ldr	r3, [sp, #16]
20007668:	eba0 0009 	sub.w	r0, r0, r9
2000766c:	2240      	movs	r2, #64	@ 0x40
2000766e:	4082      	lsls	r2, r0
20007670:	4313      	orrs	r3, r2
20007672:	3401      	adds	r4, #1
20007674:	9304      	str	r3, [sp, #16]
20007676:	7821      	ldrb	r1, [r4, #0]
20007678:	4824      	ldr	r0, [pc, #144]	@ (2000770c <_svfiprintf_r+0x1e0>)
2000767a:	f88d 1028 	strb.w	r1, [sp, #40]	@ 0x28
2000767e:	2206      	movs	r2, #6
20007680:	f7ff fd56 	bl	20007130 <memchr>
20007684:	2800      	cmp	r0, #0
20007686:	d035      	beq.n	200076f4 <_svfiprintf_r+0x1c8>
20007688:	4821      	ldr	r0, [pc, #132]	@ (20007710 <_svfiprintf_r+0x1e4>)
2000768a:	bb18      	cbnz	r0, 200076d4 <_svfiprintf_r+0x1a8>
2000768c:	9b03      	ldr	r3, [sp, #12]
2000768e:	3307      	adds	r3, #7
20007690:	f023 0307 	bic.w	r3, r3, #7
20007694:	3308      	adds	r3, #8
20007696:	9303      	str	r3, [sp, #12]
20007698:	9b09      	ldr	r3, [sp, #36]	@ 0x24
2000769a:	4403      	add	r3, r0
2000769c:	3401      	adds	r4, #1
2000769e:	9309      	str	r3, [sp, #36]	@ 0x24
200076a0:	e76b      	b.n	2000757a <_svfiprintf_r+0x4e>
200076a2:	3301      	adds	r3, #1
200076a4:	fb0c 2101 	mla	r1, ip, r1, r2
200076a8:	2001      	movs	r0, #1
200076aa:	e7aa      	b.n	20007602 <_svfiprintf_r+0xd6>
200076ac:	2300      	movs	r3, #0
200076ae:	9305      	str	r3, [sp, #20]
200076b0:	1c61      	adds	r1, r4, #1
200076b2:	4618      	mov	r0, r3
200076b4:	f04f 0c0a 	mov.w	ip, #10
200076b8:	780a      	ldrb	r2, [r1, #0]
200076ba:	3a30      	subs	r2, #48	@ 0x30
200076bc:	2a09      	cmp	r2, #9
200076be:	460c      	mov	r4, r1
200076c0:	d903      	bls.n	200076ca <_svfiprintf_r+0x19e>
200076c2:	2b00      	cmp	r3, #0
200076c4:	d0c7      	beq.n	20007656 <_svfiprintf_r+0x12a>
200076c6:	9005      	str	r0, [sp, #20]
200076c8:	e7c5      	b.n	20007656 <_svfiprintf_r+0x12a>
200076ca:	3101      	adds	r1, #1
200076cc:	fb0c 2000 	mla	r0, ip, r0, r2
200076d0:	2301      	movs	r3, #1
200076d2:	e7f1      	b.n	200076b8 <_svfiprintf_r+0x18c>
200076d4:	ab03      	add	r3, sp, #12
200076d6:	9300      	str	r3, [sp, #0]
200076d8:	462a      	mov	r2, r5
200076da:	4b0e      	ldr	r3, [pc, #56]	@ (20007714 <_svfiprintf_r+0x1e8>)
200076dc:	a904      	add	r1, sp, #16
200076de:	4630      	mov	r0, r6
200076e0:	f3af 8000 	nop.w
200076e4:	1c42      	adds	r2, r0, #1
200076e6:	d1d7      	bne.n	20007698 <_svfiprintf_r+0x16c>
200076e8:	89ab      	ldrh	r3, [r5, #12]
200076ea:	065b      	lsls	r3, r3, #25
200076ec:	f53f af32 	bmi.w	20007554 <_svfiprintf_r+0x28>
200076f0:	9809      	ldr	r0, [sp, #36]	@ 0x24
200076f2:	e731      	b.n	20007558 <_svfiprintf_r+0x2c>
200076f4:	ab03      	add	r3, sp, #12
200076f6:	9300      	str	r3, [sp, #0]
200076f8:	462a      	mov	r2, r5
200076fa:	4b06      	ldr	r3, [pc, #24]	@ (20007714 <_svfiprintf_r+0x1e8>)
200076fc:	a904      	add	r1, sp, #16
200076fe:	4630      	mov	r0, r6
20007700:	f000 f882 	bl	20007808 <_printf_i>
20007704:	e7ee      	b.n	200076e4 <_svfiprintf_r+0x1b8>
20007706:	bf00      	nop
20007708:	20008159 	.word	0x20008159
2000770c:	20008163 	.word	0x20008163
20007710:	00000000 	.word	0x00000000
20007714:	20007379 	.word	0x20007379
20007718:	2000815f 	.word	0x2000815f

2000771c <_printf_common>:
2000771c:	e92d 47f0 	stmdb	sp!, {r4, r5, r6, r7, r8, r9, sl, lr}
20007720:	4691      	mov	r9, r2
20007722:	4698      	mov	r8, r3
20007724:	688a      	ldr	r2, [r1, #8]
20007726:	690b      	ldr	r3, [r1, #16]
20007728:	9e08      	ldr	r6, [sp, #32]
2000772a:	4293      	cmp	r3, r2
2000772c:	bfb8      	it	lt
2000772e:	4613      	movlt	r3, r2
20007730:	f8c9 3000 	str.w	r3, [r9]
20007734:	f891 2043 	ldrb.w	r2, [r1, #67]	@ 0x43
20007738:	4607      	mov	r7, r0
2000773a:	460c      	mov	r4, r1
2000773c:	b112      	cbz	r2, 20007744 <_printf_common+0x28>
2000773e:	3301      	adds	r3, #1
20007740:	f8c9 3000 	str.w	r3, [r9]
20007744:	6823      	ldr	r3, [r4, #0]
20007746:	0699      	lsls	r1, r3, #26
20007748:	bf42      	ittt	mi
2000774a:	f8d9 3000 	ldrmi.w	r3, [r9]
2000774e:	3302      	addmi	r3, #2
20007750:	f8c9 3000 	strmi.w	r3, [r9]
20007754:	6825      	ldr	r5, [r4, #0]
20007756:	f015 0506 	ands.w	r5, r5, #6
2000775a:	d107      	bne.n	2000776c <_printf_common+0x50>
2000775c:	f104 0a19 	add.w	sl, r4, #25
20007760:	68e3      	ldr	r3, [r4, #12]
20007762:	f8d9 2000 	ldr.w	r2, [r9]
20007766:	1a9b      	subs	r3, r3, r2
20007768:	42ab      	cmp	r3, r5
2000776a:	dc29      	bgt.n	200077c0 <_printf_common+0xa4>
2000776c:	f894 3043 	ldrb.w	r3, [r4, #67]	@ 0x43
20007770:	6822      	ldr	r2, [r4, #0]
20007772:	3b00      	subs	r3, #0
20007774:	bf18      	it	ne
20007776:	2301      	movne	r3, #1
20007778:	0692      	lsls	r2, r2, #26
2000777a:	d42e      	bmi.n	200077da <_printf_common+0xbe>
2000777c:	f104 0243 	add.w	r2, r4, #67	@ 0x43
20007780:	4641      	mov	r1, r8
20007782:	4638      	mov	r0, r7
20007784:	47b0      	blx	r6
20007786:	3001      	adds	r0, #1
20007788:	d021      	beq.n	200077ce <_printf_common+0xb2>
2000778a:	6823      	ldr	r3, [r4, #0]
2000778c:	68a1      	ldr	r1, [r4, #8]
2000778e:	6922      	ldr	r2, [r4, #16]
20007790:	f003 0306 	and.w	r3, r3, #6
20007794:	2b04      	cmp	r3, #4
20007796:	bf01      	itttt	eq
20007798:	68e5      	ldreq	r5, [r4, #12]
2000779a:	f8d9 3000 	ldreq.w	r3, [r9]
2000779e:	1aed      	subeq	r5, r5, r3
200077a0:	ea25 75e5 	biceq.w	r5, r5, r5, asr #31
200077a4:	bf18      	it	ne
200077a6:	2500      	movne	r5, #0
200077a8:	1a8b      	subs	r3, r1, r2
200077aa:	442b      	add	r3, r5
200077ac:	4291      	cmp	r1, r2
200077ae:	bfc8      	it	gt
200077b0:	461d      	movgt	r5, r3
200077b2:	f04f 0900 	mov.w	r9, #0
200077b6:	341a      	adds	r4, #26
200077b8:	454d      	cmp	r5, r9
200077ba:	d11a      	bne.n	200077f2 <_printf_common+0xd6>
200077bc:	2000      	movs	r0, #0
200077be:	e008      	b.n	200077d2 <_printf_common+0xb6>
200077c0:	2301      	movs	r3, #1
200077c2:	4652      	mov	r2, sl
200077c4:	4641      	mov	r1, r8
200077c6:	4638      	mov	r0, r7
200077c8:	47b0      	blx	r6
200077ca:	3001      	adds	r0, #1
200077cc:	d103      	bne.n	200077d6 <_printf_common+0xba>
200077ce:	f04f 30ff 	mov.w	r0, #4294967295
200077d2:	e8bd 87f0 	ldmia.w	sp!, {r4, r5, r6, r7, r8, r9, sl, pc}
200077d6:	3501      	adds	r5, #1
200077d8:	e7c2      	b.n	20007760 <_printf_common+0x44>
200077da:	18e1      	adds	r1, r4, r3
200077dc:	1c5a      	adds	r2, r3, #1
200077de:	2030      	movs	r0, #48	@ 0x30
200077e0:	f881 0043 	strb.w	r0, [r1, #67]	@ 0x43
200077e4:	4422      	add	r2, r4
200077e6:	f894 1045 	ldrb.w	r1, [r4, #69]	@ 0x45
200077ea:	f882 1043 	strb.w	r1, [r2, #67]	@ 0x43
200077ee:	3302      	adds	r3, #2
200077f0:	e7c4      	b.n	2000777c <_printf_common+0x60>
200077f2:	2301      	movs	r3, #1
200077f4:	4622      	mov	r2, r4
200077f6:	4641      	mov	r1, r8
200077f8:	4638      	mov	r0, r7
200077fa:	47b0      	blx	r6
200077fc:	3001      	adds	r0, #1
200077fe:	d0e6      	beq.n	200077ce <_printf_common+0xb2>
20007800:	f109 0901 	add.w	r9, r9, #1
20007804:	e7d8      	b.n	200077b8 <_printf_common+0x9c>
	...

20007808 <_printf_i>:
20007808:	e92d 43f0 	stmdb	sp!, {r4, r5, r6, r7, r8, r9, lr}
2000780c:	4698      	mov	r8, r3
2000780e:	7e0b      	ldrb	r3, [r1, #24]
20007810:	b085      	sub	sp, #20
20007812:	2b78      	cmp	r3, #120	@ 0x78
20007814:	4617      	mov	r7, r2
20007816:	4606      	mov	r6, r0
20007818:	9a0c      	ldr	r2, [sp, #48]	@ 0x30
2000781a:	460c      	mov	r4, r1
2000781c:	d809      	bhi.n	20007832 <_printf_i+0x2a>
2000781e:	2b62      	cmp	r3, #98	@ 0x62
20007820:	f101 0143 	add.w	r1, r1, #67	@ 0x43
20007824:	d808      	bhi.n	20007838 <_printf_i+0x30>
20007826:	2b00      	cmp	r3, #0
20007828:	f000 80dc 	beq.w	200079e4 <_printf_i+0x1dc>
2000782c:	2b58      	cmp	r3, #88	@ 0x58
2000782e:	f000 80bd 	beq.w	200079ac <_printf_i+0x1a4>
20007832:	f104 0542 	add.w	r5, r4, #66	@ 0x42
20007836:	e039      	b.n	200078ac <_printf_i+0xa4>
20007838:	f1a3 0063 	sub.w	r0, r3, #99	@ 0x63
2000783c:	2815      	cmp	r0, #21
2000783e:	d8f8      	bhi.n	20007832 <_printf_i+0x2a>
20007840:	a501      	add	r5, pc, #4	@ (adr r5, 20007848 <_printf_i+0x40>)
20007842:	f855 f020 	ldr.w	pc, [r5, r0, lsl #2]
20007846:	bf00      	nop
20007848:	200078a1 	.word	0x200078a1
2000784c:	200078b5 	.word	0x200078b5
20007850:	20007833 	.word	0x20007833
20007854:	20007833 	.word	0x20007833
20007858:	20007833 	.word	0x20007833
2000785c:	20007833 	.word	0x20007833
20007860:	200078b5 	.word	0x200078b5
20007864:	20007833 	.word	0x20007833
20007868:	20007833 	.word	0x20007833
2000786c:	20007833 	.word	0x20007833
20007870:	20007833 	.word	0x20007833
20007874:	200079c5 	.word	0x200079c5
20007878:	200078e1 	.word	0x200078e1
2000787c:	20007973 	.word	0x20007973
20007880:	20007833 	.word	0x20007833
20007884:	20007833 	.word	0x20007833
20007888:	200079ed 	.word	0x200079ed
2000788c:	20007833 	.word	0x20007833
20007890:	200078e1 	.word	0x200078e1
20007894:	20007833 	.word	0x20007833
20007898:	20007833 	.word	0x20007833
2000789c:	2000797b 	.word	0x2000797b
200078a0:	6813      	ldr	r3, [r2, #0]
200078a2:	1d19      	adds	r1, r3, #4
200078a4:	681b      	ldr	r3, [r3, #0]
200078a6:	6011      	str	r1, [r2, #0]
200078a8:	f104 0542 	add.w	r5, r4, #66	@ 0x42
200078ac:	f884 3042 	strb.w	r3, [r4, #66]	@ 0x42
200078b0:	2301      	movs	r3, #1
200078b2:	e0a8      	b.n	20007a06 <_printf_i+0x1fe>
200078b4:	6813      	ldr	r3, [r2, #0]
200078b6:	6825      	ldr	r5, [r4, #0]
200078b8:	1d18      	adds	r0, r3, #4
200078ba:	6010      	str	r0, [r2, #0]
200078bc:	0628      	lsls	r0, r5, #24
200078be:	d501      	bpl.n	200078c4 <_printf_i+0xbc>
200078c0:	681b      	ldr	r3, [r3, #0]
200078c2:	e003      	b.n	200078cc <_printf_i+0xc4>
200078c4:	066a      	lsls	r2, r5, #25
200078c6:	d5fb      	bpl.n	200078c0 <_printf_i+0xb8>
200078c8:	f9b3 3000 	ldrsh.w	r3, [r3]
200078cc:	2b00      	cmp	r3, #0
200078ce:	da03      	bge.n	200078d8 <_printf_i+0xd0>
200078d0:	222d      	movs	r2, #45	@ 0x2d
200078d2:	425b      	negs	r3, r3
200078d4:	f884 2043 	strb.w	r2, [r4, #67]	@ 0x43
200078d8:	f8df c178 	ldr.w	ip, [pc, #376]	@ 20007a54 <_printf_i+0x24c>
200078dc:	220a      	movs	r2, #10
200078de:	e013      	b.n	20007908 <_printf_i+0x100>
200078e0:	6825      	ldr	r5, [r4, #0]
200078e2:	6810      	ldr	r0, [r2, #0]
200078e4:	f015 0f80 	tst.w	r5, #128	@ 0x80
200078e8:	f850 3b04 	ldr.w	r3, [r0], #4
200078ec:	d102      	bne.n	200078f4 <_printf_i+0xec>
200078ee:	066d      	lsls	r5, r5, #25
200078f0:	bf48      	it	mi
200078f2:	b29b      	uxthmi	r3, r3
200078f4:	6010      	str	r0, [r2, #0]
200078f6:	7e22      	ldrb	r2, [r4, #24]
200078f8:	f8df c158 	ldr.w	ip, [pc, #344]	@ 20007a54 <_printf_i+0x24c>
200078fc:	2a6f      	cmp	r2, #111	@ 0x6f
200078fe:	d15d      	bne.n	200079bc <_printf_i+0x1b4>
20007900:	2208      	movs	r2, #8
20007902:	2000      	movs	r0, #0
20007904:	f884 0043 	strb.w	r0, [r4, #67]	@ 0x43
20007908:	6865      	ldr	r5, [r4, #4]
2000790a:	60a5      	str	r5, [r4, #8]
2000790c:	2d00      	cmp	r5, #0
2000790e:	db05      	blt.n	2000791c <_printf_i+0x114>
20007910:	6820      	ldr	r0, [r4, #0]
20007912:	431d      	orrs	r5, r3
20007914:	f020 0004 	bic.w	r0, r0, #4
20007918:	6020      	str	r0, [r4, #0]
2000791a:	d051      	beq.n	200079c0 <_printf_i+0x1b8>
2000791c:	460d      	mov	r5, r1
2000791e:	fbb3 f0f2 	udiv	r0, r3, r2
20007922:	fb02 3e10 	mls	lr, r2, r0, r3
20007926:	429a      	cmp	r2, r3
20007928:	f81c e00e 	ldrb.w	lr, [ip, lr]
2000792c:	f805 ed01 	strb.w	lr, [r5, #-1]!
20007930:	4603      	mov	r3, r0
20007932:	d9f4      	bls.n	2000791e <_printf_i+0x116>
20007934:	2a08      	cmp	r2, #8
20007936:	d10b      	bne.n	20007950 <_printf_i+0x148>
20007938:	6823      	ldr	r3, [r4, #0]
2000793a:	07da      	lsls	r2, r3, #31
2000793c:	d508      	bpl.n	20007950 <_printf_i+0x148>
2000793e:	6923      	ldr	r3, [r4, #16]
20007940:	6862      	ldr	r2, [r4, #4]
20007942:	429a      	cmp	r2, r3
20007944:	bfde      	ittt	le
20007946:	2330      	movle	r3, #48	@ 0x30
20007948:	f805 3c01 	strble.w	r3, [r5, #-1]
2000794c:	f105 35ff 	addle.w	r5, r5, #4294967295
20007950:	1b49      	subs	r1, r1, r5
20007952:	6121      	str	r1, [r4, #16]
20007954:	f8cd 8000 	str.w	r8, [sp]
20007958:	463b      	mov	r3, r7
2000795a:	aa03      	add	r2, sp, #12
2000795c:	4621      	mov	r1, r4
2000795e:	4630      	mov	r0, r6
20007960:	f7ff fedc 	bl	2000771c <_printf_common>
20007964:	3001      	adds	r0, #1
20007966:	d153      	bne.n	20007a10 <_printf_i+0x208>
20007968:	f04f 30ff 	mov.w	r0, #4294967295
2000796c:	b005      	add	sp, #20
2000796e:	e8bd 83f0 	ldmia.w	sp!, {r4, r5, r6, r7, r8, r9, pc}
20007972:	6823      	ldr	r3, [r4, #0]
20007974:	f043 0320 	orr.w	r3, r3, #32
20007978:	6023      	str	r3, [r4, #0]
2000797a:	f8df c0dc 	ldr.w	ip, [pc, #220]	@ 20007a58 <_printf_i+0x250>
2000797e:	2378      	movs	r3, #120	@ 0x78
20007980:	f884 3045 	strb.w	r3, [r4, #69]	@ 0x45
20007984:	6820      	ldr	r0, [r4, #0]
20007986:	6815      	ldr	r5, [r2, #0]
20007988:	f010 0f80 	tst.w	r0, #128	@ 0x80
2000798c:	f855 3b04 	ldr.w	r3, [r5], #4
20007990:	d103      	bne.n	2000799a <_printf_i+0x192>
20007992:	f010 0f40 	tst.w	r0, #64	@ 0x40
20007996:	bf18      	it	ne
20007998:	b29b      	uxthne	r3, r3
2000799a:	6015      	str	r5, [r2, #0]
2000799c:	07c5      	lsls	r5, r0, #31
2000799e:	bf44      	itt	mi
200079a0:	f040 0020 	orrmi.w	r0, r0, #32
200079a4:	6020      	strmi	r0, [r4, #0]
200079a6:	b123      	cbz	r3, 200079b2 <_printf_i+0x1aa>
200079a8:	2210      	movs	r2, #16
200079aa:	e7aa      	b.n	20007902 <_printf_i+0xfa>
200079ac:	f8df c0a4 	ldr.w	ip, [pc, #164]	@ 20007a54 <_printf_i+0x24c>
200079b0:	e7e6      	b.n	20007980 <_printf_i+0x178>
200079b2:	6822      	ldr	r2, [r4, #0]
200079b4:	f022 0220 	bic.w	r2, r2, #32
200079b8:	6022      	str	r2, [r4, #0]
200079ba:	e7f5      	b.n	200079a8 <_printf_i+0x1a0>
200079bc:	220a      	movs	r2, #10
200079be:	e7a0      	b.n	20007902 <_printf_i+0xfa>
200079c0:	460d      	mov	r5, r1
200079c2:	e7b7      	b.n	20007934 <_printf_i+0x12c>
200079c4:	6813      	ldr	r3, [r2, #0]
200079c6:	f8d4 c000 	ldr.w	ip, [r4]
200079ca:	6960      	ldr	r0, [r4, #20]
200079cc:	1d1d      	adds	r5, r3, #4
200079ce:	6015      	str	r5, [r2, #0]
200079d0:	f01c 0f80 	tst.w	ip, #128	@ 0x80
200079d4:	681b      	ldr	r3, [r3, #0]
200079d6:	d001      	beq.n	200079dc <_printf_i+0x1d4>
200079d8:	6018      	str	r0, [r3, #0]
200079da:	e003      	b.n	200079e4 <_printf_i+0x1dc>
200079dc:	f01c 0f40 	tst.w	ip, #64	@ 0x40
200079e0:	d0fa      	beq.n	200079d8 <_printf_i+0x1d0>
200079e2:	8018      	strh	r0, [r3, #0]
200079e4:	2300      	movs	r3, #0
200079e6:	6123      	str	r3, [r4, #16]
200079e8:	460d      	mov	r5, r1
200079ea:	e7b3      	b.n	20007954 <_printf_i+0x14c>
200079ec:	6813      	ldr	r3, [r2, #0]
200079ee:	1d19      	adds	r1, r3, #4
200079f0:	6011      	str	r1, [r2, #0]
200079f2:	681d      	ldr	r5, [r3, #0]
200079f4:	6862      	ldr	r2, [r4, #4]
200079f6:	2100      	movs	r1, #0
200079f8:	4628      	mov	r0, r5
200079fa:	f7ff fb99 	bl	20007130 <memchr>
200079fe:	b108      	cbz	r0, 20007a04 <_printf_i+0x1fc>
20007a00:	1b40      	subs	r0, r0, r5
20007a02:	6060      	str	r0, [r4, #4]
20007a04:	6863      	ldr	r3, [r4, #4]
20007a06:	6123      	str	r3, [r4, #16]
20007a08:	2300      	movs	r3, #0
20007a0a:	f884 3043 	strb.w	r3, [r4, #67]	@ 0x43
20007a0e:	e7a1      	b.n	20007954 <_printf_i+0x14c>
20007a10:	6923      	ldr	r3, [r4, #16]
20007a12:	462a      	mov	r2, r5
20007a14:	4639      	mov	r1, r7
20007a16:	4630      	mov	r0, r6
20007a18:	47c0      	blx	r8
20007a1a:	3001      	adds	r0, #1
20007a1c:	d0a4      	beq.n	20007968 <_printf_i+0x160>
20007a1e:	6823      	ldr	r3, [r4, #0]
20007a20:	079b      	lsls	r3, r3, #30
20007a22:	d414      	bmi.n	20007a4e <_printf_i+0x246>
20007a24:	68e0      	ldr	r0, [r4, #12]
20007a26:	9b03      	ldr	r3, [sp, #12]
20007a28:	4298      	cmp	r0, r3
20007a2a:	bfb8      	it	lt
20007a2c:	4618      	movlt	r0, r3
20007a2e:	e79d      	b.n	2000796c <_printf_i+0x164>
20007a30:	2301      	movs	r3, #1
20007a32:	f104 0219 	add.w	r2, r4, #25
20007a36:	4639      	mov	r1, r7
20007a38:	4630      	mov	r0, r6
20007a3a:	47c0      	blx	r8
20007a3c:	3001      	adds	r0, #1
20007a3e:	d093      	beq.n	20007968 <_printf_i+0x160>
20007a40:	3501      	adds	r5, #1
20007a42:	68e3      	ldr	r3, [r4, #12]
20007a44:	9903      	ldr	r1, [sp, #12]
20007a46:	1a5b      	subs	r3, r3, r1
20007a48:	42ab      	cmp	r3, r5
20007a4a:	dcf1      	bgt.n	20007a30 <_printf_i+0x228>
20007a4c:	e7ea      	b.n	20007a24 <_printf_i+0x21c>
20007a4e:	2500      	movs	r5, #0
20007a50:	e7f7      	b.n	20007a42 <_printf_i+0x23a>
20007a52:	bf00      	nop
20007a54:	2000816a 	.word	0x2000816a
20007a58:	2000817b 	.word	0x2000817b

20007a5c <memmove>:
20007a5c:	4288      	cmp	r0, r1
20007a5e:	b510      	push	{r4, lr}
20007a60:	eb01 0402 	add.w	r4, r1, r2
20007a64:	d902      	bls.n	20007a6c <memmove+0x10>
20007a66:	4284      	cmp	r4, r0
20007a68:	4623      	mov	r3, r4
20007a6a:	d807      	bhi.n	20007a7c <memmove+0x20>
20007a6c:	1e43      	subs	r3, r0, #1
20007a6e:	42a1      	cmp	r1, r4
20007a70:	d007      	beq.n	20007a82 <memmove+0x26>
20007a72:	f811 2b01 	ldrb.w	r2, [r1], #1
20007a76:	f803 2f01 	strb.w	r2, [r3, #1]!
20007a7a:	e7f8      	b.n	20007a6e <memmove+0x12>
20007a7c:	4402      	add	r2, r0
20007a7e:	4282      	cmp	r2, r0
20007a80:	d100      	bne.n	20007a84 <memmove+0x28>
20007a82:	bd10      	pop	{r4, pc}
20007a84:	f813 1d01 	ldrb.w	r1, [r3, #-1]!
20007a88:	f802 1d01 	strb.w	r1, [r2, #-1]!
20007a8c:	e7f7      	b.n	20007a7e <memmove+0x22>

20007a8e <memcpy>:
20007a8e:	440a      	add	r2, r1
20007a90:	4291      	cmp	r1, r2
20007a92:	f100 33ff 	add.w	r3, r0, #4294967295
20007a96:	d100      	bne.n	20007a9a <memcpy+0xc>
20007a98:	4770      	bx	lr
20007a9a:	b510      	push	{r4, lr}
20007a9c:	f811 4b01 	ldrb.w	r4, [r1], #1
20007aa0:	f803 4f01 	strb.w	r4, [r3, #1]!
20007aa4:	4291      	cmp	r1, r2
20007aa6:	d1f9      	bne.n	20007a9c <memcpy+0xe>
20007aa8:	bd10      	pop	{r4, pc}
	...

20007aac <_free_r>:
20007aac:	b537      	push	{r0, r1, r2, r4, r5, lr}
20007aae:	2900      	cmp	r1, #0
20007ab0:	d044      	beq.n	20007b3c <_free_r+0x90>
20007ab2:	f851 3c04 	ldr.w	r3, [r1, #-4]
20007ab6:	9001      	str	r0, [sp, #4]
20007ab8:	2b00      	cmp	r3, #0
20007aba:	f1a1 0404 	sub.w	r4, r1, #4
20007abe:	bfb8      	it	lt
20007ac0:	18e4      	addlt	r4, r4, r3
20007ac2:	f000 f8dd 	bl	20007c80 <__malloc_lock>
20007ac6:	4a1e      	ldr	r2, [pc, #120]	@ (20007b40 <_free_r+0x94>)
20007ac8:	9801      	ldr	r0, [sp, #4]
20007aca:	6813      	ldr	r3, [r2, #0]
20007acc:	b933      	cbnz	r3, 20007adc <_free_r+0x30>
20007ace:	6063      	str	r3, [r4, #4]
20007ad0:	6014      	str	r4, [r2, #0]
20007ad2:	b003      	add	sp, #12
20007ad4:	e8bd 4030 	ldmia.w	sp!, {r4, r5, lr}
20007ad8:	f000 b8d8 	b.w	20007c8c <__malloc_unlock>
20007adc:	42a3      	cmp	r3, r4
20007ade:	d908      	bls.n	20007af2 <_free_r+0x46>
20007ae0:	6825      	ldr	r5, [r4, #0]
20007ae2:	1961      	adds	r1, r4, r5
20007ae4:	428b      	cmp	r3, r1
20007ae6:	bf01      	itttt	eq
20007ae8:	6819      	ldreq	r1, [r3, #0]
20007aea:	685b      	ldreq	r3, [r3, #4]
20007aec:	1949      	addeq	r1, r1, r5
20007aee:	6021      	streq	r1, [r4, #0]
20007af0:	e7ed      	b.n	20007ace <_free_r+0x22>
20007af2:	461a      	mov	r2, r3
20007af4:	685b      	ldr	r3, [r3, #4]
20007af6:	b10b      	cbz	r3, 20007afc <_free_r+0x50>
20007af8:	42a3      	cmp	r3, r4
20007afa:	d9fa      	bls.n	20007af2 <_free_r+0x46>
20007afc:	6811      	ldr	r1, [r2, #0]
20007afe:	1855      	adds	r5, r2, r1
20007b00:	42a5      	cmp	r5, r4
20007b02:	d10b      	bne.n	20007b1c <_free_r+0x70>
20007b04:	6824      	ldr	r4, [r4, #0]
20007b06:	4421      	add	r1, r4
20007b08:	1854      	adds	r4, r2, r1
20007b0a:	42a3      	cmp	r3, r4
20007b0c:	6011      	str	r1, [r2, #0]
20007b0e:	d1e0      	bne.n	20007ad2 <_free_r+0x26>
20007b10:	681c      	ldr	r4, [r3, #0]
20007b12:	685b      	ldr	r3, [r3, #4]
20007b14:	6053      	str	r3, [r2, #4]
20007b16:	440c      	add	r4, r1
20007b18:	6014      	str	r4, [r2, #0]
20007b1a:	e7da      	b.n	20007ad2 <_free_r+0x26>
20007b1c:	d902      	bls.n	20007b24 <_free_r+0x78>
20007b1e:	230c      	movs	r3, #12
20007b20:	6003      	str	r3, [r0, #0]
20007b22:	e7d6      	b.n	20007ad2 <_free_r+0x26>
20007b24:	6825      	ldr	r5, [r4, #0]
20007b26:	1961      	adds	r1, r4, r5
20007b28:	428b      	cmp	r3, r1
20007b2a:	bf04      	itt	eq
20007b2c:	6819      	ldreq	r1, [r3, #0]
20007b2e:	685b      	ldreq	r3, [r3, #4]
20007b30:	6063      	str	r3, [r4, #4]
20007b32:	bf04      	itt	eq
20007b34:	1949      	addeq	r1, r1, r5
20007b36:	6021      	streq	r1, [r4, #0]
20007b38:	6054      	str	r4, [r2, #4]
20007b3a:	e7ca      	b.n	20007ad2 <_free_r+0x26>
20007b3c:	b003      	add	sp, #12
20007b3e:	bd30      	pop	{r4, r5, pc}
20007b40:	20012374 	.word	0x20012374

20007b44 <sbrk_aligned>:
20007b44:	b570      	push	{r4, r5, r6, lr}
20007b46:	4c0f      	ldr	r4, [pc, #60]	@ (20007b84 <sbrk_aligned+0x40>)
20007b48:	460e      	mov	r6, r1
20007b4a:	6821      	ldr	r1, [r4, #0]
20007b4c:	4605      	mov	r5, r0
20007b4e:	b911      	cbnz	r1, 20007b56 <sbrk_aligned+0x12>
20007b50:	f000 f8d0 	bl	20007cf4 <_sbrk_r>
20007b54:	6020      	str	r0, [r4, #0]
20007b56:	4631      	mov	r1, r6
20007b58:	4628      	mov	r0, r5
20007b5a:	f000 f8cb 	bl	20007cf4 <_sbrk_r>
20007b5e:	1c43      	adds	r3, r0, #1
20007b60:	d103      	bne.n	20007b6a <sbrk_aligned+0x26>
20007b62:	f04f 34ff 	mov.w	r4, #4294967295
20007b66:	4620      	mov	r0, r4
20007b68:	bd70      	pop	{r4, r5, r6, pc}
20007b6a:	1cc4      	adds	r4, r0, #3
20007b6c:	f024 0403 	bic.w	r4, r4, #3
20007b70:	42a0      	cmp	r0, r4
20007b72:	d0f8      	beq.n	20007b66 <sbrk_aligned+0x22>
20007b74:	1a21      	subs	r1, r4, r0
20007b76:	4628      	mov	r0, r5
20007b78:	f000 f8bc 	bl	20007cf4 <_sbrk_r>
20007b7c:	3001      	adds	r0, #1
20007b7e:	d1f2      	bne.n	20007b66 <sbrk_aligned+0x22>
20007b80:	e7ef      	b.n	20007b62 <sbrk_aligned+0x1e>
20007b82:	bf00      	nop
20007b84:	20012370 	.word	0x20012370

20007b88 <_malloc_r>:
20007b88:	e92d 43f8 	stmdb	sp!, {r3, r4, r5, r6, r7, r8, r9, lr}
20007b8c:	1ccd      	adds	r5, r1, #3
20007b8e:	f025 0503 	bic.w	r5, r5, #3
20007b92:	3508      	adds	r5, #8
20007b94:	2d0c      	cmp	r5, #12
20007b96:	bf38      	it	cc
20007b98:	250c      	movcc	r5, #12
20007b9a:	2d00      	cmp	r5, #0
20007b9c:	4606      	mov	r6, r0
20007b9e:	db01      	blt.n	20007ba4 <_malloc_r+0x1c>
20007ba0:	42a9      	cmp	r1, r5
20007ba2:	d904      	bls.n	20007bae <_malloc_r+0x26>
20007ba4:	230c      	movs	r3, #12
20007ba6:	6033      	str	r3, [r6, #0]
20007ba8:	2000      	movs	r0, #0
20007baa:	e8bd 83f8 	ldmia.w	sp!, {r3, r4, r5, r6, r7, r8, r9, pc}
20007bae:	4f33      	ldr	r7, [pc, #204]	@ (20007c7c <_malloc_r+0xf4>)
20007bb0:	f000 f866 	bl	20007c80 <__malloc_lock>
20007bb4:	683b      	ldr	r3, [r7, #0]
20007bb6:	461c      	mov	r4, r3
20007bb8:	bb3c      	cbnz	r4, 20007c0a <_malloc_r+0x82>
20007bba:	4629      	mov	r1, r5
20007bbc:	4630      	mov	r0, r6
20007bbe:	f7ff ffc1 	bl	20007b44 <sbrk_aligned>
20007bc2:	1c43      	adds	r3, r0, #1
20007bc4:	4604      	mov	r4, r0
20007bc6:	d156      	bne.n	20007c76 <_malloc_r+0xee>
20007bc8:	683c      	ldr	r4, [r7, #0]
20007bca:	46a0      	mov	r8, r4
20007bcc:	f1b8 0f00 	cmp.w	r8, #0
20007bd0:	d140      	bne.n	20007c54 <_malloc_r+0xcc>
20007bd2:	2c00      	cmp	r4, #0
20007bd4:	d049      	beq.n	20007c6a <_malloc_r+0xe2>
20007bd6:	6823      	ldr	r3, [r4, #0]
20007bd8:	4641      	mov	r1, r8
20007bda:	4630      	mov	r0, r6
20007bdc:	eb04 0903 	add.w	r9, r4, r3
20007be0:	f000 f888 	bl	20007cf4 <_sbrk_r>
20007be4:	4581      	cmp	r9, r0
20007be6:	d140      	bne.n	20007c6a <_malloc_r+0xe2>
20007be8:	6821      	ldr	r1, [r4, #0]
20007bea:	1a6d      	subs	r5, r5, r1
20007bec:	4629      	mov	r1, r5
20007bee:	4630      	mov	r0, r6
20007bf0:	f7ff ffa8 	bl	20007b44 <sbrk_aligned>
20007bf4:	3001      	adds	r0, #1
20007bf6:	d038      	beq.n	20007c6a <_malloc_r+0xe2>
20007bf8:	6823      	ldr	r3, [r4, #0]
20007bfa:	442b      	add	r3, r5
20007bfc:	6023      	str	r3, [r4, #0]
20007bfe:	683b      	ldr	r3, [r7, #0]
20007c00:	685a      	ldr	r2, [r3, #4]
20007c02:	bb5a      	cbnz	r2, 20007c5c <_malloc_r+0xd4>
20007c04:	f8c7 8000 	str.w	r8, [r7]
20007c08:	e00e      	b.n	20007c28 <_malloc_r+0xa0>
20007c0a:	6822      	ldr	r2, [r4, #0]
20007c0c:	1b52      	subs	r2, r2, r5
20007c0e:	d41e      	bmi.n	20007c4e <_malloc_r+0xc6>
20007c10:	2a0b      	cmp	r2, #11
20007c12:	d916      	bls.n	20007c42 <_malloc_r+0xba>
20007c14:	1961      	adds	r1, r4, r5
20007c16:	42a3      	cmp	r3, r4
20007c18:	6025      	str	r5, [r4, #0]
20007c1a:	bf18      	it	ne
20007c1c:	6059      	strne	r1, [r3, #4]
20007c1e:	6863      	ldr	r3, [r4, #4]
20007c20:	bf08      	it	eq
20007c22:	6039      	streq	r1, [r7, #0]
20007c24:	5162      	str	r2, [r4, r5]
20007c26:	604b      	str	r3, [r1, #4]
20007c28:	4630      	mov	r0, r6
20007c2a:	f000 f82f 	bl	20007c8c <__malloc_unlock>
20007c2e:	f104 000b 	add.w	r0, r4, #11
20007c32:	1d23      	adds	r3, r4, #4
20007c34:	f020 0007 	bic.w	r0, r0, #7
20007c38:	1ac2      	subs	r2, r0, r3
20007c3a:	bf1c      	itt	ne
20007c3c:	1a1b      	subne	r3, r3, r0
20007c3e:	50a3      	strne	r3, [r4, r2]
20007c40:	e7b3      	b.n	20007baa <_malloc_r+0x22>
20007c42:	6862      	ldr	r2, [r4, #4]
20007c44:	42a3      	cmp	r3, r4
20007c46:	bf0c      	ite	eq
20007c48:	603a      	streq	r2, [r7, #0]
20007c4a:	605a      	strne	r2, [r3, #4]
20007c4c:	e7ec      	b.n	20007c28 <_malloc_r+0xa0>
20007c4e:	4623      	mov	r3, r4
20007c50:	6864      	ldr	r4, [r4, #4]
20007c52:	e7b1      	b.n	20007bb8 <_malloc_r+0x30>
20007c54:	4644      	mov	r4, r8
20007c56:	f8d8 8004 	ldr.w	r8, [r8, #4]
20007c5a:	e7b7      	b.n	20007bcc <_malloc_r+0x44>
20007c5c:	461a      	mov	r2, r3
20007c5e:	685b      	ldr	r3, [r3, #4]
20007c60:	42a3      	cmp	r3, r4
20007c62:	d1fb      	bne.n	20007c5c <_malloc_r+0xd4>
20007c64:	2300      	movs	r3, #0
20007c66:	6053      	str	r3, [r2, #4]
20007c68:	e7de      	b.n	20007c28 <_malloc_r+0xa0>
20007c6a:	230c      	movs	r3, #12
20007c6c:	6033      	str	r3, [r6, #0]
20007c6e:	4630      	mov	r0, r6
20007c70:	f000 f80c 	bl	20007c8c <__malloc_unlock>
20007c74:	e798      	b.n	20007ba8 <_malloc_r+0x20>
20007c76:	6005      	str	r5, [r0, #0]
20007c78:	e7d6      	b.n	20007c28 <_malloc_r+0xa0>
20007c7a:	bf00      	nop
20007c7c:	20012374 	.word	0x20012374

20007c80 <__malloc_lock>:
20007c80:	4801      	ldr	r0, [pc, #4]	@ (20007c88 <__malloc_lock+0x8>)
20007c82:	f000 b84c 	b.w	20007d1e <__retarget_lock_acquire_recursive>
20007c86:	bf00      	nop
20007c88:	2001237c 	.word	0x2001237c

20007c8c <__malloc_unlock>:
20007c8c:	4801      	ldr	r0, [pc, #4]	@ (20007c94 <__malloc_unlock+0x8>)
20007c8e:	f000 b84c 	b.w	20007d2a <__retarget_lock_release_recursive>
20007c92:	bf00      	nop
20007c94:	2001237c 	.word	0x2001237c

20007c98 <_realloc_r>:
20007c98:	e92d 41f0 	stmdb	sp!, {r4, r5, r6, r7, r8, lr}
20007c9c:	4607      	mov	r7, r0
20007c9e:	4615      	mov	r5, r2
20007ca0:	460c      	mov	r4, r1
20007ca2:	b921      	cbnz	r1, 20007cae <_realloc_r+0x16>
20007ca4:	e8bd 41f0 	ldmia.w	sp!, {r4, r5, r6, r7, r8, lr}
20007ca8:	4611      	mov	r1, r2
20007caa:	f7ff bf6d 	b.w	20007b88 <_malloc_r>
20007cae:	b92a      	cbnz	r2, 20007cbc <_realloc_r+0x24>
20007cb0:	f7ff fefc 	bl	20007aac <_free_r>
20007cb4:	462c      	mov	r4, r5
20007cb6:	4620      	mov	r0, r4
20007cb8:	e8bd 81f0 	ldmia.w	sp!, {r4, r5, r6, r7, r8, pc}
20007cbc:	f000 f836 	bl	20007d2c <_malloc_usable_size_r>
20007cc0:	4285      	cmp	r5, r0
20007cc2:	4606      	mov	r6, r0
20007cc4:	d802      	bhi.n	20007ccc <_realloc_r+0x34>
20007cc6:	ebb5 0f50 	cmp.w	r5, r0, lsr #1
20007cca:	d8f4      	bhi.n	20007cb6 <_realloc_r+0x1e>
20007ccc:	4629      	mov	r1, r5
20007cce:	4638      	mov	r0, r7
20007cd0:	f7ff ff5a 	bl	20007b88 <_malloc_r>
20007cd4:	4680      	mov	r8, r0
20007cd6:	b908      	cbnz	r0, 20007cdc <_realloc_r+0x44>
20007cd8:	4644      	mov	r4, r8
20007cda:	e7ec      	b.n	20007cb6 <_realloc_r+0x1e>
20007cdc:	42b5      	cmp	r5, r6
20007cde:	462a      	mov	r2, r5
20007ce0:	4621      	mov	r1, r4
20007ce2:	bf28      	it	cs
20007ce4:	4632      	movcs	r2, r6
20007ce6:	f7ff fed2 	bl	20007a8e <memcpy>
20007cea:	4621      	mov	r1, r4
20007cec:	4638      	mov	r0, r7
20007cee:	f7ff fedd 	bl	20007aac <_free_r>
20007cf2:	e7f1      	b.n	20007cd8 <_realloc_r+0x40>

20007cf4 <_sbrk_r>:
20007cf4:	b538      	push	{r3, r4, r5, lr}
20007cf6:	4c06      	ldr	r4, [pc, #24]	@ (20007d10 <_sbrk_r+0x1c>)
20007cf8:	2300      	movs	r3, #0
20007cfa:	4605      	mov	r5, r0
20007cfc:	4608      	mov	r0, r1
20007cfe:	6023      	str	r3, [r4, #0]
20007d00:	f7f8 fe60 	bl	200009c4 <_sbrk>
20007d04:	1c43      	adds	r3, r0, #1
20007d06:	d102      	bne.n	20007d0e <_sbrk_r+0x1a>
20007d08:	6823      	ldr	r3, [r4, #0]
20007d0a:	b103      	cbz	r3, 20007d0e <_sbrk_r+0x1a>
20007d0c:	602b      	str	r3, [r5, #0]
20007d0e:	bd38      	pop	{r3, r4, r5, pc}
20007d10:	20012380 	.word	0x20012380

20007d14 <__retarget_lock_init>:
20007d14:	4770      	bx	lr

20007d16 <__retarget_lock_init_recursive>:
20007d16:	4770      	bx	lr

20007d18 <__retarget_lock_close>:
20007d18:	4770      	bx	lr

20007d1a <__retarget_lock_close_recursive>:
20007d1a:	4770      	bx	lr

20007d1c <__retarget_lock_acquire>:
20007d1c:	4770      	bx	lr

20007d1e <__retarget_lock_acquire_recursive>:
20007d1e:	4770      	bx	lr

20007d20 <__retarget_lock_try_acquire>:
20007d20:	2001      	movs	r0, #1
20007d22:	4770      	bx	lr

20007d24 <__retarget_lock_try_acquire_recursive>:
20007d24:	2001      	movs	r0, #1
20007d26:	4770      	bx	lr

20007d28 <__retarget_lock_release>:
20007d28:	4770      	bx	lr

20007d2a <__retarget_lock_release_recursive>:
20007d2a:	4770      	bx	lr

20007d2c <_malloc_usable_size_r>:
20007d2c:	f851 3c04 	ldr.w	r3, [r1, #-4]
20007d30:	1f18      	subs	r0, r3, #4
20007d32:	2b00      	cmp	r3, #0
20007d34:	bfbc      	itt	lt
20007d36:	580b      	ldrlt	r3, [r1, r0]
20007d38:	18c0      	addlt	r0, r0, r3
20007d3a:	4770      	bx	lr

20007d3c <_reclaim_reent>:
20007d3c:	4b2d      	ldr	r3, [pc, #180]	@ (20007df4 <_reclaim_reent+0xb8>)
20007d3e:	681b      	ldr	r3, [r3, #0]
20007d40:	4283      	cmp	r3, r0
20007d42:	b570      	push	{r4, r5, r6, lr}
20007d44:	4604      	mov	r4, r0
20007d46:	d053      	beq.n	20007df0 <_reclaim_reent+0xb4>
20007d48:	69c3      	ldr	r3, [r0, #28]
20007d4a:	b31b      	cbz	r3, 20007d94 <_reclaim_reent+0x58>
20007d4c:	68db      	ldr	r3, [r3, #12]
20007d4e:	b163      	cbz	r3, 20007d6a <_reclaim_reent+0x2e>
20007d50:	2500      	movs	r5, #0
20007d52:	69e3      	ldr	r3, [r4, #28]
20007d54:	68db      	ldr	r3, [r3, #12]
20007d56:	5959      	ldr	r1, [r3, r5]
20007d58:	b9b1      	cbnz	r1, 20007d88 <_reclaim_reent+0x4c>
20007d5a:	3504      	adds	r5, #4
20007d5c:	2d80      	cmp	r5, #128	@ 0x80
20007d5e:	d1f8      	bne.n	20007d52 <_reclaim_reent+0x16>
20007d60:	69e3      	ldr	r3, [r4, #28]
20007d62:	4620      	mov	r0, r4
20007d64:	68d9      	ldr	r1, [r3, #12]
20007d66:	f7ff fea1 	bl	20007aac <_free_r>
20007d6a:	69e3      	ldr	r3, [r4, #28]
20007d6c:	6819      	ldr	r1, [r3, #0]
20007d6e:	b111      	cbz	r1, 20007d76 <_reclaim_reent+0x3a>
20007d70:	4620      	mov	r0, r4
20007d72:	f7ff fe9b 	bl	20007aac <_free_r>
20007d76:	69e3      	ldr	r3, [r4, #28]
20007d78:	689d      	ldr	r5, [r3, #8]
20007d7a:	b15d      	cbz	r5, 20007d94 <_reclaim_reent+0x58>
20007d7c:	4629      	mov	r1, r5
20007d7e:	4620      	mov	r0, r4
20007d80:	682d      	ldr	r5, [r5, #0]
20007d82:	f7ff fe93 	bl	20007aac <_free_r>
20007d86:	e7f8      	b.n	20007d7a <_reclaim_reent+0x3e>
20007d88:	680e      	ldr	r6, [r1, #0]
20007d8a:	4620      	mov	r0, r4
20007d8c:	f7ff fe8e 	bl	20007aac <_free_r>
20007d90:	4631      	mov	r1, r6
20007d92:	e7e1      	b.n	20007d58 <_reclaim_reent+0x1c>
20007d94:	6961      	ldr	r1, [r4, #20]
20007d96:	b111      	cbz	r1, 20007d9e <_reclaim_reent+0x62>
20007d98:	4620      	mov	r0, r4
20007d9a:	f7ff fe87 	bl	20007aac <_free_r>
20007d9e:	69e1      	ldr	r1, [r4, #28]
20007da0:	b111      	cbz	r1, 20007da8 <_reclaim_reent+0x6c>
20007da2:	4620      	mov	r0, r4
20007da4:	f7ff fe82 	bl	20007aac <_free_r>
20007da8:	6b21      	ldr	r1, [r4, #48]	@ 0x30
20007daa:	b111      	cbz	r1, 20007db2 <_reclaim_reent+0x76>
20007dac:	4620      	mov	r0, r4
20007dae:	f7ff fe7d 	bl	20007aac <_free_r>
20007db2:	6b61      	ldr	r1, [r4, #52]	@ 0x34
20007db4:	b111      	cbz	r1, 20007dbc <_reclaim_reent+0x80>
20007db6:	4620      	mov	r0, r4
20007db8:	f7ff fe78 	bl	20007aac <_free_r>
20007dbc:	6ba1      	ldr	r1, [r4, #56]	@ 0x38
20007dbe:	b111      	cbz	r1, 20007dc6 <_reclaim_reent+0x8a>
20007dc0:	4620      	mov	r0, r4
20007dc2:	f7ff fe73 	bl	20007aac <_free_r>
20007dc6:	6ca1      	ldr	r1, [r4, #72]	@ 0x48
20007dc8:	b111      	cbz	r1, 20007dd0 <_reclaim_reent+0x94>
20007dca:	4620      	mov	r0, r4
20007dcc:	f7ff fe6e 	bl	20007aac <_free_r>
20007dd0:	6c61      	ldr	r1, [r4, #68]	@ 0x44
20007dd2:	b111      	cbz	r1, 20007dda <_reclaim_reent+0x9e>
20007dd4:	4620      	mov	r0, r4
20007dd6:	f7ff fe69 	bl	20007aac <_free_r>
20007dda:	6ae1      	ldr	r1, [r4, #44]	@ 0x2c
20007ddc:	b111      	cbz	r1, 20007de4 <_reclaim_reent+0xa8>
20007dde:	4620      	mov	r0, r4
20007de0:	f7ff fe64 	bl	20007aac <_free_r>
20007de4:	6a23      	ldr	r3, [r4, #32]
20007de6:	b11b      	cbz	r3, 20007df0 <_reclaim_reent+0xb4>
20007de8:	4620      	mov	r0, r4
20007dea:	e8bd 4070 	ldmia.w	sp!, {r4, r5, r6, lr}
20007dee:	4718      	bx	r3
20007df0:	bd70      	pop	{r4, r5, r6, pc}
20007df2:	bf00      	nop
20007df4:	20009674 	.word	0x20009674
20007df8:	206e6143 	.word	0x206e6143
20007dfc:	2067736d 	.word	0x2067736d
20007e00:	65636572 	.word	0x65636572
20007e04:	64657669 	.word	0x64657669
20007e08:	0000203a 	.word	0x0000203a
20007e0c:	3a79654b 	.word	0x3a79654b
20007e10:	0a642520 	.word	0x0a642520
20007e14:	00000000 	.word	0x00000000
20007e18:	00206425 	.word	0x00206425
20007e1c:	0000000a 	.word	0x0000000a
20007e20:	6c6c6548 	.word	0x6c6c6548
20007e24:	68202c6f 	.word	0x68202c6f
20007e28:	6f6c6c65 	.word	0x6f6c6c65
20007e2c:	0a2e2e2e 	.word	0x0a2e2e2e
20007e30:	00000000 	.word	0x00000000
20007e34:	3a6e694d 	.word	0x3a6e694d
20007e38:	2c642520 	.word	0x2c642520
20007e3c:	78614d20 	.word	0x78614d20
20007e40:	6425203a 	.word	0x6425203a
20007e44:	0000000a 	.word	0x0000000a
20007e48:	20303d6b 	.word	0x20303d6b
20007e4c:	25203e2d 	.word	0x25203e2d
20007e50:	00000a64 	.word	0x00000a64
20007e54:	6b636162 	.word	0x6b636162
20007e58:	756f7267 	.word	0x756f7267
20007e5c:	6c20646e 	.word	0x6c20646e
20007e60:	20706f6f 	.word	0x20706f6f
20007e64:	676e6172 	.word	0x676e6172
20007e68:	25203a65 	.word	0x25203a65
20007e6c:	00000a64 	.word	0x00000a64
20007e70:	6b636142 	.word	0x6b636142
20007e74:	756f7267 	.word	0x756f7267
20007e78:	6c20646e 	.word	0x6c20646e
20007e7c:	20706f6f 	.word	0x20706f6f
20007e80:	67676f74 	.word	0x67676f74
20007e84:	2064656c 	.word	0x2064656c
20007e88:	000a4e4f 	.word	0x000a4e4f
20007e8c:	6b636142 	.word	0x6b636142
20007e90:	756f7267 	.word	0x756f7267
20007e94:	6c20646e 	.word	0x6c20646e
20007e98:	20706f6f 	.word	0x20706f6f
20007e9c:	67676f74 	.word	0x67676f74
20007ea0:	2064656c 	.word	0x2064656c
20007ea4:	0a46464f 	.word	0x0a46464f
20007ea8:	00000000 	.word	0x00000000
20007eac:	65746e45 	.word	0x65746e45
20007eb0:	20646572 	.word	0x20646572
20007eb4:	65746e69 	.word	0x65746e69
20007eb8:	3a726567 	.word	0x3a726567
20007ebc:	0a642520 	.word	0x0a642520
20007ec0:	00000000 	.word	0x00000000
20007ec4:	3a6d7573 	.word	0x3a6d7573
20007ec8:	0a642520 	.word	0x0a642520
20007ecc:	00000000 	.word	0x00000000
20007ed0:	6964656d 	.word	0x6964656d
20007ed4:	203a6e61 	.word	0x203a6e61
20007ed8:	000a6425 	.word	0x000a6425
20007edc:	20656874 	.word	0x20656874
20007ee0:	69682d33 	.word	0x69682d33
20007ee4:	726f7473 	.word	0x726f7473
20007ee8:	61682079 	.word	0x61682079
20007eec:	65622073 	.word	0x65622073
20007ef0:	65206e65 	.word	0x65206e65
20007ef4:	65736172 	.word	0x65736172
20007ef8:	00000a64 	.word	0x00000a64
20007efc:	756c6f76 	.word	0x756c6f76
20007f00:	203a656d 	.word	0x203a656d
20007f04:	000a6425 	.word	0x000a6425
20007f08:	6574756d 	.word	0x6574756d
20007f0c:	25203a64 	.word	0x25203a64
20007f10:	00000a64 	.word	0x00000a64
20007f14:	45544f4e 	.word	0x45544f4e
20007f18:	735f203a 	.word	0x735f203a
20007f1c:	206b7262 	.word	0x206b7262
20007f20:	75206e69 	.word	0x75206e69
20007f24:	0a216573 	.word	0x0a216573
20007f28:	0000000d 	.word	0x0000000d
20007f2c:	494e4150 	.word	0x494e4150
20007f30:	21212143 	.word	0x21212143
20007f34:	00000020 	.word	0x00000020
20007f38:	74706d45 	.word	0x74706d45
20007f3c:	75712079 	.word	0x75712079
20007f40:	00657565 	.word	0x00657565
20007f44:	74706d45 	.word	0x74706d45
20007f48:	6f702079 	.word	0x6f702079
20007f4c:	00006c6f 	.word	0x00006c6f
20007f50:	00000d0a 	.word	0x00000d0a
20007f54:	796e6954 	.word	0x796e6954
20007f58:	626d6954 	.word	0x626d6954
20007f5c:	00207265 	.word	0x00207265
20007f60:	302e3276 	.word	0x302e3276
20007f64:	20316136 	.word	0x20316136
20007f68:	32303228 	.word	0x32303228
20007f6c:	33302d31 	.word	0x33302d31
20007f70:	2931312d 	.word	0x2931312d
20007f74:	00000000 	.word	0x00000000
20007f78:	69766544 	.word	0x69766544
20007f7c:	49206563 	.word	0x49206563
20007f80:	6e205152 	.word	0x6e205152
20007f84:	7320746f 	.word	0x7320746f
20007f88:	6f707075 	.word	0x6f707075
20007f8c:	64657472 	.word	0x64657472
20007f90:	2e2e2e20 	.word	0x2e2e2e20
20007f94:	00000000 	.word	0x00000000
20007f98:	41430d0a 	.word	0x41430d0a
20007f9c:	3123204e 	.word	0x3123204e
20007fa0:	696e4920 	.word	0x696e4920
20007fa4:	61662074 	.word	0x61662074
20007fa8:	64656c69 	.word	0x64656c69
20007fac:	000d0a21 	.word	0x000d0a21
20007fb0:	204e4143 	.word	0x204e4143
20007fb4:	49203223 	.word	0x49203223
20007fb8:	2074696e 	.word	0x2074696e
20007fbc:	6c696166 	.word	0x6c696166
20007fc0:	0a216465 	.word	0x0a216465
20007fc4:	0000000d 	.word	0x0000000d
20007fc8:	74530d0a 	.word	0x74530d0a
20007fcc:	676e6172 	.word	0x676e6172
20007fd0:	4e203a65 	.word	0x4e203a65
20007fd4:	6120746f 	.word	0x6120746f
20007fd8:	4e414320 	.word	0x4e414320
20007fdc:	20312320 	.word	0x20312320
20007fe0:	4f464946 	.word	0x4f464946
20007fe4:	52492030 	.word	0x52492030
20007fe8:	0d0a2151 	.word	0x0d0a2151
20007fec:	00000000 	.word	0x00000000
20007ff0:	74530d0a 	.word	0x74530d0a
20007ff4:	676e6172 	.word	0x676e6172
20007ff8:	43203a65 	.word	0x43203a65
20007ffc:	23204e41 	.word	0x23204e41
20008000:	49462031 	.word	0x49462031
20008004:	20304f46 	.word	0x20304f46
20008008:	6c6c7546 	.word	0x6c6c7546
2000800c:	000d0a21 	.word	0x000d0a21
20008010:	204e4143 	.word	0x204e4143
20008014:	75427854 	.word	0x75427854
20008018:	75662066 	.word	0x75662066
2000801c:	0a216c6c 	.word	0x0a216c6c
20008020:	0000000d 	.word	0x0000000d
20008024:	74530d0a 	.word	0x74530d0a
20008028:	676e6172 	.word	0x676e6172
2000802c:	4e203a65 	.word	0x4e203a65
20008030:	6120746f 	.word	0x6120746f
20008034:	49504720 	.word	0x49504720
20008038:	6220424f 	.word	0x6220424f
2000803c:	20377469 	.word	0x20377469
20008040:	21515249 	.word	0x21515249
20008044:	00000d0a 	.word	0x00000d0a

20008048 <APBAHBPrescTable>:
20008048:	00000000 04030201 04030201 09080706     ................

20008058 <_ctype_>:
20008058:	20202000 20202020 28282020 20282828     .         ((((( 
20008068:	20202020 20202020 20202020 20202020                     
20008078:	10108820 10101010 10101010 10101010      ...............
20008088:	04040410 04040404 10040404 10101010     ................
20008098:	41411010 41414141 01010101 01010101     ..AAAAAA........
200080a8:	01010101 01010101 01010101 10101010     ................
200080b8:	42421010 42424242 02020202 02020202     ..BBBBBB........
200080c8:	02020202 02020202 02020202 10101010     ................
200080d8:	00000020 00000000 00000000 00000000      ...............
	...
20008158:	302d2300 6800202b 65004c6c 46456766     .#-0+ .hlL.efgEF
20008168:	31300047 35343332 39383736 44434241     G.0123456789ABCD
20008178:	30004645 34333231 38373635 63626139     EF.0123456789abc
20008188:	00666564                                def.
